id_empleado,nombre_completo,area,departamento,fecha_evaluacion,com_claridad_expresion,com_escucha_activa,com_comunicacion_escrita,com_retroalimentacion,com_adaptacion_audiencia,com_score,col_trabajo_equipo,col_cumplimiento_compromisos,col_disposicion_ayudar,col_contribucion_grupal,col_score,lid_toma_decisiones,lid_motivacion_equipo,lid_delegacion,lid_responsabilidad,lid_vision_estrategica,lid_score,res_analisis_situacion,res_pensamiento_critico,res_creatividad_soluciones,res_efectividad_solucion,res_tiempo_resolucion,res_score
1,Fernanda García Ortiz,Finanzas,Contabilidad,2026-03-13,7.0,6.9,6.1,5.4,7.4,6.62,6.1,6.5,7.5,6.5,6.58,3.3,3.5,5.7,5.5,6.0,4.56,4.7,7.0,5.6,8.1,3.7,6.04
2,Jorge Castillo Vázquez,Finanzas,Tesorería,2026-08-05,7.3,6.2,5.6,5.4,6.1,6.22,6.5,6.3,7.3,5.3,6.31,6.0,5.6,4.2,4.7,4.9,5.18,8.7,5.7,6.9,7.4,8.1,7.27
3,Juan Martínez Torres,Ventas,Atención a Clientes,2026-05-19,8.9,9.2,8.1,7.2,9.3,8.62,9.2,8.8,9.0,9.2,9.06,7.9,10.0,8.0,6.4,10.0,8.54,8.0,9.5,7.6,9.1,9.1,8.62
4,Mariana Rodríguez Cruz,Tecnología,Soporte Técnico,2026-02-07,6.8,6.9,7.3,5.7,5.5,6.56,6.4,5.9,4.9,5.9,5.85,5.2,6.6,8.1,7.0,6.5,6.6,9.1,8.0,8.3,5.9,5.4,7.66
5,Alejandro Gómez Castillo,Tecnología,Infraestructura,2025-10-14,2.9,5.1,4.4,2.4,3.0,3.69,3.7,4.0,2.2,3.3,3.38,2.2,1.0,1.6,1.1,1.2,1.46,3.7,2.6,1.1,4.5,2.4,2.94
6,Diego Vázquez Flores,Finanzas,Tesorería,2026-04-24,6.9,7.7,4.8,8.2,7.7,7.0,6.1,3.7,4.8,5.5,5.09,5.2,7.2,6.5,5.0,7.0,6.2,6.9,5.5,5.7,5.5,7.1,6.05
7,Luis Martínez Ortiz,Tecnología,Infraestructura,2026-05-08,7.8,5.0,4.6,6.6,7.8,6.28,5.4,6.0,5.5,4.9,5.44,4.8,5.4,5.7,4.0,5.9,5.18,7.4,6.4,8.5,7.3,7.7,7.38
8,Paola Cruz Ortiz,Ventas,Ventas Nacionales,2025-11-16,7.7,9.0,8.3,9.5,6.6,8.25,9.3,6.4,8.8,8.9,8.38,8.7,7.1,9.0,6.2,7.4,7.79,8.0,8.1,7.1,6.8,8.8,7.68
9,Luis Romero Flores,Tecnología,Infraestructura,2026-01-07,5.4,6.4,6.3,5.4,3.9,5.6,4.1,5.6,7.0,6.6,5.68,7.0,7.6,5.2,4.6,6.4,6.34,5.8,5.4,6.9,5.3,5.6,5.8
10,María Castillo Jiménez,Marketing,Comunicación de Marca,2026-03-09,4.8,5.0,6.6,6.2,5.2,5.48,4.1,7.0,6.1,4.9,5.42,5.6,6.0,4.0,5.3,3.6,5.04,6.4,5.5,4.4,5.6,5.7,5.55
11,Paola García Rodríguez,Operaciones,Control de Calidad,2026-01-24,8.2,7.8,9.5,8.8,6.5,8.2,9.3,5.1,8.6,6.3,7.36,9.4,6.3,8.3,8.8,7.8,8.07,5.7,7.1,6.1,8.5,5.7,6.69
12,Laura Torres García,Tecnología,Desarrollo,2026-02-19,3.0,2.2,3.1,3.2,5.3,3.2,2.3,5.4,4.1,4.7,4.04,1.4,3.0,3.3,0.0,0.8,1.88,2.4,2.3,3.5,3.2,2.6,2.78
13,Fernanda Pérez Romero,Finanzas,Tesorería,2026-06-28,6.3,8.2,6.9,5.9,5.9,6.78,5.5,4.9,5.7,6.4,5.62,7.4,7.1,5.5,6.4,6.2,6.61,5.7,6.9,6.7,8.1,7.7,6.88
14,Mariana Flores Vázquez,Recursos Humanos,Nómina,2025-12-24,7.9,7.3,10.0,8.1,8.0,8.22,8.6,8.6,7.0,9.1,8.4,7.3,6.5,8.4,7.1,7.2,7.28,7.8,7.4,7.4,8.2,6.9,7.61
15,Pedro Pérez Flores,Marketing,Marketing Digital,2026-01-27,7.5,6.2,7.7,9.2,6.5,7.32,7.8,6.1,5.1,5.7,6.31,9.2,8.3,7.6,8.3,7.1,8.2,10.0,8.1,8.8,9.6,6.9,8.9
16,Ricardo Reyes Rodríguez,Marketing,Comunicación de Marca,2026-02-04,7.7,6.3,7.2,6.3,5.8,6.76,7.2,9.4,7.3,7.2,7.77,5.5,5.7,7.8,6.1,6.3,6.22,7.6,7.3,5.5,6.0,7.1,6.74
17,Fernanda López Reyes,Tecnología,Soporte Técnico,2026-08-17,7.1,5.3,4.6,6.5,7.4,6.1,7.3,7.3,8.8,8.3,7.85,7.9,7.3,8.1,6.1,8.9,7.67,5.3,8.0,7.6,6.6,5.8,6.75
18,Sergio Rodríguez Jiménez,Recursos Humanos,Reclutamiento,2026-06-24,3.2,4.4,3.0,6.3,4.5,4.12,5.1,5.2,5.9,4.8,5.21,3.6,4.7,6.9,6.3,6.1,5.32,5.6,5.8,5.7,7.3,7.0,6.15
19,Karla Flores Hernández,Finanzas,Auditoría Interna,2025-11-14,9.0,9.3,8.9,9.6,9.2,9.18,8.7,7.9,7.0,9.9,8.46,8.0,8.9,6.2,7.2,7.4,7.66,9.9,8.2,6.6,9.2,9.2,8.6
20,Francisco López García,Marketing,Investigación de Mercado,2026-01-08,4.7,4.0,3.4,1.7,2.0,3.41,3.1,2.9,1.9,4.5,3.16,2.4,1.5,5.5,3.7,4.2,3.26,3.9,4.6,4.6,4.0,3.6,4.2
21,Camila Cruz Torres,Ventas,Atención a Clientes,2025-12-24,10.0,10.0,9.3,10.0,10.0,9.86,8.3,10.0,9.9,9.7,9.4,8.2,9.6,9.2,8.2,6.3,8.46,9.7,7.0,9.5,9.3,7.7,8.7
22,Ximena Torres Torres,Recursos Humanos,Reclutamiento,2026-05-03,9.8,10.0,8.0,10.0,9.7,9.51,9.7,8.8,10.0,10.0,9.61,9.9,8.9,8.9,8.6,9.0,9.12,9.6,10.0,10.0,7.6,9.6,9.38
23,Andrea Morales González,Tecnología,Soporte Técnico,2025-11-03,7.1,5.2,8.8,5.4,8.1,6.86,4.6,3.3,5.4,4.9,4.51,3.4,3.6,4.2,4.6,2.1,3.6,6.2,6.9,5.8,7.1,7.5,6.6
24,Raúl Ortiz Pérez,Marketing,Investigación de Mercado,2026-03-30,8.8,3.9,6.6,7.2,6.8,6.6,4.7,7.1,5.5,4.2,5.34,7.4,6.1,7.1,7.4,6.9,6.94,4.8,5.4,4.8,7.2,6.5,5.6
25,Karla Morales Pérez,Marketing,Comunicación de Marca,2026-04-23,4.9,6.2,4.2,6.2,5.3,5.34,6.9,4.3,3.8,5.3,5.23,4.4,4.5,6.4,3.0,4.8,4.68,4.1,4.6,4.6,3.8,2.6,4.11
26,Ana Romero García,Ventas,Ventas Internacionales,2025-11-02,7.6,6.7,9.5,7.5,8.4,7.86,6.9,7.7,10.0,6.3,7.57,8.5,6.4,6.1,7.3,7.8,7.21,8.7,10.0,10.0,9.2,9.4,9.46
27,Carlos García Reyes,Marketing,Marketing Digital,2026-08-02,1.4,1.7,1.1,1.5,1.9,1.5,3.7,2.7,4.3,3.3,3.47,2.2,1.0,0.4,2.2,2.5,1.59,1.9,1.0,1.7,1.6,3.2,1.7
28,Jorge González Castillo,Tecnología,Soporte Técnico,2026-07-29,6.7,6.9,6.6,8.3,6.1,6.88,7.0,7.3,7.0,8.2,7.38,6.8,6.0,6.0,6.9,7.5,6.56,5.5,8.3,6.7,7.6,7.9,7.1
29,Diego González López,Tecnología,Soporte Técnico,2025-10-09,5.8,8.6,7.6,5.0,7.4,6.98,7.3,7.8,7.8,7.7,7.62,5.5,8.1,6.7,6.0,7.0,6.69,9.8,9.3,8.2,9.1,8.2,9.06
30,Carlos Jiménez López,Operaciones,Producción,2025-09-17,4.5,6.5,6.9,5.9,7.0,6.06,5.0,9.4,4.5,7.2,6.55,5.6,7.9,6.3,6.3,6.2,6.51,7.6,7.4,6.2,8.0,7.6,7.35
31,Sergio Romero Jiménez,Ventas,Atención a Clientes,2026-06-30,1.9,1.3,4.5,4.6,3.5,2.92,0.0,0.0,0.0,1.0,0.25,4.4,3.9,3.3,1.6,2.9,3.41,3.6,3.4,2.4,2.3,4.4,3.13
32,Paola González Vázquez,Operaciones,Logística,2026-07-24,5.3,4.3,6.1,3.3,6.5,5.09,5.6,5.6,5.0,4.9,5.3,4.7,4.8,4.9,7.0,4.9,5.14,3.9,3.1,5.2,5.3,3.8,4.23
33,Laura Castillo Hernández,Marketing,Investigación de Mercado,2025-12-16,6.1,5.2,5.2,7.2,8.2,6.18,6.1,8.9,7.9,6.9,7.36,5.5,6.1,4.8,4.5,6.8,5.56,8.6,6.1,4.4,3.4,6.1,5.84
34,Mariana Morales Sánchez,Recursos Humanos,Reclutamiento,2026-06-08,5.6,4.7,3.9,6.1,6.0,5.17,5.3,5.9,8.1,4.3,5.76,4.9,5.5,6.4,6.4,5.2,5.62,6.8,4.9,5.4,3.5,6.3,5.34
35,Ana Gómez Jiménez,Tecnología,Desarrollo,2025-10-20,5.3,5.6,6.4,4.0,4.8,5.32,5.7,5.9,7.5,7.1,6.46,6.5,4.9,5.0,6.5,6.5,5.8,6.2,6.3,5.7,6.1,6.1,6.1
36,Alejandro Vázquez Sánchez,Tecnología,Desarrollo,2025-12-20,4.1,2.1,0.0,0.5,0.7,1.73,1.9,1.2,1.2,0.6,1.26,5.0,2.7,3.5,1.1,2.3,3.14,3.8,4.7,2.0,0.4,0.4,2.64
37,José López Vázquez,Marketing,Marketing Digital,2026-05-11,5.8,6.4,6.8,8.0,6.2,6.54,7.3,8.9,8.7,7.5,8.03,10.0,9.2,8.8,8.6,8.1,9.07,8.2,5.6,8.6,5.8,4.4,6.77
38,Sergio Vázquez Torres,Tecnología,Soporte Técnico,2026-03-12,6.8,6.6,5.6,5.2,7.5,6.38,7.0,7.5,5.0,6.7,6.65,6.8,7.3,5.8,7.1,4.8,6.47,7.1,6.4,6.3,6.1,6.6,6.52
39,Francisco Castillo Vázquez,Recursos Humanos,Reclutamiento,2026-06-04,5.8,4.3,6.4,5.8,4.9,5.41,6.0,4.3,6.4,4.8,5.36,4.0,6.4,8.1,7.4,7.2,6.41,7.4,6.7,5.4,5.6,5.6,6.28
40,Miguel Ramírez Hernández,Marketing,Marketing Digital,2026-01-26,9.8,5.3,7.4,7.8,9.4,7.84,6.7,9.5,9.2,8.7,8.4,8.6,6.4,8.2,8.8,8.2,7.94,5.1,6.5,8.0,7.2,8.5,6.79
41,Sergio Sánchez Pérez,Finanzas,Auditoría Interna,2026-03-03,5.1,3.1,3.1,4.2,1.5,3.52,5.4,4.8,3.7,2.9,4.28,6.7,3.9,6.0,6.1,3.9,5.35,6.8,5.0,9.7,8.2,8.3,7.36
42,Gabriela Rodríguez Martínez,Operaciones,Control de Calidad,2026-06-11,5.3,8.2,5.0,9.9,6.6,6.85,6.7,6.1,6.6,5.6,6.25,8.0,7.1,7.8,5.4,5.9,7.03,8.5,6.5,7.1,6.8,7.6,7.29
43,Juan Pérez Jiménez,Finanzas,Contabilidad,2026-01-20,5.4,4.4,6.4,6.8,6.7,5.76,2.2,4.3,6.2,3.6,3.88,3.0,2.7,1.6,2.3,4.1,2.7,4.3,4.9,4.4,5.6,6.6,4.96
44,Luis López Rodríguez,Marketing,Investigación de Mercado,2026-04-30,3.8,5.4,3.8,3.8,2.6,4.02,3.3,3.9,4.7,3.6,3.8,4.1,4.2,3.3,4.3,3.3,3.88,4.5,1.5,3.0,4.4,5.3,3.51
45,Luis Pérez Gómez,Recursos Humanos,Capacitación,2025-12-14,6.0,5.9,5.7,4.7,4.7,5.52,7.4,6.0,6.2,8.0,6.96,4.3,7.5,6.7,6.1,6.2,6.14,6.5,5.0,5.2,7.7,5.8,6.04
46,Raúl Jiménez Sánchez,Recursos Humanos,Reclutamiento,2026-01-02,10.0,8.6,10.0,7.9,8.5,9.11,7.2,6.7,8.1,7.9,7.43,8.4,6.5,9.0,7.2,6.1,7.52,7.7,8.9,8.8,9.3,6.8,8.45
47,Sergio López Cruz,Tecnología,Desarrollo,2026-09-01,5.6,7.0,8.1,7.4,7.8,7.05,7.7,7.9,4.7,4.4,6.33,5.9,6.9,7.5,7.7,6.0,6.76,9.4,6.6,8.2,7.4,8.4,7.96
48,Ximena Hernández González,Operaciones,Logística,2025-10-27,7.1,6.9,8.4,6.4,6.2,7.07,7.8,9.0,8.6,5.0,7.56,8.6,5.7,9.2,6.8,5.8,7.31,6.5,7.4,8.2,7.2,4.7,7.02
49,Daniela Hernández Vázquez,Operaciones,Producción,2026-06-13,6.6,6.7,7.4,7.2,5.3,6.68,6.9,6.5,5.8,5.4,6.2,6.4,5.5,6.3,4.1,7.2,5.93,8.7,6.9,6.5,7.3,8.8,7.54
50,Francisco Romero Martínez,Finanzas,Auditoría Interna,2026-04-29,8.7,7.8,9.4,10.0,7.5,8.63,8.0,9.6,9.6,8.7,8.9,7.9,10.0,8.7,8.9,8.7,8.86,6.9,6.1,7.2,8.1,5.9,6.9
51,Diego Reyes Romero,Operaciones,Producción,2025-10-31,3.8,4.0,2.2,1.4,1.6,2.84,1.2,0.6,2.4,1.4,1.34,0.2,2.0,0.5,2.5,0.5,1.1,1.3,1.7,3.0,2.9,1.1,2.04
52,Luis Cruz Cruz,Tecnología,Desarrollo,2025-10-01,5.7,7.7,8.8,7.8,7.9,7.46,10.0,9.4,10.0,8.1,9.38,9.2,7.1,8.5,6.6,8.0,7.96,7.9,9.2,5.9,7.1,7.2,7.6
53,Fernanda González Cruz,Tecnología,Soporte Técnico,2026-02-21,7.8,3.2,2.7,5.0,5.3,4.84,7.2,6.2,6.7,3.9,6.02,5.6,4.2,4.0,3.8,6.2,4.75,2.0,4.1,4.6,6.2,6.7,4.36
54,Andrea Rodríguez Vázquez,Ventas,Atención a Clientes,2026-07-20,6.4,5.6,1.4,4.7,3.5,4.51,5.2,2.6,4.3,4.3,4.14,4.7,5.0,4.8,6.2,5.8,5.18,2.3,4.0,4.4,3.8,4.4,3.66
55,Sofía Ortiz Pérez,Finanzas,Auditoría Interna,2025-12-16,8.4,7.1,8.3,9.7,7.7,8.14,7.5,8.1,7.8,8.6,7.99,7.2,6.9,7.2,8.2,7.0,7.24,8.8,9.8,7.5,8.6,8.5,8.72
56,Ana Cruz López,Tecnología,Soporte Técnico,2025-11-06,6.7,4.4,7.7,6.6,7.9,6.49,2.8,3.9,3.4,4.4,3.6,4.7,5.1,5.4,3.9,8.0,5.32,6.1,5.4,7.0,7.4,1.9,5.95
57,Karla Rodríguez Cruz,Operaciones,Control de Calidad,2025-10-21,4.5,5.5,4.9,4.3,5.3,4.92,6.8,6.9,7.1,5.3,6.51,6.3,6.3,4.8,5.2,5.5,5.72,7.6,6.7,6.5,6.6,5.8,6.78
58,Francisco Torres Torres,Tecnología,Infraestructura,2026-05-27,6.9,8.0,5.8,10.0,7.5,7.51,9.3,6.8,6.8,8.2,7.9,8.5,8.5,7.3,8.1,8.3,8.17,7.8,6.9,7.0,7.1,6.6,7.16
59,Ricardo Ramírez Vázquez,Tecnología,Desarrollo,2026-03-14,4.5,3.6,5.6,3.7,4.6,4.39,3.2,4.6,3.5,4.4,3.91,4.7,5.3,4.8,6.4,5.6,5.26,3.0,2.5,1.6,1.3,2.3,2.18
60,Karla Vázquez Sánchez,Tecnología,Desarrollo,2026-02-05,4.9,2.4,2.5,1.8,0.7,2.7,4.6,3.6,4.1,2.6,3.75,2.6,4.0,2.7,3.4,4.1,3.32,4.7,5.0,2.7,2.4,2.7,3.72
61,Luis Flores Ramírez,Marketing,Investigación de Mercado,2025-11-05,5.4,5.1,4.3,4.4,4.7,4.85,7.0,8.0,5.4,7.6,7.08,5.6,4.9,5.4,4.8,3.7,4.98,6.4,6.5,5.8,6.1,6.9,6.3
62,Pedro Vázquez Ramírez,Tecnología,Infraestructura,2026-01-24,5.8,5.7,5.0,5.5,7.2,5.78,5.0,6.0,5.5,5.9,5.57,7.4,8.3,7.4,5.8,5.9,7.16,6.9,5.6,7.1,7.4,7.0,6.72
63,Juan Rodríguez López,Marketing,Investigación de Mercado,2026-08-26,2.9,4.6,7.3,5.6,7.3,5.27,4.7,4.0,4.2,5.2,4.55,4.2,4.1,7.8,6.0,6.3,5.48,4.4,4.9,3.4,7.3,7.3,5.2
64,Alejandro Castillo Gómez,Tecnología,Soporte Técnico,2026-04-13,5.9,9.3,8.1,7.9,7.7,7.76,5.2,6.2,7.0,4.9,5.74,7.8,6.5,6.6,4.4,6.3,6.5,7.4,5.7,7.4,5.7,5.7,6.47
65,Valeria Flores Torres,Finanzas,Auditoría Interna,2026-01-13,6.7,7.1,3.3,4.0,4.0,5.31,7.3,7.1,5.0,6.4,6.56,3.9,5.6,2.7,7.3,8.4,5.27,4.9,4.1,6.4,8.9,8.0,6.11
66,Jorge Hernández Martínez,Ventas,Atención a Clientes,2025-11-20,5.8,4.1,4.7,3.1,5.8,4.75,5.5,4.0,7.6,5.8,5.62,4.6,7.4,5.7,3.2,4.9,5.36,6.7,7.5,8.1,5.0,7.8,6.95
67,Fernanda Castillo García,Operaciones,Logística,2026-04-17,7.1,8.1,6.1,5.1,7.8,6.95,8.3,9.6,8.9,10.0,9.17,9.5,8.5,8.7,8.2,9.6,8.91,8.9,8.8,9.2,7.3,8.6,8.59
68,Sofía Reyes García,Marketing,Marketing Digital,2026-07-17,7.7,7.3,8.5,6.1,7.0,7.42,5.5,6.2,6.6,6.3,6.1,8.8,6.0,8.6,8.9,7.3,7.85,5.0,4.9,7.0,6.2,5.9,5.7
69,Camila Ortiz Jiménez,Marketing,Investigación de Mercado,2026-08-17,7.4,5.8,6.5,4.5,6.4,6.24,8.3,7.0,6.7,8.7,7.76,8.0,8.5,8.8,10.0,8.3,8.63,8.2,6.3,5.9,8.2,7.1,7.15
70,Miguel Torres Sánchez,Recursos Humanos,Reclutamiento,2026-07-07,6.9,5.2,7.3,7.8,8.1,6.87,5.9,7.3,8.2,5.9,6.71,5.8,6.3,6.6,6.9,5.0,6.13,5.0,7.1,6.5,5.0,8.3,6.16
71,Sergio Gómez Ramírez,Operaciones,Logística,2025-10-07,4.0,2.1,2.1,4.1,3.4,3.07,1.4,3.9,4.2,1.8,2.69,3.5,0.9,0.3,2.4,1.4,1.73,5.9,3.3,2.1,3.3,1.6,3.54
72,María Castillo Ortiz,Marketing,Comunicación de Marca,2026-05-05,2.6,1.3,4.0,3.2,2.9,2.69,6.2,1.9,3.1,1.1,3.23,6.1,3.9,3.9,5.1,5.7,4.9,4.2,5.2,2.7,5.3,4.1,4.36
73,Fernanda Gómez Ramírez,Finanzas,Contabilidad,2026-06-22,3.6,0.6,3.2,3.0,2.6,2.53,2.1,6.9,3.1,3.5,3.85,3.5,2.7,2.8,2.9,2.2,2.88,0.0,1.4,1.5,1.2,2.9,1.18
74,Raúl Flores García,Marketing,Marketing Digital,2025-09-29,5.4,6.8,4.3,3.9,5.3,5.29,5.0,3.4,3.4,3.7,3.96,6.5,2.6,5.9,3.5,3.8,4.55,2.3,3.8,3.7,3.0,3.0,3.16
75,Ximena Flores Sánchez,Marketing,Marketing Digital,2026-09-06,2.2,4.0,3.5,4.3,4.0,3.5,3.5,3.5,2.6,3.4,3.3,5.3,4.6,3.7,3.8,3.7,4.34,4.8,6.5,5.5,4.2,2.0,4.97
76,Diego Reyes Reyes,Tecnología,Desarrollo,2025-11-16,7.1,5.7,6.9,6.1,6.8,6.52,7.0,4.1,6.8,5.8,5.94,9.5,8.2,8.5,8.1,7.9,8.52,5.9,7.1,4.7,5.7,4.6,5.79
77,Sofía Ramírez Romero,Tecnología,Infraestructura,2026-04-03,4.7,4.9,5.7,6.2,4.9,5.21,4.3,2.9,2.8,2.7,3.25,4.3,5.6,4.2,3.1,3.2,4.26,1.7,4.4,2.6,2.6,5.1,3.08
78,Fernanda Ortiz Castillo,Tecnología,Soporte Técnico,2026-08-04,4.4,3.6,5.9,5.1,5.0,4.7,6.6,6.3,6.0,4.8,5.96,6.2,6.7,6.2,4.5,5.5,5.96,4.6,4.7,6.9,5.7,5.4,5.39
79,María Rodríguez Hernández,Recursos Humanos,Nómina,2026-07-31,2.6,3.6,0.7,4.2,1.2,2.5,4.6,2.1,3.8,4.5,3.79,3.3,2.5,3.0,4.6,3.5,3.26,3.9,5.0,3.8,5.2,0.3,4.06
80,Luis Romero Cruz,Recursos Humanos,Capacitación,2026-04-17,10.0,8.7,6.1,6.7,8.4,8.16,8.7,8.9,9.0,6.6,8.28,8.2,7.6,8.7,7.7,8.3,8.09,5.1,6.5,7.3,8.5,7.4,6.8
81,Diego Jiménez Jiménez,Operaciones,Logística,2026-03-07,3.6,6.5,6.0,5.6,3.6,5.11,3.4,3.4,3.2,3.4,3.36,4.6,2.2,3.5,4.5,5.3,3.87,5.1,2.3,4.5,3.5,2.5,3.7
82,María Morales Castillo,Ventas,Ventas Nacionales,2026-05-03,6.5,7.6,6.7,6.1,7.3,6.88,7.5,7.2,6.1,5.9,6.74,9.6,6.1,8.9,8.2,7.4,8.04,4.6,5.6,4.6,7.0,5.5,5.42
83,Mariana Reyes Morales,Tecnología,Soporte Técnico,2026-05-05,8.0,5.2,5.8,5.4,5.6,6.11,9.4,8.7,9.2,7.8,8.78,7.8,9.8,7.6,9.1,7.0,8.34,8.0,7.8,7.1,5.5,5.8,7.05
84,Luis Martínez Flores,Marketing,Comunicación de Marca,2026-03-24,5.3,5.3,4.7,5.5,4.8,5.14,8.0,6.4,6.8,6.5,6.98,5.7,8.6,6.7,7.8,8.4,7.34,7.5,6.8,7.2,5.9,6.6,6.86
85,Ana Torres Hernández,Ventas,Ventas Internacionales,2025-10-29,3.3,5.9,5.4,4.7,5.5,4.91,6.8,4.1,6.9,5.9,5.92,4.8,4.7,6.4,5.5,4.1,5.1,7.3,4.9,4.9,5.7,5.0,5.67
86,Pedro González Romero,Tecnología,Desarrollo,2026-08-12,6.5,9.1,6.8,5.6,5.9,6.98,3.6,4.8,5.1,5.8,4.75,6.2,8.2,5.0,6.2,5.7,6.38,4.7,4.6,7.0,8.2,5.2,5.88
87,Ximena Romero Hernández,Marketing,Investigación de Mercado,2025-11-02,4.1,5.8,4.5,2.1,7.8,4.86,7.2,5.7,6.6,6.1,6.43,7.5,5.8,7.2,6.0,5.6,6.51,8.0,6.8,7.1,7.1,7.1,7.25
88,Carlos Hernández López,Operaciones,Logística,2026-06-19,8.1,8.0,6.8,4.8,5.4,6.92,6.2,4.6,6.1,4.6,5.38,5.8,4.3,7.9,7.0,5.7,6.01,6.9,5.9,4.3,3.0,4.3,5.09
89,Andrea Pérez Pérez,Finanzas,Auditoría Interna,2026-03-30,8.7,9.3,10.0,10.0,8.0,9.2,9.0,7.7,8.4,7.5,8.18,8.2,6.2,7.0,8.7,5.5,7.13,3.0,6.2,5.4,7.1,4.3,5.23
90,Ana Sánchez Ramírez,Recursos Humanos,Nómina,2026-08-21,8.8,6.7,7.2,7.3,7.9,7.6,7.9,6.4,7.5,8.1,7.5,9.2,6.5,6.4,8.9,7.0,7.59,8.6,10.0,8.6,8.4,8.6,8.91
91,Ana Martínez González,Operaciones,Producción,2026-02-05,6.2,7.1,4.5,5.3,7.6,6.16,6.8,7.3,6.3,3.9,6.1,3.6,3.9,4.2,5.0,5.4,4.28,4.2,4.7,2.3,5.6,4.0,4.2
92,Mariana Torres Cruz,Operaciones,Producción,2025-10-27,4.6,5.8,6.1,6.2,4.3,5.39,5.5,4.1,5.6,6.5,5.42,6.8,5.6,5.3,4.8,6.8,5.9,5.3,5.8,5.1,4.1,7.2,5.34
93,Fernanda Flores Martínez,Marketing,Comunicación de Marca,2026-03-19,6.8,8.3,9.8,6.7,6.6,7.73,4.2,7.1,4.5,6.4,5.54,4.4,4.9,6.0,2.4,3.4,4.4,4.6,3.2,4.9,3.7,3.7,4.04
94,Mariana Vázquez Rodríguez,Operaciones,Logística,2026-06-24,6.2,6.8,4.1,6.6,4.1,5.68,4.1,4.8,5.3,7.1,5.26,7.1,3.8,4.2,4.7,7.1,5.33,8.0,6.2,8.7,6.0,7.4,7.23
95,Roberto Reyes Flores,Recursos Humanos,Nómina,2025-12-09,6.0,4.0,6.4,5.8,5.6,5.49,7.0,9.2,7.9,7.7,7.9,8.6,5.7,8.3,8.3,4.8,7.2,8.2,6.8,8.4,6.2,6.3,7.3
96,Mariana Sánchez Cruz,Marketing,Comunicación de Marca,2026-05-11,9.1,7.6,8.2,7.2,8.2,8.12,7.0,6.9,5.4,7.6,6.8,9.6,10.0,7.3,10.0,6.8,8.88,7.6,6.1,6.5,6.8,5.2,6.6
97,Alejandro Flores Ortiz,Recursos Humanos,Reclutamiento,2026-01-16,7.2,7.2,5.4,6.2,6.4,6.57,7.4,7.5,8.9,7.6,7.78,8.2,8.8,7.2,8.8,7.5,8.14,8.0,5.1,8.2,6.4,7.4,6.94
98,Roberto Pérez González,Tecnología,Infraestructura,2025-10-14,5.1,3.5,5.6,4.0,4.3,4.51,6.4,3.4,4.5,4.0,4.67,6.7,6.3,5.5,7.5,7.0,6.52,5.4,3.5,5.0,3.1,5.6,4.4
99,Mariana Jiménez Jiménez,Tecnología,Soporte Técnico,2026-01-25,4.0,2.6,3.6,3.4,6.6,3.87,4.9,4.6,5.1,4.8,4.84,4.8,4.1,2.7,6.0,4.3,4.31,4.5,2.9,4.9,4.2,4.9,4.16
100,Gabriela Rodríguez González,Ventas,Atención a Clientes,2026-08-19,6.5,6.7,5.6,4.3,4.6,5.75,7.9,5.8,7.9,9.0,7.65,5.5,6.9,6.2,7.8,3.7,6.06,7.6,6.8,5.8,7.9,7.1,7.05
101,José Reyes Flores,Marketing,Investigación de Mercado,2026-01-12,3.9,5.1,6.3,5.2,6.3,5.24,3.6,5.2,5.0,7.0,5.13,6.3,4.7,6.2,7.6,9.7,6.58,7.1,6.5,6.9,7.4,5.9,6.85
102,Mariana Hernández Flores,Operaciones,Logística,2025-11-16,3.4,5.8,4.9,6.7,5.2,5.07,4.6,5.2,3.1,3.7,4.22,6.3,5.8,5.5,5.7,5.7,5.84,5.6,5.6,6.9,7.0,5.8,6.16
103,José Vázquez Ortiz,Finanzas,Tesorería,2026-03-14,2.7,6.6,6.1,6.1,3.9,5.04,4.8,3.7,5.2,6.1,4.93,5.3,8.3,7.8,9.2,9.4,7.75,4.2,4.8,4.8,4.0,6.4,4.65
104,Sergio Sánchez Martínez,Recursos Humanos,Reclutamiento,2026-05-29,10.0,10.0,9.4,8.1,10.0,9.59,7.7,7.9,9.0,10.0,8.59,10.0,9.5,10.0,9.1,9.3,9.64,8.1,8.0,9.6,9.7,9.4,8.82
105,Laura Castillo Sánchez,Marketing,Investigación de Mercado,2026-08-18,5.0,6.5,5.7,5.8,4.6,5.58,4.6,6.9,6.9,4.9,5.71,7.3,8.0,6.9,7.3,8.2,7.53,5.9,5.6,7.4,6.8,6.1,6.33
106,Andrea Morales Sánchez,Recursos Humanos,Nómina,2026-01-13,4.7,4.0,3.3,2.9,4.8,3.99,5.2,5.0,5.4,3.5,4.77,3.7,4.8,5.1,4.9,4.0,4.48,5.0,4.8,6.5,3.9,4.2,4.95
107,Fernanda Romero Hernández,Ventas,Atención a Clientes,2025-11-14,6.8,5.0,5.0,6.3,3.4,5.4,3.6,4.4,6.7,4.0,4.52,4.3,3.4,4.0,3.3,3.4,3.73,4.5,2.7,6.7,4.7,5.9,4.67
108,Ana Castillo Morales,Tecnología,Soporte Técnico,2025-12-12,10.0,7.9,5.6,8.7,7.2,7.98,8.6,8.4,8.6,6.0,7.9,7.4,7.4,8.3,7.1,6.2,7.36,8.1,8.4,9.8,8.8,8.4,8.68
109,Raúl Jiménez Flores,Tecnología,Desarrollo,2025-09-16,8.0,7.8,8.8,7.8,5.6,7.72,5.2,5.7,6.9,5.2,5.66,5.9,5.6,6.5,4.7,6.1,5.8,8.2,5.7,6.6,8.3,5.6,7.02
110,Fernanda Cruz Pérez,Ventas,Ventas Nacionales,2025-12-11,4.4,6.0,5.8,4.1,4.4,5.04,4.1,1.8,2.6,3.1,2.97,2.3,3.0,2.7,2.4,2.4,2.58,3.1,2.6,0.9,1.8,1.8,2.14
111,María Gómez González,Tecnología,Desarrollo,2025-11-14,7.0,8.1,8.8,8.7,8.5,8.12,8.0,10.0,9.5,8.6,8.95,9.4,10.0,7.6,9.3,8.3,9.01,7.6,9.9,9.3,7.5,9.5,8.68
112,Miguel Martínez Jiménez,Finanzas,Contabilidad,2025-09-29,6.9,9.9,6.5,7.2,6.8,7.6,9.4,7.0,7.9,6.9,7.88,8.5,6.3,7.2,8.9,8.3,7.72,5.1,6.3,6.3,4.3,5.5,5.52
113,Alejandro Ramírez Ortiz,Ventas,Ventas Nacionales,2026-07-02,6.4,4.0,4.7,6.4,6.1,5.42,4.9,6.9,5.5,6.2,5.84,7.2,6.8,8.9,5.3,7.3,7.17,4.5,3.7,5.8,5.4,6.6,4.95
114,Fernanda Morales Flores,Tecnología,Infraestructura,2026-05-17,9.2,7.0,7.8,9.8,7.7,8.24,8.0,7.9,10.0,7.6,8.28,7.1,7.8,9.4,9.9,8.8,8.41,8.4,9.4,8.8,9.8,8.9,9.06
115,Andrea Ramírez Ortiz,Marketing,Investigación de Mercado,2026-02-04,9.5,7.5,6.9,8.6,7.6,8.06,5.9,5.8,7.8,5.2,6.08,7.8,6.9,6.6,9.0,7.5,7.47,9.2,8.9,7.6,7.0,7.1,8.16
116,Laura García Reyes,Recursos Humanos,Capacitación,2026-03-19,4.1,2.6,2.5,4.5,4.1,3.46,2.5,0.7,0.0,0.8,1.12,2.2,5.0,1.9,4.1,3.4,3.3,4.1,2.8,4.5,2.2,5.4,3.6
117,Paola Morales Torres,Finanzas,Auditoría Interna,2025-11-02,6.5,6.7,6.5,7.6,8.9,7.07,8.2,6.2,7.8,5.7,7.0,6.7,6.6,5.0,8.3,6.2,6.5,7.0,6.0,3.7,4.1,8.6,5.67
118,Fernanda Rodríguez Cruz,Marketing,Investigación de Mercado,2026-07-22,9.0,8.6,7.8,8.6,9.1,8.62,8.6,7.4,8.1,8.1,8.07,7.4,8.4,9.6,10.0,6.9,8.4,9.7,8.7,8.3,10.0,8.5,9.11
119,Alejandro García Jiménez,Operaciones,Control de Calidad,2026-06-13,7.3,7.9,7.9,9.4,7.0,7.84,8.3,4.7,7.8,6.6,6.88,6.5,7.9,5.7,6.1,7.9,6.84,7.5,8.5,8.0,4.1,8.3,7.25
120,Sofía Rodríguez Cruz,Ventas,Atención a Clientes,2025-11-27,6.5,5.3,6.2,5.7,7.0,6.1,6.2,6.1,5.4,5.2,5.76,5.4,3.9,3.0,4.5,4.7,4.3,5.5,3.3,7.5,5.2,7.5,5.49
121,Pedro García Castillo,Recursos Humanos,Nómina,2026-01-04,5.3,5.2,8.0,5.8,6.7,6.1,5.2,4.2,5.5,5.5,5.09,7.2,5.9,6.6,6.2,4.5,6.2,3.8,3.9,6.3,3.5,3.9,4.27
122,Andrea López Flores,Finanzas,Auditoría Interna,2026-06-07,8.2,7.8,8.3,7.8,7.5,7.96,7.5,6.0,6.2,5.4,6.34,7.3,5.4,5.9,8.0,7.4,6.67,8.1,9.3,8.1,5.6,6.0,7.69
123,Sofía Gómez Cruz,Finanzas,Auditoría Interna,2025-09-15,8.1,5.1,7.3,5.8,5.9,6.52,6.1,3.5,5.2,4.8,4.94,6.4,8.3,6.2,6.8,6.2,6.86,6.8,5.0,6.2,8.1,6.4,6.45
124,Laura Morales González,Marketing,Comunicación de Marca,2026-02-28,2.6,1.6,3.0,3.5,2.8,2.6,3.2,3.4,4.2,4.1,3.68,4.9,2.8,4.3,2.4,4.3,3.79,4.5,4.3,4.1,3.8,4.4,4.22
125,Mariana Cruz Vázquez,Recursos Humanos,Capacitación,2025-10-21,9.5,9.2,8.0,7.3,8.9,8.7,8.7,7.6,9.3,7.9,8.35,7.2,8.7,7.0,8.2,9.3,8.0,10.0,8.3,9.8,10.0,8.8,9.42
126,Juan Cruz Castillo,Recursos Humanos,Reclutamiento,2025-11-08,7.9,3.0,4.9,7.5,6.7,5.84,6.2,7.5,3.9,5.9,5.99,5.3,5.5,5.0,6.9,3.6,5.28,5.2,7.9,5.2,5.9,4.8,5.98
127,Gabriela Ortiz Reyes,Finanzas,Contabilidad,2025-09-16,8.9,10.0,9.8,9.7,9.1,9.5,10.0,10.0,10.0,10.0,10.0,9.4,8.4,7.4,7.8,9.3,8.5,9.4,9.0,9.2,8.7,10.0,9.18
128,Laura García Ortiz,Operaciones,Control de Calidad,2026-02-13,3.6,5.1,4.4,4.7,5.4,4.57,6.8,5.9,5.6,3.1,5.41,4.5,4.9,4.5,8.9,4.4,5.24,7.4,5.6,7.5,6.4,9.1,6.94
129,Sofía Reyes Flores,Finanzas,Auditoría Interna,2025-10-31,7.5,7.6,6.6,7.2,9.4,7.58,8.1,8.5,7.5,7.9,8.03,9.1,9.4,5.6,6.8,5.5,7.59,6.0,4.7,5.5,5.8,7.1,5.64
130,Miguel Morales Castillo,Ventas,Atención a Clientes,2025-11-12,3.7,3.7,4.1,6.3,4.5,4.29,1.8,3.3,2.1,3.9,2.76,2.8,3.9,2.7,3.9,3.1,3.26,6.0,4.3,4.4,5.5,6.8,5.24
131,Alejandro Cruz Sánchez,Finanzas,Contabilidad,2025-12-31,2.8,4.4,4.3,3.8,4.2,3.86,2.8,4.6,4.8,5.5,4.32,4.9,5.4,5.6,4.8,4.5,5.09,4.2,2.8,2.8,4.2,3.7,3.52
132,Valeria Ramírez Vázquez,Recursos Humanos,Reclutamiento,2025-12-11,8.5,6.9,10.0,10.0,8.1,8.56,8.7,8.6,6.1,7.4,7.83,9.7,8.7,9.9,9.0,9.1,9.3,7.9,8.1,9.5,10.0,8.3,8.73
133,Paola Hernández Torres,Ventas,Ventas Nacionales,2026-01-15,0.2,1.8,2.5,2.1,3.0,1.76,1.2,3.8,0.3,2.3,1.94,1.9,0.3,0.3,2.1,0.6,1.01,2.6,1.9,2.0,2.6,3.2,2.37
134,Miguel González Castillo,Marketing,Investigación de Mercado,2025-09-10,6.8,7.7,8.0,7.9,5.1,7.18,8.3,7.8,8.0,7.9,8.02,7.3,8.9,10.0,8.2,7.9,8.46,8.7,7.9,7.1,5.7,7.3,7.44
135,Diego Vázquez Gómez,Tecnología,Infraestructura,2025-10-21,6.6,8.5,8.1,8.6,8.9,8.02,8.5,6.9,6.8,9.1,7.91,8.0,9.3,7.5,8.8,9.2,8.52,8.6,9.3,9.9,9.8,9.8,9.4
136,Andrea Hernández Ramírez,Finanzas,Contabilidad,2026-04-12,7.3,5.9,6.8,7.9,7.8,7.02,9.9,7.3,9.4,10.0,9.18,8.2,6.8,7.9,7.1,8.0,7.6,8.2,7.3,7.5,8.6,7.2,7.82
137,Alejandro Castillo Hernández,Ventas,Ventas Internacionales,2026-02-15,6.6,5.4,6.6,5.6,6.5,6.14,5.9,4.7,6.1,4.7,5.34,6.0,6.1,4.6,6.9,5.4,5.79,3.3,4.8,4.4,7.0,4.9,4.8
138,Gabriela Vázquez Reyes,Recursos Humanos,Nómina,2026-07-19,9.7,9.4,10.0,8.1,10.0,9.49,8.1,8.1,7.4,7.9,7.91,7.1,7.4,8.6,8.9,7.1,7.74,9.8,10.0,9.9,10.0,10.0,9.93
139,Carlos Gómez Sánchez,Tecnología,Desarrollo,2026-01-04,5.6,6.1,5.6,7.3,5.4,5.95,7.0,4.3,4.7,6.4,5.72,4.2,6.0,3.9,5.5,7.5,5.28,5.8,4.8,5.2,6.3,3.3,5.28
140,Ximena Vázquez Torres,Marketing,Comunicación de Marca,2026-07-04,5.4,5.0,6.5,4.8,7.4,5.73,6.3,6.1,5.2,4.5,5.58,6.3,7.5,8.8,7.1,8.6,7.56,4.2,7.5,6.3,6.8,7.1,6.26
141,Gabriela González Flores,Ventas,Atención a Clientes,2026-02-28,3.6,3.0,4.7,2.5,5.4,3.78,3.5,4.6,4.8,4.5,4.28,6.1,7.3,4.1,4.1,5.0,5.54,5.0,3.8,5.8,3.8,5.9,4.71
142,Valeria Vázquez Pérez,Finanzas,Tesorería,2026-02-17,9.3,7.6,9.5,6.3,8.3,8.32,9.7,9.0,10.0,9.1,9.44,6.6,10.0,9.5,9.2,10.0,8.93,10.0,10.0,8.9,6.9,10.0,9.16
143,Ricardo Castillo Gómez,Marketing,Marketing Digital,2026-08-07,5.2,6.0,7.1,6.1,6.2,6.06,7.0,3.4,4.8,5.9,5.38,7.9,6.9,5.3,6.4,6.3,6.66,5.4,5.5,7.4,6.4,5.9,6.08
144,José Romero Ramírez,Ventas,Atención a Clientes,2025-10-25,7.4,7.5,6.8,8.3,7.7,7.48,7.7,7.7,6.3,9.1,7.77,6.0,7.2,6.6,6.1,6.5,6.51,8.5,10.0,10.0,10.0,8.5,9.48
145,Raúl Ramírez Vázquez,Ventas,Ventas Nacionales,2025-10-05,6.5,7.7,10.0,6.4,6.3,7.46,6.8,8.7,8.0,9.6,8.22,8.6,9.3,8.9,9.6,7.4,8.8,9.9,9.7,7.2,9.9,7.8,9.1
146,Juan Ramírez Pérez,Tecnología,Infraestructura,2025-11-25,8.8,7.7,5.6,8.1,7.2,7.54,9.4,9.9,8.2,6.8,8.64,8.1,9.4,7.9,7.8,8.9,8.46,9.8,8.3,7.4,8.9,10.0,8.78
147,Ana Castillo Ortiz,Recursos Humanos,Capacitación,2026-07-15,4.2,1.2,3.3,5.1,1.6,3.02,2.7,3.7,6.1,1.2,3.26,3.5,5.0,3.3,3.2,3.2,3.74,5.1,4.2,3.1,6.2,7.0,4.89
148,Gabriela Torres Castillo,Ventas,Ventas Nacionales,2025-12-16,6.7,5.0,7.5,7.1,7.9,6.68,4.7,5.9,5.8,4.4,5.14,6.4,4.3,4.1,4.9,4.0,4.83,8.3,6.1,7.7,8.0,7.3,7.47
149,Karla Cruz Flores,Recursos Humanos,Capacitación,2025-10-13,3.1,3.5,4.4,0.8,2.3,3.0,0.8,1.1,4.4,4.5,2.52,2.9,2.7,4.0,3.1,3.6,3.2,3.7,4.4,3.6,3.8,5.6,4.07
150,Valeria Rodríguez Sánchez,Tecnología,Infraestructura,2025-11-04,5.0,5.2,6.6,6.9,6.3,5.85,6.3,6.1,5.5,6.9,6.24,6.7,6.6,8.3,6.9,6.5,7.0,6.1,4.4,6.5,8.9,5.2,6.22
151,Jorge Vázquez Torres,Tecnología,Infraestructura,2025-11-17,6.3,5.7,6.7,7.4,5.4,6.26,4.6,3.7,5.2,4.4,4.44,7.1,5.2,5.9,8.5,5.2,6.31,4.2,4.2,5.8,5.6,5.4,4.92
152,Karla Vázquez López,Operaciones,Control de Calidad,2026-02-27,5.7,5.5,4.9,6.6,5.4,5.58,4.8,6.2,5.4,5.1,5.35,4.4,4.5,5.0,4.8,5.6,4.78,6.1,4.9,5.8,6.3,4.9,5.66
153,Mariana Martínez Vázquez,Marketing,Marketing Digital,2026-06-07,7.5,6.4,7.3,7.8,3.0,6.56,7.7,7.8,5.8,4.7,6.6,7.0,7.4,8.4,5.4,6.4,7.05,9.3,6.8,8.2,6.8,8.1,7.84
154,Daniela Torres Hernández,Recursos Humanos,Reclutamiento,2026-07-02,6.8,8.5,8.1,7.6,7.9,7.77,6.6,6.9,4.9,7.5,6.56,8.4,8.1,6.7,8.9,9.4,8.21,9.7,8.9,8.2,9.3,8.0,8.95
155,Fernanda Romero Rodríguez,Tecnología,Infraestructura,2025-10-23,5.9,7.6,7.3,7.2,6.2,6.84,6.4,7.1,6.7,4.2,6.08,6.6,6.0,5.3,8.0,5.6,6.25,6.3,4.8,6.9,8.2,8.3,6.62
156,Diego López Pérez,Ventas,Atención a Clientes,2026-01-24,1.3,3.3,3.6,3.9,3.0,2.9,3.6,3.8,2.5,3.4,3.38,2.7,4.3,2.3,3.4,4.1,3.33,2.4,4.2,2.3,3.1,2.7,3.0
157,Daniela Morales Castillo,Finanzas,Auditoría Interna,2026-04-22,5.6,6.4,5.1,6.8,6.4,6.0,5.9,4.4,5.2,5.7,5.34,4.7,3.0,3.5,4.7,4.0,3.93,6.0,2.6,5.0,4.9,3.5,4.48
158,Juan Flores Romero,Tecnología,Soporte Técnico,2026-05-06,4.3,6.3,4.9,7.3,6.8,5.74,3.6,6.4,6.2,4.4,5.02,6.4,4.4,4.8,7.6,5.4,5.61,5.5,5.7,6.2,4.4,5.8,5.5
159,Roberto Gómez García,Tecnología,Infraestructura,2026-06-30,1.9,3.2,1.3,2.3,3.0,2.33,3.6,3.2,2.5,3.4,3.23,3.5,4.3,5.0,4.6,5.0,4.39,4.2,2.1,4.0,2.8,0.7,3.0
160,José López López,Finanzas,Auditoría Interna,2026-02-10,3.7,1.2,4.6,1.2,2.1,2.64,0.1,4.6,4.7,2.9,2.84,5.4,3.7,5.1,5.1,2.6,4.45,1.3,2.9,3.1,2.4,4.1,2.56
161,Sofía González López,Ventas,Ventas Nacionales,2026-06-16,6.2,5.1,6.1,5.3,5.8,5.71,7.1,4.9,6.0,6.3,6.13,3.9,4.8,4.1,6.5,5.7,4.82,6.0,3.4,4.9,5.2,4.8,4.85
162,Roberto González Torres,Tecnología,Soporte Técnico,2025-11-27,9.6,7.2,9.4,7.4,7.5,8.32,7.5,8.8,7.9,7.6,7.93,6.7,7.9,7.4,7.9,6.6,7.31,7.4,9.3,8.2,9.1,7.0,8.34
163,Sofía Castillo Sánchez,Ventas,Ventas Internacionales,2025-11-28,5.8,7.2,5.0,8.0,6.1,6.36,6.5,4.5,4.9,5.2,5.36,5.0,4.5,5.4,5.1,3.5,4.74,7.3,4.1,6.4,5.7,4.7,5.74
164,Raúl Hernández Jiménez,Operaciones,Control de Calidad,2025-11-20,8.0,9.3,7.4,9.8,7.0,8.33,6.5,7.1,7.7,8.8,7.46,9.7,10.0,9.5,8.4,9.4,9.5,7.1,7.6,9.1,8.8,7.3,7.99
165,Paola Rodríguez Pérez,Marketing,Marketing Digital,2025-12-07,10.0,10.0,10.0,9.3,10.0,9.9,10.0,8.9,9.1,9.9,9.52,10.0,10.0,9.8,9.7,10.0,9.91,7.8,10.0,8.9,8.9,9.7,8.98
166,Ximena Flores López,Ventas,Atención a Clientes,2026-05-20,3.6,3.0,3.1,5.1,0.2,3.06,4.3,3.3,2.4,4.3,3.67,6.3,5.8,6.9,5.3,3.7,5.76,2.2,3.4,4.1,4.9,4.1,3.61
167,Paola Romero Pérez,Finanzas,Auditoría Interna,2026-03-31,6.6,5.9,5.3,4.5,6.8,5.88,7.1,6.6,7.5,6.4,6.88,6.2,7.3,8.3,7.2,6.6,7.1,5.7,5.0,6.1,4.4,4.1,5.18
168,Ana Morales Ortiz,Finanzas,Tesorería,2026-03-10,9.2,9.2,10.0,7.8,10.0,9.27,7.1,8.3,6.8,7.3,7.39,6.9,5.2,5.3,7.6,7.4,6.34,9.4,10.0,7.4,7.6,6.9,8.54
169,Roberto Gómez Vázquez,Recursos Humanos,Nómina,2026-02-17,5.0,6.2,6.2,6.0,6.8,5.96,5.9,7.7,4.5,5.9,6.07,7.1,6.1,5.8,6.9,7.8,6.66,3.8,6.8,6.2,4.5,7.3,5.52
170,Paola Ortiz Gómez,Marketing,Comunicación de Marca,2026-07-22,6.2,3.9,4.7,4.2,5.4,4.9,7.1,6.9,7.7,6.0,6.9,5.8,6.5,6.5,5.3,5.6,6.01,5.6,6.6,5.8,4.5,4.2,5.53
171,Valeria Martínez Reyes,Tecnología,Desarrollo,2025-11-04,9.3,10.0,7.8,7.7,7.3,8.64,7.8,8.3,8.4,8.4,8.2,8.1,7.7,7.8,8.7,9.1,8.18,7.4,8.6,10.0,7.5,7.7,8.27
172,Sofía Ortiz Flores,Operaciones,Control de Calidad,2026-08-08,10.0,7.5,9.3,6.4,6.8,8.22,10.0,9.2,10.0,9.3,9.62,7.6,6.4,6.7,9.1,8.2,7.44,7.1,8.5,7.5,9.0,9.6,8.16
173,Luis Sánchez Morales,Tecnología,Soporte Técnico,2026-07-30,3.4,4.2,4.2,1.2,4.3,3.57,3.1,3.7,2.7,4.6,3.54,3.6,2.6,3.7,1.6,1.4,2.74,2.4,2.0,3.2,2.7,3.2,2.6
174,Fernanda Reyes González,Marketing,Investigación de Mercado,2026-06-26,5.0,4.2,3.5,3.7,4.8,4.28,3.2,4.1,2.6,1.4,2.86,3.1,2.7,4.6,5.6,2.8,3.63,3.8,4.8,2.4,6.5,3.0,4.23
175,José González Gómez,Ventas,Ventas Nacionales,2026-05-29,7.1,6.0,4.4,6.4,4.7,5.82,4.3,3.5,6.0,6.0,4.86,4.2,3.4,6.4,5.8,6.1,4.96,5.7,4.7,5.6,6.5,6.1,5.63
176,Raúl Jiménez Ramírez,Ventas,Ventas Internacionales,2026-02-07,5.6,4.4,4.9,6.3,7.0,5.48,8.7,7.9,6.5,6.9,7.61,4.2,5.9,7.9,6.6,8.5,6.37,8.0,7.0,6.3,6.1,7.0,6.93
177,Francisco Cruz López,Operaciones,Control de Calidad,2026-07-10,1.5,5.2,5.2,3.3,2.8,3.63,2.8,0.2,2.7,1.0,1.68,1.3,3.3,3.5,3.7,4.6,3.1,3.0,2.7,4.4,4.7,2.9,3.54
178,Daniela Flores Cruz,Ventas,Atención a Clientes,2026-03-22,6.0,7.9,5.9,7.9,4.9,6.58,5.3,1.6,4.6,3.7,3.84,4.8,6.2,3.9,3.9,5.2,4.9,3.1,3.6,4.5,5.7,4.5,4.16
179,Juan Flores Pérez,Finanzas,Contabilidad,2026-06-21,5.8,7.0,5.9,5.1,6.7,6.15,4.4,6.7,5.6,5.5,5.49,6.2,7.4,6.7,6.0,5.7,6.5,6.5,6.6,8.8,7.3,9.9,7.48
180,Luis González Martínez,Ventas,Ventas Nacionales,2026-08-03,7.2,7.3,8.7,6.8,6.5,7.36,10.0,8.9,7.4,7.1,8.48,8.0,8.4,8.6,6.9,7.2,7.94,7.0,7.4,5.9,7.2,9.8,7.2
181,Daniela Hernández González,Tecnología,Desarrollo,2026-05-30,8.3,9.0,8.8,8.5,9.9,8.85,6.7,8.8,9.1,9.3,8.36,9.3,9.0,5.7,6.8,7.3,7.83,8.2,7.3,9.2,9.2,6.2,8.18
182,Ricardo López Vázquez,Ventas,Ventas Internacionales,2026-09-07,7.7,8.4,5.4,8.6,8.8,7.72,9.5,7.3,6.2,8.0,7.92,6.7,5.0,7.4,6.0,7.8,6.48,7.0,8.1,8.1,7.6,7.2,7.63
183,Luis Torres Ortiz,Operaciones,Logística,2026-03-07,3.1,3.6,1.6,1.3,2.5,2.56,3.5,3.2,3.4,2.8,3.23,2.5,2.8,2.0,3.8,2.4,2.66,4.1,4.7,2.3,3.4,4.2,3.76
184,Daniela Gómez Vázquez,Operaciones,Producción,2026-01-26,7.5,8.7,8.4,7.5,6.6,7.85,6.0,6.0,7.4,6.9,6.51,7.7,6.6,6.8,5.4,7.1,6.81,9.5,6.6,4.3,6.3,9.0,7.05
185,Fernanda Gómez Pérez,Ventas,Atención a Clientes,2025-11-27,6.4,9.1,7.2,8.2,7.0,7.6,7.8,9.5,8.5,8.4,8.52,8.5,7.2,7.8,8.5,9.9,8.24,7.8,8.3,8.1,9.4,8.5,8.38
186,Jorge González Flores,Tecnología,Desarrollo,2025-09-15,7.1,6.4,5.7,7.0,4.4,6.22,6.7,3.9,5.1,5.9,5.48,4.7,6.8,6.2,6.4,6.4,6.04,4.1,4.0,4.2,3.8,3.1,3.94
187,Sofía Cruz Vázquez,Tecnología,Infraestructura,2025-09-11,8.8,8.2,9.4,8.2,9.2,8.74,10.0,8.8,6.7,8.1,8.56,8.6,10.0,9.5,8.7,7.4,8.96,10.0,10.0,10.0,10.0,10.0,10.0
188,Fernanda Romero González,Tecnología,Soporte Técnico,2025-10-15,10.0,9.3,9.8,7.2,7.5,8.99,9.6,10.0,8.2,9.9,9.49,9.0,9.1,8.1,10.0,8.9,8.98,10.0,9.2,8.6,6.4,8.9,8.69
189,Andrea Pérez Romero,Marketing,Comunicación de Marca,2026-04-02,5.3,4.7,5.3,3.3,3.8,4.62,2.9,1.7,0.9,2.6,2.12,5.3,3.4,5.5,3.7,3.7,4.38,1.3,2.8,4.5,2.7,2.9,2.76
190,Ana Rodríguez Jiménez,Finanzas,Contabilidad,2026-04-14,6.9,4.8,5.9,7.9,5.5,6.12,5.4,4.7,6.5,6.1,5.62,6.4,3.9,5.2,7.6,7.2,5.84,3.7,6.9,4.0,3.8,4.1,4.62
191,Valeria Pérez Castillo,Tecnología,Desarrollo,2026-07-10,2.9,5.0,5.4,3.0,2.9,3.94,2.4,4.5,3.1,5.4,3.82,6.4,6.6,4.9,4.3,3.9,5.46,3.7,7.2,7.3,6.3,5.0,5.94
192,Ana Jiménez López,Ventas,Atención a Clientes,2025-11-06,7.1,8.8,9.2,6.3,7.9,7.94,6.9,5.4,8.2,7.5,6.94,9.5,8.6,7.2,6.9,8.4,8.26,10.0,8.9,8.1,10.0,9.3,9.27
193,Pedro Gómez Jiménez,Recursos Humanos,Capacitación,2026-07-29,6.7,8.6,9.0,7.0,7.5,7.8,7.2,6.6,6.0,8.1,7.04,7.2,5.9,9.4,7.5,7.1,7.35,8.5,9.4,7.8,6.8,8.2,8.22
194,Sofía Vázquez Vázquez,Tecnología,Soporte Técnico,2026-04-14,5.6,5.0,4.0,4.8,4.1,4.78,3.9,2.5,3.9,3.6,3.48,3.0,3.3,5.2,5.2,3.4,3.9,4.7,3.3,5.1,4.4,5.3,4.43
195,Luis Hernández Ramírez,Recursos Humanos,Capacitación,2026-04-20,6.1,4.1,5.7,4.8,4.6,5.1,4.5,3.1,3.1,4.2,3.8,5.6,4.4,6.2,5.9,4.9,5.36,6.8,3.2,6.2,5.5,6.1,5.45
196,Luis Reyes Martínez,Finanzas,Tesorería,2026-04-20,8.7,8.2,7.8,7.8,7.0,8.01,8.8,8.0,6.8,5.5,7.38,7.1,6.5,7.3,7.5,8.4,7.24,7.6,6.6,9.1,8.0,8.6,7.83
197,Camila López González,Ventas,Atención a Clientes,2025-10-14,6.9,6.8,8.0,7.8,6.9,7.23,6.8,9.2,6.5,7.3,7.46,7.4,7.9,6.3,8.3,7.1,7.4,5.1,6.4,6.9,7.2,8.0,6.5
198,Jorge Gómez Martínez,Operaciones,Control de Calidad,2026-05-22,5.4,4.8,4.0,4.4,4.3,4.65,8.2,7.7,4.1,7.7,7.13,7.1,5.1,4.5,5.5,6.0,5.67,7.6,6.3,6.4,7.0,7.0,6.86
199,María Pérez González,Ventas,Atención a Clientes,2026-09-02,7.6,5.4,8.1,7.3,6.3,6.91,7.1,7.0,4.1,4.1,5.72,5.8,7.7,5.5,6.8,6.7,6.5,6.9,5.8,7.1,9.1,6.7,7.08
200,Diego Reyes Hernández,Marketing,Comunicación de Marca,2026-01-22,6.1,6.9,6.5,8.4,8.1,7.02,6.1,7.6,7.3,7.9,7.16,9.1,9.1,9.3,7.9,5.7,8.45,8.2,7.3,8.6,5.8,8.9,7.64
201,Daniela Pérez García,Finanzas,Contabilidad,2026-06-02,7.2,7.8,10.0,10.0,8.7,8.56,8.1,7.3,9.0,7.7,7.98,9.5,7.1,6.3,7.9,8.2,7.82,9.6,10.0,10.0,8.9,9.7,9.65
202,Mariana Romero Martínez,Marketing,Marketing Digital,2025-10-15,3.1,2.5,4.2,2.9,3.9,3.26,1.2,4.0,1.8,2.6,2.37,3.9,2.4,0.0,1.4,3.8,2.36,4.8,3.7,3.9,4.7,4.5,4.3
203,Valeria Ortiz Romero,Tecnología,Infraestructura,2025-09-08,4.5,5.0,5.7,4.1,1.1,4.3,5.5,5.7,3.3,4.2,4.78,6.9,4.3,5.9,5.5,5.1,5.57,4.2,2.1,4.2,5.1,4.2,3.86
204,Fernanda Gómez Pérez,Ventas,Ventas Internacionales,2026-05-25,7.9,5.4,7.4,7.0,7.3,6.95,5.5,5.4,5.8,5.7,5.58,6.8,5.3,5.4,6.2,3.1,5.5,6.8,5.5,4.2,6.7,4.6,5.72
205,Paola Hernández Romero,Operaciones,Logística,2026-06-09,4.3,3.0,4.8,5.6,5.8,4.5,4.8,4.2,3.2,2.8,3.83,3.8,5.2,8.1,5.9,4.7,5.46,6.2,5.0,4.2,3.0,5.2,4.76
206,Miguel Cruz Hernández,Tecnología,Desarrollo,2026-03-20,7.8,7.0,8.1,8.5,6.9,7.63,5.2,6.0,6.9,6.7,6.12,5.7,5.4,6.0,4.8,5.5,5.52,4.8,5.7,5.3,6.1,5.2,5.43
207,Roberto Ramírez Ortiz,Tecnología,Infraestructura,2025-12-06,5.5,5.7,5.9,6.9,8.6,6.3,6.7,4.6,5.0,5.4,5.51,7.0,7.5,5.9,6.8,6.3,6.77,5.5,6.7,5.3,8.2,6.7,6.42
208,Andrea Torres Romero,Tecnología,Desarrollo,2026-07-27,7.8,8.2,10.0,8.1,9.3,8.61,8.2,7.5,9.0,9.2,8.43,6.3,5.0,7.4,7.2,6.1,6.3,7.1,7.6,7.4,7.1,8.5,7.43
209,Karla Rodríguez Cruz,Marketing,Comunicación de Marca,2025-09-21,2.7,4.7,5.0,7.9,5.0,4.78,5.8,4.5,5.4,6.0,5.44,5.6,8.1,8.0,7.4,7.8,7.31,6.9,6.3,6.2,6.6,6.2,6.48
210,Ximena González Ramírez,Operaciones,Control de Calidad,2026-07-25,8.1,7.9,8.2,8.8,9.4,8.37,10.0,9.2,8.6,10.0,9.52,7.5,9.7,8.1,7.6,5.6,7.9,7.6,6.5,7.3,6.1,8.2,7.02
211,Laura Vázquez Vázquez,Operaciones,Control de Calidad,2025-11-25,9.8,9.2,7.8,7.0,6.6,8.35,7.7,7.6,5.8,7.2,7.17,7.2,6.5,6.7,6.9,6.1,6.72,6.6,3.8,7.0,7.7,5.1,6.05
212,Francisco López Torres,Tecnología,Infraestructura,2026-08-26,2.5,3.8,0.5,1.7,3.9,2.52,1.1,2.3,4.1,0.7,1.9,3.2,5.5,3.6,4.4,2.3,3.9,3.5,0.0,0.8,5.1,1.8,2.24
213,Paola Torres López,Recursos Humanos,Capacitación,2026-07-15,2.9,4.1,2.8,6.8,4.4,3.99,7.0,6.6,5.5,6.1,6.38,5.1,5.6,6.1,5.2,6.6,5.66,7.7,6.2,6.9,5.8,4.1,6.43
214,Camila Gómez Gómez,Tecnología,Desarrollo,2025-11-08,4.8,5.4,8.4,6.5,6.0,6.1,5.0,5.9,7.1,4.5,5.52,7.8,4.6,5.6,6.3,6.9,6.2,6.9,8.1,7.1,8.3,8.7,7.7
215,Sergio Sánchez Pérez,Tecnología,Desarrollo,2025-11-21,5.1,5.4,4.2,6.3,5.4,5.22,4.0,3.0,5.3,3.6,3.91,4.0,4.0,4.2,4.3,4.9,4.22,5.0,4.5,4.8,4.5,5.3,4.77
216,Juan Gómez López,Ventas,Atención a Clientes,2025-11-09,8.1,9.0,8.5,9.3,7.7,8.52,5.1,5.4,6.4,4.2,5.21,3.5,7.2,3.8,4.2,3.1,4.53,7.4,4.5,6.8,6.1,6.9,6.24
217,Mariana Romero Rodríguez,Operaciones,Logística,2026-08-21,3.0,3.4,4.3,2.2,3.6,3.33,5.5,6.8,6.0,4.9,5.78,4.2,4.6,4.5,3.8,5.3,4.46,4.5,4.5,2.7,3.9,3.4,3.91
218,María Flores Castillo,Ventas,Ventas Nacionales,2026-04-15,7.6,9.7,6.8,8.9,9.9,8.5,8.2,8.6,8.9,7.4,8.24,8.8,6.9,8.0,8.7,6.2,7.76,10.0,9.7,8.5,10.0,8.1,9.44
219,Valeria Vázquez Martínez,Ventas,Ventas Internacionales,2025-10-14,6.3,8.9,10.0,5.7,7.6,7.79,8.4,10.0,5.9,6.7,7.87,7.3,7.9,8.8,8.2,7.5,7.92,6.7,6.8,7.1,5.8,6.0,6.56
220,Laura Vázquez Martínez,Finanzas,Contabilidad,2026-08-26,3.9,5.0,5.0,4.6,3.9,4.5,7.5,6.8,5.4,6.8,6.73,8.1,6.2,5.7,5.7,5.1,6.34,5.3,7.5,5.9,7.4,6.5,6.51
221,Roberto Rodríguez García,Operaciones,Control de Calidad,2026-03-30,4.9,4.7,5.3,5.0,4.8,4.93,5.8,7.2,7.4,7.4,6.87,6.8,6.6,5.3,6.1,6.5,6.3,5.4,4.9,5.0,4.2,5.0,4.92
222,Miguel Gómez López,Ventas,Ventas Internacionales,2026-03-11,7.3,3.5,2.8,6.5,4.4,4.9,4.4,5.6,5.2,7.2,5.56,6.8,7.0,6.7,6.9,8.2,7.06,8.5,6.2,9.2,6.9,7.0,7.6
223,Miguel Martínez Gómez,Recursos Humanos,Reclutamiento,2026-02-07,5.3,5.5,5.3,7.8,4.1,5.54,6.8,8.0,5.2,7.0,6.83,3.8,4.5,4.0,6.4,5.5,4.66,7.0,7.6,6.9,7.2,7.0,7.17
224,Daniela Reyes Torres,Recursos Humanos,Nómina,2026-02-04,4.5,4.4,3.4,4.1,4.6,4.21,3.9,2.8,4.6,3.0,3.54,4.1,2.8,1.3,2.4,2.7,2.75,2.5,2.0,4.5,2.7,3.8,2.94
225,Raúl Vázquez López,Recursos Humanos,Capacitación,2026-07-28,3.3,2.5,3.5,3.2,0.8,2.75,4.5,2.5,3.1,3.8,3.54,4.8,3.1,4.1,3.6,4.5,4.01,3.3,4.8,6.1,4.7,5.1,4.7
226,Camila Martínez Reyes,Operaciones,Logística,2026-05-01,6.8,6.6,7.5,5.7,6.4,6.66,6.4,8.3,4.8,8.0,6.96,5.4,6.6,6.3,4.8,8.7,6.28,7.8,6.9,7.5,3.4,6.3,6.48
227,Laura Castillo Hernández,Operaciones,Producción,2026-05-12,4.2,5.0,4.5,4.4,3.9,4.44,3.7,4.1,1.6,3.4,3.3,1.7,4.1,3.1,2.7,2.3,2.82,2.9,1.4,4.1,3.5,4.0,3.0
228,Francisco Pérez Reyes,Tecnología,Soporte Técnico,2025-11-07,7.2,7.4,8.9,8.4,6.9,7.72,10.0,8.6,7.8,6.5,8.34,8.4,10.0,10.0,8.8,9.9,9.4,8.6,7.9,9.7,9.7,9.5,8.95
229,Juan Castillo Hernández,Marketing,Investigación de Mercado,2026-02-28,4.5,3.3,4.8,2.9,3.5,3.87,3.9,6.0,4.5,5.0,4.82,2.7,6.2,5.4,5.3,4.7,4.8,7.5,5.8,7.0,7.0,4.9,6.62
230,Francisco Ortiz Hernández,Recursos Humanos,Reclutamiento,2026-02-08,4.0,5.9,5.0,6.2,4.6,5.1,4.5,2.9,5.6,4.1,4.22,3.5,2.0,1.9,2.5,4.0,2.73,4.3,3.3,4.0,2.9,2.6,3.54
231,Pedro Martínez Romero,Operaciones,Logística,2026-02-24,6.2,4.8,5.4,4.8,4.8,5.27,7.8,7.1,8.0,9.1,7.99,8.7,7.7,5.9,7.2,9.8,7.83,8.5,7.3,6.8,7.0,8.1,7.52
232,Sergio Martínez Cruz,Operaciones,Producción,2026-06-29,5.5,6.3,1.7,3.5,5.1,4.58,4.6,5.3,3.0,4.3,4.38,7.3,6.9,5.5,4.4,6.1,6.22,5.2,5.8,3.0,8.2,4.8,5.47
233,Juan López González,Ventas,Atención a Clientes,2026-02-05,10.0,9.3,9.7,10.0,10.0,9.76,7.0,8.1,8.0,7.0,7.48,5.3,7.6,8.1,6.4,7.0,6.86,7.7,6.8,6.8,7.5,7.1,7.2
234,José Pérez Ramírez,Tecnología,Soporte Técnico,2026-05-24,5.0,2.6,1.3,5.0,5.3,3.7,3.7,3.8,4.0,3.9,3.84,3.7,3.9,5.7,3.9,2.1,3.94,3.5,3.1,5.4,7.0,5.5,4.68
235,Pedro Flores Flores,Recursos Humanos,Nómina,2026-07-21,4.1,2.6,3.4,4.8,4.1,3.69,4.4,5.0,3.7,4.3,4.39,3.5,2.3,3.2,5.1,4.1,3.47,3.8,1.8,2.3,5.6,2.6,3.24
236,Miguel Pérez Hernández,Recursos Humanos,Capacitación,2025-09-16,4.6,5.6,4.6,5.2,1.6,4.49,3.0,3.5,5.3,3.3,3.66,3.8,2.5,2.9,2.9,2.6,2.98,3.3,1.9,5.1,4.0,5.2,3.64
237,Pedro García Ramírez,Operaciones,Producción,2025-10-07,9.5,8.5,8.4,7.5,9.5,8.73,7.7,8.2,8.0,8.5,8.08,7.1,8.1,7.4,6.5,9.7,7.71,8.7,8.5,9.5,8.8,7.6,8.72
238,Fernanda Gómez Hernández,Tecnología,Soporte Técnico,2026-07-25,1.5,3.7,1.8,0.8,2.3,2.12,2.2,1.4,1.1,0.3,1.3,2.3,2.5,1.5,2.6,3.0,2.34,5.1,3.9,5.0,2.9,6.3,4.46
239,Karla Romero Cruz,Recursos Humanos,Capacitación,2026-07-06,4.6,4.3,6.2,6.8,5.9,5.37,5.7,5.4,6.5,6.5,5.98,8.2,6.8,5.0,7.7,4.6,6.6,5.8,6.8,5.4,7.3,7.7,6.46
240,Karla García Morales,Operaciones,Control de Calidad,2026-04-14,3.7,4.9,1.9,2.3,2.8,3.3,3.6,2.6,3.2,5.7,3.8,2.7,4.6,3.5,4.6,3.8,3.78,4.2,2.9,4.2,6.3,2.9,4.16
241,Laura Rodríguez Ortiz,Finanzas,Tesorería,2025-10-04,8.0,10.0,8.7,8.8,9.5,8.99,8.3,7.1,8.2,7.9,7.88,7.1,7.6,7.7,10.0,6.5,7.69,10.0,7.7,9.7,9.7,7.9,9.09
242,José Sánchez Jiménez,Ventas,Ventas Nacionales,2026-01-23,1.7,1.7,3.6,0.3,2.0,1.92,0.0,2.0,0.4,1.1,0.86,0.0,2.0,2.1,2.1,1.5,1.46,1.3,2.8,2.8,0.9,1.3,1.9
243,Ricardo Martínez Jiménez,Recursos Humanos,Nómina,2026-09-02,4.5,2.0,6.1,4.7,4.7,4.26,3.1,0.8,3.1,1.7,2.17,2.3,1.7,4.2,4.2,3.2,2.95,1.9,4.2,1.7,3.3,2.4,2.76
244,Daniela Romero García,Marketing,Investigación de Mercado,2026-04-03,7.1,5.6,5.9,7.0,6.9,6.44,1.6,4.9,4.9,5.7,4.11,2.2,1.6,2.9,3.2,5.3,2.8,5.5,5.2,4.2,5.5,1.9,4.81
245,Francisco González Castillo,Marketing,Investigación de Mercado,2026-08-24,6.5,4.9,8.0,8.3,6.9,6.73,5.4,6.4,6.6,5.9,6.02,6.1,6.3,5.0,6.6,4.8,5.81,7.7,6.2,6.8,7.8,7.1,7.1
246,Valeria Romero Ramírez,Operaciones,Producción,2025-10-11,7.5,8.1,9.2,8.8,8.0,8.26,8.9,7.9,6.0,8.1,7.87,7.6,6.9,7.8,6.5,5.2,6.94,4.9,5.7,5.2,6.4,6.6,5.63
247,Juan López Reyes,Recursos Humanos,Nómina,2025-11-19,7.1,6.7,8.3,7.1,6.7,7.18,6.7,6.6,7.0,7.3,6.88,8.1,7.8,7.6,8.2,8.1,7.94,6.6,6.4,5.5,5.4,7.0,6.13
248,Andrea Reyes Pérez,Operaciones,Logística,2026-03-11,3.2,2.8,2.6,2.1,4.5,3.01,2.4,1.1,2.5,1.1,1.77,2.2,1.9,2.2,0.6,1.7,1.81,2.9,1.8,3.2,3.1,4.1,2.85
249,José González Pérez,Recursos Humanos,Nómina,2026-01-24,6.9,7.6,4.9,5.3,4.4,6.06,7.1,6.1,6.7,8.5,7.12,7.1,5.4,5.2,5.5,3.1,5.46,5.3,6.0,5.6,4.7,6.2,5.51
250,Fernanda González Reyes,Recursos Humanos,Reclutamiento,2026-02-06,6.4,5.9,5.8,4.2,6.9,5.9,6.6,7.2,4.9,3.6,5.66,5.2,5.0,3.9,5.3,7.3,5.22,4.6,3.8,5.6,7.5,5.4,5.26
251,Fernanda Rodríguez Rodríguez,Operaciones,Control de Calidad,2025-12-24,9.7,9.5,9.2,8.8,10.0,9.46,10.0,8.8,10.0,9.6,9.6,8.1,9.3,7.3,8.6,9.9,8.58,8.2,10.0,8.4,8.5,7.7,8.7
252,Pedro Vázquez Vázquez,Finanzas,Auditoría Interna,2026-03-01,6.4,7.4,6.5,6.8,6.5,6.74,4.2,5.4,3.6,4.7,4.51,10.0,8.6,7.3,8.6,7.2,8.48,4.3,6.4,3.9,5.7,6.6,5.26
253,Francisco Romero Gómez,Marketing,Comunicación de Marca,2026-04-16,7.9,7.7,5.4,8.1,7.2,7.28,6.0,7.5,6.4,5.3,6.28,5.7,7.7,6.5,5.5,6.8,6.5,4.9,5.1,7.0,4.9,5.6,5.44
254,Pedro Hernández García,Finanzas,Auditoría Interna,2026-08-25,5.3,5.7,7.9,7.4,6.6,6.43,8.1,8.7,8.2,8.6,8.4,4.9,5.4,6.8,5.8,4.6,5.5,8.5,7.4,7.2,5.8,6.7,7.24
255,Gabriela Ramírez Pérez,Operaciones,Control de Calidad,2026-02-05,9.5,7.5,9.3,7.7,8.5,8.54,9.3,7.4,9.3,8.8,8.7,7.6,8.9,7.6,6.8,8.3,7.91,8.7,8.9,7.2,9.9,7.6,8.58
256,Jorge Cruz Torres,Marketing,Investigación de Mercado,2026-01-05,2.9,4.4,3.7,3.3,4.4,3.72,2.6,4.8,4.0,4.7,3.96,4.5,4.4,2.5,3.5,3.1,3.72,3.9,5.5,5.7,5.1,4.0,4.91
257,Diego Vázquez González,Recursos Humanos,Reclutamiento,2025-11-20,4.5,7.5,6.3,5.5,5.0,5.84,6.3,6.6,6.7,6.6,6.53,6.8,6.2,6.0,5.6,5.4,6.1,7.0,4.2,5.2,5.6,5.0,5.46
258,Gabriela García Ortiz,Marketing,Investigación de Mercado,2025-12-06,8.4,10.0,9.3,8.5,10.0,9.24,9.9,8.3,9.5,7.3,8.77,10.0,7.5,10.0,7.9,6.8,8.58,8.9,8.1,9.7,8.5,8.9,8.78
259,Paola Flores Gómez,Finanzas,Auditoría Interna,2026-02-11,4.6,2.1,3.5,3.3,2.9,3.3,4.9,3.9,4.6,4.0,4.36,0.6,4.8,4.1,3.6,3.4,3.22,2.0,3.1,3.5,4.2,1.5,2.97
260,Diego González Reyes,Recursos Humanos,Reclutamiento,2026-08-10,7.9,8.1,7.3,7.6,10.0,8.1,10.0,10.0,10.0,8.2,9.55,6.4,8.2,9.1,6.0,9.2,7.75,10.0,10.0,8.4,9.8,10.0,9.64
261,Gabriela Sánchez Romero,Ventas,Ventas Internacionales,2026-01-07,9.5,6.7,6.5,5.3,6.4,7.1,6.0,6.0,7.5,4.3,5.88,4.6,4.9,6.3,6.9,7.0,5.72,6.0,5.3,4.7,4.0,6.2,5.18
262,Jorge López López,Ventas,Ventas Internacionales,2025-11-07,4.6,6.1,9.0,6.4,7.1,6.5,5.6,5.2,7.1,5.1,5.68,8.5,5.9,5.4,4.0,5.3,6.07,6.1,3.9,5.7,5.8,5.3,5.33
263,Miguel Sánchez Gómez,Tecnología,Desarrollo,2025-12-17,4.0,4.7,4.1,5.6,4.1,4.45,4.3,3.4,5.2,6.1,4.7,4.2,3.1,6.3,5.9,5.5,4.8,3.2,2.7,5.2,4.5,3.7,3.78
264,Karla Gómez López,Tecnología,Soporte Técnico,2026-07-02,2.4,3.9,5.6,3.6,3.4,3.74,3.7,3.3,4.6,3.0,3.6,2.3,1.9,2.9,1.1,2.5,2.17,1.1,3.5,2.9,2.2,2.2,2.39
265,Gabriela Vázquez Vázquez,Finanzas,Auditoría Interna,2026-03-19,7.1,7.7,8.1,9.5,8.6,8.04,8.5,9.4,7.6,9.0,8.67,8.0,7.3,8.7,9.5,7.9,8.18,9.2,7.8,7.4,10.0,10.0,8.73
266,Juan Vázquez García,Tecnología,Soporte Técnico,2026-03-18,3.4,3.3,2.0,3.2,2.7,2.96,3.9,5.7,4.6,2.9,4.24,4.7,1.6,1.0,3.1,2.0,2.54,4.0,4.3,4.4,3.7,3.1,4.01
267,Mariana Romero Vázquez,Finanzas,Contabilidad,2026-07-25,3.7,4.2,4.0,5.5,4.6,4.29,2.1,1.5,2.4,2.5,2.11,4.5,5.1,3.6,2.8,3.9,4.12,3.6,2.2,2.9,2.7,4.2,2.99
268,Luis Reyes Pérez,Tecnología,Infraestructura,2026-05-14,2.6,3.1,3.7,3.5,4.1,3.3,6.1,6.2,5.7,6.2,6.07,4.5,2.9,3.9,4.2,4.0,3.86,4.5,4.4,5.5,5.5,6.3,5.06
269,Gabriela González Vázquez,Operaciones,Control de Calidad,2026-02-14,3.3,5.2,3.9,3.6,5.0,4.2,3.8,3.1,5.9,5.8,4.54,3.8,2.7,4.1,6.4,3.8,3.97,3.0,3.2,3.2,4.7,0.2,3.15
270,Andrea Cruz Gómez,Ventas,Ventas Internacionales,2025-12-04,5.4,4.1,2.8,3.6,2.2,3.8,4.3,4.0,3.0,4.1,3.92,4.9,4.1,3.5,3.7,4.7,4.21,3.9,2.2,3.6,3.9,4.6,3.49
271,Paola Reyes Flores,Marketing,Investigación de Mercado,2025-11-11,3.1,3.9,2.6,2.5,2.9,3.08,1.8,3.3,4.0,3.3,2.99,4.4,3.9,5.3,6.2,3.7,4.62,3.1,2.3,2.2,1.2,3.8,2.41
272,Roberto Morales Morales,Finanzas,Auditoría Interna,2026-03-28,6.1,7.8,5.7,5.4,6.4,6.39,6.3,7.5,8.3,8.1,7.45,7.0,4.4,6.5,6.1,3.6,5.6,7.9,4.2,6.4,6.5,7.7,6.38
273,María López García,Marketing,Comunicación de Marca,2026-04-03,7.5,6.2,7.1,8.0,6.4,7.0,9.0,8.9,7.9,10.0,9.0,7.1,6.1,7.2,5.7,5.9,6.48,6.0,4.4,5.2,5.4,5.3,5.25
274,Jorge González Rodríguez,Operaciones,Producción,2026-07-10,8.7,6.7,6.8,6.9,5.6,7.08,5.4,5.5,8.0,5.7,6.02,7.1,7.1,7.7,8.9,7.2,7.5,7.1,6.5,7.4,7.2,9.5,7.27
275,Diego Morales Jiménez,Operaciones,Control de Calidad,2025-10-25,3.8,4.6,3.7,4.5,6.4,4.47,5.4,5.2,5.4,3.4,4.85,5.4,6.3,4.6,5.6,4.2,5.32,7.0,5.4,6.3,4.8,5.8,5.9
276,Juan López Gómez,Operaciones,Control de Calidad,2026-03-08,6.8,6.7,7.6,7.7,5.2,6.83,6.5,5.8,3.0,6.1,5.52,6.3,10.0,7.2,5.5,7.6,7.48,6.6,6.7,7.5,5.9,6.8,6.68
277,Pedro Ortiz Pérez,Recursos Humanos,Capacitación,2026-07-20,4.9,6.5,5.2,6.1,5.2,5.58,5.1,6.2,7.5,4.8,5.78,5.0,4.8,5.0,5.1,3.4,4.72,8.1,8.4,6.4,7.1,5.8,7.4
278,Ana Morales Morales,Ventas,Atención a Clientes,2026-08-14,7.0,8.7,6.4,4.8,7.7,7.08,6.3,6.0,4.8,5.3,5.68,3.7,4.5,3.4,6.2,4.0,4.26,6.3,6.5,7.3,7.1,6.5,6.73
279,Carlos Romero Ramírez,Marketing,Investigación de Mercado,2026-03-28,6.6,7.9,5.3,4.7,3.0,5.84,6.4,7.3,6.7,6.4,6.68,6.6,6.6,7.0,5.1,6.6,6.46,7.5,5.6,4.4,6.8,7.3,6.25
280,Daniela Reyes Cruz,Operaciones,Control de Calidad,2026-04-13,4.1,2.3,2.9,2.7,3.7,3.14,2.5,3.5,3.8,3.9,3.36,4.5,4.7,3.2,3.4,2.8,3.87,4.5,4.8,3.3,4.0,4.6,4.24
281,Ricardo Hernández Sánchez,Marketing,Marketing Digital,2026-03-21,5.8,6.2,7.7,6.6,6.0,6.43,7.0,8.1,8.0,7.5,7.6,4.8,5.3,6.9,5.4,4.6,5.4,5.8,4.9,6.0,5.6,4.6,5.46
282,Miguel García Gómez,Tecnología,Desarrollo,2025-12-07,1.6,3.9,3.2,3.8,4.3,3.23,3.3,1.0,1.6,3.4,2.41,2.3,3.9,4.4,3.1,2.8,3.31,2.6,4.0,4.3,3.5,4.1,3.62
283,Carlos Morales González,Tecnología,Infraestructura,2025-09-29,8.4,7.5,6.5,5.8,6.1,7.06,5.3,1.8,5.6,4.5,4.28,5.2,4.9,5.6,4.5,4.7,5.03,5.5,3.4,4.9,6.3,4.5,4.92
284,Paola Ortiz Castillo,Recursos Humanos,Nómina,2026-04-29,4.8,5.8,4.0,6.6,6.7,5.44,7.6,7.1,4.2,6.3,6.47,6.4,6.8,5.1,7.6,6.3,6.4,7.9,7.8,9.1,6.6,6.7,7.74
285,Andrea Morales Ramírez,Tecnología,Desarrollo,2025-12-02,5.3,7.1,5.7,7.5,5.8,6.24,9.6,8.4,8.4,10.0,9.16,7.9,7.8,8.1,8.9,7.8,8.05,8.4,4.5,7.9,6.7,7.2,6.86
286,José Martínez Vázquez,Tecnología,Soporte Técnico,2025-10-02,5.4,6.8,5.9,5.8,5.6,5.94,3.4,6.1,5.6,5.7,5.09,3.7,5.9,4.9,4.4,6.9,5.08,5.0,3.4,2.7,4.2,3.4,3.82
287,Gabriela Hernández Vázquez,Ventas,Ventas Internacionales,2025-09-13,4.7,6.8,3.1,4.3,4.0,4.74,5.2,3.0,4.4,2.7,3.86,5.8,6.9,4.3,6.8,6.2,5.98,4.5,4.5,4.7,5.4,2.4,4.51
288,Carlos García Torres,Tecnología,Soporte Técnico,2026-06-30,8.8,8.3,10.0,9.6,8.9,9.05,8.1,10.0,8.2,10.0,9.07,7.5,8.9,8.8,7.2,9.6,8.38,10.0,10.0,7.4,9.3,9.2,9.26
289,Daniela Jiménez Rodríguez,Ventas,Ventas Nacionales,2026-04-11,7.4,5.4,5.9,4.4,5.7,5.9,4.7,6.1,5.2,6.9,5.7,2.5,4.5,2.8,5.7,5.4,3.98,3.8,6.2,4.3,5.5,6.1,5.07
290,Ximena Flores Cruz,Marketing,Investigación de Mercado,2026-02-09,8.2,9.5,9.5,6.9,8.8,8.68,9.7,10.0,10.0,10.0,9.91,10.0,10.0,10.0,6.7,7.7,9.16,10.0,9.6,10.0,10.0,10.0,9.9
291,Camila García Ortiz,Recursos Humanos,Nómina,2026-03-03,6.0,6.3,7.4,8.8,6.1,6.79,7.0,7.5,7.1,8.5,7.52,6.1,5.1,4.6,4.7,6.6,5.42,7.6,6.6,8.1,6.6,9.1,7.4
292,Ricardo Romero Romero,Finanzas,Auditoría Interna,2026-07-12,7.4,6.4,6.6,5.0,6.9,6.56,6.5,4.3,5.5,2.8,4.82,4.5,5.2,5.1,4.5,5.6,4.96,7.7,5.1,5.8,4.7,4.4,5.74
293,Paola Sánchez Rodríguez,Marketing,Comunicación de Marca,2026-07-27,7.7,7.0,7.7,8.5,6.7,7.5,5.0,2.2,3.8,4.0,3.81,6.9,5.4,7.8,6.2,5.7,6.42,5.6,4.4,6.0,4.2,3.7,4.91
294,Juan Reyes Vázquez,Operaciones,Logística,2025-11-15,8.2,9.0,7.3,7.1,7.2,7.9,7.3,6.7,8.9,9.0,7.9,8.0,7.8,9.1,7.1,8.1,8.05,7.5,8.6,6.7,6.6,6.8,7.36
295,Gabriela Rodríguez Romero,Recursos Humanos,Nómina,2025-09-25,3.8,6.3,3.7,6.4,4.9,4.96,5.4,4.0,6.0,5.1,5.1,3.9,5.3,4.7,4.4,5.4,4.71,5.5,5.0,6.1,5.1,6.5,5.52
296,Gabriela Hernández Morales,Recursos Humanos,Reclutamiento,2026-03-12,8.9,6.0,7.1,4.9,5.5,6.7,6.7,5.7,5.1,5.6,5.86,6.5,5.4,4.6,5.2,6.4,5.64,5.7,6.5,6.7,7.4,6.3,6.5
297,Gabriela Sánchez Pérez,Tecnología,Soporte Técnico,2025-12-19,7.5,6.5,5.4,4.2,6.2,6.14,4.3,5.8,6.4,5.4,5.37,5.1,4.7,4.3,5.6,4.7,4.86,7.3,4.6,7.7,7.5,3.9,6.4
298,Ricardo Reyes Gómez,Recursos Humanos,Capacitación,2026-02-08,8.9,7.4,7.2,7.8,8.2,7.92,10.0,9.5,10.0,7.8,9.32,9.4,9.9,8.0,7.6,7.6,8.7,10.0,9.7,7.5,10.0,10.0,9.43
299,Miguel Ortiz Castillo,Recursos Humanos,Capacitación,2026-07-12,8.2,8.0,5.9,6.0,6.4,7.09,8.0,5.3,4.1,8.1,6.57,4.5,7.3,3.6,5.9,4.0,5.16,6.4,7.5,6.3,8.4,4.0,6.82
300,Ximena González Gómez,Recursos Humanos,Nómina,2026-08-17,4.5,4.5,3.5,7.0,7.0,5.05,6.3,5.0,4.9,5.5,5.5,7.0,5.0,6.6,6.6,7.4,6.42,6.6,6.1,7.0,6.2,7.2,6.54
301,Gabriela Hernández Torres,Ventas,Ventas Internacionales,2026-01-09,8.5,8.6,8.8,7.8,8.3,8.45,10.0,8.6,10.0,10.0,9.65,9.0,8.0,8.9,7.8,9.5,8.62,9.0,8.3,8.6,7.5,9.5,8.49
302,Andrea Sánchez Cruz,Recursos Humanos,Reclutamiento,2026-04-19,6.6,7.1,5.8,6.8,5.0,6.36,7.3,6.4,6.1,5.7,6.44,9.1,7.4,6.8,6.5,6.8,7.48,6.3,6.6,7.3,5.3,8.2,6.56
303,José Flores Hernández,Marketing,Marketing Digital,2026-08-14,0.6,1.8,3.1,2.2,2.0,1.85,5.9,4.0,4.2,3.1,4.39,3.6,2.3,2.8,1.8,3.5,2.83,3.0,2.8,4.2,4.6,1.2,3.33
304,Raúl Castillo Sánchez,Tecnología,Soporte Técnico,2026-06-21,8.6,7.1,7.5,7.7,8.4,7.84,8.4,9.0,7.4,7.1,8.02,6.9,7.6,6.0,5.2,6.1,6.52,5.9,7.3,6.5,6.5,6.1,6.51
305,Ana Morales Flores,Operaciones,Producción,2026-01-05,5.0,5.5,3.8,5.5,4.7,4.92,3.1,5.5,4.0,4.7,4.28,5.3,2.8,2.9,3.9,2.8,3.61,3.2,5.9,2.5,2.5,4.0,3.68
306,Laura Ortiz Ortiz,Finanzas,Contabilidad,2025-10-02,7.0,4.7,7.6,7.2,7.0,6.58,6.0,6.4,5.8,6.5,6.18,7.8,7.7,7.0,6.9,7.8,7.48,8.0,5.5,4.3,6.5,6.2,6.16
307,Ricardo Reyes Ramírez,Ventas,Ventas Nacionales,2025-11-29,6.9,7.9,5.8,5.8,6.0,6.63,5.9,7.5,8.8,4.9,6.63,4.5,4.7,5.7,4.3,5.6,4.92,6.5,6.0,4.6,5.9,5.1,5.74
308,Ximena Jiménez Romero,Marketing,Investigación de Mercado,2026-05-14,8.9,8.0,8.1,8.6,8.7,8.44,6.1,6.3,6.7,7.9,6.72,8.7,7.6,8.4,7.4,6.9,7.9,10.0,8.8,7.6,6.3,8.3,8.31
309,Jorge Pérez Pérez,Recursos Humanos,Nómina,2026-02-14,5.7,3.4,2.0,5.4,5.2,4.26,6.2,5.4,5.2,5.5,5.62,5.4,5.8,6.6,5.5,5.5,5.77,4.5,7.7,4.4,7.1,5.1,5.86
310,Raúl González Reyes,Marketing,Comunicación de Marca,2025-10-13,5.6,6.7,6.8,7.8,7.7,6.76,7.5,7.1,6.1,7.8,7.2,6.4,9.4,10.0,6.3,5.1,7.66,6.0,5.4,7.2,6.3,5.6,6.11
311,Miguel Hernández Rodríguez,Recursos Humanos,Reclutamiento,2026-02-18,1.1,1.8,1.5,1.3,0.3,1.27,4.0,4.7,3.4,2.9,3.78,2.5,3.4,4.0,3.8,2.4,3.2,1.0,1.7,3.3,0.0,2.8,1.62
312,Fernanda García Reyes,Operaciones,Producción,2026-01-17,7.0,8.4,6.6,7.3,4.8,6.98,7.7,3.7,5.7,5.4,5.72,6.4,8.3,7.9,7.1,6.1,7.24,6.7,6.9,5.8,7.3,6.4,6.66
313,Paola Vázquez González,Operaciones,Control de Calidad,2025-10-01,5.1,4.8,5.6,5.0,5.6,5.18,7.7,6.4,3.6,4.5,5.76,7.4,6.0,7.0,6.9,8.1,7.0,7.0,7.3,7.5,7.3,7.2,7.26
314,Fernanda Castillo Romero,Marketing,Marketing Digital,2026-05-07,5.7,6.3,5.6,4.9,6.1,5.77,3.6,6.0,5.3,7.0,5.39,3.1,2.4,2.5,4.3,3.7,3.08,5.6,3.7,4.5,4.2,4.1,4.48
315,Miguel Pérez Ortiz,Tecnología,Soporte Técnico,2025-11-02,4.5,6.5,5.0,5.4,3.5,5.09,6.6,6.3,4.9,7.4,6.38,5.0,6.0,6.5,5.2,4.9,5.56,7.3,5.8,4.8,3.8,7.0,5.69
316,Paola Hernández Hernández,Recursos Humanos,Nómina,2025-12-22,8.6,7.4,7.4,6.5,5.2,7.24,8.4,9.6,9.6,10.0,9.34,9.2,10.0,9.0,9.0,7.3,9.04,8.8,10.0,8.7,8.1,10.0,9.06
317,Sofía López Vázquez,Ventas,Ventas Nacionales,2026-04-10,8.9,6.8,7.7,8.6,8.5,8.03,8.7,7.9,10.0,9.7,9.01,7.0,7.2,6.8,8.0,8.5,7.38,8.7,10.0,10.0,10.0,7.3,9.41
318,Andrea Cruz Pérez,Finanzas,Tesorería,2026-01-24,7.8,5.9,6.1,4.5,7.8,6.49,7.9,3.7,4.9,4.6,5.43,7.8,5.5,5.6,6.4,5.7,6.26,6.6,5.9,7.1,6.2,7.5,6.54
319,Karla Pérez Romero,Ventas,Atención a Clientes,2026-07-12,6.1,2.9,5.2,4.4,6.8,4.97,5.9,4.3,5.1,3.9,4.84,6.9,3.5,3.8,4.3,4.3,4.65,6.6,4.7,4.0,6.1,5.8,5.42
320,Valeria López López,Recursos Humanos,Nómina,2026-04-18,6.7,5.7,4.8,6.7,8.3,6.31,6.9,4.3,5.7,5.5,5.66,8.2,7.7,5.5,5.4,7.5,7.01,8.6,8.8,7.3,7.3,9.3,8.2
321,Luis Pérez Torres,Recursos Humanos,Nómina,2026-02-12,5.7,5.9,4.8,3.5,4.9,5.12,4.3,6.7,5.1,6.5,5.61,4.3,4.2,7.6,8.0,7.2,5.92,5.3,5.0,4.1,5.4,2.9,4.76
322,Luis Ramírez Rodríguez,Recursos Humanos,Capacitación,2026-04-22,5.7,7.0,9.9,6.5,5.8,7.0,5.8,7.3,4.7,6.3,6.08,6.8,6.5,6.8,7.1,6.2,6.68,8.2,9.6,4.8,7.0,4.8,7.29
323,José Romero Martínez,Ventas,Ventas Nacionales,2026-05-14,4.1,8.2,8.6,7.0,5.2,6.62,5.2,5.4,4.0,6.2,5.26,7.9,4.6,5.8,5.5,6.5,6.08,5.1,4.0,4.7,4.3,4.5,4.53
324,Valeria Hernández Ramírez,Ventas,Atención a Clientes,2026-03-09,2.9,4.1,3.3,1.4,0.7,2.72,5.4,1.7,1.6,2.8,3.07,2.8,3.3,2.2,4.1,3.1,3.04,3.3,2.7,3.7,2.4,2.4,2.96
325,Valeria Ortiz Vázquez,Marketing,Investigación de Mercado,2026-03-25,5.2,6.8,6.2,6.4,5.0,5.95,6.0,5.7,6.5,6.8,6.22,9.1,5.8,8.8,7.7,7.6,7.78,6.5,5.4,5.2,4.5,4.5,5.37
326,Paola López Ortiz,Marketing,Marketing Digital,2026-05-26,10.0,10.0,10.0,10.0,9.8,9.97,9.1,9.5,10.0,9.2,9.41,10.0,8.3,5.9,10.0,9.9,8.74,10.0,8.6,8.2,6.9,7.2,8.39
327,Fernanda Ortiz Hernández,Ventas,Ventas Internacionales,2026-06-24,6.2,5.3,4.7,6.9,5.4,5.66,6.9,6.9,5.4,6.7,6.55,7.2,3.8,7.6,8.9,8.3,6.85,7.0,7.6,7.1,5.6,5.7,6.76
328,Ricardo Vázquez Jiménez,Ventas,Ventas Internacionales,2026-03-14,6.7,8.6,9.8,10.0,9.2,8.66,8.1,7.2,8.6,9.0,8.2,6.9,9.1,7.4,6.8,8.3,7.74,9.9,9.2,7.7,4.8,9.4,8.22
329,José Rodríguez González,Recursos Humanos,Nómina,2026-04-20,10.0,7.8,8.1,8.8,8.8,8.71,6.8,5.9,6.0,8.5,6.84,7.6,7.0,8.2,8.1,6.7,7.51,6.0,7.4,7.5,6.7,8.8,7.07
330,Ximena Hernández Cruz,Operaciones,Producción,2026-03-23,5.0,3.4,3.6,3.0,3.0,3.72,3.0,3.9,5.4,3.0,3.7,4.5,4.0,3.8,5.5,6.9,4.74,3.1,2.7,3.8,5.2,1.1,3.36
331,Laura Reyes Rodríguez,Recursos Humanos,Capacitación,2025-10-05,9.5,9.2,7.1,8.5,7.4,8.48,8.4,7.6,8.7,8.1,8.18,6.5,6.4,7.1,6.4,6.5,6.58,7.3,9.4,8.0,5.3,7.6,7.6
332,Luis Jiménez Torres,Finanzas,Tesorería,2025-09-14,7.5,6.8,6.8,6.0,8.1,7.05,5.1,5.2,5.4,4.3,4.99,6.1,4.9,6.6,3.9,4.4,5.32,5.3,6.3,4.0,4.8,6.5,5.31
333,Carlos Pérez Flores,Finanzas,Auditoría Interna,2026-05-10,3.3,1.2,5.4,4.0,2.3,3.15,2.6,3.9,2.6,1.9,2.75,5.0,1.4,3.1,6.0,2.1,3.44,6.3,5.6,3.8,3.9,4.5,4.96
334,Paola Gómez Ramírez,Operaciones,Logística,2026-07-19,8.1,7.3,7.5,7.3,6.5,7.42,8.6,6.5,6.9,9.4,7.94,9.0,7.5,10.0,8.6,6.1,8.33,9.0,7.8,6.9,7.0,8.2,7.8
335,Daniela Ramírez Romero,Ventas,Ventas Internacionales,2026-03-10,5.8,5.2,6.0,5.5,5.0,5.52,4.7,6.1,5.4,6.3,5.59,5.1,5.3,8.2,8.3,7.6,6.62,4.3,7.1,6.8,6.3,5.7,6.04
336,Sofía Morales González,Recursos Humanos,Capacitación,2026-05-25,5.1,6.2,6.3,3.5,4.1,5.22,3.9,5.1,3.6,4.8,4.36,4.6,4.7,5.2,4.3,6.0,4.91,4.4,3.5,4.6,3.9,5.5,4.22
337,Diego Castillo Vázquez,Tecnología,Soporte Técnico,2026-05-05,5.4,6.3,7.0,4.6,6.7,6.02,4.3,5.4,8.7,8.1,6.4,6.0,5.6,5.9,5.7,6.0,5.84,7.2,7.1,7.9,9.6,8.3,7.9
338,Francisco Jiménez Pérez,Marketing,Investigación de Mercado,2026-04-26,8.6,8.3,7.7,5.3,10.0,8.06,6.6,6.3,7.0,5.7,6.38,6.5,6.9,7.1,6.5,6.0,6.64,7.0,6.1,6.2,6.3,8.6,6.64
339,Francisco Ramírez Rodríguez,Operaciones,Control de Calidad,2026-06-06,7.3,8.4,6.6,9.7,8.6,7.99,6.9,7.2,7.4,7.0,7.1,9.4,10.0,8.6,6.1,8.9,8.82,8.1,6.9,8.6,9.2,8.3,8.14
340,Daniela Pérez Cruz,Finanzas,Contabilidad,2026-08-21,5.1,9.3,5.3,9.4,7.5,7.2,5.8,6.3,6.5,4.1,5.64,5.4,5.7,6.2,4.2,7.4,5.76,6.4,7.1,6.1,8.5,7.9,7.08
341,Valeria Reyes Morales,Ventas,Ventas Internacionales,2025-10-11,9.2,9.5,8.9,10.0,10.0,9.46,8.7,8.5,10.0,9.1,9.01,10.0,10.0,10.0,10.0,8.5,9.78,7.8,7.0,6.8,10.0,7.9,7.85
342,Gabriela Morales Rodríguez,Finanzas,Tesorería,2025-11-16,5.4,6.6,5.2,5.0,5.1,5.56,4.8,6.7,7.6,8.4,6.74,5.0,3.7,3.4,3.8,5.5,4.25,4.7,4.8,3.7,2.8,2.6,3.94
343,Pedro Pérez Pérez,Ventas,Ventas Nacionales,2026-05-09,5.0,3.7,7.8,5.1,5.2,5.28,6.4,6.4,7.8,9.1,7.36,6.6,5.7,7.6,8.2,6.8,6.85,7.3,8.1,7.8,6.4,8.4,7.53
344,Fernanda Ortiz Castillo,Finanzas,Auditoría Interna,2026-07-27,7.0,8.8,6.9,7.8,7.4,7.61,8.7,8.8,7.8,7.6,8.27,9.1,7.1,7.8,8.1,8.2,8.06,7.6,7.8,9.7,9.5,9.4,8.63
345,María Cruz Hernández,Recursos Humanos,Nómina,2026-05-04,5.6,5.4,5.6,4.7,5.8,5.44,9.0,7.9,7.7,7.8,8.16,6.2,6.4,5.0,5.4,9.5,6.39,9.3,8.2,10.0,8.4,8.1,8.86
346,Camila Martínez Ramírez,Ventas,Atención a Clientes,2025-10-19,10.0,7.8,7.2,8.0,9.6,8.53,8.0,8.9,7.6,7.0,7.9,9.7,7.0,8.9,9.4,9.0,8.72,8.3,10.0,9.7,10.0,10.0,9.52
347,Paola González Hernández,Operaciones,Producción,2026-06-24,4.7,5.6,6.4,5.4,5.6,5.51,2.9,1.9,3.7,1.2,2.38,4.1,3.6,3.9,4.1,2.3,3.66,1.9,5.1,2.6,1.8,2.3,2.86
348,José Castillo Ramírez,Tecnología,Desarrollo,2026-02-17,5.9,4.8,6.2,4.1,5.1,5.3,4.4,2.8,3.6,4.6,3.89,3.3,3.3,1.9,4.5,3.5,3.23,2.7,3.4,3.2,4.0,3.0,3.26
349,Ximena Jiménez López,Tecnología,Desarrollo,2026-06-17,8.8,7.3,7.0,6.4,7.3,7.48,7.3,7.4,8.2,7.6,7.58,6.0,6.2,7.6,6.7,6.6,6.56,10.0,8.7,9.8,10.0,5.5,9.18
350,Paola Ramírez Cruz,Tecnología,Desarrollo,2026-06-14,3.2,5.7,4.8,5.4,3.4,4.5,5.7,7.1,4.1,4.4,5.4,6.8,4.8,5.6,5.0,6.4,5.73,6.9,5.6,6.4,7.2,5.0,6.35
351,Carlos Reyes Morales,Operaciones,Control de Calidad,2026-03-10,5.6,4.7,4.7,7.7,5.7,5.52,7.2,6.3,6.9,5.9,6.59,6.5,6.8,4.2,7.3,8.1,6.48,7.2,7.4,8.0,7.0,8.0,7.45
352,Fernanda Pérez Ortiz,Marketing,Investigación de Mercado,2026-03-12,8.4,9.5,8.5,8.0,9.6,8.82,10.0,10.0,7.7,10.0,9.54,7.4,8.1,9.5,10.0,9.9,8.76,10.0,9.9,8.2,9.8,9.7,9.54
353,Fernanda Jiménez Sánchez,Finanzas,Auditoría Interna,2026-09-02,6.8,5.6,6.7,6.4,7.8,6.57,6.0,8.9,6.5,6.9,7.05,8.1,9.4,6.4,7.1,8.5,8.0,6.3,7.7,9.3,7.2,6.1,7.41
354,Mariana Ramírez Romero,Operaciones,Producción,2025-10-27,8.2,7.7,8.6,10.0,8.1,8.41,9.4,7.6,8.9,9.7,8.93,7.7,6.8,7.2,9.6,8.1,7.72,8.8,9.7,9.4,9.6,9.5,9.38
355,Juan Vázquez Jiménez,Operaciones,Logística,2025-12-11,7.6,6.8,7.3,8.0,8.1,7.48,7.0,6.4,7.3,7.1,6.94,5.0,6.0,5.0,5.7,5.8,5.48,5.8,5.0,4.5,5.4,5.1,5.19
356,Andrea Cruz Ramírez,Recursos Humanos,Reclutamiento,2025-09-22,7.7,6.7,7.4,7.3,8.3,7.42,5.3,6.7,4.2,8.5,6.23,5.8,2.7,6.8,5.7,4.9,5.08,5.0,7.2,5.4,5.4,6.7,5.88
357,Daniela González Castillo,Marketing,Marketing Digital,2026-03-11,4.2,6.4,4.3,5.3,4.2,4.93,2.2,3.6,3.4,1.2,2.54,3.6,7.2,4.3,4.0,2.9,4.6,2.7,3.3,3.5,4.0,4.5,3.45
358,Laura López Torres,Tecnología,Soporte Técnico,2026-08-11,5.0,5.2,6.3,7.6,5.4,5.76,6.5,8.4,5.5,5.4,6.5,7.5,6.8,8.0,5.7,6.0,6.93,4.1,7.0,6.1,4.1,6.7,5.48
359,Juan Flores Torres,Finanzas,Tesorería,2025-11-01,5.5,7.1,6.9,8.5,8.0,7.0,7.6,8.2,5.5,6.5,7.06,9.8,7.2,6.8,6.8,6.7,7.64,3.8,5.6,4.4,5.2,4.5,4.72
360,Raúl Vázquez Reyes,Tecnología,Desarrollo,2025-11-18,6.3,6.5,4.5,3.3,5.6,5.44,7.0,8.1,5.4,8.0,7.2,7.5,6.1,5.3,5.6,4.4,5.96,6.5,6.5,5.6,6.0,9.0,6.47
361,Alejandro Romero Romero,Finanzas,Auditoría Interna,2026-05-29,9.8,8.4,10.0,7.3,9.4,9.06,9.1,10.0,9.5,8.3,9.21,7.5,7.9,6.7,10.0,7.9,7.88,8.9,9.6,9.9,10.0,9.7,9.58
362,Paola González Romero,Recursos Humanos,Capacitación,2026-06-29,6.0,6.2,3.5,5.1,6.7,5.52,4.1,4.0,5.3,3.0,4.04,2.3,3.0,1.8,4.5,2.3,2.7,4.5,5.2,1.3,3.9,3.8,3.84
363,Paola Morales Vázquez,Tecnología,Desarrollo,2026-02-18,8.2,8.6,9.0,7.6,6.8,8.16,7.5,6.5,6.5,7.7,7.1,5.7,7.6,8.4,7.9,7.8,7.36,8.7,7.1,9.2,8.0,10.0,8.39
364,Raúl López Ortiz,Marketing,Comunicación de Marca,2026-07-12,6.9,4.5,5.4,5.5,6.3,5.7,5.7,5.0,4.6,6.9,5.6,6.6,7.2,5.8,4.9,7.1,6.41,8.7,5.0,6.1,5.8,8.2,6.62
365,Francisco Vázquez González,Marketing,Comunicación de Marca,2026-03-24,4.0,5.3,3.9,2.9,3.2,4.02,1.2,0.8,1.2,4.5,1.92,2.1,3.1,3.5,4.2,0.3,2.68,3.6,2.5,4.1,2.9,4.5,3.38
366,Ximena Sánchez Ortiz,Operaciones,Control de Calidad,2026-05-17,10.0,10.0,9.7,9.5,9.0,9.72,7.5,8.1,8.5,9.8,8.43,10.0,10.0,10.0,10.0,10.0,10.0,7.3,8.5,8.1,7.5,8.8,7.95
367,Luis Hernández Cruz,Operaciones,Control de Calidad,2025-10-18,5.5,4.9,4.7,5.9,4.0,5.02,2.5,5.2,4.1,3.2,3.67,4.3,5.0,2.4,1.1,2.2,3.3,0.5,3.3,4.4,4.3,2.4,2.93
368,Jorge Torres Torres,Finanzas,Contabilidad,2026-05-21,9.6,6.4,9.0,9.3,8.8,8.52,8.8,7.8,9.2,9.1,8.7,7.2,8.7,9.8,9.9,10.0,8.92,8.5,9.9,8.1,7.7,8.9,8.65
369,Sofía Vázquez González,Operaciones,Producción,2025-12-29,2.8,3.5,1.7,1.0,4.3,2.71,5.3,3.9,3.2,3.3,4.03,2.8,3.4,4.6,4.9,4.8,3.92,4.2,3.4,4.8,4.9,4.9,4.33
370,Carlos Martínez Ramírez,Tecnología,Infraestructura,2026-01-05,6.6,8.5,9.4,7.3,8.9,8.09,10.0,8.8,8.2,7.2,8.64,5.6,7.3,5.5,7.8,4.7,6.2,7.9,8.7,8.2,7.5,9.0,8.19
371,Daniela Flores González,Finanzas,Tesorería,2026-07-05,8.1,9.7,6.3,6.2,7.8,7.81,7.7,7.1,7.3,8.7,7.72,7.6,10.0,6.9,7.0,7.3,7.92,7.6,7.6,5.0,8.4,6.5,7.13
372,Raúl Hernández Sánchez,Operaciones,Logística,2026-07-03,8.0,8.7,8.1,7.6,9.5,8.36,7.8,5.7,8.6,9.6,7.88,6.8,7.3,8.4,8.5,10.0,7.98,7.4,6.6,7.1,8.6,8.4,7.48
373,Alejandro López Flores,Tecnología,Infraestructura,2026-07-09,7.2,6.2,5.4,5.0,6.6,6.17,4.4,3.9,4.4,5.8,4.62,6.1,5.0,7.0,5.5,5.0,5.75,6.9,5.1,3.3,5.9,7.1,5.55
374,Mariana Gómez López,Ventas,Ventas Internacionales,2025-11-06,8.5,9.3,7.9,8.3,7.9,8.46,10.0,9.2,10.0,10.0,9.8,7.8,5.9,5.8,9.0,6.6,6.92,10.0,9.2,8.2,10.0,10.0,9.44
375,Raúl Gómez Rodríguez,Marketing,Comunicación de Marca,2026-01-29,9.6,10.0,10.0,10.0,10.0,9.9,8.1,9.5,8.6,7.3,8.35,7.3,7.7,9.2,8.8,8.5,8.18,9.3,10.0,8.9,10.0,9.0,9.51
376,Ana Castillo Pérez,Finanzas,Auditoría Interna,2026-08-24,9.1,9.8,8.8,8.2,9.3,9.11,7.8,7.7,9.0,7.6,7.96,8.7,8.0,7.8,9.3,8.9,8.46,9.0,8.8,6.2,9.2,10.0,8.53
377,Mariana Reyes Castillo,Operaciones,Logística,2026-02-23,2.5,3.7,4.0,3.4,3.0,3.31,2.7,1.5,1.5,2.7,2.16,2.5,1.4,5.1,1.9,2.2,2.61,4.2,4.3,4.4,2.9,4.5,4.04
378,Alejandro López Morales,Ventas,Ventas Nacionales,2025-09-10,6.8,6.5,7.6,6.4,6.4,6.76,5.9,5.4,6.2,7.6,6.26,6.5,9.9,7.5,7.5,6.3,7.67,8.3,6.5,7.5,7.5,6.3,7.33
379,Paola Jiménez Gómez,Finanzas,Tesorería,2025-09-21,8.7,9.0,9.5,9.1,8.0,8.89,7.0,7.6,7.4,7.0,7.23,6.3,8.7,7.1,7.2,6.9,7.28,6.6,8.7,8.4,7.8,7.7,7.83
380,Juan Torres Reyes,Tecnología,Desarrollo,2026-05-20,7.0,7.8,6.2,6.2,7.2,6.95,6.4,5.9,4.6,5.7,5.74,4.9,5.7,6.0,4.7,6.5,5.53,6.1,6.2,5.5,5.7,6.2,5.94
381,Miguel Rodríguez Torres,Tecnología,Desarrollo,2025-10-07,2.4,2.1,2.4,2.2,3.7,2.49,5.1,2.8,4.4,2.9,3.83,4.9,5.5,4.7,4.2,2.6,4.56,4.0,2.8,1.9,2.6,2.8,2.88
382,Fernanda Sánchez García,Marketing,Comunicación de Marca,2025-12-03,3.2,3.6,5.4,6.0,3.0,4.13,3.7,3.6,5.3,3.4,3.92,2.6,3.4,1.9,3.9,4.5,3.14,0.7,1.0,4.0,3.2,2.7,2.14
383,Mariana Ortiz García,Operaciones,Logística,2026-06-09,5.7,7.0,6.4,5.5,6.8,6.3,3.6,4.9,4.8,7.6,5.16,9.1,5.8,5.0,6.2,5.5,6.48,5.6,4.5,5.8,5.3,5.9,5.33
384,Sergio Flores Castillo,Marketing,Marketing Digital,2026-08-05,10.0,7.8,7.6,9.3,10.0,8.86,8.2,9.4,7.3,10.0,8.77,7.9,8.5,10.0,9.2,10.0,8.98,7.5,7.4,9.1,8.2,7.9,7.98
385,Roberto López García,Operaciones,Logística,2026-05-16,9.8,9.5,8.9,8.1,9.1,9.18,9.8,8.1,7.1,10.0,8.88,10.0,8.0,9.1,7.4,8.4,8.69,9.2,10.0,9.1,8.6,8.3,9.17
386,Francisco Ramírez Gómez,Ventas,Atención a Clientes,2026-08-28,5.6,3.0,2.5,1.9,2.9,3.37,2.2,2.6,4.4,1.5,2.57,3.7,3.2,1.7,3.7,4.6,3.31,1.1,2.1,2.8,0.8,1.5,1.67
387,José Torres Torres,Operaciones,Control de Calidad,2025-11-23,8.3,6.1,7.3,6.6,7.0,7.1,6.6,8.4,7.2,8.8,7.72,6.1,6.3,7.6,7.8,6.7,6.79,10.0,7.9,6.4,10.0,10.0,8.75
388,Francisco Ramírez Hernández,Finanzas,Tesorería,2026-04-13,9.9,8.8,9.3,8.9,6.9,8.91,8.0,7.0,8.2,7.3,7.62,8.8,8.0,8.0,8.8,7.9,8.31,6.4,8.9,8.3,8.5,8.7,8.06
389,Francisco Martínez Morales,Marketing,Investigación de Mercado,2026-01-26,5.3,5.2,5.5,5.9,3.8,5.18,5.6,5.3,6.9,6.0,5.88,5.2,4.8,4.5,6.7,4.7,5.11,3.5,4.8,3.5,6.1,6.3,4.62
390,Fernanda Romero Morales,Marketing,Investigación de Mercado,2026-05-17,3.6,0.7,4.3,4.4,3.4,3.11,3.6,4.3,3.3,2.2,3.36,2.8,2.6,1.2,2.3,4.5,2.61,3.0,4.0,2.5,5.0,3.4,3.59
391,Laura González González,Marketing,Investigación de Mercado,2026-03-11,4.4,6.7,6.8,4.0,5.8,5.6,6.7,7.0,5.1,7.2,6.58,6.9,7.5,7.3,8.1,7.6,7.42,5.1,4.4,5.2,5.0,5.3,4.94
392,Mariana Hernández López,Tecnología,Soporte Técnico,2025-12-28,7.9,7.6,5.4,7.6,7.3,7.19,7.8,7.7,9.4,8.8,8.34,9.7,10.0,10.0,9.7,9.7,9.83,8.9,9.2,9.6,10.0,9.3,9.38
393,Mariana Rodríguez Castillo,Marketing,Comunicación de Marca,2026-07-23,3.1,1.9,1.7,2.3,3.4,2.45,2.3,4.6,3.8,5.3,3.92,1.4,0.4,0.2,0.5,2.3,0.91,3.5,1.7,2.5,1.4,3.3,2.41
394,Diego Hernández Reyes,Finanzas,Tesorería,2025-11-03,6.1,6.8,4.9,7.6,6.0,6.24,7.1,7.6,5.8,6.9,6.91,6.6,6.9,5.9,6.4,6.8,6.54,6.3,5.6,6.6,7.5,4.1,6.2
395,Laura Vázquez González,Recursos Humanos,Nómina,2026-05-01,8.3,7.3,6.0,6.9,7.3,7.23,9.9,8.2,10.0,9.6,9.42,7.1,6.9,7.3,7.1,6.3,6.97,10.0,7.2,9.3,7.6,8.5,8.53
396,Miguel González Reyes,Tecnología,Infraestructura,2026-06-21,5.9,4.3,5.6,6.5,6.9,5.68,5.0,5.0,5.6,5.9,5.35,7.1,6.5,7.6,7.6,7.1,7.12,4.7,7.7,6.3,6.2,4.4,6.04
397,Fernanda Cruz López,Ventas,Ventas Nacionales,2026-07-21,5.8,6.5,3.7,4.1,5.9,5.32,5.2,5.0,3.1,1.9,3.9,6.5,6.7,5.7,4.6,4.0,5.73,6.7,5.4,6.3,4.5,7.0,5.89
398,Gabriela Cruz Torres,Recursos Humanos,Capacitación,2026-07-12,8.0,8.1,8.6,8.7,9.7,8.5,9.3,10.0,7.9,10.0,9.37,8.5,9.1,7.6,9.0,7.4,8.38,7.7,8.2,9.3,9.3,9.1,8.6
399,Karla Cruz Gómez,Marketing,Marketing Digital,2026-03-05,8.3,8.8,9.8,7.9,10.0,8.92,10.0,10.0,10.0,7.9,9.48,8.7,9.6,10.0,8.9,8.4,9.17,10.0,8.8,10.0,8.6,10.0,9.42
400,Carlos Pérez Gómez,Marketing,Marketing Digital,2026-08-01,1.7,5.7,3.9,3.6,3.7,3.72,5.6,2.4,4.3,4.2,4.19,3.0,5.2,3.9,4.2,5.0,4.21,5.2,6.1,5.0,3.4,5.0,5.0
401,Raúl Castillo Ortiz,Ventas,Atención a Clientes,2026-07-11,4.0,4.1,4.2,2.5,2.6,3.63,5.3,3.4,4.0,3.5,4.12,2.7,1.0,1.4,3.9,2.4,2.15,2.3,5.0,4.0,4.3,3.6,3.84
402,Francisco Jiménez Ramírez,Ventas,Ventas Internacionales,2026-01-06,5.2,5.4,5.5,6.9,6.7,5.79,3.1,6.0,2.5,6.8,4.63,7.5,3.7,5.4,2.2,4.1,4.82,4.0,5.9,6.6,5.8,7.6,5.72
403,Valeria García Rodríguez,Operaciones,Logística,2026-04-24,5.8,8.9,7.1,4.4,6.7,6.76,7.9,9.1,8.2,8.3,8.36,8.6,7.7,8.4,6.3,7.5,7.83,9.3,8.0,6.2,5.9,6.3,7.38
404,Luis Ramírez Ortiz,Tecnología,Infraestructura,2026-07-16,9.5,10.0,10.0,9.1,7.0,9.29,7.9,9.4,9.7,8.9,8.88,7.4,8.3,9.8,8.2,7.3,8.21,9.6,8.9,10.0,7.2,10.0,9.06
405,Sofía Jiménez Gómez,Marketing,Investigación de Mercado,2026-06-14,9.7,6.7,8.7,7.2,10.0,8.42,7.0,8.5,5.0,8.4,7.32,7.5,8.5,8.2,8.7,6.8,7.96,6.2,6.3,7.4,7.9,7.6,6.94
406,Mariana Sánchez Sánchez,Operaciones,Logística,2026-06-03,10.0,9.4,9.8,10.0,9.0,9.66,10.0,9.4,7.8,8.8,9.11,9.7,7.8,10.0,7.5,9.7,8.96,10.0,6.2,9.3,9.1,8.0,8.53
407,Sergio González Torres,Finanzas,Auditoría Interna,2025-11-17,4.4,4.5,3.3,3.5,3.5,3.94,5.3,2.0,3.8,3.6,3.75,0.6,4.0,4.2,3.3,3.4,3.0,3.9,4.4,2.0,2.9,5.0,3.56
408,Valeria Ortiz Martínez,Tecnología,Soporte Técnico,2026-07-24,5.2,5.7,5.3,7.8,5.7,5.81,5.2,5.6,7.2,8.1,6.43,9.5,5.9,7.1,5.3,7.0,7.11,6.1,7.6,6.9,8.0,6.8,7.08
409,Valeria Romero Rodríguez,Operaciones,Producción,2026-05-08,8.9,9.8,8.1,6.1,8.0,8.41,7.6,7.3,8.5,8.6,7.96,9.1,8.5,10.0,9.1,10.0,9.26,8.6,8.6,6.6,6.2,7.4,7.6
410,Jorge Gómez Romero,Operaciones,Producción,2026-03-30,5.1,5.9,4.5,4.2,6.2,5.21,6.8,7.2,5.5,5.0,6.19,7.9,7.5,7.2,7.0,5.8,7.21,5.0,5.2,4.9,5.1,6.7,5.22
411,Ximena Vázquez Romero,Operaciones,Producción,2026-05-06,4.4,9.9,6.5,8.2,7.0,7.15,7.1,7.0,6.6,7.7,7.12,5.2,6.4,7.1,5.5,5.8,6.02,5.1,7.5,8.5,8.6,8.0,7.37
412,José Reyes Sánchez,Ventas,Atención a Clientes,2026-07-21,6.5,7.5,5.3,4.0,6.8,6.18,4.8,5.5,3.8,3.6,4.48,4.8,7.2,5.8,5.9,3.6,5.58,6.1,5.0,5.3,4.2,5.2,5.2
413,María Sánchez García,Finanzas,Contabilidad,2025-11-19,4.1,5.3,5.4,4.6,5.6,4.96,7.1,5.0,6.9,7.6,6.66,7.2,5.1,6.3,5.3,8.8,6.45,7.0,6.0,6.4,5.2,7.1,6.28
414,Francisco Castillo Rodríguez,Ventas,Ventas Nacionales,2026-06-30,6.2,7.2,7.3,7.7,6.8,6.99,6.8,8.8,6.1,8.3,7.54,8.5,7.1,8.7,10.0,8.6,8.43,4.7,5.4,5.2,4.7,4.9,5.0
415,Karla Romero Reyes,Tecnología,Desarrollo,2026-03-07,6.7,6.8,7.4,5.6,7.0,6.74,7.1,6.5,7.0,8.2,7.2,4.3,7.9,5.2,7.4,7.0,6.25,8.2,7.7,6.4,5.7,5.9,6.98
416,Karla Pérez Castillo,Tecnología,Desarrollo,2026-08-20,6.8,3.1,5.2,5.2,4.5,4.97,6.2,5.1,4.8,5.9,5.57,6.1,7.1,7.0,7.0,5.6,6.59,5.7,8.7,5.2,6.2,7.1,6.59
417,Francisco Castillo González,Recursos Humanos,Reclutamiento,2025-12-15,4.4,4.7,5.1,3.9,5.0,4.63,8.3,6.6,6.8,8.9,7.73,4.5,6.2,6.4,5.4,4.6,5.46,5.4,4.6,8.0,4.4,4.9,5.47
418,María Reyes Reyes,Operaciones,Producción,2025-12-12,5.5,7.8,6.4,7.2,3.7,6.24,8.7,5.5,6.1,5.4,6.56,5.3,4.0,5.9,5.8,6.0,5.28,4.9,5.5,6.1,6.0,6.7,5.69
419,Miguel Cruz Gómez,Operaciones,Logística,2026-07-13,5.0,8.5,6.9,7.5,7.9,7.06,5.3,5.7,5.8,4.2,5.22,6.4,6.2,5.6,3.9,6.7,5.86,4.9,5.1,6.7,7.5,4.0,5.74
420,Jorge Rodríguez Torres,Ventas,Ventas Internacionales,2026-01-06,6.0,5.7,7.0,5.7,5.8,6.05,7.9,5.9,6.3,5.4,6.46,8.0,6.5,7.5,8.2,7.4,7.46,6.7,5.8,5.8,6.0,6.2,6.1
421,Ximena López Flores,Ventas,Ventas Nacionales,2026-01-08,4.3,3.9,6.0,5.5,5.6,4.92,6.2,6.2,5.2,5.3,5.78,2.7,3.4,5.8,6.0,3.8,4.15,7.9,9.0,6.7,8.4,9.9,8.24
422,Ana Castillo Torres,Tecnología,Infraestructura,2026-05-12,3.7,6.0,5.2,4.2,4.3,4.74,3.7,3.9,5.4,2.5,3.79,2.6,2.5,3.8,2.1,3.1,2.82,3.2,2.7,3.6,5.4,6.4,3.92
423,Juan Hernández Cruz,Marketing,Comunicación de Marca,2026-06-10,5.3,5.3,5.8,6.9,5.4,5.65,5.2,5.7,7.2,8.5,6.55,5.9,6.2,6.3,6.1,4.5,5.88,5.4,3.3,1.5,5.5,4.8,4.06
424,Alejandro González Hernández,Operaciones,Producción,2026-05-28,10.0,10.0,9.1,9.6,9.7,9.72,8.3,10.0,9.0,9.9,9.26,9.0,10.0,8.2,8.9,5.1,8.49,10.0,9.1,9.6,9.8,10.0,9.66
425,Sergio Sánchez López,Tecnología,Soporte Técnico,2026-07-08,7.8,6.7,8.2,8.9,9.0,7.95,7.5,8.2,8.5,8.9,8.22,6.3,6.2,7.5,7.1,7.7,6.84,7.2,7.5,7.4,5.9,7.5,7.09
426,Pedro Morales García,Finanzas,Tesorería,2025-12-17,7.7,6.8,8.7,9.3,7.3,7.86,10.0,8.9,10.0,8.0,9.22,9.2,7.7,8.0,7.6,6.0,7.86,9.3,9.8,10.0,10.0,8.7,9.64
427,Andrea Vázquez Martínez,Recursos Humanos,Nómina,2026-06-13,4.0,5.4,6.8,4.8,7.7,5.58,8.3,5.1,3.6,5.1,5.76,5.8,5.8,6.1,6.2,5.6,5.89,6.0,5.6,6.1,8.3,4.3,6.21
428,Ana Martínez Rodríguez,Ventas,Ventas Nacionales,2026-02-17,6.3,5.7,6.1,6.7,6.3,6.17,6.3,8.4,6.6,6.3,6.89,7.5,6.5,6.6,5.5,6.1,6.56,9.9,7.3,6.6,7.3,6.3,7.71
429,Gabriela Romero Romero,Tecnología,Soporte Técnico,2026-05-17,5.0,4.2,4.9,4.5,4.3,4.6,7.2,5.5,4.5,6.0,5.94,5.6,5.0,6.8,4.7,7.6,5.86,7.3,4.6,7.0,6.4,5.1,6.16
430,Ana López Sánchez,Finanzas,Auditoría Interna,2026-08-15,4.8,5.0,5.2,6.1,3.7,4.96,6.1,3.6,4.8,5.4,5.04,7.7,4.9,4.4,7.4,4.2,5.77,6.9,5.8,4.5,6.3,4.8,5.82
431,Diego Romero Martínez,Tecnología,Soporte Técnico,2026-02-08,5.8,7.3,9.6,8.5,7.7,7.63,6.8,6.0,7.2,7.6,6.88,10.0,8.7,9.1,8.4,8.1,8.97,7.8,5.8,6.2,6.3,6.5,6.55
432,Ricardo Vázquez García,Ventas,Ventas Nacionales,2026-05-22,4.4,4.3,4.1,3.8,3.5,4.09,1.6,4.1,2.4,3.8,2.93,5.3,4.8,4.7,4.4,3.6,4.66,6.2,5.2,5.7,6.3,4.1,5.66
433,Juan Cruz Hernández,Marketing,Investigación de Mercado,2026-08-11,9.1,6.6,7.6,6.2,7.5,7.5,9.9,10.0,10.0,10.0,9.97,8.2,9.0,6.7,10.0,10.0,8.64,7.4,6.3,10.0,8.5,10.0,8.12
434,Luis Reyes Cruz,Finanzas,Auditoría Interna,2025-10-26,7.2,7.2,6.2,7.5,5.9,6.85,6.0,5.7,5.8,4.3,5.46,3.8,7.2,4.9,6.2,6.9,5.7,5.6,4.3,6.0,3.2,4.6,4.77
435,Alejandro Jiménez Martínez,Finanzas,Tesorería,2026-01-28,6.0,8.4,8.0,9.5,7.5,7.75,8.5,7.4,8.4,6.0,7.58,7.5,8.4,10.0,9.9,8.2,8.69,8.5,8.5,7.6,8.0,8.1,8.18
436,Fernanda Vázquez Sánchez,Marketing,Investigación de Mercado,2026-06-27,7.7,5.7,6.1,8.0,5.9,6.66,5.7,5.9,6.0,6.4,5.98,5.8,4.9,6.8,6.7,7.9,6.22,3.9,6.8,3.5,6.1,5.0,5.1
437,Gabriela Ortiz López,Recursos Humanos,Capacitación,2026-08-24,6.6,4.9,7.3,7.7,6.2,6.42,5.3,4.9,4.2,4.1,4.68,6.9,7.9,6.6,7.1,7.1,7.15,5.8,5.9,5.7,5.6,5.9,5.78
438,Ana Ramírez Cruz,Operaciones,Logística,2025-10-02,7.6,5.9,6.9,6.6,7.4,6.86,7.7,5.9,5.8,7.2,6.74,7.0,7.6,5.8,7.5,6.9,6.97,7.2,7.1,8.7,7.9,8.6,7.76
439,Miguel Hernández González,Operaciones,Control de Calidad,2025-10-14,9.5,10.0,10.0,10.0,10.0,9.88,7.9,8.1,7.4,9.7,8.3,7.5,9.2,9.3,10.0,8.6,8.82,7.9,7.2,10.0,5.7,9.0,7.82
440,Sofía Reyes Rodríguez,Ventas,Ventas Internacionales,2025-12-01,5.1,5.6,6.0,4.0,4.3,5.12,3.3,3.3,3.0,4.2,3.46,7.3,6.8,8.1,6.1,6.7,7.06,3.4,4.3,5.4,6.6,3.0,4.62
441,Paola Ortiz López,Tecnología,Desarrollo,2026-02-16,5.6,8.0,6.7,7.9,8.1,7.14,6.5,6.3,8.0,6.7,6.8,5.7,7.5,7.7,5.7,6.1,6.61,7.6,7.2,5.3,6.2,7.7,6.77
442,Ximena Ortiz Romero,Marketing,Marketing Digital,2026-01-16,5.3,6.0,4.6,6.2,5.3,5.47,4.9,7.0,6.6,3.6,5.44,3.3,3.0,1.6,2.6,4.6,2.98,3.7,4.8,3.9,3.9,1.7,3.86
443,Jorge Ramírez Flores,Recursos Humanos,Capacitación,2026-03-28,2.6,2.0,1.3,1.2,2.0,1.89,2.1,2.5,3.5,3.0,2.7,3.4,3.8,5.3,3.1,3.1,3.79,0.8,1.5,2.1,0.6,1.3,1.25
444,Valeria Reyes Rodríguez,Recursos Humanos,Nómina,2025-10-18,3.5,4.6,5.7,6.6,6.7,5.16,6.6,7.3,6.6,8.2,7.18,5.8,3.1,5.1,2.9,5.4,4.49,4.2,3.2,5.8,4.1,7.5,4.58
445,Diego García Martínez,Ventas,Ventas Internacionales,2026-06-25,10.0,9.0,8.7,7.9,9.5,9.1,6.6,9.4,7.9,8.0,7.91,9.9,6.8,8.7,6.5,7.6,8.03,10.0,8.3,10.0,9.6,8.9,9.39
446,Daniela Reyes Torres,Finanzas,Tesorería,2026-07-15,6.2,6.7,5.8,7.0,4.9,6.17,5.4,6.7,6.9,6.7,6.35,7.6,7.4,6.8,8.2,8.4,7.6,6.4,6.7,7.8,6.4,7.5,6.87
447,Roberto Reyes Torres,Tecnología,Desarrollo,2026-07-18,5.8,4.4,7.6,4.9,7.3,5.9,6.9,9.1,7.5,6.0,7.34,5.9,5.9,6.1,4.8,7.5,6.02,8.9,6.7,6.6,8.0,7.8,7.6
448,Valeria Jiménez Pérez,Operaciones,Logística,2026-08-19,8.4,5.4,6.9,8.3,6.8,7.1,7.5,8.0,7.4,7.1,7.51,6.8,7.5,8.1,8.5,9.3,7.86,5.7,7.3,6.7,6.9,7.7,6.74
449,Carlos Reyes Vázquez,Tecnología,Desarrollo,2026-04-29,6.3,6.9,6.8,5.3,7.1,6.52,6.0,4.9,4.5,4.3,5.0,4.3,3.6,4.5,6.5,2.7,4.26,5.9,4.3,4.6,3.6,6.4,4.83
450,Valeria Ortiz Morales,Operaciones,Producción,2025-10-30,5.2,4.4,4.0,5.6,4.7,4.74,6.0,5.3,5.9,5.8,5.76,4.9,4.2,7.9,5.4,5.4,5.48,6.4,6.7,4.8,5.4,4.9,5.81
451,Ana Torres Reyes,Marketing,Comunicación de Marca,2026-07-10,3.4,4.2,3.2,4.1,5.3,3.95,5.0,4.9,4.8,5.5,5.06,4.9,4.8,1.2,4.1,3.7,3.84,5.6,2.0,6.0,5.9,5.6,4.84
452,Roberto Flores Pérez,Recursos Humanos,Reclutamiento,2026-08-25,4.2,4.3,3.3,5.1,3.2,4.03,4.0,1.5,3.9,4.3,3.43,5.2,3.4,3.1,4.4,4.5,4.11,3.5,4.3,4.1,4.6,3.2,4.01
453,Gabriela Sánchez Martínez,Finanzas,Contabilidad,2026-04-05,4.8,2.9,4.7,5.4,2.7,4.08,4.8,1.2,3.7,4.4,3.58,3.9,1.8,2.8,2.0,3.0,2.73,6.1,5.4,6.3,5.0,5.8,5.72
454,Raúl Vázquez Rodríguez,Recursos Humanos,Capacitación,2026-02-12,10.0,9.4,9.4,10.0,9.7,9.68,9.5,10.0,5.6,8.1,8.49,7.6,8.1,8.1,9.9,8.9,8.36,9.9,10.0,8.6,9.6,8.9,9.5
455,Fernanda Ramírez Hernández,Recursos Humanos,Reclutamiento,2026-05-23,8.4,5.7,6.5,5.2,4.6,6.3,5.0,5.6,5.4,6.8,5.68,5.3,5.6,7.7,4.7,8.7,6.28,5.0,5.7,5.7,7.1,8.1,6.04
456,Francisco Castillo Rodríguez,Ventas,Ventas Nacionales,2026-02-03,7.1,10.0,9.2,8.5,7.7,8.54,7.3,9.5,9.3,9.9,8.9,10.0,9.3,8.8,8.0,7.5,8.91,10.0,7.3,6.8,8.4,6.7,8.04
457,Ricardo Gómez Pérez,Recursos Humanos,Nómina,2026-04-29,4.8,5.5,6.1,4.9,5.2,5.31,6.1,6.0,3.7,6.1,5.6,5.7,2.2,5.4,4.2,3.9,4.27,4.5,6.7,6.1,4.4,5.7,5.47
458,Carlos Cruz Castillo,Ventas,Atención a Clientes,2026-03-24,3.5,2.7,2.4,1.6,1.4,2.48,1.5,1.1,2.6,0.1,1.27,1.4,2.4,2.1,2.4,0.1,1.74,0.7,1.6,1.1,2.5,2.6,1.56
459,Juan Flores González,Finanzas,Tesorería,2026-01-15,3.5,3.4,3.8,3.6,3.0,3.48,5.7,1.7,4.0,2.1,3.46,3.6,4.6,4.2,2.8,3.1,3.77,3.8,2.2,4.0,3.6,4.0,3.42
460,Andrea Romero Pérez,Ventas,Atención a Clientes,2026-03-13,6.7,8.6,9.5,6.3,7.7,7.83,6.5,9.0,8.0,7.9,7.78,8.6,10.0,8.8,9.8,9.1,9.24,8.4,9.8,9.2,10.0,8.9,9.28
461,Andrea Pérez Martínez,Operaciones,Producción,2026-03-08,5.8,7.7,6.4,7.9,6.5,6.82,8.0,8.4,9.3,9.2,8.66,6.7,7.9,6.6,6.6,6.2,6.89,7.0,8.5,7.6,4.2,6.9,6.92
462,Sofía Flores Vázquez,Ventas,Ventas Internacionales,2025-11-07,5.5,5.9,5.9,7.0,7.8,6.25,4.8,4.9,5.9,7.2,5.64,5.2,5.5,5.2,6.2,5.8,5.52,5.1,6.3,6.4,5.2,8.1,5.98
463,Camila Cruz Sánchez,Ventas,Ventas Nacionales,2025-09-15,7.9,8.9,8.4,8.0,6.2,8.01,6.6,6.2,8.2,9.0,7.42,9.3,9.0,8.0,8.1,8.7,8.7,7.8,7.9,7.3,8.1,9.1,7.92
464,Karla Ortiz Martínez,Ventas,Atención a Clientes,2026-02-14,7.6,7.0,7.7,6.2,7.5,7.24,4.9,5.1,5.9,3.9,4.9,7.8,7.5,8.4,8.0,6.2,7.64,6.7,5.6,7.1,6.4,7.6,6.54
465,Pedro Vázquez González,Recursos Humanos,Reclutamiento,2026-01-16,7.7,6.5,4.1,3.6,5.9,5.8,4.9,7.4,4.3,5.5,5.56,4.1,5.6,6.1,6.6,6.8,5.65,5.4,4.8,4.7,7.1,6.3,5.54
466,Raúl Flores Ortiz,Marketing,Comunicación de Marca,2025-11-16,7.3,5.9,4.7,5.8,6.2,6.04,6.3,7.3,5.9,9.8,7.34,4.1,5.7,5.9,4.1,4.2,4.88,5.4,6.6,6.4,5.2,3.3,5.65
467,Ana Sánchez Gómez,Tecnología,Soporte Técnico,2026-09-02,8.4,9.1,10.0,9.9,8.0,9.06,7.9,7.1,8.8,7.8,7.86,7.6,9.5,9.3,10.0,7.3,8.73,8.2,7.8,9.7,10.0,9.4,8.88
468,Ximena González Cruz,Tecnología,Desarrollo,2025-11-04,9.7,8.1,9.3,6.9,7.8,8.52,7.4,6.2,6.7,7.5,6.98,9.9,10.0,10.0,10.0,10.0,9.98,8.9,8.6,10.0,10.0,8.1,9.18
469,Juan Rodríguez González,Operaciones,Producción,2026-02-03,3.8,5.5,2.7,4.7,3.6,4.11,3.8,3.9,1.6,0.2,2.48,4.5,3.2,4.6,3.8,2.8,3.83,4.7,4.8,4.1,4.0,4.9,4.49
470,José Ramírez Torres,Marketing,Marketing Digital,2025-09-27,5.3,4.0,3.6,3.4,6.0,4.46,3.1,5.9,3.4,1.8,3.54,6.0,4.6,3.5,3.7,4.5,4.58,3.0,5.6,4.3,2.7,4.2,3.97
471,Ricardo Sánchez Cruz,Finanzas,Tesorería,2026-04-13,9.9,6.5,7.0,8.7,7.6,7.94,7.6,9.4,8.0,9.2,8.53,9.1,8.4,7.2,9.5,8.2,8.47,7.6,6.3,7.4,4.4,4.1,6.24
472,Ricardo González Castillo,Recursos Humanos,Nómina,2026-04-08,7.7,6.0,5.0,5.4,8.0,6.44,5.2,6.2,6.3,4.7,5.54,5.2,4.8,1.8,4.1,5.8,4.34,5.0,5.3,5.6,5.5,5.9,5.38
473,José Ramírez Martínez,Finanzas,Contabilidad,2025-10-14,2.4,1.1,2.7,2.8,4.8,2.55,2.9,2.4,2.1,2.2,2.44,5.2,4.2,4.4,5.6,3.0,4.52,3.4,3.3,4.4,4.4,3.3,3.76
474,Ximena Martínez González,Recursos Humanos,Nómina,2026-07-11,7.8,7.4,7.9,6.8,7.7,7.56,6.8,8.6,6.6,7.4,7.36,5.2,8.1,5.4,4.8,4.0,5.72,7.6,6.5,4.9,8.4,5.1,6.7
475,Andrea López Sánchez,Operaciones,Control de Calidad,2025-10-27,3.8,4.1,3.0,4.5,4.3,3.9,2.0,2.4,1.7,3.2,2.34,3.6,2.5,2.3,2.7,2.3,2.73,2.5,2.2,0.3,2.5,0.0,1.74
476,Laura López Ortiz,Recursos Humanos,Nómina,2026-02-27,5.5,5.7,5.2,6.7,6.4,5.8,7.5,4.8,5.6,5.4,5.92,5.9,5.3,5.0,4.4,4.5,5.14,7.7,7.0,7.7,8.8,6.7,7.64
477,Carlos Flores Ramírez,Finanzas,Contabilidad,2026-01-28,3.9,2.6,3.3,5.8,4.8,3.88,2.9,2.8,3.6,2.7,2.96,3.9,3.1,1.7,5.3,3.3,3.38,2.8,3.1,3.2,4.7,5.2,3.58
478,Jorge Gómez Ramírez,Ventas,Ventas Internacionales,2026-08-21,7.2,6.7,6.4,5.5,8.6,6.87,5.1,5.5,4.6,3.3,4.65,6.3,6.4,6.4,6.4,7.6,6.56,6.9,6.0,6.6,6.9,6.1,6.54
479,Pedro Cruz García,Recursos Humanos,Nómina,2025-12-14,5.3,5.9,7.0,4.9,4.5,5.61,4.3,5.7,7.8,5.4,5.62,6.3,5.1,4.7,5.9,6.3,5.62,6.6,5.8,5.2,6.3,8.3,6.23
480,Daniela Pérez Castillo,Finanzas,Auditoría Interna,2026-01-03,4.0,5.1,4.0,6.9,5.3,4.9,7.2,6.4,4.9,4.8,5.94,6.7,6.2,8.7,8.8,8.4,7.54,7.9,6.9,7.9,7.9,7.9,7.65
481,Jorge Torres Jiménez,Recursos Humanos,Capacitación,2026-01-21,3.6,7.0,5.6,5.8,7.0,5.69,5.7,7.2,6.2,5.1,6.02,4.2,5.2,8.1,6.9,7.0,6.06,7.4,7.4,7.4,7.6,6.9,7.39
482,Miguel González Ramírez,Ventas,Ventas Nacionales,2026-05-16,9.0,7.6,6.4,7.3,8.3,7.77,9.8,8.2,9.3,7.5,8.73,7.1,6.7,8.0,8.1,8.8,7.59,9.0,7.6,7.6,8.8,9.4,8.37
483,Camila Morales Castillo,Tecnología,Infraestructura,2026-05-21,6.1,5.6,5.3,6.3,6.6,5.92,6.1,5.3,6.3,7.8,6.36,5.6,5.2,6.5,5.5,5.2,5.6,5.3,7.7,5.6,6.8,6.0,6.33
484,Sergio López Flores,Ventas,Ventas Internacionales,2026-06-12,5.6,7.2,4.6,5.2,4.9,5.64,4.7,5.2,6.6,5.4,5.38,7.0,6.7,6.9,7.1,6.3,6.82,5.9,6.5,5.3,5.9,5.9,5.93
485,Karla Hernández López,Finanzas,Contabilidad,2025-12-02,9.2,7.4,6.8,5.9,7.1,7.46,5.8,8.6,8.2,7.2,7.33,8.7,9.4,7.3,5.8,7.9,8.04,8.8,6.8,7.7,9.1,8.8,8.14
486,Laura Gómez Pérez,Ventas,Ventas Nacionales,2025-09-27,8.6,8.1,8.1,6.6,6.7,7.79,8.2,10.0,7.5,9.3,8.78,6.4,9.5,8.6,6.9,9.5,8.16,7.1,9.4,9.5,9.3,9.2,8.8
487,Luis Flores López,Tecnología,Desarrollo,2026-07-25,5.7,6.4,5.8,6.4,7.0,6.2,7.8,5.7,6.3,5.6,6.42,4.3,5.1,6.9,4.7,6.2,5.36,5.5,6.0,6.7,7.2,5.9,6.24
488,Camila Castillo Ramírez,Tecnología,Soporte Técnico,2025-10-22,3.9,2.0,4.3,1.1,1.3,2.7,2.1,4.5,3.7,2.2,3.04,1.6,2.4,3.3,2.6,4.5,2.72,1.0,2.5,4.7,3.6,4.1,2.94
489,Karla Martínez Cruz,Marketing,Marketing Digital,2025-10-08,5.8,5.5,4.8,6.3,6.4,5.69,5.3,4.4,6.9,4.9,5.3,5.7,1.6,4.7,3.6,5.4,4.12,6.8,6.6,6.4,7.8,6.7,6.86
490,Valeria Jiménez Ortiz,Marketing,Investigación de Mercado,2025-09-24,5.9,6.7,8.2,6.6,3.3,6.28,7.2,5.7,8.2,8.6,7.38,6.5,8.1,7.5,6.0,10.0,7.55,5.3,5.8,7.8,6.2,6.9,6.26
491,Ximena Hernández Romero,Marketing,Investigación de Mercado,2026-02-03,5.9,7.6,6.9,6.9,6.8,6.81,9.1,6.4,8.3,8.0,7.99,10.0,8.1,6.9,9.4,6.3,8.26,7.1,6.3,7.3,6.0,6.1,6.62
492,Alejandro Vázquez González,Recursos Humanos,Reclutamiento,2026-01-22,3.2,3.9,2.6,2.2,4.1,3.24,1.6,3.7,6.5,4.4,3.8,3.5,4.7,3.3,3.2,3.6,3.73,3.9,3.6,3.8,4.5,6.4,4.18
493,Ricardo Torres Morales,Recursos Humanos,Reclutamiento,2025-11-05,6.0,2.8,3.9,4.0,3.5,4.11,4.3,4.1,3.8,3.1,3.85,5.6,3.9,5.7,2.6,4.4,4.57,3.7,4.1,2.9,5.1,5.0,4.05
494,Miguel Ramírez Torres,Operaciones,Control de Calidad,2026-07-18,5.2,7.3,4.7,3.6,4.5,5.28,4.7,3.4,3.3,2.4,3.52,5.3,5.9,5.2,4.9,7.0,5.62,6.1,7.4,5.0,5.9,4.5,6.0
495,Carlos Gómez Vázquez,Marketing,Investigación de Mercado,2026-08-04,7.8,6.2,7.7,5.6,6.6,6.87,7.4,4.6,3.6,6.1,5.62,4.7,6.3,3.8,5.4,4.6,5.01,5.3,6.3,7.1,8.4,5.4,6.54
496,Karla Hernández Jiménez,Marketing,Marketing Digital,2025-12-07,10.0,10.0,9.8,8.8,10.0,9.78,8.8,8.8,10.0,7.7,8.76,9.2,10.0,10.0,9.6,10.0,9.74,8.9,7.5,9.0,8.2,10.0,8.54
497,Sergio Cruz García,Marketing,Comunicación de Marca,2025-10-25,6.5,4.9,5.3,8.2,9.1,6.5,5.0,6.7,4.8,5.7,5.56,5.6,4.5,3.9,6.4,4.4,4.92,4.3,4.6,4.1,5.7,5.6,4.74
498,Valeria Ramírez Ortiz,Tecnología,Desarrollo,2025-09-11,6.7,5.6,6.1,7.0,6.5,6.32,5.8,5.8,6.6,3.5,5.38,5.5,6.7,4.6,6.7,9.1,6.34,6.5,7.0,5.9,6.3,5.8,6.4
499,Gabriela Hernández Ramírez,Marketing,Marketing Digital,2026-08-28,5.3,6.2,6.1,5.3,4.3,5.53,5.8,6.1,5.1,5.0,5.54,5.3,6.5,6.7,6.1,6.0,6.1,5.9,6.3,6.9,5.7,6.6,6.23
500,Daniela González Gómez,Finanzas,Contabilidad,2026-04-13,9.1,6.8,8.4,8.4,5.2,7.69,6.0,8.6,6.9,6.6,6.98,7.6,6.4,8.0,7.9,6.8,7.3,6.2,5.2,7.8,8.0,7.7,6.78
501,Daniela Rodríguez Reyes,Finanzas,Tesorería,2026-02-21,5.9,6.0,7.5,6.4,6.1,6.35,7.3,7.4,4.9,6.8,6.72,4.3,4.1,5.0,4.1,4.0,4.31,7.7,5.8,7.9,5.8,9.2,7.04
502,Juan Sánchez Reyes,Operaciones,Logística,2026-06-27,7.3,9.0,8.9,8.0,5.4,7.86,5.0,5.5,8.7,9.4,6.96,4.6,5.7,6.2,4.6,4.3,5.15,6.5,6.6,7.4,10.0,6.6,7.42
503,Andrea Vázquez Hernández,Ventas,Ventas Internacionales,2026-07-14,2.8,5.1,6.0,6.6,5.5,4.99,6.1,7.0,6.4,7.4,6.71,6.1,6.7,6.8,7.5,6.0,6.59,4.7,7.3,3.7,4.5,5.6,5.2
504,Raúl Cruz Hernández,Operaciones,Logística,2026-08-22,4.5,6.0,4.0,7.9,3.1,5.07,5.6,6.1,4.9,5.1,5.46,6.2,5.1,5.6,5.2,3.2,5.2,8.0,5.0,5.6,4.6,4.8,5.77
505,Karla Gómez Torres,Ventas,Atención a Clientes,2026-08-07,8.3,7.1,9.6,7.2,9.2,8.23,8.3,6.2,8.0,7.1,7.42,7.7,8.7,8.6,10.0,9.2,8.7,8.7,8.5,10.0,9.6,7.4,8.96
506,Valeria Sánchez Jiménez,Recursos Humanos,Capacitación,2026-02-15,5.2,5.7,4.8,6.3,4.7,5.34,5.4,5.1,6.5,4.6,5.35,5.2,5.8,6.5,5.7,4.5,5.58,5.7,7.3,7.1,6.0,5.6,6.43
507,José Morales Flores,Marketing,Marketing Digital,2026-01-17,4.4,4.9,4.2,5.8,5.4,4.85,4.1,6.8,4.2,4.3,4.84,8.4,7.0,9.0,6.0,6.2,7.48,4.8,5.9,5.1,5.7,6.9,5.52
508,Diego Torres Hernández,Marketing,Comunicación de Marca,2026-09-07,5.1,4.8,2.8,4.0,4.6,4.32,4.9,1.7,2.2,3.1,3.11,2.6,3.4,3.7,4.2,3.4,3.38,1.5,2.7,1.7,5.5,2.8,2.77
509,Fernanda Vázquez Reyes,Tecnología,Soporte Técnico,2026-04-01,6.3,3.9,3.5,4.0,7.0,4.9,5.1,4.5,6.0,6.2,5.4,4.3,6.5,4.4,5.8,6.6,5.44,5.4,7.0,6.8,7.4,6.6,6.6
510,Daniela Hernández Jiménez,Ventas,Atención a Clientes,2026-02-15,7.9,7.2,10.0,9.6,7.4,8.32,10.0,10.0,9.5,10.0,9.9,8.3,10.0,9.2,7.9,8.2,8.83,8.2,9.8,8.8,8.4,8.1,8.75
511,Raúl López Morales,Ventas,Ventas Internacionales,2026-07-10,9.4,8.7,7.7,7.0,8.5,8.39,10.0,8.2,9.5,9.0,9.2,9.1,9.4,8.4,10.0,8.8,9.12,9.3,8.6,6.1,7.7,9.5,8.18
512,Sergio Reyes Sánchez,Ventas,Ventas Internacionales,2025-10-06,6.8,3.6,7.8,7.4,7.0,6.32,6.1,6.8,5.8,6.1,6.22,4.3,6.2,4.0,5.9,7.2,5.39,5.1,5.8,5.5,5.8,4.2,5.4
513,Sergio Castillo Torres,Ventas,Atención a Clientes,2026-05-19,5.9,7.8,6.5,4.6,5.9,6.3,7.1,6.5,7.9,8.1,7.36,6.4,6.3,5.4,5.8,7.2,6.2,8.2,8.4,6.4,8.8,6.8,7.87
514,Camila Gómez Vázquez,Marketing,Investigación de Mercado,2026-08-23,4.3,2.7,6.0,7.0,4.5,4.68,4.7,5.0,4.2,6.2,5.05,5.4,6.5,3.9,6.0,4.1,5.27,4.9,5.6,5.8,4.5,7.7,5.46
515,Ricardo Ramírez González,Marketing,Comunicación de Marca,2026-06-15,6.6,5.6,7.4,7.2,7.0,6.66,6.1,8.2,8.4,8.3,7.64,6.5,6.1,8.4,6.6,7.8,6.99,6.5,5.8,6.7,6.3,6.0,6.28
516,María Hernández Flores,Marketing,Marketing Digital,2026-04-04,7.4,8.8,9.5,9.5,9.7,8.83,9.5,6.7,8.9,9.0,8.56,8.8,6.9,6.6,7.3,9.2,7.72,9.6,9.6,10.0,10.0,10.0,9.8
517,Karla Ortiz Reyes,Marketing,Investigación de Mercado,2026-03-17,4.5,4.6,6.3,6.4,3.9,5.08,6.6,7.3,5.0,6.2,6.36,6.3,6.3,8.6,5.7,6.7,6.73,5.9,5.5,1.3,5.4,4.9,4.68
518,Andrea González Castillo,Recursos Humanos,Capacitación,2025-10-31,4.5,3.4,4.3,6.7,6.1,4.76,5.6,7.2,4.9,4.6,5.61,2.3,4.5,5.4,3.9,5.4,4.18,5.7,6.1,3.6,4.0,5.9,5.06
519,María Gómez Vázquez,Tecnología,Infraestructura,2026-04-14,5.0,4.1,3.6,5.2,3.4,4.28,3.3,3.6,3.7,2.6,3.28,2.4,5.9,4.3,1.4,4.3,3.79,6.9,4.9,3.4,6.2,5.3,5.4
520,Ana Morales Sánchez,Ventas,Ventas Nacionales,2026-04-07,7.1,5.9,6.5,8.0,8.1,6.96,5.3,4.1,6.8,6.9,5.7,7.7,5.8,4.8,7.5,6.1,6.38,6.6,4.7,5.9,5.7,7.6,5.91
521,Diego Vázquez García,Recursos Humanos,Reclutamiento,2026-02-14,3.0,3.6,4.1,5.9,2.9,3.79,4.3,3.0,4.7,3.6,3.88,7.4,4.5,1.5,5.6,4.9,4.85,6.9,3.5,6.3,4.7,5.2,5.32
522,Gabriela Flores Castillo,Marketing,Comunicación de Marca,2026-07-17,6.2,6.4,7.7,9.2,6.4,7.03,7.3,7.9,8.9,5.7,7.37,5.7,4.6,8.1,7.9,5.9,6.26,9.7,7.0,9.1,10.0,7.9,8.78
523,Francisco Pérez Rodríguez,Tecnología,Infraestructura,2025-11-21,7.1,5.5,6.2,8.3,6.8,6.66,5.9,7.7,7.1,6.1,6.64,7.0,8.1,7.0,7.8,5.6,7.18,7.4,6.4,7.9,7.7,4.3,7.0
524,Camila Flores Rodríguez,Finanzas,Auditoría Interna,2026-06-03,4.9,4.2,4.4,2.3,4.7,4.2,4.3,4.2,4.3,5.8,4.65,6.5,5.6,2.1,5.8,3.1,4.78,5.4,6.1,5.4,7.1,4.9,5.86
525,María López Flores,Operaciones,Control de Calidad,2026-08-21,5.4,4.6,5.0,6.5,5.3,5.27,5.6,4.2,4.2,3.8,4.52,5.5,5.7,4.7,3.5,6.1,5.18,5.8,4.4,6.4,6.0,4.9,5.52
526,José Vázquez Flores,Operaciones,Producción,2026-04-29,6.5,6.8,8.1,8.2,8.7,7.48,10.0,10.0,9.8,8.8,9.66,6.8,5.5,6.0,7.9,8.0,6.66,9.5,9.2,9.1,8.5,5.4,8.74
527,Ximena Rodríguez Jiménez,Recursos Humanos,Capacitación,2025-10-22,3.6,2.2,2.8,3.8,5.7,3.44,3.1,2.5,3.1,3.5,3.05,2.1,2.8,0.4,1.3,1.0,1.65,3.2,1.7,1.7,0.1,2.1,1.8
528,Karla Ortiz García,Operaciones,Logística,2026-02-21,5.4,6.1,6.2,6.1,6.5,6.0,10.0,7.6,8.3,7.1,8.34,7.8,4.1,8.1,6.3,7.5,6.66,8.4,8.2,8.4,9.7,8.1,8.58
529,Juan González Flores,Recursos Humanos,Reclutamiento,2026-07-31,4.7,5.6,5.5,4.2,5.4,5.12,6.0,5.9,7.6,7.1,6.57,4.0,4.7,4.2,4.6,5.7,4.56,4.0,6.4,3.9,3.8,4.8,4.62
530,Valeria Gómez Castillo,Recursos Humanos,Capacitación,2026-01-10,8.1,8.3,7.7,7.0,7.1,7.75,4.9,7.9,6.1,5.2,5.96,7.6,7.3,4.5,8.2,7.0,6.9,7.7,9.7,8.6,6.9,7.8,8.23
531,José Flores Gómez,Ventas,Atención a Clientes,2025-12-03,1.4,0.0,4.4,0.0,1.3,1.42,3.3,4.8,1.5,4.1,3.52,3.3,3.5,4.6,3.8,2.2,3.52,0.9,2.1,4.1,3.1,4.6,2.65
532,Carlos Romero Morales,Marketing,Marketing Digital,2026-06-13,8.4,5.4,6.5,7.5,8.3,7.12,6.9,4.4,4.5,8.1,6.1,6.0,4.8,6.6,6.0,5.3,5.72,6.6,5.8,7.8,7.1,7.4,6.82
533,Luis Sánchez Vázquez,Ventas,Ventas Internacionales,2026-05-14,5.6,5.6,4.5,6.9,6.0,5.64,7.9,8.1,3.7,6.3,6.71,4.1,8.4,4.5,7.7,5.8,6.05,6.2,4.8,6.4,6.3,6.6,5.95
534,María Pérez Reyes,Marketing,Investigación de Mercado,2026-06-29,9.7,8.7,7.5,8.6,6.4,8.35,7.6,6.3,7.2,7.2,7.1,8.1,9.6,8.8,8.8,9.6,8.94,5.1,7.1,7.9,6.8,6.8,6.67
535,Laura Romero López,Finanzas,Tesorería,2026-03-09,5.5,6.1,5.4,5.7,6.2,5.76,7.4,4.5,5.5,4.0,5.44,3.4,1.1,2.9,4.6,3.4,2.9,3.1,4.6,4.0,5.0,6.6,4.38
536,Fernanda Rodríguez González,Finanzas,Tesorería,2025-11-11,4.3,6.8,4.9,7.6,4.5,5.57,2.6,4.4,4.0,5.5,4.06,5.1,4.7,4.4,4.7,2.6,4.42,5.4,6.7,6.6,5.2,4.8,5.86
537,Sergio Gómez Cruz,Marketing,Marketing Digital,2026-08-05,2.7,3.2,3.2,6.4,5.0,3.82,5.1,4.4,2.8,3.4,4.04,1.3,1.0,1.5,2.2,3.8,1.78,3.2,2.6,3.7,0.0,2.5,2.44
538,María Ramírez Ortiz,Operaciones,Logística,2026-04-05,8.7,8.9,9.9,9.2,10.0,9.26,10.0,9.6,9.8,10.0,9.86,8.8,10.0,9.5,8.1,8.5,9.09,7.2,10.0,9.6,9.8,9.1,9.09
539,Paola Gómez Reyes,Operaciones,Producción,2026-06-15,6.6,5.3,5.5,6.4,6.2,5.96,5.4,8.4,6.9,8.6,7.25,4.8,6.8,6.1,5.2,8.1,6.12,4.5,4.7,4.9,7.6,6.0,5.4
540,Francisco Martínez Gómez,Ventas,Ventas Internacionales,2026-08-15,6.6,6.5,4.3,6.5,4.4,5.77,8.2,10.0,9.0,7.8,8.71,5.5,4.7,5.5,5.4,4.2,5.09,5.6,9.4,7.8,8.3,8.1,7.78
541,José González López,Recursos Humanos,Capacitación,2026-03-21,6.0,5.2,7.1,6.6,6.2,6.14,6.9,3.4,5.9,4.0,5.1,7.2,6.9,6.5,8.8,7.2,7.22,7.8,7.4,9.7,7.6,7.0,7.96
542,María García Jiménez,Marketing,Marketing Digital,2026-04-13,1.8,2.5,2.4,3.2,3.0,2.49,1.4,3.6,3.9,3.9,3.08,4.5,4.4,3.6,3.1,4.8,4.13,4.2,6.0,6.8,7.0,6.9,6.0
543,Sofía Flores Gómez,Ventas,Ventas Nacionales,2026-08-31,5.1,3.8,6.2,6.4,7.5,5.55,7.6,6.1,6.9,7.9,7.16,6.2,5.5,4.8,6.3,5.7,5.68,5.8,7.5,7.5,7.5,9.2,7.24
544,Ximena Cruz García,Finanzas,Contabilidad,2025-10-20,8.4,5.7,9.8,8.6,9.2,8.16,9.7,10.0,9.9,10.0,9.89,8.3,8.3,7.7,6.0,7.1,7.65,8.3,8.9,6.8,6.6,9.6,7.94
545,Sofía Pérez Cruz,Recursos Humanos,Nómina,2025-11-21,10.0,8.5,8.6,10.0,8.5,9.12,8.5,10.0,10.0,10.0,9.55,7.8,9.2,8.0,7.5,6.4,7.94,9.4,10.0,9.9,9.9,10.0,9.81
546,Daniela Pérez Ramírez,Operaciones,Logística,2026-03-05,8.9,5.5,9.6,6.6,6.9,7.54,7.8,7.1,7.3,8.8,7.78,7.3,8.0,7.2,8.2,8.1,7.71,7.2,8.4,7.0,9.9,7.9,8.07
547,Miguel Vázquez Gómez,Tecnología,Desarrollo,2026-03-14,2.2,3.7,2.1,2.9,2.3,2.68,2.0,2.3,3.1,3.8,2.74,3.0,4.6,4.5,2.4,3.1,3.62,2.5,3.8,4.7,4.3,5.6,3.94
548,Pedro García Jiménez,Finanzas,Tesorería,2026-02-19,5.5,3.0,3.7,4.9,3.9,4.19,4.4,6.7,4.0,7.0,5.54,5.0,5.7,5.1,6.8,6.2,5.64,5.6,6.4,4.7,3.0,6.7,5.21
549,Camila López Jiménez,Tecnología,Soporte Técnico,2025-11-01,4.6,3.6,3.1,6.3,4.9,4.35,2.4,1.3,0.3,2.4,1.7,6.5,2.8,5.6,4.9,5.8,5.05,3.0,1.4,3.3,1.7,5.2,2.62
550,Francisco Jiménez Sánchez,Ventas,Atención a Clientes,2026-01-16,9.0,9.9,10.0,9.4,9.2,9.52,7.9,9.7,6.4,8.7,8.25,9.2,8.3,9.8,10.0,10.0,9.34,9.1,9.6,9.3,10.0,9.5,9.48
551,Valeria Gómez Sánchez,Finanzas,Contabilidad,2026-04-25,6.0,4.0,6.1,5.9,4.9,5.34,4.4,6.4,4.7,5.8,5.31,7.9,5.9,6.1,7.0,7.6,6.86,6.2,7.1,7.0,5.8,7.0,6.59
552,Karla Martínez Romero,Finanzas,Tesorería,2026-07-31,9.1,7.6,5.2,6.6,9.4,7.62,6.8,7.1,8.1,6.9,7.16,6.0,6.0,8.7,5.8,6.8,6.63,9.1,6.3,6.7,6.4,7.2,7.19
553,Carlos Martínez Pérez,Tecnología,Soporte Técnico,2026-04-01,3.7,5.2,7.2,7.5,5.6,5.63,6.2,4.9,5.4,4.5,5.29,6.8,5.6,6.9,7.6,4.6,6.31,4.0,6.0,4.6,5.1,7.4,5.18
554,Gabriela Reyes Hernández,Ventas,Ventas Internacionales,2026-08-06,7.7,6.5,7.5,7.8,7.1,7.28,9.2,8.6,7.5,8.4,8.51,6.0,9.4,8.6,7.8,7.9,7.93,3.9,4.0,5.1,4.8,6.5,4.61
555,José Reyes Martínez,Ventas,Ventas Internacionales,2025-11-27,8.4,9.0,8.4,10.0,8.9,8.86,9.2,8.6,10.0,10.0,9.41,8.9,8.0,7.3,10.0,8.1,8.4,8.3,6.4,7.1,8.6,8.4,7.66
556,Diego Sánchez López,Ventas,Ventas Internacionales,2026-06-02,4.8,5.8,4.6,4.3,5.0,4.96,6.3,6.3,6.5,8.4,6.86,6.5,5.4,5.2,6.5,7.5,6.12,8.6,6.9,7.9,6.4,8.4,7.58
557,Laura Vázquez González,Marketing,Comunicación de Marca,2026-05-10,8.0,8.3,6.8,8.8,6.9,7.79,7.5,9.0,9.0,7.0,8.05,9.3,8.4,10.0,9.0,7.4,8.88,7.5,6.6,6.7,6.5,8.3,7.0
558,Fernanda Castillo Hernández,Ventas,Ventas Internacionales,2026-02-08,4.1,5.3,2.6,5.4,3.4,4.19,6.6,5.9,4.9,7.3,6.26,6.0,6.1,4.8,4.0,7.1,5.65,5.8,4.6,5.2,5.6,4.7,5.23
559,Camila Romero Rodríguez,Marketing,Comunicación de Marca,2025-09-12,6.6,2.9,6.1,2.9,5.2,4.81,4.8,3.7,4.0,4.6,4.31,7.5,7.9,7.8,7.5,6.0,7.44,7.5,9.1,7.0,7.9,7.0,7.83
560,María Flores González,Ventas,Atención a Clientes,2026-06-25,5.6,5.3,4.8,4.7,5.0,5.14,5.6,4.4,4.3,7.6,5.54,8.1,9.0,4.9,6.6,6.1,7.16,5.7,6.2,4.9,4.7,3.9,5.28
561,Ana Rodríguez López,Finanzas,Contabilidad,2025-10-07,6.7,8.0,5.6,6.1,6.6,6.7,7.2,4.1,4.7,4.2,5.18,1.4,5.2,4.2,1.9,5.7,3.63,6.9,5.4,6.6,7.9,6.2,6.6
562,José Jiménez González,Marketing,Investigación de Mercado,2026-09-04,9.1,7.5,7.3,8.4,9.5,8.3,7.9,5.6,8.7,7.8,7.46,7.8,5.9,8.0,8.2,5.7,7.11,6.7,8.4,4.1,7.5,8.3,6.93
563,Mariana Flores Cruz,Operaciones,Producción,2025-10-30,2.5,1.0,3.3,3.1,1.0,2.15,2.8,2.8,1.7,3.3,2.7,1.8,3.9,3.2,1.0,2.4,2.58,3.2,5.1,4.0,1.6,2.7,3.47
564,Sofía Castillo Pérez,Recursos Humanos,Capacitación,2025-12-13,6.7,6.7,8.2,7.1,6.9,7.09,9.5,7.5,7.0,9.1,8.4,10.0,7.5,7.2,9.4,8.6,8.52,10.0,7.5,8.2,9.4,7.2,8.62
565,Gabriela González Martínez,Operaciones,Control de Calidad,2026-02-12,5.0,4.0,8.2,4.4,5.0,5.3,7.9,5.8,4.9,7.2,6.6,5.9,5.5,5.4,6.5,5.0,5.66,6.3,5.8,6.6,5.4,5.7,6.0
566,María Pérez Morales,Marketing,Comunicación de Marca,2025-12-29,6.5,4.0,4.3,5.0,4.4,4.89,5.7,2.8,6.9,3.7,4.72,2.3,2.7,3.9,3.7,4.3,3.23,2.9,4.6,3.8,5.4,5.0,4.22
567,Camila Ramírez Martínez,Ventas,Atención a Clientes,2025-12-11,3.2,2.5,3.8,2.3,2.1,2.84,2.7,3.1,2.9,3.0,2.92,2.3,3.6,4.5,3.8,4.5,3.62,4.0,4.9,5.0,4.3,3.4,4.42
568,Miguel Ortiz Ortiz,Tecnología,Infraestructura,2025-11-17,2.5,4.0,4.7,4.4,4.4,3.88,4.6,6.1,2.4,2.0,3.88,5.6,5.2,4.9,4.3,3.7,4.88,4.2,5.2,3.2,4.5,4.9,4.38
569,Andrea Hernández Castillo,Marketing,Marketing Digital,2026-06-19,6.6,6.9,3.5,5.1,6.2,5.77,6.8,8.4,6.4,7.0,7.17,5.7,5.7,7.3,6.3,7.2,6.34,6.0,6.3,8.2,6.6,8.1,6.85
570,Laura Torres Jiménez,Finanzas,Contabilidad,2026-01-22,7.0,6.7,7.1,5.9,5.4,6.54,6.2,6.8,8.1,7.0,6.93,6.5,5.4,5.1,5.9,4.2,5.51,3.6,5.0,5.2,6.5,4.7,4.96
571,Carlos Rodríguez Romero,Marketing,Marketing Digital,2026-01-02,9.8,10.0,8.1,8.1,8.3,9.03,8.3,8.2,8.0,6.2,7.69,5.9,7.8,8.2,7.2,8.4,7.4,7.4,6.4,7.5,7.6,5.4,7.01
572,Karla Reyes Morales,Tecnología,Desarrollo,2026-03-01,7.5,5.7,5.4,7.2,7.6,6.6,6.2,6.5,9.0,7.3,7.11,8.6,9.3,9.7,9.4,10.0,9.32,8.5,6.3,6.7,7.3,5.1,7.01
573,Pedro Flores Reyes,Finanzas,Tesorería,2026-04-07,3.6,3.7,2.3,4.0,2.7,3.29,3.1,2.3,4.4,1.2,2.68,2.1,3.3,3.6,2.2,2.0,2.7,3.9,6.1,2.1,3.3,4.8,4.06
574,Andrea López Rodríguez,Tecnología,Infraestructura,2025-09-29,2.8,4.7,3.9,4.4,4.2,3.94,1.6,0.7,0.7,1.1,1.07,1.7,2.8,1.6,6.1,3.1,2.82,0.0,2.4,2.2,2.6,3.1,1.87
575,Ximena Vázquez López,Finanzas,Auditoría Interna,2026-09-01,5.3,6.8,4.9,5.4,5.2,5.6,3.3,4.6,3.4,4.6,3.97,5.8,6.6,6.1,5.6,6.9,6.19,5.3,3.7,6.1,4.9,3.9,4.84
576,Ricardo Reyes Hernández,Operaciones,Producción,2026-01-09,6.3,6.2,8.3,4.5,6.4,6.42,6.8,8.6,7.1,8.4,7.71,9.3,7.1,5.7,6.9,6.0,7.18,8.4,8.6,9.1,10.0,7.0,8.77
577,Roberto Reyes Martínez,Finanzas,Auditoría Interna,2026-07-25,3.7,5.8,5.6,6.2,7.6,5.56,7.8,7.2,7.4,7.3,7.44,8.6,6.0,7.5,8.4,5.1,7.18,6.1,5.2,7.1,6.1,4.1,5.88
578,Andrea Ramírez Ortiz,Ventas,Atención a Clientes,2026-04-22,6.9,5.9,6.4,5.9,6.0,6.26,5.6,5.4,5.7,5.4,5.52,7.9,4.4,6.5,8.3,6.5,6.6,5.4,6.8,8.1,6.6,3.9,6.38
579,Laura Torres Pérez,Tecnología,Soporte Técnico,2026-06-04,5.3,5.3,6.4,4.6,7.4,5.73,6.9,8.8,8.2,9.5,8.28,8.6,6.2,7.9,9.4,8.0,7.89,6.4,8.2,7.4,7.9,8.1,7.52
580,Gabriela Castillo Morales,Ventas,Ventas Internacionales,2026-05-30,5.9,6.9,6.3,6.5,7.9,6.62,7.1,6.9,7.1,8.1,7.3,6.5,6.3,7.7,7.0,6.9,6.82,8.1,8.6,5.4,8.0,7.6,7.62
581,Laura Torres Rodríguez,Tecnología,Soporte Técnico,2026-08-15,4.2,7.6,5.5,4.1,6.5,5.64,6.7,5.4,7.7,5.1,6.18,8.3,7.1,6.2,5.9,6.2,6.9,6.4,5.9,7.7,5.2,4.4,6.1
582,Francisco Morales Romero,Tecnología,Soporte Técnico,2026-02-03,4.6,4.5,4.7,4.1,4.5,4.5,5.1,6.4,6.4,7.7,6.34,6.9,7.8,5.5,7.1,6.2,6.77,5.1,6.0,8.8,7.9,5.9,6.7
583,Ana Vázquez Flores,Marketing,Investigación de Mercado,2026-01-13,5.4,6.6,4.6,6.7,6.9,5.96,10.0,5.7,7.0,6.7,7.5,7.7,7.5,7.0,7.7,7.0,7.4,5.6,6.1,5.3,7.2,5.2,5.94
584,Andrea Romero Hernández,Tecnología,Soporte Técnico,2026-01-24,10.0,8.8,8.6,6.9,8.9,8.79,7.7,9.9,10.0,8.9,9.01,10.0,10.0,8.8,9.0,9.8,9.58,10.0,9.2,9.3,10.0,9.4,9.6
585,Sofía Flores González,Finanzas,Tesorería,2025-10-31,5.6,5.8,3.2,6.8,6.3,5.46,5.3,5.7,5.1,3.0,4.78,3.1,4.7,3.3,4.3,3.5,3.78,2.1,4.8,4.5,5.8,3.6,4.15
586,Carlos Vázquez Martínez,Finanzas,Auditoría Interna,2026-03-11,9.4,8.8,9.0,8.5,8.3,8.87,9.3,9.7,7.2,9.4,9.01,7.2,7.4,9.0,5.1,7.3,7.31,7.7,8.3,6.3,7.8,6.9,7.51
587,José Gómez Torres,Ventas,Atención a Clientes,2025-12-11,9.4,10.0,9.2,10.0,8.6,9.48,7.0,7.7,8.5,7.8,7.68,8.9,8.3,7.7,8.9,9.5,8.6,8.4,8.2,9.3,8.7,9.3,8.68
588,Daniela Cruz López,Tecnología,Infraestructura,2025-09-23,9.1,9.2,10.0,9.0,10.0,9.42,9.8,8.9,10.0,9.6,9.56,9.8,7.8,5.9,6.6,8.1,7.78,8.4,8.7,8.7,7.6,8.4,8.38
589,Mariana López Romero,Recursos Humanos,Nómina,2025-11-26,7.2,7.2,6.6,5.0,8.5,6.94,7.3,6.6,4.5,5.6,6.14,6.5,8.1,8.0,6.1,6.9,7.2,10.0,6.7,7.3,8.8,8.6,8.25
590,José García Gómez,Recursos Humanos,Nómina,2025-12-07,4.6,5.7,3.3,5.0,6.8,5.01,5.2,5.1,4.6,4.4,4.86,6.1,6.6,8.3,6.9,5.9,6.76,3.4,5.5,5.4,4.5,2.7,4.47
591,Francisco Hernández Cruz,Marketing,Comunicación de Marca,2026-07-30,5.4,6.3,7.6,5.6,5.7,6.14,8.0,7.6,6.9,8.3,7.76,6.0,5.5,4.2,3.8,4.1,4.9,10.0,8.0,7.7,7.3,7.4,8.24
592,María Morales Ramírez,Operaciones,Producción,2025-11-16,5.3,9.9,9.0,8.4,9.7,8.32,5.2,5.4,6.1,7.4,5.98,7.4,6.8,7.6,9.1,9.6,7.88,7.5,6.0,6.4,5.8,4.8,6.3
593,Raúl Flores Torres,Marketing,Investigación de Mercado,2025-12-13,7.8,7.1,6.2,8.0,9.1,7.53,10.0,6.4,7.6,9.5,8.49,7.4,9.4,9.9,7.8,8.6,8.64,8.8,9.9,7.8,10.0,10.0,9.24
594,Ana Hernández Flores,Finanzas,Auditoría Interna,2026-02-13,4.9,2.1,5.8,5.6,3.3,4.24,6.0,3.1,4.5,4.7,4.65,5.2,4.2,4.7,4.9,4.8,4.74,3.7,4.0,4.3,4.3,4.6,4.11
595,Sofía Sánchez Gómez,Recursos Humanos,Reclutamiento,2026-03-06,7.5,6.0,5.7,5.1,5.5,6.1,6.6,5.9,4.9,8.0,6.44,6.3,7.0,7.8,5.2,6.3,6.61,6.3,7.7,6.6,6.6,5.8,6.72
596,Karla Gómez Ortiz,Tecnología,Soporte Técnico,2025-12-10,7.5,8.0,5.3,7.8,5.7,6.96,7.3,9.6,8.9,8.3,8.44,9.3,9.2,7.5,5.5,9.0,8.3,10.0,8.0,10.0,9.8,9.7,9.43
597,José Morales Castillo,Operaciones,Logística,2026-06-07,8.1,10.0,6.9,7.4,9.4,8.43,6.9,6.5,6.3,6.6,6.6,7.4,8.4,9.7,8.0,8.3,8.34,9.0,6.0,8.5,10.0,7.6,8.21
598,María Romero Gómez,Marketing,Investigación de Mercado,2026-02-09,4.5,4.5,5.2,4.7,3.5,4.52,4.8,4.2,4.9,3.6,4.37,4.9,4.0,5.3,4.2,4.3,4.56,5.9,5.1,6.6,5.4,5.9,5.74
599,Sergio Pérez Sánchez,Operaciones,Control de Calidad,2026-07-08,4.7,6.0,4.9,8.3,7.9,6.09,7.9,7.8,8.6,7.1,7.82,8.0,8.8,7.6,9.8,8.8,8.51,9.5,10.0,7.8,9.5,8.7,9.2
600,Carlos Romero Pérez,Tecnología,Desarrollo,2026-05-07,10.0,10.0,10.0,10.0,10.0,10.0,9.8,9.7,9.3,8.4,9.33,8.9,8.2,9.2,8.1,10.0,8.83,7.8,8.4,9.8,10.0,9.4,8.95
601,Francisco Rodríguez Rodríguez,Marketing,Comunicación de Marca,2026-05-05,9.3,9.1,9.3,8.0,10.0,9.16,7.9,10.0,9.5,10.0,9.27,7.6,7.8,9.0,9.5,6.4,8.04,8.6,7.1,9.3,10.0,6.9,8.48
602,Paola García Pérez,Finanzas,Tesorería,2026-04-01,2.8,5.9,5.2,4.1,3.0,4.28,2.4,2.7,2.5,2.7,2.57,2.0,0.7,3.0,2.0,2.9,2.01,3.0,2.2,4.0,1.4,0.8,2.46
603,Roberto Flores Morales,Operaciones,Logística,2025-10-13,7.1,8.8,8.2,7.6,9.2,8.14,6.2,6.1,5.9,6.3,6.14,7.1,7.0,6.5,9.3,7.1,7.28,6.8,6.1,7.8,7.2,7.9,7.02
604,Valeria López Morales,Operaciones,Control de Calidad,2026-06-14,8.1,7.8,9.2,5.6,8.8,7.98,8.9,9.2,10.0,10.0,9.47,9.0,10.0,7.7,8.7,10.0,9.09,9.7,5.1,8.3,6.7,8.5,7.55
605,Camila Pérez Jiménez,Operaciones,Producción,2025-09-11,8.2,8.3,6.2,6.3,4.6,7.0,6.3,3.8,4.6,5.1,5.04,6.3,5.4,4.4,6.3,6.2,5.68,5.9,7.2,6.2,5.7,5.2,6.18
606,Carlos Morales Sánchez,Marketing,Comunicación de Marca,2026-06-13,6.6,9.8,9.1,9.5,6.2,8.28,8.7,7.9,8.0,10.0,8.68,6.2,6.9,9.5,7.6,8.1,7.53,9.8,7.4,9.7,8.1,7.1,8.57
607,Diego Rodríguez Gómez,Ventas,Ventas Internacionales,2026-01-05,8.7,6.2,5.7,2.3,5.6,6.05,9.1,6.5,7.2,6.5,7.42,6.1,4.6,3.4,4.1,4.7,4.68,6.2,6.1,5.8,3.5,5.8,5.52
608,Ricardo Romero Romero,Recursos Humanos,Capacitación,2025-12-08,3.9,3.4,2.7,5.7,3.1,3.68,4.0,3.6,3.4,3.6,3.68,3.4,2.6,0.6,2.2,2.9,2.39,2.5,3.5,3.9,1.9,2.2,2.88
609,Francisco García Ramírez,Tecnología,Infraestructura,2026-07-05,6.8,6.6,6.8,8.8,8.3,7.28,5.0,6.5,6.2,8.4,6.46,8.6,7.2,7.0,5.0,6.7,7.1,6.4,5.4,7.0,6.7,7.9,6.48
610,Karla Hernández Martínez,Operaciones,Control de Calidad,2026-01-07,4.9,7.0,6.2,4.5,3.7,5.44,7.7,7.5,4.7,6.1,6.65,4.8,4.6,5.8,3.8,4.6,4.77,6.6,4.6,6.1,5.8,3.8,5.56
611,Miguel Torres Flores,Recursos Humanos,Reclutamiento,2025-09-16,5.2,3.7,3.5,5.2,6.8,4.72,4.4,6.7,4.8,6.8,5.66,5.9,4.8,5.1,5.0,4.5,5.12,5.4,6.6,2.8,8.5,8.3,6.09
612,Andrea Torres Ramírez,Marketing,Comunicación de Marca,2026-07-18,7.8,10.0,7.8,9.0,9.8,8.83,9.3,9.3,8.7,7.8,8.8,8.6,6.6,8.8,8.9,8.1,8.11,8.3,9.1,8.3,10.0,9.2,8.93
613,Mariana Castillo Gómez,Recursos Humanos,Nómina,2025-09-18,6.6,6.8,5.8,4.3,7.0,6.2,5.9,6.0,4.7,8.3,6.28,4.6,6.4,4.2,7.4,6.6,5.69,5.2,5.2,4.0,7.6,6.4,5.56
614,Juan González Martínez,Recursos Humanos,Capacitación,2026-02-06,7.4,5.3,7.4,5.5,5.9,6.36,5.8,7.4,6.4,5.5,6.24,2.3,3.8,3.2,5.9,6.1,3.96,5.6,6.7,5.7,6.4,8.0,6.3
615,Jorge García López,Ventas,Atención a Clientes,2026-02-19,8.5,8.2,7.9,6.6,9.6,8.18,6.6,5.4,6.4,5.4,5.96,5.4,6.2,6.5,6.8,6.5,6.2,7.7,5.5,7.6,5.2,7.4,6.6
616,Sergio Morales Rodríguez,Ventas,Atención a Clientes,2025-11-07,8.7,8.0,6.6,5.2,6.1,7.19,5.4,7.2,4.2,3.8,5.21,8.9,7.0,8.3,7.7,7.0,7.84,4.1,7.0,6.5,5.8,4.0,5.64
617,Carlos Morales Rodríguez,Ventas,Ventas Nacionales,2026-05-11,5.8,7.4,6.8,7.7,5.1,6.58,7.3,5.8,7.5,5.4,6.49,6.2,7.0,8.0,9.0,6.9,7.28,6.5,7.0,7.1,6.5,4.9,6.58
618,Karla Rodríguez Pérez,Tecnología,Soporte Técnico,2025-12-15,5.8,7.5,3.4,5.5,6.5,5.8,8.0,8.9,7.0,6.3,7.6,8.8,7.4,9.1,8.0,7.2,8.15,7.0,6.5,7.9,7.9,7.2,7.26
619,Karla García Pérez,Ventas,Ventas Internacionales,2025-11-03,5.1,3.3,6.9,7.6,6.4,5.58,7.7,5.4,5.4,6.7,6.42,5.8,6.0,7.0,6.1,4.6,5.96,7.4,7.3,5.3,5.9,3.7,6.28
620,Pedro Morales Hernández,Operaciones,Producción,2026-03-10,4.8,4.7,4.4,5.6,6.5,5.07,7.3,7.8,8.7,7.0,7.63,4.9,6.1,7.4,6.4,6.2,6.12,6.2,7.0,7.9,8.0,6.7,7.15
621,Fernanda Castillo Cruz,Operaciones,Control de Calidad,2026-08-09,7.7,8.7,9.3,6.8,8.7,8.28,9.8,8.1,7.0,8.7,8.54,8.8,6.7,6.7,7.2,8.2,7.52,7.2,10.0,7.9,8.8,8.1,8.45
622,Mariana González Morales,Recursos Humanos,Nómina,2026-07-10,8.3,7.1,6.3,7.3,6.2,7.14,7.3,8.9,7.7,7.2,7.76,6.7,5.0,6.6,6.3,6.4,6.15,6.1,6.1,6.8,4.5,6.7,5.98
623,Luis Ramírez Castillo,Finanzas,Auditoría Interna,2026-06-25,8.4,8.3,7.9,6.0,7.3,7.75,6.4,6.1,6.4,6.4,6.32,6.5,8.1,6.8,7.9,6.6,7.18,5.3,6.2,7.8,5.0,6.2,6.06
624,Jorge Castillo Torres,Tecnología,Desarrollo,2026-07-09,8.0,8.9,8.2,7.3,8.4,8.22,7.6,6.9,7.8,8.0,7.56,6.3,7.6,6.3,5.4,6.8,6.56,7.2,6.6,7.8,8.1,5.9,7.22
625,Diego Ramírez Martínez,Operaciones,Logística,2026-04-18,7.9,5.6,7.0,7.5,8.1,7.12,8.0,7.9,8.1,8.0,8.0,8.7,6.8,8.8,7.7,6.1,7.7,7.6,8.5,7.1,6.4,7.7,7.5
626,Daniela García García,Marketing,Comunicación de Marca,2026-06-25,5.4,3.4,5.8,4.0,5.7,4.82,4.5,4.6,4.9,4.1,4.5,4.2,3.1,2.2,3.3,5.1,3.53,3.0,7.5,4.1,5.7,4.7,5.06
627,Carlos Ortiz Ortiz,Recursos Humanos,Nómina,2026-07-27,3.7,3.2,5.1,2.5,4.1,3.74,2.4,2.6,4.4,3.3,3.08,5.1,5.5,6.0,3.5,4.5,5.05,4.8,1.7,2.5,5.1,4.0,3.54
628,Camila Sánchez Castillo,Ventas,Ventas Internacionales,2025-10-14,7.8,8.4,7.7,6.3,7.8,7.7,7.0,6.8,6.9,7.0,6.93,8.2,8.0,6.2,5.2,8.5,7.35,7.8,6.7,8.7,6.9,7.1,7.46
629,Andrea Sánchez Reyes,Finanzas,Auditoría Interna,2025-12-31,4.5,6.1,5.5,4.0,5.1,5.11,4.4,5.7,7.5,6.4,5.85,6.2,7.3,6.2,7.6,6.6,6.74,8.0,3.8,5.7,5.9,3.9,5.66
630,Laura Rodríguez Morales,Tecnología,Infraestructura,2025-12-22,4.5,8.3,5.9,6.2,5.5,6.14,7.6,6.1,4.9,5.9,6.26,5.9,5.5,3.0,4.5,4.4,4.78,6.9,4.2,4.3,5.4,4.5,5.16
631,Carlos Romero Castillo,Operaciones,Logística,2026-08-10,7.8,7.9,9.6,8.1,8.2,8.29,8.8,7.3,9.2,6.7,7.98,8.4,8.1,8.2,8.4,9.8,8.49,8.9,7.6,8.5,7.4,10.0,8.3
632,Daniela Martínez Morales,Marketing,Comunicación de Marca,2026-06-14,4.2,3.6,4.0,7.9,5.0,4.69,6.5,6.3,5.9,7.2,6.5,7.3,7.7,7.1,6.6,6.0,7.06,5.7,9.2,7.0,7.1,5.3,7.08
633,Gabriela Hernández González,Recursos Humanos,Capacitación,2026-02-18,8.5,8.0,6.8,8.0,7.7,7.84,9.9,9.6,9.1,10.0,9.69,10.0,10.0,10.0,10.0,9.9,9.98,7.0,8.1,9.7,7.4,7.3,7.93
634,Ricardo Ramírez González,Operaciones,Control de Calidad,2025-12-01,2.3,6.6,6.0,4.2,4.2,4.68,4.6,4.7,7.5,5.1,5.33,4.1,7.1,3.9,3.5,5.7,4.96,6.1,5.4,6.6,5.8,5.2,5.88
635,Ana Hernández Jiménez,Finanzas,Auditoría Interna,2026-05-24,5.1,5.6,4.5,6.5,6.9,5.58,4.5,7.5,6.2,7.9,6.44,6.3,5.3,4.6,5.1,5.6,5.42,5.2,5.9,6.2,9.0,7.1,6.52
636,Raúl Jiménez Hernández,Tecnología,Desarrollo,2026-07-17,6.6,4.7,5.8,5.7,7.9,6.02,6.5,6.1,3.9,6.5,5.88,5.8,6.8,7.3,5.3,8.4,6.66,6.9,7.3,6.0,7.8,6.5,6.96
637,Francisco Rodríguez Rodríguez,Marketing,Marketing Digital,2026-04-21,2.5,2.6,4.1,2.7,4.6,3.19,3.5,3.1,2.3,3.4,3.14,4.2,5.2,5.3,6.3,4.7,5.06,2.5,2.5,2.9,2.0,3.4,2.57
638,Raúl Ortiz Hernández,Finanzas,Tesorería,2026-03-07,7.8,9.0,7.5,8.7,9.0,8.36,9.3,8.9,8.0,10.0,9.12,7.9,10.0,9.2,8.1,10.0,9.03,9.4,6.6,8.3,10.0,6.1,8.27
639,Andrea Sánchez Sánchez,Ventas,Ventas Internacionales,2026-02-01,8.0,5.9,7.0,7.6,5.6,6.86,7.0,6.2,5.0,5.7,6.08,8.4,7.6,6.4,7.2,7.2,7.44,8.0,9.0,8.5,6.9,5.8,7.91
640,Francisco García Flores,Ventas,Ventas Internacionales,2025-11-15,9.1,8.1,9.7,10.0,9.1,9.1,9.5,10.0,10.0,9.4,9.7,9.4,8.3,7.5,9.0,9.7,8.73,9.2,8.1,10.0,10.0,10.0,9.32
641,Francisco Ortiz Rodríguez,Marketing,Marketing Digital,2026-05-06,7.2,6.1,8.3,9.3,7.8,7.55,9.5,6.0,6.3,8.9,7.83,9.4,8.1,10.0,7.1,8.2,8.67,9.2,9.5,8.6,9.0,8.9,9.09
642,Mariana López López,Tecnología,Desarrollo,2026-07-13,5.1,7.0,6.8,6.2,7.1,6.38,5.3,5.4,8.1,5.2,5.86,3.9,6.3,5.9,7.1,6.9,5.83,8.5,4.9,5.2,7.7,5.6,6.49
643,Miguel Martínez Sánchez,Tecnología,Infraestructura,2026-08-25,5.6,6.6,7.4,5.8,5.6,6.24,3.4,4.8,4.4,5.6,4.5,5.4,4.5,4.2,5.9,5.5,5.03,5.5,6.6,5.6,5.2,6.5,5.84
644,Mariana Vázquez Rodríguez,Ventas,Ventas Internacionales,2026-01-05,2.8,3.9,4.6,3.2,5.6,3.91,5.2,5.9,6.0,3.5,5.11,5.5,3.0,3.8,5.2,5.2,4.44,5.0,8.2,6.2,5.0,4.6,6.0
645,Roberto Reyes Gómez,Recursos Humanos,Nómina,2026-05-08,5.5,6.2,4.6,6.1,6.3,5.7,7.6,10.0,9.8,7.4,8.59,6.6,8.2,9.5,7.9,8.5,8.06,7.2,7.2,8.5,8.7,7.1,7.75
646,María Gómez Castillo,Finanzas,Contabilidad,2026-07-28,4.8,3.7,6.7,4.3,6.6,5.1,5.8,4.8,6.0,6.7,5.82,8.0,5.8,6.1,5.2,4.2,6.08,4.8,6.8,5.2,6.4,6.4,5.86
647,Daniela Hernández Rodríguez,Operaciones,Producción,2026-07-13,5.6,7.2,8.4,4.9,7.3,6.71,4.7,6.1,3.3,5.0,4.84,6.2,6.1,5.3,4.9,7.4,5.98,5.7,5.7,4.2,5.3,7.1,5.46
648,Jorge Morales Cruz,Marketing,Comunicación de Marca,2026-08-24,5.2,5.8,6.2,3.7,5.2,5.32,4.6,6.2,5.3,5.1,5.26,6.9,6.1,3.4,5.0,2.6,5.07,5.6,4.7,6.0,5.0,4.7,5.24
649,Jorge Torres Hernández,Recursos Humanos,Reclutamiento,2025-11-13,0.0,2.0,0.8,0.2,0.0,0.69,0.8,1.9,0.5,1.4,1.16,2.8,2.8,2.5,2.6,4.3,2.94,0.2,1.1,0.0,0.4,1.1,0.52
650,Luis Martínez Castillo,Recursos Humanos,Reclutamiento,2026-06-30,4.2,2.5,2.6,3.0,2.1,2.96,0.9,0.0,2.3,0.0,0.73,3.7,3.6,2.4,4.8,3.8,3.6,2.9,1.5,1.8,3.8,2.2,2.44
651,Juan Sánchez González,Ventas,Ventas Internacionales,2025-09-10,8.0,8.5,8.0,8.8,7.1,8.11,7.7,8.0,8.4,7.4,7.84,8.0,7.1,8.7,9.4,8.5,8.2,7.1,6.7,7.8,6.6,8.0,7.13
652,María Vázquez García,Ventas,Atención a Clientes,2026-09-03,8.7,9.0,8.6,9.9,8.5,8.9,8.3,6.9,9.0,9.1,8.29,7.6,8.6,8.7,8.9,8.2,8.36,7.3,4.9,6.6,8.5,7.7,6.84
653,Andrea Flores Sánchez,Marketing,Marketing Digital,2026-02-10,4.8,4.8,4.8,4.1,6.2,4.9,9.2,9.2,4.6,9.2,8.28,6.4,5.2,5.2,6.2,3.6,5.41,7.5,7.4,5.9,8.4,7.0,7.29
654,Ximena Hernández Romero,Tecnología,Infraestructura,2025-09-20,10.0,7.8,8.7,6.0,7.6,8.23,8.9,9.0,10.0,8.2,8.97,8.9,9.2,10.0,10.0,10.0,9.52,6.7,6.6,8.4,8.9,9.1,7.7
655,Paola Castillo Torres,Ventas,Atención a Clientes,2026-04-02,4.1,4.5,3.8,2.6,4.9,4.04,5.0,3.7,2.2,1.6,3.26,5.3,2.0,4.7,4.3,3.0,3.86,5.0,3.8,5.6,3.1,1.1,4.05
656,Ricardo García Ramírez,Operaciones,Logística,2025-09-08,1.9,1.6,3.2,2.6,3.5,2.43,3.6,2.8,5.6,4.2,3.95,2.3,3.0,3.6,2.1,3.4,2.87,3.7,2.8,2.5,3.5,2.7,3.1
657,Francisco Cruz García,Recursos Humanos,Capacitación,2026-06-04,8.5,8.2,8.7,10.0,9.9,8.9,7.5,8.2,7.3,8.0,7.76,7.2,7.2,6.9,7.8,5.5,6.98,5.2,7.6,6.2,7.1,6.6,6.52
658,Alejandro Martínez Martínez,Operaciones,Producción,2025-12-08,4.6,3.8,5.4,3.6,6.4,4.68,4.4,4.4,4.5,3.9,4.3,4.6,5.4,5.0,5.3,5.2,5.08,6.9,5.4,7.0,7.5,7.2,6.7
659,Raúl García Reyes,Finanzas,Contabilidad,2026-01-13,9.7,7.8,8.2,8.5,10.0,8.79,8.9,5.4,7.6,8.1,7.56,6.5,4.8,6.4,7.4,5.4,6.02,9.4,9.2,10.0,10.0,10.0,9.65
660,Ricardo Reyes Morales,Tecnología,Infraestructura,2025-11-18,6.7,5.0,6.4,4.5,5.1,5.64,6.1,6.4,6.8,4.2,5.84,3.0,3.3,5.2,4.5,4.2,3.92,3.4,2.4,3.8,4.9,3.1,3.5
661,Juan Ortiz Morales,Finanzas,Auditoría Interna,2026-08-28,1.6,3.8,2.2,3.3,2.1,2.6,0.0,0.9,0.0,4.9,1.45,5.5,4.1,4.8,3.4,3.3,4.36,4.5,4.5,3.1,1.5,4.7,3.64
662,Diego Hernández López,Operaciones,Control de Calidad,2026-01-11,6.4,6.7,6.7,5.0,7.3,6.46,5.9,4.0,6.2,5.5,5.38,5.4,5.3,5.2,7.7,4.7,5.58,4.2,5.5,5.7,4.5,3.0,4.76
663,Pedro Flores García,Finanzas,Contabilidad,2026-04-29,10.0,7.7,9.6,9.3,7.5,8.86,9.2,10.0,9.7,8.6,9.35,7.3,9.8,9.5,9.2,9.9,9.04,9.5,10.0,10.0,9.5,9.9,9.76
664,Pedro Vázquez Reyes,Finanzas,Contabilidad,2025-10-14,1.4,1.1,0.0,2.2,2.4,1.32,3.5,3.2,4.2,6.6,4.34,4.6,3.1,6.9,5.8,4.3,4.82,3.2,1.3,3.0,5.9,1.5,3.06
665,Miguel González Martínez,Tecnología,Desarrollo,2025-12-01,4.9,5.2,6.1,7.2,7.0,5.88,7.1,8.5,9.5,10.0,8.66,6.7,7.1,8.0,6.5,5.2,6.81,7.9,9.6,9.1,6.6,9.3,8.44
666,Roberto García Flores,Finanzas,Contabilidad,2026-05-27,6.0,6.5,6.4,7.8,7.5,6.7,7.5,8.3,10.0,6.4,7.93,6.9,8.4,6.9,6.2,8.3,7.38,7.3,7.2,8.7,9.3,8.4,8.07
667,Sofía Gómez García,Ventas,Atención a Clientes,2025-09-11,2.2,2.3,4.3,2.4,1.2,2.52,2.4,2.2,2.7,2.4,2.41,3.1,2.2,4.2,2.2,0.1,2.51,2.9,4.5,3.9,3.5,2.8,3.61
668,Raúl García Gómez,Recursos Humanos,Capacitación,2026-04-23,7.4,5.4,6.6,7.1,8.3,6.83,6.1,6.2,7.3,8.0,6.84,5.3,7.0,7.5,5.7,3.8,6.0,9.0,8.2,6.9,7.9,5.6,7.82
669,Miguel Flores Ramírez,Ventas,Atención a Clientes,2026-06-22,7.5,8.1,7.3,7.7,4.7,7.22,6.4,4.7,6.2,5.9,5.81,8.8,6.7,7.9,8.5,6.4,7.69,7.4,7.4,5.9,7.3,6.4,6.98
670,Andrea Pérez Jiménez,Ventas,Ventas Internacionales,2026-08-25,9.5,10.0,9.6,9.6,8.0,9.43,8.0,6.3,7.7,8.2,7.56,7.7,8.6,5.8,9.1,8.0,7.8,7.8,8.0,9.3,9.3,8.2,8.49
671,Andrea Reyes Gómez,Tecnología,Infraestructura,2025-10-29,5.0,6.0,5.4,4.8,5.1,5.32,4.5,6.0,6.9,7.4,6.08,4.8,6.6,5.1,5.6,4.3,5.36,4.9,5.3,6.3,5.5,6.7,5.58
672,María Ramírez Rodríguez,Finanzas,Auditoría Interna,2026-06-19,9.4,8.9,6.9,8.0,9.2,8.54,8.4,8.3,8.5,7.3,8.12,5.4,9.7,8.8,7.5,8.3,7.9,8.7,6.9,8.4,8.7,7.8,8.1
673,Paola Rodríguez Romero,Operaciones,Producción,2026-05-24,1.2,0.8,1.3,1.8,0.8,1.15,2.7,2.2,0.6,3.4,2.33,1.0,0.4,0.5,1.4,0.6,0.75,4.0,4.9,1.0,3.8,3.5,3.54
674,Ricardo Flores Cruz,Recursos Humanos,Reclutamiento,2026-01-07,5.7,8.7,6.0,4.8,6.0,6.42,3.6,5.2,7.4,6.5,5.48,9.9,7.4,6.2,5.9,6.6,7.44,3.8,4.9,6.4,8.6,5.6,5.74
675,Raúl González Ortiz,Tecnología,Soporte Técnico,2026-01-11,8.6,8.8,8.1,8.0,6.9,8.2,7.8,6.5,7.0,9.0,7.62,6.8,7.5,6.4,6.4,9.6,7.26,7.3,5.6,6.1,7.2,5.8,6.46
676,María Jiménez Martínez,Recursos Humanos,Capacitación,2026-01-22,4.4,5.4,3.6,4.6,7.0,4.91,6.0,4.4,4.5,5.8,5.25,3.5,4.4,2.8,2.4,5.1,3.66,3.8,1.8,3.6,4.2,5.0,3.46
677,Valeria Hernández Reyes,Recursos Humanos,Reclutamiento,2026-08-27,7.2,6.5,9.4,7.8,5.8,7.34,9.7,10.0,10.0,10.0,9.91,8.8,10.0,8.2,8.8,8.5,8.94,9.0,7.2,7.6,6.0,8.6,7.63
678,Ana Ortiz Gómez,Finanzas,Tesorería,2026-06-11,3.9,3.5,4.1,2.0,3.9,3.56,2.6,2.2,3.3,0.8,2.19,4.0,5.1,1.1,1.8,3.3,3.26,1.3,1.6,2.6,0.8,0.0,1.41
679,José Cruz Torres,Ventas,Ventas Internacionales,2025-09-20,5.6,5.7,4.6,6.8,6.4,5.72,7.9,4.9,7.1,7.1,6.79,6.1,3.8,6.2,6.6,4.4,5.36,5.4,6.7,7.3,3.8,5.2,5.76
680,Gabriela Pérez Sánchez,Finanzas,Auditoría Interna,2026-08-01,8.2,7.6,6.6,7.5,8.4,7.65,6.1,6.6,8.3,7.3,6.96,6.7,5.9,7.5,4.4,6.2,6.24,8.7,6.3,6.5,7.0,7.1,7.16
681,Jorge Ramírez Hernández,Finanzas,Auditoría Interna,2025-10-15,8.7,8.6,9.3,7.6,8.8,8.64,10.0,9.6,10.0,10.0,9.9,10.0,8.0,7.7,10.0,7.2,8.62,10.0,10.0,10.0,8.3,9.8,9.64
682,Andrea Torres Romero,Operaciones,Producción,2026-03-10,4.8,9.0,9.1,7.4,8.0,7.58,8.1,8.7,6.4,6.7,7.56,8.6,7.6,7.4,7.2,6.2,7.54,9.0,7.0,7.9,8.6,6.7,7.97
683,Miguel Reyes Reyes,Tecnología,Desarrollo,2025-12-08,2.2,2.6,0.7,2.3,1.7,1.94,2.5,4.1,2.4,2.5,2.88,4.1,1.8,1.9,1.8,1.9,2.41,4.4,2.9,3.2,2.8,3.3,3.36
684,Karla García Hernández,Operaciones,Logística,2026-01-26,0.6,3.1,5.1,2.4,2.4,2.66,4.0,1.7,3.0,3.9,3.2,4.1,2.6,1.8,3.0,4.3,3.13,6.4,6.2,4.9,3.7,5.8,5.45
685,Jorge Reyes Torres,Ventas,Ventas Internacionales,2025-12-03,3.8,2.1,3.8,4.7,3.9,3.53,3.6,2.5,3.0,3.2,3.11,1.7,1.1,0.7,3.1,2.0,1.6,5.2,2.9,4.5,2.2,3.2,3.68
686,Ana Torres Hernández,Finanzas,Contabilidad,2025-09-17,5.0,6.2,4.8,6.0,5.6,5.5,6.4,7.4,5.9,6.5,6.58,5.2,4.1,2.4,5.9,3.2,4.17,5.5,6.6,8.7,7.1,4.8,6.66
687,Ricardo Torres Reyes,Recursos Humanos,Nómina,2025-10-12,7.6,8.2,9.2,8.7,9.2,8.47,8.6,8.6,8.2,9.4,8.72,8.7,8.3,8.7,9.9,8.5,8.75,8.0,8.7,6.9,6.6,6.9,7.56
688,Ximena Ortiz Martínez,Finanzas,Contabilidad,2025-12-06,4.4,4.5,4.1,6.3,5.8,4.86,4.6,5.0,5.8,4.0,4.79,7.7,5.1,6.4,5.4,6.9,6.33,3.0,5.2,5.6,3.1,5.3,4.32
689,Luis Morales Martínez,Finanzas,Contabilidad,2025-11-17,3.0,4.4,5.8,5.3,3.7,4.36,2.0,3.3,1.7,2.8,2.46,4.5,3.7,4.9,4.4,3.3,4.18,4.7,2.6,3.8,4.3,4.4,3.88
690,Alejandro Vázquez Torres,Operaciones,Control de Calidad,2026-02-24,7.0,5.8,5.0,5.9,5.3,5.88,6.9,4.7,3.0,4.4,4.94,5.3,4.4,4.8,5.5,5.7,5.06,5.8,4.3,6.6,6.2,5.3,5.62
691,Roberto Hernández Castillo,Ventas,Atención a Clientes,2025-12-10,6.1,4.8,6.1,5.9,7.3,5.92,4.8,7.9,4.5,6.3,5.89,4.9,4.9,4.1,6.3,5.6,5.06,5.2,6.8,6.4,3.9,5.5,5.61
692,Valeria Martínez Flores,Recursos Humanos,Nómina,2025-12-27,8.4,7.8,5.8,8.5,6.5,7.46,5.8,6.1,7.6,4.9,6.01,6.3,7.5,7.5,6.8,8.6,7.26,5.6,7.2,5.5,7.5,5.7,6.37
693,Miguel Sánchez Ramírez,Marketing,Investigación de Mercado,2026-07-01,4.8,5.2,5.9,6.7,5.6,5.52,4.9,3.6,4.8,3.0,4.08,5.5,6.6,5.7,8.1,6.5,6.36,2.9,5.3,3.9,5.0,3.9,4.22
694,Ricardo Gómez Ortiz,Finanzas,Contabilidad,2026-06-20,7.4,7.7,7.5,7.1,7.1,7.4,7.5,5.5,8.9,9.0,7.66,5.9,7.5,8.5,7.8,5.6,7.06,6.8,6.0,8.1,5.4,7.7,6.67
695,María García Pérez,Marketing,Marketing Digital,2025-10-03,4.0,4.0,3.8,5.4,5.4,4.38,6.2,4.5,5.2,5.0,5.28,6.7,4.1,7.0,3.8,4.6,5.36,3.0,7.1,3.4,3.5,4.9,4.4
696,Camila Ortiz García,Operaciones,Control de Calidad,2025-10-09,1.1,2.3,1.8,0.4,3.7,1.83,3.2,3.8,4.6,3.9,3.8,1.6,3.0,2.0,3.2,2.8,2.45,2.3,4.5,3.7,2.3,4.4,3.34
697,María Flores Rodríguez,Ventas,Ventas Nacionales,2026-03-20,4.0,3.5,6.4,5.4,3.8,4.54,7.5,3.0,4.4,6.1,5.4,5.9,4.7,5.4,7.0,4.7,5.48,5.3,6.6,5.5,5.1,5.6,5.65
698,Camila Ramírez Martínez,Marketing,Investigación de Mercado,2026-04-21,7.9,7.4,8.1,9.9,7.8,8.1,7.4,7.1,8.0,7.7,7.52,9.3,8.4,7.6,8.5,9.9,8.7,7.8,7.5,9.0,9.8,7.4,8.32
699,Valeria Hernández Castillo,Marketing,Comunicación de Marca,2026-03-15,3.0,2.0,2.2,2.8,0.0,2.11,1.8,3.6,3.1,2.0,2.56,4.8,5.8,2.8,5.2,4.3,4.64,3.4,3.7,4.8,3.5,3.5,3.78
700,Mariana López Sánchez,Recursos Humanos,Capacitación,2025-09-17,7.0,8.8,9.0,7.8,9.5,8.35,7.3,6.1,10.0,8.8,7.92,8.7,9.3,8.5,5.8,8.5,8.35,8.8,8.6,7.0,7.5,8.2,8.07
701,Alejandro Castillo Hernández,Marketing,Comunicación de Marca,2025-10-26,5.6,9.0,8.4,8.9,8.8,7.98,8.2,9.7,8.2,7.8,8.48,8.4,9.6,8.6,8.3,9.8,8.94,8.8,7.0,9.7,7.5,9.7,8.36
702,Carlos Sánchez Gómez,Recursos Humanos,Capacitación,2026-05-25,8.8,9.1,7.5,9.8,8.7,8.75,5.6,6.5,8.5,8.3,7.08,6.5,7.7,8.3,8.3,7.3,7.55,7.7,8.0,9.6,5.7,9.0,7.88
703,Ximena Hernández Martínez,Ventas,Ventas Nacionales,2026-05-12,5.1,5.6,4.0,5.2,4.0,4.85,7.0,9.5,6.8,6.3,7.41,6.8,3.7,6.3,3.7,4.4,5.1,8.3,8.7,6.8,7.9,8.3,8.02
704,Laura Ortiz Gómez,Operaciones,Control de Calidad,2026-01-05,3.0,3.5,4.7,3.9,4.3,3.8,5.9,4.3,3.0,4.9,4.67,3.1,5.8,4.2,2.7,4.3,4.12,2.2,4.2,1.1,2.9,4.6,2.86
705,Francisco Ortiz Flores,Marketing,Marketing Digital,2026-04-22,2.9,4.1,4.7,2.4,1.5,3.28,3.9,3.4,4.1,4.4,3.94,2.5,5.5,1.6,3.7,3.7,3.43,4.8,3.9,5.1,3.6,2.8,4.2
706,Laura Martínez Morales,Tecnología,Desarrollo,2025-10-04,10.0,10.0,7.5,8.7,9.2,9.18,8.2,10.0,9.2,9.0,9.05,9.8,9.2,9.2,10.0,10.0,9.59,9.9,9.2,9.5,10.0,10.0,9.68
707,Camila López Romero,Marketing,Investigación de Mercado,2025-11-13,7.0,4.9,5.4,6.5,7.3,6.12,6.1,4.4,6.0,6.1,5.65,5.8,4.6,6.2,4.0,6.2,5.37,5.0,4.7,4.4,5.5,4.8,4.88
708,Francisco Morales González,Operaciones,Producción,2026-05-06,4.6,4.8,5.8,6.4,8.1,5.68,5.1,5.5,5.1,4.4,5.03,2.4,3.2,2.2,4.5,5.6,3.35,4.0,3.9,4.4,2.0,5.8,3.84
709,Carlos Reyes Pérez,Marketing,Marketing Digital,2025-12-02,7.6,7.5,5.7,4.6,6.5,6.58,4.9,6.3,7.1,5.4,5.82,4.6,5.0,6.1,7.9,6.7,5.81,5.9,7.4,5.3,7.6,7.1,6.61
710,Ana González López,Ventas,Ventas Nacionales,2026-03-26,5.0,5.8,4.3,4.2,3.5,4.72,4.5,4.1,4.5,3.2,4.08,2.4,3.5,5.1,5.4,1.7,3.56,4.6,6.4,4.1,4.7,5.5,5.06
711,Ana Flores Rodríguez,Tecnología,Soporte Técnico,2025-10-31,7.5,4.6,7.9,6.8,5.0,6.38,6.3,5.2,7.7,8.3,6.81,6.5,7.1,7.3,7.3,7.2,7.03,7.8,7.6,8.9,8.3,9.1,8.2
712,Paola García Castillo,Finanzas,Tesorería,2025-12-04,6.0,7.7,5.7,8.1,6.8,6.8,4.4,4.5,4.5,2.2,3.9,4.8,5.5,5.2,5.3,5.2,5.19,4.9,6.6,6.0,5.3,2.7,5.4
713,Jorge Reyes Vázquez,Marketing,Investigación de Mercado,2026-05-13,4.0,5.1,5.7,6.7,4.4,5.08,3.2,5.7,5.4,5.1,4.74,9.4,7.8,7.1,7.3,9.5,8.24,4.7,5.1,5.9,4.6,5.1,5.06
714,Ximena Hernández López,Finanzas,Auditoría Interna,2025-12-03,8.5,9.1,8.9,9.0,8.4,8.79,7.2,9.1,10.0,7.2,8.24,10.0,10.0,6.8,7.9,9.6,8.98,7.2,9.3,8.3,7.8,8.4,8.18
715,Francisco Martínez Pérez,Ventas,Ventas Internacionales,2025-10-31,5.9,6.3,6.6,7.1,6.8,6.46,5.9,5.9,5.8,5.8,5.86,6.9,6.0,6.6,6.2,6.3,6.42,9.8,5.1,8.5,7.6,8.9,7.84
716,Andrea Hernández Castillo,Recursos Humanos,Nómina,2026-02-07,2.2,3.8,4.0,1.7,2.6,2.94,3.1,2.9,3.6,2.7,3.05,3.2,4.6,3.0,0.9,4.2,3.31,4.0,4.0,4.0,1.9,2.2,3.4
717,Ricardo Ramírez Pérez,Finanzas,Auditoría Interna,2026-09-06,5.1,4.5,6.2,4.7,4.8,5.06,4.7,3.9,7.9,3.6,4.86,5.4,5.8,4.8,4.7,5.7,5.32,3.5,3.8,3.6,3.3,6.2,3.82
718,Gabriela Hernández Gómez,Marketing,Comunicación de Marca,2026-04-16,8.8,7.4,9.1,8.2,8.4,8.36,8.0,6.6,6.4,5.8,6.78,9.7,7.8,8.4,8.1,9.6,8.71,8.4,10.0,7.0,10.0,7.4,8.74
719,Alejandro Reyes Hernández,Finanzas,Auditoría Interna,2026-03-10,8.8,8.6,8.3,9.0,8.4,8.62,7.2,6.3,8.9,8.0,7.52,4.9,6.7,5.9,2.5,5.4,5.26,6.1,4.8,6.9,7.6,6.3,6.26
720,Laura Flores Pérez,Tecnología,Desarrollo,2026-07-13,8.6,7.3,7.2,7.1,6.8,7.5,8.5,6.2,8.3,6.9,7.48,5.2,5.8,4.9,5.9,7.6,5.76,7.7,7.6,7.2,9.1,4.8,7.57
721,Alejandro Jiménez Morales,Ventas,Ventas Internacionales,2026-05-18,6.8,6.8,6.2,6.7,6.8,6.67,5.1,6.2,6.2,3.7,5.24,2.9,5.1,4.2,3.0,2.2,3.62,5.5,6.2,6.2,4.2,6.1,5.62
722,Francisco Torres Castillo,Operaciones,Logística,2025-10-19,5.9,6.2,5.3,5.7,3.3,5.44,5.8,6.6,6.9,6.2,6.32,5.2,5.6,5.5,7.2,4.9,5.62,6.4,5.5,7.2,6.4,8.4,6.54
723,Roberto Rodríguez Vázquez,Recursos Humanos,Capacitación,2026-07-14,7.4,7.4,7.8,10.0,7.2,7.84,8.4,9.0,7.8,9.6,8.73,10.0,10.0,7.5,10.0,8.1,9.22,9.0,7.8,7.5,9.5,9.2,8.52
724,Francisco Vázquez Vázquez,Marketing,Comunicación de Marca,2026-07-02,5.3,4.7,8.7,7.4,7.0,6.4,4.3,3.6,2.6,4.1,3.74,5.8,5.9,4.3,4.9,6.4,5.48,4.6,5.5,4.4,4.1,6.7,4.9
725,Miguel Rodríguez Jiménez,Recursos Humanos,Reclutamiento,2025-12-28,7.7,7.7,8.3,7.3,7.2,7.68,7.4,10.0,8.9,6.8,8.2,7.3,7.2,8.4,7.1,8.6,7.66,7.3,10.0,8.0,8.5,6.3,8.26
726,Carlos Morales López,Operaciones,Logística,2026-07-12,5.1,7.3,4.7,3.7,6.5,5.57,5.5,6.9,5.0,3.7,5.3,5.9,9.5,7.3,9.4,6.7,7.72,2.8,6.9,7.7,6.9,7.4,6.08
727,Karla Martínez González,Recursos Humanos,Capacitación,2026-06-07,8.1,6.9,8.0,7.1,8.3,7.66,6.8,7.7,8.0,9.0,7.82,6.3,8.1,7.9,7.9,7.7,7.52,6.5,7.9,9.4,6.0,7.0,7.38
728,Sofía Sánchez Pérez,Recursos Humanos,Reclutamiento,2026-08-26,5.7,7.2,6.2,5.5,6.7,6.3,7.1,8.0,9.8,6.9,7.82,8.5,7.9,7.9,7.7,7.7,7.99,6.2,7.3,5.7,5.6,5.9,6.22
729,Camila Hernández Sánchez,Marketing,Comunicación de Marca,2026-08-24,8.2,7.7,6.8,6.4,6.8,7.32,9.2,5.7,7.0,7.7,7.51,7.4,10.0,8.5,8.3,8.3,8.54,7.8,7.8,8.3,7.8,9.0,8.02
730,Jorge Pérez Flores,Operaciones,Control de Calidad,2026-03-03,5.6,5.4,5.9,4.5,5.4,5.42,9.2,6.7,8.5,9.1,8.41,7.2,6.4,7.9,6.2,6.9,6.94,6.0,5.5,7.1,5.9,8.2,6.3
731,Alejandro Ortiz López,Tecnología,Soporte Técnico,2026-02-28,3.0,4.0,4.4,6.0,1.8,3.8,3.7,5.0,6.3,5.6,5.02,4.9,3.4,4.9,4.3,6.9,4.74,4.9,2.0,4.3,5.0,5.5,4.14
732,Fernanda Torres Flores,Tecnología,Soporte Técnico,2026-02-08,4.8,3.4,5.3,3.6,6.2,4.58,1.1,1.8,1.6,2.9,1.83,3.8,3.8,4.7,3.7,3.9,3.98,3.1,2.4,3.2,4.8,4.7,3.44
733,Jorge Reyes Reyes,Marketing,Comunicación de Marca,2026-02-25,7.3,9.6,8.9,7.9,7.6,8.33,6.1,5.9,7.0,6.5,6.33,7.3,5.4,6.2,7.9,7.7,6.76,7.2,6.6,7.2,6.7,7.4,6.97
734,Camila Castillo Jiménez,Marketing,Investigación de Mercado,2026-07-20,3.6,2.8,2.1,4.2,1.8,2.92,1.6,2.0,4.8,3.1,2.72,3.8,2.8,3.3,2.6,3.5,3.22,2.6,3.1,3.3,2.9,3.1,2.98
735,José Romero Romero,Tecnología,Soporte Técnico,2026-02-19,9.2,8.3,8.6,8.3,9.0,8.69,7.3,8.2,6.7,7.8,7.53,6.2,5.6,5.9,7.8,5.6,6.14,6.3,7.0,6.9,7.2,8.1,6.96
736,Sofía Vázquez Ortiz,Ventas,Atención a Clientes,2026-01-12,9.0,7.5,7.1,7.4,7.3,7.75,7.0,7.4,9.9,9.6,8.33,7.9,8.1,8.0,7.3,8.2,7.92,8.0,4.8,7.0,6.6,4.9,6.41
737,Sofía Sánchez Romero,Finanzas,Contabilidad,2026-05-02,6.3,4.3,5.7,3.3,4.8,5.0,5.9,3.6,4.1,5.1,4.76,5.5,5.8,4.8,5.0,3.5,5.06,5.9,4.3,5.5,6.4,4.8,5.41
738,Juan Hernández Jiménez,Ventas,Ventas Nacionales,2025-09-16,0.7,2.0,2.1,3.2,2.5,1.95,4.9,6.1,3.6,2.8,4.42,2.3,4.5,3.2,1.8,3.0,3.06,0.2,1.5,1.9,0.5,0.7,0.97
739,Paola Pérez Martínez,Ventas,Atención a Clientes,2026-08-27,5.5,3.0,4.7,5.3,5.2,4.64,6.2,5.7,6.2,4.6,5.68,5.4,2.7,2.2,3.9,3.6,3.59,2.2,1.1,2.8,3.6,3.2,2.42
740,Miguel Ortiz González,Recursos Humanos,Capacitación,2025-10-10,7.9,6.1,5.2,6.2,5.6,6.31,2.5,3.1,3.8,3.2,3.08,5.2,3.3,4.6,2.6,3.3,3.93,3.3,8.0,5.6,6.7,5.4,5.82
741,María Vázquez Castillo,Ventas,Atención a Clientes,2025-10-28,4.3,4.5,2.9,5.3,2.1,3.89,3.1,4.3,4.4,4.2,3.93,4.1,4.8,5.9,4.8,5.8,5.0,2.6,4.2,4.0,5.7,3.2,3.96
742,Alejandro Martínez Flores,Finanzas,Tesorería,2026-06-06,6.6,7.1,4.9,5.0,5.3,5.95,5.9,5.2,3.9,5.4,5.2,7.2,7.0,4.5,6.1,7.0,6.42,2.9,3.5,7.1,5.4,5.6,4.66
743,Fernanda Martínez Rodríguez,Operaciones,Producción,2025-09-18,3.0,3.1,2.0,2.7,2.7,2.74,0.6,2.3,1.1,1.9,1.45,0.7,4.0,2.3,2.8,1.1,2.22,1.5,3.1,2.4,1.5,2.7,2.2
744,Francisco Castillo Sánchez,Ventas,Ventas Internacionales,2026-05-21,4.8,7.7,5.0,5.3,7.2,6.0,5.6,6.6,8.8,6.8,6.79,5.6,5.7,4.5,3.6,4.5,4.94,6.8,6.2,7.9,5.6,7.3,6.68
745,Mariana Morales Jiménez,Marketing,Investigación de Mercado,2026-08-16,5.8,6.3,4.5,6.6,4.0,5.52,6.2,6.4,7.2,8.0,6.9,5.2,5.7,4.6,5.7,5.0,5.25,5.1,4.6,4.8,4.3,5.8,4.82
746,Ana Vázquez López,Marketing,Investigación de Mercado,2026-07-28,7.1,6.2,5.5,7.5,7.6,6.69,6.3,4.8,6.6,7.6,6.31,9.0,7.8,7.0,8.9,8.5,8.21,8.6,7.2,8.1,8.5,7.9,8.06
747,Carlos Rodríguez Jiménez,Marketing,Marketing Digital,2025-11-08,0.3,1.9,3.8,2.7,4.4,2.38,4.2,4.5,3.4,2.8,3.76,3.2,1.6,3.8,2.2,4.0,2.89,2.1,2.9,2.5,2.8,3.3,2.64
748,Ximena Martínez Cruz,Tecnología,Soporte Técnico,2026-02-19,7.3,6.3,6.9,6.8,7.3,6.9,7.5,6.7,5.6,4.1,6.07,7.8,5.6,6.1,7.3,6.9,6.7,6.5,6.4,6.8,8.9,8.1,7.18
749,Pedro Torres González,Recursos Humanos,Nómina,2026-05-18,6.5,4.8,5.2,8.1,7.2,6.16,5.7,6.0,5.1,8.2,6.28,7.7,6.3,6.3,5.6,6.3,6.54,6.2,6.3,5.0,6.5,6.9,6.12
750,María López Cruz,Ventas,Atención a Clientes,2025-10-23,2.6,2.1,3.1,3.1,0.7,2.37,3.7,4.2,5.6,3.1,4.06,5.1,4.1,3.8,4.2,3.5,4.22,4.2,4.1,4.1,2.5,3.5,3.74
751,Ana Vázquez García,Operaciones,Producción,2026-09-01,10.0,7.6,8.8,7.1,7.4,8.33,5.1,6.1,7.8,7.2,6.42,7.5,7.5,5.1,8.2,7.2,7.08,9.4,7.5,8.1,7.3,7.3,8.04
752,Raúl Romero Martínez,Marketing,Marketing Digital,2026-06-18,8.5,7.3,8.8,5.7,10.0,8.07,6.7,6.1,4.8,7.7,6.42,6.9,6.8,5.8,6.9,7.1,6.68,5.6,6.3,7.5,5.2,7.6,6.28
753,Roberto Ramírez Vázquez,Recursos Humanos,Nómina,2026-06-28,5.4,4.7,4.5,6.0,4.8,5.04,5.0,4.0,5.1,2.9,4.24,5.3,6.8,4.1,7.9,4.9,5.76,6.2,6.1,5.3,7.2,4.2,6.0
754,Laura Morales Jiménez,Marketing,Investigación de Mercado,2026-02-22,4.5,4.3,4.0,4.8,3.1,4.18,4.1,4.3,3.6,4.6,4.18,2.1,4.9,4.7,4.4,4.3,4.0,3.8,3.8,5.2,4.8,5.3,4.43
755,Jorge Reyes Castillo,Operaciones,Logística,2026-06-20,8.0,6.8,7.9,6.5,7.7,7.41,7.9,9.3,7.6,8.4,8.32,8.9,10.0,9.4,9.3,10.0,9.5,5.4,7.2,7.5,5.9,5.7,6.4
756,Paola Cruz García,Recursos Humanos,Capacitación,2026-07-17,2.1,1.2,2.8,3.4,3.3,2.39,2.7,2.0,0.2,1.8,1.8,3.3,3.5,1.6,4.0,3.4,3.13,2.9,2.6,1.7,3.0,4.2,2.74
757,Sergio Torres Morales,Recursos Humanos,Reclutamiento,2026-07-23,1.2,2.6,4.7,3.6,3.8,3.0,2.0,2.4,3.1,3.1,2.6,3.0,1.3,1.8,3.4,0.4,2.0,3.0,3.6,4.9,2.4,4.6,3.57
758,Sergio Hernández Torres,Finanzas,Auditoría Interna,2026-08-28,6.0,5.6,4.1,3.5,3.2,4.72,3.0,4.0,4.9,3.5,3.76,5.7,5.8,4.1,4.9,5.3,5.22,4.4,4.9,3.9,2.5,2.2,3.83
759,Luis Castillo Vázquez,Ventas,Ventas Nacionales,2025-10-24,5.3,5.6,5.2,5.7,6.8,5.64,7.8,4.8,5.1,5.1,5.84,4.9,5.7,4.8,4.6,5.2,5.08,7.2,5.9,7.2,6.6,7.9,6.83
760,José García Hernández,Operaciones,Logística,2026-06-07,9.5,8.6,8.5,8.4,8.5,8.76,6.5,8.9,8.4,8.3,7.93,7.9,9.5,10.0,9.4,8.0,8.96,8.0,8.2,8.4,7.6,6.1,7.86
761,Laura Pérez Martínez,Finanzas,Contabilidad,2025-12-16,4.3,4.0,4.2,1.7,4.4,3.83,3.3,2.7,2.7,2.6,2.86,4.5,3.1,2.8,3.7,4.2,3.64,2.8,1.9,1.7,4.2,3.7,2.72
762,Laura Cruz Gómez,Marketing,Investigación de Mercado,2026-05-18,10.0,10.0,10.0,10.0,8.8,9.82,7.5,7.5,7.9,8.3,7.78,8.5,6.0,8.4,9.5,9.9,8.22,9.1,10.0,10.0,9.0,10.0,9.58
763,Roberto López Pérez,Finanzas,Contabilidad,2025-12-21,8.9,8.0,8.3,10.0,8.5,8.66,6.2,5.7,5.4,6.8,6.06,3.8,6.1,5.1,4.7,6.5,5.17,6.6,5.4,5.2,6.8,6.4,6.04
764,José Vázquez Vázquez,Marketing,Comunicación de Marca,2026-04-19,3.4,2.8,1.0,2.9,2.9,2.62,4.0,2.8,1.8,3.4,3.11,3.2,1.1,1.8,3.4,2.7,2.35,1.5,1.7,4.4,2.3,3.5,2.49
765,Fernanda Rodríguez Castillo,Operaciones,Control de Calidad,2025-11-30,3.1,6.9,3.5,4.1,4.1,4.43,7.0,6.3,3.5,2.3,4.95,3.7,4.8,5.5,5.8,5.3,4.89,3.6,6.2,5.5,3.4,3.9,4.62
766,Ximena Martínez Jiménez,Tecnología,Desarrollo,2026-02-01,6.3,6.7,5.9,5.0,5.7,6.04,6.0,8.0,9.3,7.7,7.58,6.4,7.0,4.6,5.5,5.8,5.96,3.7,7.3,4.7,6.1,6.6,5.57
767,Ximena Morales Hernández,Operaciones,Control de Calidad,2025-12-13,3.9,4.1,3.7,3.7,4.7,4.0,2.0,2.0,3.9,2.9,2.6,2.7,2.1,4.0,3.7,3.1,3.02,4.5,4.8,2.7,1.6,2.1,3.4
768,Laura García Morales,Marketing,Comunicación de Marca,2026-01-21,6.3,5.8,5.0,5.2,6.7,5.81,3.8,1.7,3.9,5.5,3.72,7.1,6.0,6.6,7.9,6.7,6.78,4.0,9.2,7.0,5.7,8.1,6.65
769,José Romero Morales,Finanzas,Tesorería,2025-10-07,6.8,5.1,5.7,8.3,8.9,6.7,3.9,5.8,6.1,7.2,5.64,9.2,6.6,7.8,8.8,6.8,7.85,9.0,4.7,7.4,7.6,6.1,7.04
770,Andrea López García,Tecnología,Soporte Técnico,2026-08-19,7.8,8.0,6.5,7.5,9.0,7.72,7.7,7.0,6.9,8.4,7.54,9.3,6.1,8.2,8.7,8.4,8.06,7.4,8.2,9.4,7.5,7.6,8.04
771,Raúl Sánchez Sánchez,Operaciones,Producción,2026-01-01,5.9,6.6,7.7,5.2,5.1,6.21,8.3,8.0,8.0,7.3,7.92,6.3,6.0,8.2,7.0,6.5,6.74,8.2,8.9,9.9,8.9,9.7,9.01
772,Francisco Reyes Vázquez,Tecnología,Soporte Técnico,2025-10-21,7.4,7.9,8.6,7.5,7.1,7.74,6.6,7.0,9.9,7.6,7.61,9.5,9.8,9.5,10.0,8.2,9.46,9.0,7.8,7.2,7.1,7.2,7.78
773,Ana Reyes Jiménez,Recursos Humanos,Nómina,2026-08-20,4.6,6.0,6.1,7.7,7.3,6.12,5.4,4.6,6.1,6.0,5.49,7.6,5.4,7.7,7.4,8.1,7.12,6.9,7.7,7.7,7.1,4.9,7.1
774,Ana Rodríguez Cruz,Marketing,Marketing Digital,2026-05-23,8.5,6.5,8.0,4.9,6.2,7.02,5.9,7.6,6.4,4.0,5.95,6.6,5.6,4.2,3.8,6.1,5.38,5.2,5.8,5.1,4.8,4.4,5.17
775,Camila Sánchez Cruz,Ventas,Ventas Internacionales,2026-03-05,5.4,4.3,5.9,6.0,4.7,5.21,4.5,4.7,2.7,3.6,3.96,5.8,5.9,4.2,5.5,7.4,5.7,4.7,7.8,3.9,5.7,7.0,5.74
776,Valeria Vázquez González,Marketing,Investigación de Mercado,2026-04-06,7.4,8.5,9.2,9.7,7.1,8.33,8.4,7.8,8.5,8.4,8.27,8.2,8.6,9.0,10.0,9.1,8.86,7.8,7.7,6.4,8.0,6.4,7.4
777,Ricardo Hernández Martínez,Recursos Humanos,Capacitación,2026-06-30,4.9,5.1,6.8,5.3,6.9,5.69,5.1,4.6,5.9,6.0,5.36,6.4,7.4,6.0,4.4,6.9,6.35,5.8,5.0,5.9,5.6,3.3,5.33
778,Mariana Hernández Reyes,Ventas,Ventas Nacionales,2025-11-14,2.8,2.0,2.4,5.5,3.1,2.97,1.5,0.3,2.1,3.7,1.87,3.9,3.3,2.5,1.9,3.2,3.06,1.7,2.5,0.2,2.0,3.4,1.83
779,Camila Gómez Gómez,Ventas,Ventas Nacionales,2026-02-27,8.1,6.3,7.4,5.9,7.1,7.03,7.7,7.1,9.3,7.0,7.7,7.6,5.7,6.5,6.9,8.1,6.88,5.4,4.4,4.0,5.1,4.6,4.73
780,Sergio Pérez Hernández,Finanzas,Contabilidad,2026-08-12,5.4,7.1,6.0,6.1,5.5,6.06,6.0,6.7,6.4,6.7,6.43,4.6,4.3,4.3,5.3,4.1,4.49,6.6,6.8,7.5,6.8,5.6,6.77
781,Camila González Ortiz,Finanzas,Contabilidad,2025-11-06,7.0,6.1,4.4,5.6,4.4,5.66,6.2,8.2,5.4,3.5,5.86,7.2,6.6,5.6,5.0,6.5,6.3,7.3,6.8,7.8,5.4,7.4,6.9
782,Sofía Jiménez Sánchez,Marketing,Investigación de Mercado,2026-06-14,1.7,2.0,3.2,1.9,3.0,2.3,3.9,3.1,1.3,4.4,3.3,2.1,2.1,4.0,2.6,1.8,2.51,2.8,1.3,0.3,3.4,2.9,2.06
783,Carlos Cruz Vázquez,Marketing,Comunicación de Marca,2025-10-10,2.5,5.4,4.1,3.5,4.7,4.02,5.3,3.7,7.9,5.2,5.4,2.4,3.7,5.0,3.4,1.9,3.32,5.1,5.8,5.8,6.0,6.1,5.7
784,Sofía Morales Castillo,Finanzas,Auditoría Interna,2026-01-16,6.5,4.8,5.5,6.9,6.1,5.88,3.9,5.0,5.0,4.4,4.52,4.9,4.6,6.9,4.0,5.5,5.18,5.6,5.9,4.8,4.8,6.9,5.48
785,Ximena Jiménez Cruz,Recursos Humanos,Reclutamiento,2026-04-13,4.6,6.1,7.9,6.1,5.0,5.92,7.4,8.0,6.9,9.9,8.08,5.0,4.9,6.7,4.4,8.5,5.75,8.6,8.0,7.8,8.3,9.6,8.33
786,Sergio Pérez Vázquez,Recursos Humanos,Capacitación,2025-12-20,5.0,4.3,6.2,6.0,4.7,5.17,3.5,7.2,5.1,4.5,5.0,6.3,7.5,6.3,5.7,7.3,6.66,4.3,4.2,4.2,4.2,5.6,4.36
787,Raúl Castillo Pérez,Ventas,Atención a Clientes,2026-02-09,6.4,7.8,4.1,7.3,7.0,6.52,5.6,5.6,4.4,5.5,5.34,5.7,4.3,5.7,6.7,6.2,5.57,5.4,7.2,7.6,6.7,5.3,6.54
788,Gabriela López Reyes,Marketing,Comunicación de Marca,2026-07-04,6.3,8.1,8.0,7.0,9.5,7.67,9.0,9.2,10.0,9.9,9.48,9.2,8.6,7.6,8.9,7.7,8.46,9.8,5.2,8.9,7.9,7.2,7.83
789,Gabriela González Castillo,Operaciones,Producción,2026-01-27,9.2,8.8,8.1,9.7,7.2,8.66,10.0,9.4,9.7,10.0,9.79,8.7,8.5,7.8,8.5,9.1,8.5,7.0,6.5,5.4,6.9,6.7,6.5
790,Mariana López Pérez,Tecnología,Soporte Técnico,2026-07-12,7.0,8.0,6.6,7.0,6.1,7.04,8.7,7.8,5.8,8.9,7.94,6.2,5.2,8.1,6.1,7.6,6.52,6.4,6.2,5.7,6.4,6.7,6.24
791,Jorge Flores Pérez,Recursos Humanos,Reclutamiento,2026-09-01,5.8,3.2,4.0,1.5,5.1,4.04,5.8,4.8,6.6,5.9,5.74,5.3,8.0,5.1,6.2,6.0,6.18,6.1,7.1,5.3,6.6,4.8,6.16
792,Ricardo Reyes Romero,Recursos Humanos,Capacitación,2026-01-15,2.3,1.8,1.8,3.6,3.6,2.46,4.1,5.0,3.0,3.3,3.9,3.7,1.5,3.0,4.5,4.3,3.22,4.0,2.4,1.7,3.5,3.3,2.97
793,Diego Ramírez Flores,Recursos Humanos,Reclutamiento,2026-02-28,6.0,4.0,7.0,7.0,3.5,5.48,5.9,5.2,5.5,6.2,5.72,5.9,7.1,8.0,4.9,6.8,6.6,4.1,6.8,4.7,6.6,5.5,5.53
794,Jorge García González,Tecnología,Desarrollo,2025-12-30,4.4,6.2,6.5,6.3,4.7,5.6,4.9,5.0,4.7,6.4,5.26,6.6,6.4,6.0,7.1,6.1,6.43,6.0,4.2,4.7,6.3,8.3,5.58
795,Ricardo López Martínez,Ventas,Atención a Clientes,2026-06-06,3.2,4.1,5.5,4.9,5.4,4.47,8.0,5.7,6.6,5.2,6.44,7.1,5.8,6.3,6.7,7.6,6.63,7.8,7.3,8.0,4.8,5.4,6.88
796,Diego Sánchez Flores,Recursos Humanos,Nómina,2026-06-03,5.4,5.2,4.7,4.7,4.4,4.96,3.5,4.2,3.5,3.0,3.55,2.9,3.6,5.4,4.6,4.9,4.13,4.8,3.7,3.4,5.3,2.9,4.16
797,Andrea Rodríguez Cruz,Ventas,Atención a Clientes,2026-08-28,10.0,8.5,9.8,9.1,8.1,9.16,9.6,7.1,8.2,7.9,8.27,10.0,10.0,9.3,9.1,8.2,9.46,9.5,8.9,8.2,9.4,9.0,9.02
798,Laura Martínez Hernández,Ventas,Ventas Internacionales,2026-02-23,7.0,6.4,8.9,8.4,9.1,7.76,6.4,9.9,8.2,8.0,8.04,7.5,8.4,7.6,6.8,8.4,7.78,7.4,6.8,6.6,4.7,9.4,6.75
799,Ana García Cruz,Marketing,Marketing Digital,2025-10-01,4.0,1.6,3.4,4.1,1.5,2.92,2.1,3.7,0.9,4.1,2.76,1.7,2.3,4.9,4.2,2.3,2.96,4.6,2.2,3.0,2.7,4.5,3.29
800,Andrea Ortiz Ortiz,Ventas,Ventas Internacionales,2026-06-20,7.5,6.0,6.8,7.7,8.0,7.09,8.6,7.6,9.7,8.4,8.52,8.0,8.8,7.0,7.4,7.9,7.9,4.9,7.5,7.5,7.8,6.5,6.81
801,Ximena Flores Sánchez,Tecnología,Infraestructura,2026-06-25,5.9,5.3,6.7,2.5,4.1,5.13,3.7,5.5,4.4,6.1,4.89,2.2,2.3,2.0,1.4,1.9,2.02,3.6,5.4,3.1,3.3,1.9,3.72
802,Gabriela Torres Gómez,Ventas,Ventas Internacionales,2025-12-10,7.0,8.3,6.6,8.9,8.5,7.76,7.9,7.7,9.0,9.1,8.37,10.0,9.7,8.5,8.0,7.0,8.88,10.0,9.3,9.0,9.5,9.5,9.48
803,Sofía Reyes Martínez,Finanzas,Tesorería,2025-10-23,5.3,7.0,6.2,4.4,8.1,6.19,4.6,5.7,4.2,6.2,5.19,5.1,5.3,5.2,4.8,4.9,5.1,5.9,3.4,7.7,6.1,5.0,5.58
804,Mariana Morales Jiménez,Operaciones,Producción,2026-05-12,6.9,2.2,6.1,6.0,4.7,5.1,5.8,5.7,7.7,6.5,6.33,8.2,6.7,7.4,8.9,7.0,7.59,6.7,6.4,6.3,8.2,5.4,6.72
805,Fernanda Rodríguez Ortiz,Tecnología,Soporte Técnico,2025-12-04,2.4,1.8,2.2,3.3,3.1,2.45,4.7,1.6,3.6,4.7,3.7,4.6,4.5,2.5,0.7,3.8,3.45,3.0,5.5,5.1,4.2,2.7,4.26
806,Daniela Pérez García,Ventas,Atención a Clientes,2026-02-02,5.3,4.9,5.0,5.6,5.4,5.2,5.0,3.9,3.0,4.2,4.12,2.7,5.2,4.7,4.4,4.5,4.25,3.5,4.6,5.3,4.8,3.3,4.38
807,Mariana Pérez García,Recursos Humanos,Nómina,2026-03-24,6.9,6.5,7.1,7.6,7.8,7.08,6.8,6.1,7.0,8.9,7.19,7.4,6.1,8.0,7.3,8.0,7.27,4.4,5.4,5.1,8.2,7.7,5.88
808,Pedro Jiménez Sánchez,Ventas,Ventas Nacionales,2026-04-22,5.2,4.5,6.0,3.4,5.4,4.94,5.8,7.2,4.9,3.8,5.47,5.6,4.6,5.1,5.3,4.9,5.1,4.9,5.3,4.1,4.2,5.8,4.79
809,Jorge Reyes Martínez,Finanzas,Tesorería,2026-01-28,7.5,6.6,9.0,6.4,8.3,7.53,8.2,7.4,8.4,7.4,7.84,7.0,9.2,8.1,8.7,10.0,8.48,8.0,7.3,4.5,8.7,6.2,7.09
810,Ricardo García Martínez,Tecnología,Desarrollo,2026-04-19,5.8,6.1,7.5,5.6,4.3,5.96,3.3,8.0,6.0,5.3,5.52,6.6,6.1,5.8,4.4,5.3,5.79,7.5,4.0,5.3,4.3,2.7,5.06
811,Camila Castillo Hernández,Ventas,Ventas Nacionales,2026-04-07,6.7,7.3,7.7,8.6,7.1,7.4,8.3,8.6,7.6,10.0,8.66,8.1,5.1,6.0,8.6,7.8,6.96,7.1,6.5,6.9,8.7,7.5,7.27
812,Fernanda Reyes Martínez,Operaciones,Producción,2026-02-05,7.4,8.1,8.3,8.0,8.9,8.07,7.5,5.8,10.0,5.7,7.12,9.6,7.6,9.6,10.0,7.8,8.89,8.3,7.0,7.2,5.6,8.3,7.22
813,Andrea González Romero,Recursos Humanos,Nómina,2026-08-03,8.4,8.1,6.4,6.3,6.7,7.36,10.0,7.1,7.2,8.4,8.32,5.5,8.4,5.0,6.6,8.2,6.69,8.5,9.5,8.1,7.3,8.6,8.44
814,Valeria Gómez Pérez,Marketing,Marketing Digital,2025-11-27,7.0,6.9,8.8,5.9,6.5,7.1,9.6,7.7,10.0,9.0,9.06,10.0,10.0,10.0,10.0,9.8,9.97,7.4,5.0,7.9,9.9,9.5,7.61
815,Andrea Romero Hernández,Tecnología,Soporte Técnico,2026-04-25,4.0,4.5,7.1,3.8,5.4,4.93,3.4,5.3,5.9,6.2,5.08,3.9,7.7,6.1,4.3,4.8,5.48,5.0,3.5,4.3,3.4,5.0,4.16
816,Jorge González Gómez,Tecnología,Desarrollo,2026-03-15,8.1,6.8,10.0,10.0,9.1,8.59,5.9,6.8,10.0,10.0,7.97,10.0,6.2,7.5,8.1,9.9,8.25,8.5,8.1,9.2,7.4,7.0,8.17
817,Mariana Ramírez Torres,Ventas,Ventas Internacionales,2025-11-01,9.0,10.0,8.7,10.0,9.7,9.44,9.4,7.8,7.7,7.2,8.11,8.5,7.5,9.8,9.9,6.8,8.46,8.2,9.6,8.1,6.3,8.8,8.21
818,Sergio Reyes Cruz,Recursos Humanos,Capacitación,2025-10-17,2.6,2.2,3.1,1.8,3.3,2.59,1.5,2.4,3.7,3.7,2.72,4.8,6.3,5.4,4.5,4.7,5.24,4.7,2.6,5.0,3.2,5.6,4.03
819,Gabriela Cruz Reyes,Recursos Humanos,Reclutamiento,2026-04-02,4.5,5.0,3.6,1.0,3.6,3.78,2.5,4.1,4.4,2.3,3.23,5.1,4.6,2.9,2.3,5.6,4.19,2.9,3.4,4.3,3.0,2.5,3.28
820,Ana Torres González,Ventas,Atención a Clientes,2025-09-15,1.5,2.5,0.0,3.4,1.7,1.76,2.5,2.1,3.4,4.3,3.03,3.2,3.5,3.8,3.9,5.6,3.86,2.6,4.6,2.5,1.4,2.8,2.86
821,Juan Jiménez Pérez,Finanzas,Tesorería,2026-04-15,5.4,6.9,3.7,4.5,6.8,5.51,7.2,6.7,7.1,4.4,6.36,7.2,6.7,6.0,6.6,5.7,6.52,7.1,5.8,6.1,5.0,6.5,6.1
822,María Ortiz Hernández,Marketing,Investigación de Mercado,2026-03-19,8.9,8.5,8.9,7.7,7.4,8.4,7.5,8.6,9.7,7.0,8.09,8.6,9.0,8.3,9.6,8.5,8.78,8.5,9.5,8.3,10.0,8.7,9.03
823,Andrea Martínez Flores,Marketing,Investigación de Mercado,2026-07-25,4.7,4.6,4.4,4.7,8.1,5.12,5.5,6.2,3.2,6.0,5.34,6.7,5.9,7.2,7.3,5.7,6.54,8.2,6.7,4.6,5.1,5.0,6.16
824,Paola López Flores,Finanzas,Contabilidad,2026-05-07,3.8,5.0,5.4,2.9,4.9,4.45,2.8,3.4,4.2,4.2,3.58,4.1,3.5,4.4,3.4,2.7,3.7,6.4,3.4,5.1,2.4,5.1,4.46
825,Valeria Flores Castillo,Finanzas,Auditoría Interna,2026-03-07,7.5,8.0,7.5,7.8,9.6,7.98,8.8,10.0,9.5,7.2,8.84,7.9,6.4,8.6,9.7,10.0,8.25,8.7,8.0,8.8,6.2,6.5,7.83
826,Sergio Castillo Vázquez,Operaciones,Logística,2026-06-10,4.7,5.2,5.4,5.8,5.7,5.28,7.2,5.0,5.7,5.0,5.8,6.5,6.5,6.4,6.5,7.7,6.66,5.3,4.5,5.6,7.9,6.4,5.79
827,Diego Vázquez Romero,Tecnología,Desarrollo,2025-11-23,6.8,7.3,6.8,7.6,8.5,7.3,6.8,6.8,5.4,6.2,6.37,4.8,5.6,6.7,5.1,7.3,5.8,8.6,7.2,5.7,8.2,8.1,7.54
828,Laura Vázquez Vázquez,Tecnología,Infraestructura,2026-06-24,5.0,6.2,5.0,3.8,4.2,5.0,5.7,6.6,6.2,6.9,6.32,7.7,5.0,8.1,5.8,5.7,6.52,3.3,4.6,3.7,3.2,2.1,3.56
829,Ana Romero Torres,Finanzas,Contabilidad,2026-02-10,8.7,6.0,6.8,7.0,5.7,6.94,4.1,5.6,5.3,5.1,4.96,7.6,7.9,6.5,8.7,5.3,7.28,6.3,5.0,6.5,7.7,7.1,6.38
830,Sofía Morales Pérez,Tecnología,Infraestructura,2025-09-24,4.1,5.2,4.6,4.2,5.3,4.67,2.9,2.9,1.4,4.4,2.98,3.0,6.0,5.0,3.7,4.1,4.42,3.1,2.6,2.1,2.3,1.1,2.42
831,Sofía Pérez Castillo,Ventas,Ventas Internacionales,2025-10-09,9.2,8.1,10.0,9.6,9.3,9.16,7.8,8.6,8.0,9.8,8.54,10.0,8.8,8.4,9.5,10.0,9.3,10.0,8.8,8.2,9.0,10.0,9.14
832,Valeria González García,Ventas,Atención a Clientes,2025-09-10,6.8,5.1,8.6,6.6,7.1,6.75,10.0,9.7,10.0,6.2,8.98,8.7,9.3,8.9,9.9,10.0,9.26,9.2,8.9,7.3,10.0,8.9,8.88
833,Camila García Cruz,Recursos Humanos,Capacitación,2025-11-02,4.5,5.7,3.6,5.4,4.6,4.77,3.4,6.5,4.7,4.3,4.66,2.1,2.0,1.0,2.9,3.5,2.18,5.8,4.7,3.2,3.8,3.9,4.42
834,Roberto Pérez Jiménez,Operaciones,Control de Calidad,2026-03-24,10.0,7.2,9.1,10.0,9.4,9.03,10.0,7.6,10.0,7.6,8.8,7.8,7.0,8.3,8.4,7.5,7.74,7.3,9.1,9.7,6.9,6.4,8.06
835,Alejandro Sánchez Morales,Ventas,Ventas Internacionales,2025-11-04,5.1,4.8,6.0,6.5,6.0,5.55,4.7,5.5,5.3,6.0,5.35,7.3,3.8,5.4,4.2,4.9,5.22,6.6,5.7,7.1,6.9,5.4,6.42
836,Miguel Gómez Flores,Marketing,Marketing Digital,2025-09-10,6.6,4.9,6.5,5.2,7.7,6.11,6.5,4.9,2.8,4.6,4.88,4.2,4.2,4.9,6.9,8.4,5.38,6.6,9.2,7.5,8.0,6.2,7.67
837,Andrea Sánchez Sánchez,Tecnología,Desarrollo,2025-10-26,7.3,10.0,7.9,6.6,9.1,8.26,9.6,10.0,10.0,9.6,9.78,7.9,9.4,8.5,9.4,9.4,8.85,10.0,10.0,9.7,10.0,10.0,9.94
838,Carlos Romero Romero,Marketing,Marketing Digital,2026-07-30,7.7,7.5,7.0,7.5,7.7,7.48,5.5,6.5,5.4,5.2,5.66,7.6,5.4,7.1,6.6,8.3,6.9,4.5,3.9,5.9,5.3,6.6,5.0
839,Miguel Cruz Torres,Recursos Humanos,Reclutamiento,2025-11-20,2.7,3.4,4.0,2.0,3.4,3.14,4.6,4.0,2.0,3.2,3.58,2.9,3.3,3.4,3.3,4.5,3.4,4.8,2.3,4.8,1.6,2.3,3.28
840,Juan Jiménez Torres,Tecnología,Infraestructura,2026-03-12,9.4,9.5,9.3,10.0,9.4,9.5,6.6,8.0,8.5,7.6,7.58,7.7,6.7,6.4,8.2,7.2,7.19,9.3,8.9,10.0,8.3,8.5,9.06
841,Paola Torres Morales,Operaciones,Control de Calidad,2026-07-30,5.3,6.5,4.5,6.1,6.5,5.74,7.2,7.5,6.0,7.6,7.14,7.0,5.1,5.7,4.5,6.6,5.83,6.0,7.4,7.9,7.0,7.4,7.07
842,Daniela Torres Ortiz,Finanzas,Tesorería,2025-09-24,6.3,8.5,7.9,8.0,7.0,7.53,6.0,6.6,5.6,5.9,6.04,7.7,7.3,6.9,7.0,4.8,6.9,7.0,9.2,6.5,8.0,9.4,7.89
843,Sergio López Martínez,Ventas,Ventas Internacionales,2026-05-21,6.6,8.0,6.4,7.7,6.0,6.98,5.4,5.3,6.6,6.0,5.76,9.8,9.6,10.0,5.7,8.1,8.92,6.1,6.1,7.0,7.4,9.1,6.84
844,Pedro Romero López,Marketing,Marketing Digital,2025-12-28,6.9,7.5,9.7,7.0,6.9,7.62,7.2,6.7,5.8,5.4,6.35,3.5,4.4,5.1,6.0,4.3,4.54,7.8,6.2,5.9,7.6,6.5,6.85
845,Miguel Ortiz Flores,Marketing,Marketing Digital,2026-01-21,2.3,1.7,1.7,2.9,2.7,2.18,1.4,3.2,2.2,1.1,1.94,2.5,2.5,3.4,2.8,3.0,2.8,4.0,4.5,5.1,4.6,1.6,4.22
846,Sergio Vázquez Castillo,Marketing,Marketing Digital,2026-07-19,7.4,8.6,8.2,7.1,7.5,7.83,6.9,8.4,7.4,6.0,7.15,7.0,4.6,5.3,7.3,5.4,5.86,5.5,6.3,7.9,5.7,5.8,6.25
847,Gabriela Vázquez García,Marketing,Investigación de Mercado,2026-01-30,6.6,7.5,5.6,7.0,7.6,6.83,6.6,5.0,3.9,5.9,5.48,5.0,4.2,3.6,5.4,6.1,4.74,4.5,5.1,6.1,4.7,5.3,5.09
848,Laura Rodríguez Ortiz,Tecnología,Desarrollo,2026-07-30,0.7,4.0,1.8,3.3,1.1,2.2,3.8,2.7,6.4,2.1,3.62,1.1,2.1,2.0,3.6,4.9,2.48,1.9,0.9,2.1,1.6,1.1,1.55
849,Juan Romero Cruz,Ventas,Atención a Clientes,2025-12-29,7.2,7.4,8.0,9.3,7.8,7.82,6.9,7.3,7.6,7.8,7.36,5.6,6.0,9.9,7.2,5.6,6.8,9.4,5.5,9.7,7.9,6.6,7.9
850,Luis Gómez Sánchez,Finanzas,Tesorería,2026-03-07,5.6,5.6,8.1,4.4,4.9,5.82,7.2,5.6,5.8,7.4,6.57,5.1,5.0,5.4,6.8,7.2,5.7,5.5,5.5,3.0,4.0,6.0,4.75
851,Carlos Pérez Pérez,Recursos Humanos,Capacitación,2025-09-28,4.1,1.7,4.1,1.2,2.3,2.8,0.7,2.0,0.9,1.6,1.29,2.7,2.7,3.3,3.6,4.6,3.24,0.8,4.1,2.7,3.8,3.3,2.86
852,Francisco Cruz Ramírez,Tecnología,Desarrollo,2025-09-20,6.4,6.1,5.0,7.1,7.6,6.33,8.4,6.7,6.9,6.9,7.3,5.8,4.7,6.9,7.3,5.8,5.97,7.2,7.1,5.2,4.7,8.2,6.38
853,Fernanda Pérez Torres,Operaciones,Producción,2026-09-05,4.5,6.0,4.8,5.1,5.0,5.1,5.4,2.2,5.0,6.2,4.72,7.4,5.9,5.9,7.0,5.9,6.44,5.4,7.2,5.8,5.9,4.9,5.98
854,Alejandro Morales González,Recursos Humanos,Reclutamiento,2025-10-11,5.8,4.7,6.2,6.6,6.8,5.88,6.9,6.3,7.1,6.5,6.69,7.8,6.8,9.9,8.7,4.6,7.62,4.7,3.9,5.7,5.1,6.2,4.93
855,Raúl García Flores,Tecnología,Desarrollo,2026-08-20,5.0,4.7,6.6,6.2,6.4,5.64,7.1,8.7,5.9,6.2,7.03,7.1,6.9,5.9,5.6,7.0,6.57,4.3,4.0,6.9,6.6,3.7,5.14
856,Andrea Reyes Jiménez,Recursos Humanos,Nómina,2026-04-16,3.8,2.8,1.5,3.7,2.8,2.92,4.6,4.5,3.5,2.9,3.93,3.2,3.3,1.7,2.8,3.6,2.92,3.8,3.9,4.3,1.2,3.9,3.41
857,Carlos Rodríguez Jiménez,Finanzas,Auditoría Interna,2026-08-31,6.0,5.6,6.1,5.5,5.5,5.77,5.2,6.4,3.8,5.1,5.2,3.7,5.6,4.4,4.1,4.0,4.42,4.8,6.0,5.8,5.9,6.9,5.73
858,Sergio Martínez Sánchez,Recursos Humanos,Reclutamiento,2025-12-25,10.0,7.7,8.7,9.6,7.4,8.72,8.0,10.0,9.3,10.0,9.26,9.2,7.7,9.0,8.6,8.1,8.53,9.8,8.1,10.0,10.0,10.0,9.48
859,Mariana González Jiménez,Operaciones,Control de Calidad,2026-01-29,6.4,4.7,4.8,6.6,8.2,5.96,4.5,5.6,6.4,6.3,5.6,8.2,8.1,7.3,5.3,5.5,7.15,5.7,6.8,8.0,6.6,7.6,6.8
860,Roberto Ortiz Ramírez,Finanzas,Tesorería,2026-09-02,3.9,1.4,1.8,1.7,3.2,2.42,1.3,4.0,3.2,2.9,2.76,3.1,4.1,3.9,3.5,5.2,3.88,4.1,4.4,2.8,3.1,1.7,3.48
861,Ana Flores Pérez,Marketing,Investigación de Mercado,2026-01-12,6.1,7.4,7.2,8.9,8.0,7.35,5.9,5.9,8.2,6.9,6.61,8.4,6.5,7.4,9.9,5.5,7.52,7.1,8.1,6.3,8.0,8.4,7.5
862,Roberto Castillo Reyes,Finanzas,Tesorería,2026-08-15,6.3,7.0,5.9,6.3,6.0,6.35,4.1,8.3,8.0,8.8,7.1,3.3,5.3,5.1,4.8,4.6,4.58,7.1,5.2,6.3,5.9,5.0,6.02
863,Karla González Morales,Tecnología,Soporte Técnico,2026-01-10,2.8,5.0,5.2,5.2,4.3,4.42,3.3,5.4,3.2,6.1,4.5,5.6,3.4,5.3,3.9,5.5,4.72,5.4,5.2,5.4,2.9,5.9,4.9
864,Gabriela Romero Castillo,Finanzas,Contabilidad,2026-07-08,1.9,2.4,1.9,2.0,2.2,2.08,1.4,3.7,4.8,3.0,3.06,5.1,2.7,4.5,5.8,5.2,4.5,4.0,3.8,5.6,4.9,5.0,4.55
865,Luis González Gómez,Tecnología,Infraestructura,2026-02-02,4.0,8.2,5.5,6.0,7.2,6.13,5.7,4.8,6.3,5.6,5.57,5.3,6.6,7.8,6.4,6.1,6.41,6.9,5.4,6.8,6.8,4.2,6.22
866,Mariana García Vázquez,Operaciones,Control de Calidad,2026-01-11,8.7,8.7,8.7,9.0,8.7,8.74,8.3,9.2,10.0,9.9,9.26,9.0,6.4,7.2,8.8,6.3,7.56,10.0,7.5,10.0,8.7,9.4,9.06
867,Laura Sánchez Ramírez,Operaciones,Logística,2026-08-28,8.7,8.2,9.2,9.5,8.1,8.7,7.9,8.9,7.8,8.1,8.18,7.9,7.8,10.0,10.0,8.0,8.62,9.3,9.2,8.5,8.7,10.0,9.06
868,Carlos Romero Ortiz,Tecnología,Infraestructura,2026-08-13,6.1,6.8,5.9,6.2,7.4,6.44,7.0,8.1,6.0,4.8,6.52,3.3,4.6,4.1,5.2,6.0,4.47,6.1,6.9,6.8,6.6,5.9,6.52
869,José Rodríguez Romero,Operaciones,Logística,2026-04-11,5.6,5.1,4.8,4.4,3.2,4.78,5.0,3.8,3.1,6.1,4.6,5.4,3.9,6.5,4.2,4.8,4.97,6.9,7.1,5.9,3.9,7.7,6.23
870,Gabriela González Ramírez,Ventas,Ventas Internacionales,2026-08-15,6.3,5.9,9.5,7.5,6.3,7.02,6.3,6.9,7.7,8.0,7.16,6.8,8.2,7.6,7.6,8.4,7.67,6.8,10.0,10.0,7.3,7.5,8.41
871,Andrea Ortiz Ramírez,Finanzas,Auditoría Interna,2025-12-28,4.3,1.5,3.0,4.8,2.6,3.16,2.6,4.2,3.6,4.1,3.58,2.4,1.8,0.5,2.3,2.3,1.84,1.7,3.5,3.8,3.2,2.2,2.92
872,Juan López Romero,Recursos Humanos,Capacitación,2026-04-20,7.2,7.7,9.1,7.1,7.3,7.7,7.8,7.0,7.2,7.0,7.28,7.5,8.3,8.7,7.0,7.1,7.8,7.1,8.6,7.7,7.7,5.0,7.5
873,Luis Rodríguez Ramírez,Tecnología,Desarrollo,2026-02-23,6.2,7.6,8.0,6.6,5.0,6.79,5.2,7.8,6.0,5.3,6.04,7.5,6.2,4.6,7.1,6.5,6.38,4.7,5.6,5.5,5.6,4.5,5.24
874,Laura Ramírez Sánchez,Tecnología,Soporte Técnico,2025-10-17,5.5,6.8,6.7,6.9,4.2,6.08,4.5,8.1,4.1,3.8,5.14,6.1,2.9,3.5,4.5,4.9,4.36,7.4,5.1,6.3,7.0,5.9,6.38
875,Ana Torres Rodríguez,Ventas,Atención a Clientes,2026-05-13,7.0,7.2,8.8,8.6,9.5,8.02,7.6,8.0,8.3,7.3,7.76,6.5,7.0,7.0,7.2,6.8,6.88,8.3,8.5,8.9,8.1,8.5,8.45
876,Pedro Sánchez Jiménez,Finanzas,Contabilidad,2026-01-18,8.8,7.1,8.6,7.6,5.0,7.58,6.1,8.2,6.0,6.2,6.63,5.7,6.4,6.1,4.4,4.0,5.5,3.7,4.7,4.9,4.0,3.5,4.23
877,Sofía García Cruz,Ventas,Ventas Internacionales,2026-07-18,7.1,9.3,7.4,9.5,8.0,8.2,7.3,7.9,7.9,8.5,7.87,6.2,7.7,7.5,6.7,6.2,6.91,8.6,7.9,5.8,6.3,8.3,7.38
878,José Castillo Rodríguez,Operaciones,Producción,2026-01-25,6.6,6.7,4.8,4.7,5.7,5.85,8.6,6.9,8.0,7.4,7.75,4.2,5.1,5.3,6.3,5.4,5.14,6.7,5.7,5.5,6.1,6.4,6.06
879,Alejandro López Sánchez,Operaciones,Control de Calidad,2026-03-25,5.6,4.2,5.6,5.3,5.4,5.18,3.9,5.4,4.5,4.8,4.62,3.8,4.1,6.3,6.0,6.8,5.15,6.4,5.3,4.4,5.9,5.6,5.54
880,Daniela Cruz Vázquez,Marketing,Marketing Digital,2026-04-16,6.3,5.4,5.8,4.5,5.3,5.56,6.7,6.9,6.7,7.6,6.98,6.2,6.5,4.3,4.7,7.4,5.85,3.6,6.2,3.2,7.0,4.0,4.89
881,Francisco Flores García,Ventas,Ventas Internacionales,2026-07-31,1.7,4.0,3.8,3.1,1.4,2.86,4.4,1.9,2.5,1.7,2.72,3.0,1.8,3.0,2.2,2.8,2.55,4.0,3.2,4.1,2.9,4.2,3.62
882,Daniela Martínez Romero,Operaciones,Logística,2025-10-03,6.2,6.7,6.3,5.4,7.4,6.4,9.6,7.6,8.9,9.3,8.88,8.7,7.1,9.8,6.9,10.0,8.44,10.0,7.4,9.5,9.7,7.0,8.89
883,Jorge López Jiménez,Operaciones,Control de Calidad,2025-09-19,5.1,4.9,3.9,5.9,5.4,4.97,6.8,6.1,7.1,5.5,6.36,5.7,5.0,4.6,7.5,5.0,5.47,5.1,6.1,6.2,4.0,5.2,5.36
884,Ana Pérez Martínez,Tecnología,Desarrollo,2026-06-18,3.5,3.9,1.3,2.5,4.2,3.12,2.8,2.4,5.2,2.7,3.16,2.6,2.1,1.6,2.3,2.3,2.18,2.7,3.2,0.7,3.9,0.3,2.42
885,Camila Castillo Rodríguez,Marketing,Comunicación de Marca,2026-01-29,7.3,7.7,5.4,7.0,9.0,7.23,8.2,9.3,7.2,8.2,8.28,6.6,7.1,6.7,10.0,9.5,7.69,10.0,7.8,9.2,8.8,9.4,8.99
886,Pedro Vázquez López,Finanzas,Tesorería,2026-06-25,7.1,6.0,6.2,5.8,5.7,6.24,5.4,7.1,6.0,3.9,5.57,6.9,6.6,6.3,5.2,6.2,6.34,3.3,4.3,4.4,5.2,6.1,4.43
887,Francisco Vázquez Rodríguez,Recursos Humanos,Nómina,2026-04-23,6.9,9.4,7.7,7.2,8.1,7.91,7.5,9.9,7.7,7.7,8.19,7.3,6.7,6.6,9.1,7.9,7.37,9.7,7.3,8.7,6.9,8.6,8.23
888,Fernanda Vázquez Flores,Operaciones,Control de Calidad,2025-10-13,4.4,4.7,4.6,6.3,3.6,4.68,3.8,3.6,4.9,3.0,3.77,5.0,2.9,3.9,2.8,3.4,3.68,2.3,5.4,3.1,2.3,3.1,3.32
889,Pedro Jiménez Rodríguez,Finanzas,Tesorería,2026-02-14,9.8,8.0,8.6,8.2,9.5,8.82,9.3,8.7,8.4,8.4,8.74,8.4,8.5,8.7,7.8,8.6,8.42,7.2,8.9,8.4,6.2,7.0,7.64
890,Diego González Pérez,Ventas,Ventas Nacionales,2025-12-04,2.2,2.8,5.3,0.7,2.0,2.72,2.3,2.4,3.0,3.1,2.66,3.4,4.1,3.2,3.3,1.3,3.2,2.7,2.6,3.7,4.3,2.4,3.16
891,Luis Flores López,Marketing,Investigación de Mercado,2026-02-22,5.0,4.7,5.1,4.5,6.1,5.04,4.2,4.1,4.8,2.7,3.92,5.2,4.2,2.8,4.3,2.0,3.86,4.0,4.2,1.9,3.0,4.3,3.46
892,Gabriela Vázquez Cruz,Ventas,Ventas Nacionales,2025-09-26,2.9,4.3,1.7,4.6,1.7,3.08,3.8,2.2,3.1,1.0,2.56,3.4,4.3,4.4,4.5,3.2,3.96,3.1,3.1,1.2,3.4,3.2,2.79
893,Gabriela Morales Cruz,Operaciones,Logística,2026-06-25,4.4,2.7,4.5,4.1,3.3,3.78,5.9,6.3,3.6,3.8,5.01,3.3,4.9,5.7,3.2,5.3,4.46,4.1,1.8,2.4,2.2,2.5,2.64
894,María González Ramírez,Tecnología,Infraestructura,2026-08-08,7.3,8.4,8.1,7.0,8.5,7.87,9.7,8.6,8.7,8.4,8.9,9.7,9.2,9.7,8.9,10.0,9.5,10.0,10.0,10.0,10.0,9.1,9.91
895,Daniela Reyes Cruz,Ventas,Atención a Clientes,2026-02-15,4.1,1.1,2.8,0.0,1.6,2.1,5.1,4.4,4.9,4.2,4.66,4.3,5.0,4.0,3.7,5.2,4.46,3.2,3.2,2.8,1.2,2.0,2.6
896,Luis López Ramírez,Operaciones,Producción,2026-03-29,5.4,4.5,6.1,3.6,3.3,4.73,4.8,4.6,4.7,4.0,4.53,4.0,4.6,4.3,3.7,6.0,4.46,6.2,6.3,8.8,5.5,7.2,6.7
897,Mariana García Sánchez,Tecnología,Soporte Técnico,2025-09-09,5.7,6.0,6.3,5.7,5.3,5.83,5.9,4.1,4.8,7.4,5.6,7.9,6.0,5.0,6.9,6.6,6.5,5.6,4.9,6.3,3.7,4.6,5.08
898,Roberto Hernández Torres,Recursos Humanos,Nómina,2025-12-01,5.4,5.7,7.2,6.1,8.7,6.44,6.1,7.0,7.7,7.9,7.1,8.2,7.3,7.1,8.6,9.5,8.01,7.8,9.5,9.2,8.5,9.9,8.86
899,Raúl Jiménez Rodríguez,Finanzas,Auditoría Interna,2026-02-06,4.7,4.8,5.3,3.0,4.9,4.62,4.8,6.8,5.7,4.4,5.38,5.9,3.7,5.9,6.0,5.5,5.31,6.8,6.7,4.6,7.7,7.1,6.54
900,Camila Cruz Morales,Recursos Humanos,Capacitación,2025-11-14,9.5,8.8,9.1,7.6,10.0,9.04,7.9,9.9,9.6,8.5,8.89,7.7,8.9,8.2,6.8,7.7,7.97,8.2,10.0,7.9,10.0,10.0,9.13
901,Karla Romero López,Recursos Humanos,Reclutamiento,2026-06-28,3.7,3.0,2.6,2.7,0.0,2.6,2.3,4.5,3.4,4.4,3.6,1.1,1.8,4.0,2.5,3.1,2.37,2.4,4.8,2.4,4.9,2.4,3.5
902,Mariana Vázquez Reyes,Recursos Humanos,Reclutamiento,2025-12-17,3.8,5.1,3.6,3.3,4.3,4.08,3.8,2.9,2.9,4.0,3.44,0.0,2.9,2.1,3.2,1.2,1.8,1.3,3.5,5.5,3.2,3.2,3.26
903,Valeria Gómez Vázquez,Marketing,Marketing Digital,2025-09-23,8.5,5.7,4.3,3.3,3.4,5.42,2.2,2.5,2.4,3.2,2.57,4.0,3.4,2.2,3.9,4.4,3.54,3.8,3.5,3.3,1.5,6.1,3.4
904,Ana Hernández Jiménez,Finanzas,Auditoría Interna,2026-07-13,8.9,6.9,5.5,8.7,7.2,7.44,7.7,7.3,8.0,8.5,7.86,7.3,6.8,7.1,5.6,6.7,6.79,5.8,7.6,6.3,6.0,5.7,6.38
905,Mariana Ramírez Gómez,Tecnología,Infraestructura,2026-05-04,6.9,7.5,5.9,5.1,8.0,6.74,6.7,6.6,5.3,7.3,6.54,7.6,6.1,6.4,5.9,6.7,6.6,7.1,6.8,6.9,7.3,7.8,7.1
906,Ana Morales Rodríguez,Ventas,Ventas Nacionales,2025-09-08,4.1,6.5,5.7,5.7,3.8,5.22,5.3,6.9,6.9,6.8,6.4,5.7,7.7,5.5,5.7,4.6,5.99,6.0,7.3,6.3,7.1,5.4,6.54
907,Gabriela Ramírez Vázquez,Ventas,Ventas Internacionales,2025-10-30,4.7,7.0,7.1,6.2,5.3,6.07,4.7,4.8,5.6,6.0,5.23,8.6,7.6,7.1,7.9,5.5,7.48,4.3,7.0,8.8,5.1,7.5,6.36
908,Sofía Ortiz Morales,Recursos Humanos,Reclutamiento,2025-11-01,5.5,5.7,5.8,6.1,6.7,5.88,3.6,5.7,7.3,5.4,5.32,7.2,7.3,6.8,8.5,7.5,7.38,5.6,6.4,4.3,6.4,5.8,5.72
909,Paola Romero Jiménez,Recursos Humanos,Reclutamiento,2025-10-09,4.1,3.8,4.3,1.6,5.3,3.87,2.3,2.0,2.6,4.3,2.78,5.9,4.8,3.4,3.3,3.5,4.38,4.4,2.8,5.2,1.7,6.5,3.83
910,María Cruz Sánchez,Recursos Humanos,Capacitación,2025-10-19,8.5,9.4,8.9,9.0,6.8,8.62,6.7,6.3,7.8,9.3,7.47,6.7,8.2,8.0,9.1,5.9,7.57,9.4,8.8,7.1,6.2,8.3,8.04
911,Sergio Gómez Sánchez,Finanzas,Auditoría Interna,2026-05-14,6.3,5.5,4.8,7.0,4.7,5.66,2.9,3.3,4.9,4.7,3.85,5.8,5.4,4.5,5.8,6.5,5.54,5.3,6.1,7.2,7.2,6.2,6.35
912,Francisco Cruz López,Marketing,Marketing Digital,2026-08-06,9.1,7.3,7.8,7.9,7.0,7.9,6.3,7.7,6.0,8.4,7.12,6.6,8.4,7.1,9.8,7.4,7.75,8.2,6.0,8.3,7.7,7.9,7.54
913,Laura Jiménez Flores,Recursos Humanos,Nómina,2025-09-29,8.5,9.6,8.7,7.8,7.9,8.62,9.3,8.9,10.0,9.7,9.44,10.0,9.1,9.4,10.0,10.0,9.66,7.6,8.8,8.3,8.9,9.0,8.44
914,Daniela Martínez Sánchez,Ventas,Atención a Clientes,2026-03-27,8.9,7.1,6.8,9.7,8.5,8.09,10.0,9.5,10.0,9.1,9.65,8.3,10.0,7.1,8.8,7.0,8.36,8.1,7.6,8.7,7.8,8.0,8.02
915,Ana Torres López,Tecnología,Soporte Técnico,2026-07-01,5.7,5.8,5.9,7.2,6.4,6.1,5.9,7.5,3.8,8.8,6.6,7.6,4.1,2.7,6.9,5.7,5.36,6.0,4.6,4.6,5.3,4.7,5.1
916,Francisco Sánchez Castillo,Ventas,Ventas Internacionales,2025-10-12,3.8,4.3,2.9,3.7,3.4,3.67,4.8,7.2,5.2,6.2,5.83,4.4,4.8,5.4,4.1,3.6,4.54,3.7,4.4,3.8,5.6,5.1,4.42
917,Sergio Flores Pérez,Operaciones,Logística,2026-04-03,7.1,5.8,7.3,5.3,6.1,6.4,5.3,7.5,6.9,7.5,6.72,6.5,6.1,5.2,4.7,7.5,6.02,5.9,7.4,6.8,7.3,5.5,6.7
918,Sergio Torres Ortiz,Finanzas,Auditoría Interna,2026-02-27,6.1,6.7,4.9,6.7,6.3,6.13,6.5,5.1,4.7,7.2,5.96,6.0,5.7,7.0,4.3,7.2,6.05,5.2,6.2,6.0,4.1,6.6,5.53
919,Karla Rodríguez Pérez,Tecnología,Desarrollo,2025-10-06,10.0,7.9,10.0,9.7,10.0,9.43,8.7,7.4,8.9,10.0,8.74,9.1,7.2,8.4,7.8,7.4,8.04,9.2,7.6,6.9,6.9,8.7,7.83
920,Valeria García Ortiz,Marketing,Investigación de Mercado,2026-06-15,7.8,6.3,7.3,7.4,7.1,7.16,9.0,8.4,6.9,8.1,8.2,6.7,7.1,7.0,7.2,10.0,7.43,7.0,9.9,5.8,7.1,7.5,7.56
921,Paola Flores García,Ventas,Ventas Nacionales,2026-05-04,3.6,6.6,4.1,3.9,3.9,4.54,4.0,3.1,3.4,3.1,3.43,6.1,4.9,7.3,6.4,7.4,6.28,5.2,5.1,4.5,4.1,1.5,4.44
922,Alejandro Rodríguez Morales,Finanzas,Tesorería,2025-10-02,2.0,1.9,1.8,1.4,2.0,1.84,3.5,2.6,2.7,0.9,2.47,3.1,3.4,3.1,4.1,4.2,3.49,3.2,2.5,0.4,3.0,4.0,2.51
923,Pedro Vázquez Castillo,Finanzas,Contabilidad,2026-01-05,2.2,3.0,5.2,1.3,1.6,2.77,4.8,2.8,3.6,3.9,3.84,5.5,3.1,2.6,6.0,3.1,4.04,3.3,4.9,4.9,2.7,3.0,3.87
924,José Cruz Rodríguez,Recursos Humanos,Reclutamiento,2025-12-18,4.7,3.6,6.1,5.3,3.8,4.66,4.4,5.1,5.4,4.4,4.78,5.7,5.6,5.0,5.3,4.8,5.34,5.1,3.6,3.7,3.7,3.9,4.04
925,Miguel Vázquez García,Recursos Humanos,Reclutamiento,2026-08-08,7.6,5.7,6.6,5.7,8.0,6.7,8.6,5.2,7.6,6.2,6.95,6.5,6.4,4.5,7.1,5.8,6.06,7.0,5.9,8.1,8.9,4.5,7.08
926,Fernanda Rodríguez Hernández,Marketing,Marketing Digital,2026-09-07,5.3,6.8,3.9,7.5,5.4,5.74,7.9,5.1,6.1,6.5,6.49,7.2,6.8,6.1,5.9,7.0,6.65,6.2,6.9,7.3,6.1,7.7,6.72
927,Miguel Sánchez Torres,Finanzas,Auditoría Interna,2026-04-25,4.9,4.7,3.6,3.2,3.4,4.11,3.7,3.2,4.1,3.4,3.58,3.4,4.2,3.6,5.2,2.6,3.79,2.3,3.1,1.2,3.2,0.5,2.28
928,Alejandro Castillo Ramírez,Operaciones,Logística,2026-04-02,8.4,5.6,7.1,6.4,7.8,7.05,7.9,10.0,9.3,9.4,9.08,7.6,8.6,9.6,10.0,9.2,8.85,9.3,9.9,7.7,10.0,10.0,9.34
929,Jorge Pérez Rodríguez,Recursos Humanos,Reclutamiento,2026-06-14,3.4,4.5,5.8,4.9,6.7,4.88,4.8,4.8,3.4,3.1,4.1,4.8,3.9,5.2,6.2,4.3,4.79,7.2,7.1,5.2,5.9,4.3,6.22
930,Carlos Castillo Rodríguez,Marketing,Marketing Digital,2026-04-25,7.2,6.1,5.0,5.4,6.5,6.11,6.2,6.5,5.3,8.2,6.6,5.4,6.3,5.4,4.6,4.8,5.42,5.1,7.5,5.8,7.1,5.2,6.25
931,Juan Castillo Reyes,Recursos Humanos,Nómina,2025-10-17,2.9,4.4,7.3,4.5,6.4,4.92,5.4,5.6,7.2,3.9,5.44,6.3,4.1,4.4,5.6,5.1,5.08,6.1,5.0,6.2,5.0,4.7,5.48
932,Andrea Jiménez Reyes,Ventas,Atención a Clientes,2026-03-05,6.6,8.0,8.3,8.4,7.1,7.64,8.5,8.8,8.3,8.5,8.54,8.6,7.1,9.4,7.3,9.7,8.35,8.2,6.9,7.8,9.1,9.0,8.06
933,María García Torres,Tecnología,Infraestructura,2026-04-27,8.1,6.3,6.4,5.9,6.8,6.78,7.9,5.9,5.8,4.7,6.18,6.8,6.0,7.1,5.4,7.3,6.52,5.2,6.9,7.3,7.6,6.4,6.65
934,Sergio González García,Recursos Humanos,Reclutamiento,2025-12-20,9.2,6.9,7.7,6.3,10.0,8.01,7.5,8.1,5.8,5.8,6.89,8.8,8.2,8.1,9.3,9.7,8.72,8.6,8.0,6.2,6.9,8.1,7.58
935,Roberto Reyes Romero,Operaciones,Logística,2025-09-11,8.9,8.7,8.1,8.1,8.4,8.5,9.0,7.4,8.0,8.0,8.15,6.4,9.1,7.5,9.1,10.0,8.24,5.5,7.0,6.1,5.5,7.8,6.22
936,Paola Sánchez Flores,Operaciones,Logística,2025-12-16,10.0,9.6,10.0,10.0,9.9,9.88,9.7,9.7,10.0,9.4,9.68,10.0,10.0,9.9,8.6,9.9,9.75,10.0,9.2,9.0,9.0,10.0,9.4
937,Karla López Sánchez,Tecnología,Infraestructura,2026-06-03,6.1,4.0,4.5,3.2,4.0,4.5,5.5,4.0,4.0,4.2,4.5,4.5,6.1,6.8,7.2,7.6,6.23,4.9,5.7,4.9,5.8,4.9,5.28
938,Juan Jiménez Torres,Finanzas,Auditoría Interna,2025-10-13,8.7,9.0,9.3,6.3,7.6,8.37,7.1,7.2,7.9,8.4,7.61,6.9,9.1,8.8,9.1,7.7,8.28,5.4,7.2,8.3,7.9,8.8,7.27
939,Karla Flores Martínez,Finanzas,Auditoría Interna,2026-07-19,4.4,1.3,1.9,4.2,4.1,3.05,2.3,0.8,3.9,2.4,2.27,2.7,3.5,2.6,3.7,1.8,2.9,3.5,1.4,0.0,1.3,2.1,1.7
940,Ximena Romero Morales,Tecnología,Desarrollo,2026-02-18,3.9,3.9,3.2,4.2,3.5,3.74,0.8,3.8,1.5,5.1,2.76,2.5,3.1,2.5,2.3,2.1,2.56,3.2,1.1,3.6,2.5,2.4,2.54
941,Ximena González Ortiz,Tecnología,Soporte Técnico,2025-10-31,4.6,4.3,2.4,1.1,2.9,3.3,1.5,4.3,5.5,3.4,3.48,1.8,5.5,2.9,3.2,3.6,3.42,3.0,0.5,3.8,0.9,0.7,1.88
942,Roberto Torres Castillo,Operaciones,Logística,2026-06-12,5.4,9.2,8.6,8.9,9.2,8.09,6.6,8.6,7.7,9.8,8.12,7.6,6.9,7.7,6.5,6.3,7.08,8.1,8.0,8.2,8.3,7.4,8.06
943,Roberto Romero Sánchez,Finanzas,Contabilidad,2026-08-01,2.0,2.5,2.4,1.7,3.9,2.44,4.9,4.7,5.2,5.1,4.96,4.0,3.8,2.3,2.8,4.0,3.43,1.8,4.4,4.8,4.0,3.6,3.67
944,Camila Flores Ramírez,Ventas,Ventas Nacionales,2026-03-08,7.3,5.9,7.1,8.2,6.9,6.98,6.9,6.9,5.5,6.7,6.57,8.1,8.1,5.7,6.9,6.0,7.12,7.0,6.2,7.7,7.3,8.0,7.1
945,Gabriela Torres García,Ventas,Ventas Nacionales,2026-03-18,3.5,7.0,5.4,6.0,4.6,5.3,5.2,8.8,4.7,5.3,6.02,6.8,7.1,7.4,7.1,8.0,7.22,5.4,7.0,6.6,4.4,5.2,5.82
946,María Castillo Torres,Finanzas,Contabilidad,2026-01-23,6.1,6.3,4.8,5.5,5.4,5.7,4.1,3.0,4.5,4.0,3.88,5.9,6.2,6.7,6.0,6.7,6.27,6.4,5.3,6.3,7.2,7.3,6.36
947,Camila Castillo Reyes,Operaciones,Logística,2026-05-02,5.7,4.9,3.5,5.5,6.5,5.15,5.1,5.8,3.3,3.2,4.44,5.1,5.7,5.8,6.0,7.3,5.86,2.8,4.0,3.9,7.0,5.3,4.41
948,Sergio Morales Castillo,Marketing,Investigación de Mercado,2025-10-16,6.2,7.2,7.4,5.3,6.4,6.58,5.5,6.6,5.1,6.0,5.82,5.2,7.4,6.7,8.0,7.5,6.82,7.2,6.6,6.3,5.6,7.7,6.6
949,Camila Vázquez Romero,Finanzas,Contabilidad,2026-02-08,6.2,8.0,7.6,8.6,7.8,7.53,7.8,7.6,8.1,9.3,8.18,8.1,8.8,9.5,8.8,8.3,8.69,6.2,8.6,7.1,6.5,8.0,7.22
950,José Martínez Morales,Tecnología,Soporte Técnico,2026-07-28,2.7,0.1,0.8,1.2,3.2,1.52,3.3,3.1,3.2,5.2,3.7,3.1,2.5,4.8,1.1,5.1,3.29,3.3,4.0,3.9,3.5,2.0,3.51
951,Andrea García Torres,Finanzas,Contabilidad,2025-10-16,3.7,2.9,1.7,1.5,1.4,2.42,3.0,4.8,3.0,0.3,2.78,2.6,2.0,4.6,2.4,4.3,3.08,1.8,1.2,0.5,1.0,2.2,1.27
952,Fernanda Martínez Ortiz,Recursos Humanos,Capacitación,2026-05-30,4.4,5.5,4.0,3.1,4.8,4.46,2.9,3.7,5.0,2.1,3.32,3.9,3.2,2.6,3.3,3.2,3.27,4.2,3.2,2.9,4.0,4.7,3.7
953,Pedro Torres Romero,Ventas,Atención a Clientes,2026-08-16,4.2,1.5,5.5,4.5,3.0,3.65,1.2,0.6,2.7,2.3,1.62,4.0,3.3,2.1,3.1,3.4,3.22,0.4,2.1,3.2,0.8,4.1,1.84
954,María Sánchez Torres,Marketing,Investigación de Mercado,2026-08-23,8.5,10.0,7.9,9.9,9.2,9.07,9.6,7.8,9.0,9.0,8.88,9.9,8.5,9.5,9.8,9.9,9.46,10.0,10.0,9.4,8.0,10.0,9.48
955,Miguel López García,Finanzas,Tesorería,2026-03-27,6.5,10.0,9.5,9.3,8.7,8.72,9.6,9.1,8.9,8.9,9.16,10.0,10.0,10.0,10.0,9.8,9.97,8.5,9.7,9.6,9.6,9.1,9.3
956,Juan Castillo Castillo,Finanzas,Tesorería,2026-04-07,7.1,4.8,5.1,7.2,3.2,5.56,5.9,5.5,6.6,3.5,5.34,5.6,5.0,3.0,6.0,4.5,4.82,3.6,4.3,4.8,3.2,4.3,4.0
957,Gabriela Castillo Vázquez,Finanzas,Auditoría Interna,2025-12-31,4.6,4.0,3.1,4.3,6.6,4.4,2.9,3.9,2.8,6.0,3.9,5.6,5.9,3.8,3.7,5.5,5.01,3.1,4.9,4.3,4.7,5.0,4.3
958,Diego Gómez Ortiz,Operaciones,Control de Calidad,2025-12-01,8.8,7.0,8.2,10.0,8.6,8.38,9.1,9.7,7.8,9.1,8.99,9.3,8.3,7.7,8.6,8.8,8.55,8.9,9.2,8.6,9.7,8.9,9.08
959,Raúl Pérez Torres,Ventas,Ventas Internacionales,2025-12-22,0.5,1.2,3.7,3.7,2.1,2.04,3.4,3.7,3.2,4.9,3.81,0.0,1.9,2.2,1.1,2.3,1.42,5.1,1.9,3.8,4.2,3.0,3.65
960,Mariana Rodríguez Flores,Ventas,Ventas Nacionales,2025-10-16,5.0,2.8,4.4,6.1,4.0,4.34,1.8,2.6,3.4,2.6,2.52,2.0,2.0,1.6,3.1,3.7,2.34,0.9,3.3,1.5,2.7,2.3,2.12
961,Mariana Jiménez Vázquez,Marketing,Investigación de Mercado,2025-10-19,4.1,5.3,5.3,7.3,3.9,5.09,5.6,3.2,4.3,4.4,4.44,3.0,1.8,7.6,4.2,3.6,3.89,3.9,5.2,3.6,4.2,7.0,4.54
962,Paola Ortiz Torres,Operaciones,Producción,2026-04-28,4.8,4.4,6.1,4.0,5.4,4.93,3.3,6.5,3.5,4.1,4.34,4.8,2.7,5.4,3.2,1.3,3.63,3.2,5.5,4.0,3.8,3.2,4.06
963,Francisco Pérez Romero,Recursos Humanos,Reclutamiento,2026-03-27,8.0,8.6,8.7,7.4,10.0,8.5,7.5,7.4,9.4,7.4,7.83,8.5,7.7,8.4,3.6,8.5,7.54,8.9,8.7,10.0,10.0,7.6,9.16
964,Fernanda Pérez Sánchez,Ventas,Atención a Clientes,2025-09-28,7.9,8.3,7.0,7.9,9.3,8.03,7.9,8.0,9.4,8.6,8.4,8.9,9.6,8.2,8.2,8.9,8.83,7.5,10.0,9.4,10.0,5.9,8.84
965,José Hernández García,Marketing,Investigación de Mercado,2025-09-28,6.8,7.6,5.9,6.3,9.3,7.12,9.1,8.7,10.0,10.0,9.4,7.8,8.7,9.7,9.8,7.5,8.66,7.3,7.5,7.3,9.5,7.6,7.82
966,Juan Castillo Sánchez,Finanzas,Contabilidad,2025-09-17,6.0,4.7,5.8,5.1,6.1,5.52,6.3,4.6,4.2,7.3,5.7,3.6,5.2,5.3,5.9,6.9,5.18,3.0,7.5,5.5,7.4,5.6,5.76
967,Daniela Rodríguez Morales,Tecnología,Soporte Técnico,2026-08-17,7.5,7.6,7.5,7.0,6.9,7.36,6.5,6.5,6.6,5.9,6.37,6.2,7.2,6.3,6.3,8.8,6.88,5.8,6.5,6.8,5.2,6.8,6.16
968,Roberto Gómez Morales,Finanzas,Tesorería,2026-05-01,4.8,9.3,6.2,9.3,8.8,7.48,9.0,8.7,7.7,9.4,8.76,8.2,7.8,6.6,7.6,6.3,7.4,6.8,8.7,6.1,6.3,7.7,7.12
969,Sofía Hernández Gómez,Ventas,Ventas Internacionales,2026-07-03,6.6,8.2,7.9,7.5,6.1,7.32,9.1,4.8,6.9,7.2,7.11,5.6,6.8,7.7,6.5,7.8,6.78,6.6,5.5,5.1,6.7,4.2,5.8
970,Fernanda Jiménez Romero,Tecnología,Infraestructura,2026-05-06,4.0,0.9,3.0,1.8,2.2,2.43,0.9,3.9,1.1,1.9,1.94,2.6,6.6,3.2,4.3,4.5,4.26,5.6,2.1,2.5,5.5,2.5,3.78
971,María Flores Romero,Ventas,Ventas Nacionales,2025-11-24,6.1,4.4,3.6,4.3,6.5,4.96,4.9,3.6,2.4,3.4,3.7,2.8,3.4,3.0,1.9,3.1,2.9,4.8,3.3,3.8,6.2,5.0,4.53
972,Valeria Cruz López,Ventas,Atención a Clientes,2026-02-26,7.7,5.4,7.0,3.9,4.6,5.95,5.1,6.2,3.9,3.8,4.81,7.9,8.6,6.7,6.5,6.9,7.48,5.8,5.9,5.8,6.0,6.6,5.94
973,Miguel Sánchez Ramírez,Marketing,Investigación de Mercado,2026-03-09,10.0,9.5,8.6,8.7,8.6,9.19,5.7,7.7,8.5,6.2,6.88,6.4,5.0,8.1,4.3,5.4,5.93,8.0,8.5,9.0,7.1,6.2,7.96
974,Carlos Morales Sánchez,Ventas,Ventas Nacionales,2026-06-18,2.5,2.3,4.9,5.4,3.8,3.56,6.6,5.8,7.1,5.1,6.12,5.3,6.1,4.2,7.2,5.6,5.61,4.9,5.6,6.3,4.9,6.9,5.56
975,Valeria Rodríguez García,Ventas,Ventas Internacionales,2026-03-28,7.9,8.4,9.4,8.1,9.8,8.64,8.6,8.2,8.4,10.0,8.81,7.6,7.3,7.3,7.7,8.7,7.64,6.6,6.9,6.6,7.4,5.5,6.72
976,Pedro López Pérez,Marketing,Marketing Digital,2026-07-15,6.9,7.5,8.1,6.1,6.3,7.08,6.3,7.9,6.3,7.2,6.92,6.4,8.2,9.0,7.3,8.5,7.82,7.5,8.0,7.1,7.1,7.0,7.42
977,Karla Gómez López,Ventas,Ventas Internacionales,2026-04-11,5.0,3.8,4.8,4.8,5.4,4.69,5.6,7.5,5.8,7.3,6.54,7.4,8.0,5.0,6.4,6.5,6.78,4.2,4.1,4.6,4.0,5.8,4.38
978,Ana Reyes Torres,Marketing,Comunicación de Marca,2025-12-03,8.1,8.1,6.4,6.0,5.7,7.09,9.6,8.6,8.2,8.0,8.67,8.6,10.0,9.4,9.3,8.7,9.23,6.4,9.0,6.1,8.5,6.9,7.46
979,Camila Rodríguez Castillo,Tecnología,Soporte Técnico,2026-05-09,7.5,9.0,8.6,8.3,9.6,8.53,9.5,8.8,8.4,7.0,8.48,6.4,6.3,8.0,5.7,7.8,6.8,7.2,5.9,5.9,5.8,5.5,6.16
980,Mariana Flores Ortiz,Tecnología,Soporte Técnico,2026-01-04,8.1,6.2,9.4,7.8,6.2,7.56,7.1,5.7,5.9,7.3,6.56,10.0,7.4,8.6,9.4,10.0,8.98,10.0,9.8,8.3,8.1,7.0,8.93
981,Miguel Cruz Castillo,Tecnología,Desarrollo,2025-12-17,9.6,9.8,8.6,8.1,9.2,9.16,7.8,8.4,6.9,8.4,7.92,6.8,8.6,9.3,8.6,9.9,8.48,7.4,9.1,8.0,8.7,10.0,8.46
982,Gabriela García García,Recursos Humanos,Nómina,2025-10-24,6.1,4.6,5.1,5.1,4.0,5.06,8.4,4.9,7.2,8.1,7.21,4.7,5.4,5.1,4.8,4.6,4.96,5.6,3.7,7.2,6.3,7.7,5.8
983,Mariana Jiménez Reyes,Finanzas,Tesorería,2026-05-25,5.8,4.8,7.3,6.2,8.3,6.28,4.8,7.3,5.3,4.3,5.4,4.5,5.5,7.8,5.0,7.3,5.9,4.7,8.4,4.9,5.5,5.9,5.94
984,Sergio Hernández Castillo,Ventas,Ventas Internacionales,2025-09-17,3.8,2.0,4.9,4.6,4.6,3.81,7.6,4.8,5.2,6.4,6.12,5.5,4.5,2.9,4.6,4.1,4.38,7.8,8.8,8.6,8.2,8.6,8.37
985,Carlos Pérez Vázquez,Finanzas,Contabilidad,2026-05-28,7.1,7.5,5.6,5.7,5.9,6.51,3.5,3.8,5.1,2.2,3.57,4.7,6.1,5.8,6.1,4.2,5.4,5.0,6.0,5.6,5.5,4.2,5.39
986,Miguel González Torres,Tecnología,Soporte Técnico,2025-10-30,5.2,5.5,5.5,3.7,5.8,5.2,4.1,2.9,5.0,4.8,4.15,3.5,1.5,3.4,2.9,5.2,3.15,3.0,4.0,5.1,6.1,5.3,4.52
987,María García García,Tecnología,Soporte Técnico,2026-05-23,9.1,9.2,7.7,9.3,9.1,8.88,8.9,8.1,8.6,7.5,8.29,9.7,10.0,9.5,9.6,8.5,9.54,9.3,8.2,7.1,8.0,8.4,8.24
988,Ricardo Martínez Rodríguez,Tecnología,Infraestructura,2025-10-20,6.2,7.7,7.8,8.9,8.5,7.64,7.3,6.3,10.0,8.5,7.89,8.0,8.3,6.4,8.1,9.2,7.95,6.8,10.0,6.6,8.9,5.5,7.85
989,Ximena Vázquez López,Tecnología,Desarrollo,2026-02-12,7.4,9.3,8.9,8.6,8.8,8.57,10.0,10.0,9.6,10.0,9.92,8.4,10.0,10.0,7.0,9.2,9.03,10.0,8.3,8.8,10.0,9.7,9.31
990,Valeria Flores Reyes,Marketing,Marketing Digital,2026-01-16,4.4,4.6,3.4,3.7,1.9,3.77,4.2,4.5,5.7,3.0,4.28,7.0,7.6,9.3,6.3,9.0,7.8,5.8,8.1,6.2,6.1,7.0,6.64
991,Mariana Vázquez Torres,Tecnología,Desarrollo,2026-08-10,5.7,6.9,5.9,6.4,7.1,6.36,5.6,6.0,6.0,8.8,6.58,5.8,4.5,2.8,5.9,5.6,4.86,6.4,7.3,7.4,6.6,5.4,6.76
992,Ricardo García Flores,Recursos Humanos,Capacitación,2025-12-16,4.5,3.7,4.8,5.2,1.2,3.97,3.2,4.9,0.0,2.1,2.71,2.4,3.2,5.3,1.3,3.3,3.15,4.1,3.5,5.1,4.8,3.8,4.26
993,Daniela Castillo Morales,Marketing,Investigación de Mercado,2026-02-11,7.9,9.1,8.2,7.9,8.9,8.41,9.9,9.3,10.0,9.4,9.64,10.0,10.0,10.0,9.8,7.5,9.6,7.9,8.1,9.6,8.9,5.8,8.28
994,Gabriela Pérez Romero,Tecnología,Desarrollo,2026-06-07,4.8,3.5,2.6,5.2,4.8,4.1,6.2,7.3,6.1,6.4,6.5,5.7,4.8,5.2,6.6,4.9,5.39,6.5,4.5,4.0,3.7,5.2,4.81
995,Andrea Vázquez Romero,Recursos Humanos,Nómina,2026-04-19,4.5,2.2,3.2,4.0,2.1,3.23,1.3,1.8,2.4,3.5,2.2,1.1,4.5,4.6,2.4,5.2,3.46,0.0,1.7,2.6,0.7,2.4,1.32
996,Diego Castillo Vázquez,Tecnología,Desarrollo,2026-06-08,4.4,5.5,4.4,5.0,4.5,4.78,3.0,3.4,4.6,3.8,3.62,4.7,4.1,5.5,5.0,5.8,4.92,2.0,3.4,5.5,5.2,3.4,3.83
997,Andrea Jiménez Ramírez,Tecnología,Desarrollo,2025-09-22,8.7,7.5,7.6,7.5,8.2,7.92,8.5,6.5,6.8,9.0,7.78,10.0,8.8,9.5,9.9,7.3,9.18,5.5,5.7,7.5,4.9,6.1,5.89
998,Luis Cruz Torres,Marketing,Marketing Digital,2026-07-04,5.7,6.6,5.5,7.3,6.1,6.18,6.0,5.8,6.3,5.8,5.96,7.6,6.8,8.9,6.7,5.6,7.22,7.2,7.3,5.5,7.6,6.2,6.86
999,Raúl Cruz López,Marketing,Comunicación de Marca,2026-06-06,6.3,8.5,7.4,7.2,6.7,7.26,6.5,6.5,6.1,6.0,6.3,6.0,7.6,4.7,6.8,8.3,6.6,5.2,6.6,5.3,6.0,6.8,5.89
1000,María Martínez Reyes,Marketing,Marketing Digital,2026-08-10,9.2,7.0,10.0,7.8,8.5,8.49,9.0,7.8,8.3,8.6,8.46,5.2,7.3,8.2,7.2,6.7,6.85,7.0,7.8,8.3,9.4,7.7,8.01
1001,Sofía Flores Gómez,Recursos Humanos,Capacitación,2026-02-21,2.8,2.0,6.0,6.2,5.3,4.12,4.7,4.2,3.1,3.2,3.88,4.5,5.3,4.0,5.7,4.0,4.7,4.9,5.0,2.4,3.7,1.8,3.88
1002,Sergio Cruz Ortiz,Recursos Humanos,Reclutamiento,2026-02-14,7.7,9.0,9.0,8.5,9.6,8.69,9.1,7.2,8.5,9.9,8.7,9.1,7.2,9.4,9.7,10.0,8.91,10.0,10.0,10.0,8.6,8.7,9.59
1003,Jorge Reyes Jiménez,Marketing,Marketing Digital,2026-08-10,5.9,7.0,8.0,7.3,5.9,6.8,6.6,7.2,7.2,7.5,7.1,6.6,8.2,7.9,7.1,6.4,7.3,8.0,8.1,5.8,8.1,6.7,7.48
1004,Jorge Gómez Castillo,Recursos Humanos,Capacitación,2026-08-01,9.4,7.9,10.0,8.3,8.1,8.78,5.0,8.7,8.2,6.4,6.91,10.0,8.5,7.4,7.8,8.9,8.61,8.2,9.3,9.3,7.7,8.6,8.64
1005,Camila Jiménez Torres,Marketing,Comunicación de Marca,2026-01-15,3.9,5.2,4.5,5.2,3.0,4.4,3.0,5.5,2.6,3.1,3.57,6.4,3.9,4.2,5.9,4.5,4.97,4.1,2.7,3.6,4.0,3.1,3.53
1006,Gabriela Ortiz Flores,Recursos Humanos,Capacitación,2026-04-30,2.9,4.9,5.8,2.0,2.8,3.83,3.3,5.2,3.6,5.5,4.38,2.9,5.6,5.1,4.4,3.0,4.26,3.7,4.3,1.2,3.0,5.6,3.4
1007,Diego Morales Cruz,Finanzas,Auditoría Interna,2025-10-18,10.0,10.0,8.9,10.0,10.0,9.78,7.7,10.0,7.9,10.0,8.89,10.0,9.8,10.0,9.6,10.0,9.89,10.0,9.9,10.0,10.0,8.9,9.86
1008,Luis Pérez López,Marketing,Investigación de Mercado,2026-01-28,9.2,5.9,7.1,8.6,7.5,7.61,9.1,8.9,6.6,7.9,8.25,7.3,8.2,6.5,7.3,7.6,7.41,6.7,6.9,7.7,9.2,8.4,7.62
1009,Jorge Cruz Rodríguez,Operaciones,Control de Calidad,2026-01-06,8.8,9.9,9.5,10.0,8.7,9.38,6.7,7.4,6.2,10.0,7.6,8.5,9.0,10.0,8.5,8.0,8.85,6.3,10.0,9.7,6.9,9.1,8.3
1010,Fernanda Morales Torres,Recursos Humanos,Reclutamiento,2026-07-17,8.6,6.9,9.2,9.2,8.4,8.36,7.8,6.5,9.0,6.9,7.49,5.5,5.9,5.7,7.5,6.8,6.14,6.6,6.8,5.9,7.2,6.6,6.63
1011,Mariana López López,Finanzas,Contabilidad,2026-04-20,9.5,8.7,10.0,8.8,6.2,8.8,8.8,8.6,7.5,9.1,8.56,10.0,8.7,10.0,10.0,8.9,9.51,7.8,7.2,7.9,7.6,8.7,7.72
1012,José Castillo Ramírez,Operaciones,Logística,2026-02-09,7.0,6.4,7.6,8.0,5.5,6.9,4.4,6.5,8.8,6.2,6.26,3.2,7.5,7.7,7.9,6.1,6.32,6.7,8.5,8.0,10.0,9.3,8.33
1013,Diego Morales Sánchez,Operaciones,Logística,2026-04-02,7.2,5.0,6.1,5.3,6.1,5.98,9.0,9.1,7.3,5.7,7.86,6.0,5.9,5.5,5.6,5.8,5.78,7.2,5.2,6.2,7.6,5.9,6.45
1014,Raúl Romero Pérez,Marketing,Comunicación de Marca,2026-03-22,5.5,5.5,4.6,5.8,6.6,5.53,4.5,4.3,2.4,7.7,4.83,7.5,5.3,5.5,7.5,7.0,6.48,6.0,5.2,5.5,5.1,4.5,5.37
1015,Camila Martínez Castillo,Tecnología,Desarrollo,2026-07-14,5.5,3.2,5.1,4.9,4.6,4.62,4.4,5.8,4.8,3.8,4.68,4.6,5.0,3.3,4.8,6.1,4.7,3.9,4.5,4.7,5.4,4.1,4.53
1016,Luis López Rodríguez,Operaciones,Logística,2026-03-27,10.0,8.9,10.0,8.8,8.9,9.38,7.9,8.4,10.0,10.0,8.97,10.0,9.9,8.3,8.2,9.3,9.26,9.3,8.4,7.5,9.5,9.4,8.76
1017,Andrea González Cruz,Marketing,Investigación de Mercado,2025-12-05,2.7,6.7,5.9,6.2,5.5,5.28,6.2,7.5,5.7,6.8,6.58,4.1,3.9,3.0,4.0,2.8,3.62,5.1,5.2,8.0,5.9,4.9,5.85
1018,Gabriela Reyes Pérez,Operaciones,Control de Calidad,2026-04-05,5.1,8.0,3.5,6.3,2.8,5.34,5.6,7.4,4.9,4.3,5.59,5.2,6.3,3.7,5.7,6.0,5.37,5.7,5.6,5.9,4.5,5.5,5.46
1019,Karla Rodríguez González,Tecnología,Infraestructura,2026-09-05,4.9,5.5,5.7,6.0,5.8,5.51,6.6,4.9,5.6,7.1,6.1,7.6,7.9,5.3,4.9,8.1,6.89,6.0,6.1,5.5,5.5,4.1,5.64
1020,Roberto Vázquez Flores,Finanzas,Contabilidad,2026-04-16,6.7,9.3,6.8,5.1,6.3,7.07,7.1,8.3,6.3,8.9,7.69,9.4,10.0,10.0,8.9,10.0,9.68,9.2,7.3,6.1,8.4,8.2,7.85
1021,Paola Hernández Flores,Finanzas,Tesorería,2025-12-05,8.3,6.2,6.9,7.3,7.8,7.27,6.0,6.9,4.4,7.4,6.26,3.0,5.0,4.0,5.0,4.6,4.24,4.3,5.5,5.0,6.8,7.2,5.53
1022,Andrea García Romero,Recursos Humanos,Capacitación,2025-09-24,4.2,2.5,3.1,2.3,3.1,3.1,5.9,6.7,5.2,6.0,5.98,4.8,4.2,5.5,5.3,4.2,4.77,3.2,4.0,3.6,4.8,4.1,3.89
1023,Luis Castillo Ramírez,Finanzas,Contabilidad,2025-12-17,6.6,6.3,5.4,5.8,5.4,5.98,6.4,5.9,6.2,8.1,6.66,6.3,6.6,6.7,5.6,5.3,6.2,4.3,3.7,4.3,5.1,4.7,4.35
1024,Raúl Sánchez Rodríguez,Recursos Humanos,Reclutamiento,2025-10-17,4.8,5.1,8.4,4.6,7.6,5.98,4.7,6.3,3.1,4.2,4.66,2.5,3.9,5.0,6.9,3.6,4.18,3.9,4.6,4.7,4.2,4.0,4.31
1025,Alejandro Morales Pérez,Recursos Humanos,Reclutamiento,2026-07-22,3.9,3.0,3.3,2.7,4.5,3.46,4.6,3.3,2.8,3.8,3.72,3.9,1.5,5.0,2.0,3.8,3.22,1.6,4.1,4.6,3.7,2.5,3.34
1026,Francisco López Reyes,Finanzas,Auditoría Interna,2025-10-20,9.3,7.8,7.4,10.0,9.8,8.73,8.7,6.0,9.5,7.1,7.78,8.9,8.5,7.7,8.7,8.2,8.42,8.9,8.2,10.0,7.6,6.9,8.48
1027,Fernanda Gómez Hernández,Operaciones,Control de Calidad,2026-04-19,6.4,6.6,7.0,5.5,5.8,6.35,4.7,6.1,6.2,9.9,6.65,5.4,5.9,4.5,6.3,6.6,5.66,6.5,5.2,6.2,6.3,5.8,6.0
1028,María Jiménez Rodríguez,Ventas,Atención a Clientes,2025-09-26,4.9,7.3,6.6,5.9,6.4,6.22,7.0,5.3,5.4,6.7,6.18,7.3,8.2,6.1,6.4,6.7,7.06,6.4,7.4,6.9,8.8,7.3,7.32
1029,Karla Pérez Morales,Recursos Humanos,Capacitación,2026-06-28,8.0,8.1,9.6,5.6,8.1,8.0,8.0,8.2,7.7,6.7,7.66,9.1,7.2,6.0,8.0,7.7,7.63,8.9,9.4,7.4,7.5,8.4,8.4
1030,Sofía Hernández Gómez,Marketing,Comunicación de Marca,2026-08-11,2.1,3.9,1.5,4.6,1.0,2.64,1.8,4.1,3.3,2.1,2.75,4.1,5.0,4.3,2.9,3.3,4.06,3.6,3.9,5.0,3.1,2.1,3.7
1031,Pedro García García,Recursos Humanos,Capacitación,2026-02-28,4.4,4.8,4.5,8.3,7.0,5.5,7.1,7.1,5.0,5.7,6.33,7.5,5.6,4.0,5.3,4.4,5.53,5.1,4.4,3.0,4.6,2.7,4.16
1032,Camila López Jiménez,Tecnología,Soporte Técnico,2025-12-01,9.9,8.9,9.6,9.2,9.4,9.41,8.6,8.3,6.5,7.0,7.7,8.8,7.2,6.9,7.1,9.5,7.87,7.9,10.0,8.1,9.0,7.0,8.59
1033,Valeria Cruz López,Operaciones,Producción,2026-02-17,3.4,2.3,3.3,3.5,1.5,2.84,5.6,5.2,4.8,4.2,4.99,3.4,3.4,4.9,4.2,3.4,3.82,5.8,4.5,5.0,4.0,5.6,4.93
1034,Alejandro Torres Gómez,Finanzas,Contabilidad,2025-12-12,6.2,5.6,4.2,7.3,7.0,5.94,5.9,6.5,7.0,7.9,6.77,4.6,4.6,3.1,5.9,4.1,4.42,2.6,4.1,5.3,2.7,4.9,3.76
1035,Gabriela Vázquez Martínez,Operaciones,Logística,2026-03-10,8.1,7.3,9.0,8.7,7.5,8.08,8.8,6.2,8.3,7.8,7.8,10.0,7.3,9.4,6.6,8.7,8.5,7.2,10.0,7.5,7.5,7.0,8.0
1036,Luis Torres Castillo,Recursos Humanos,Nómina,2026-06-13,8.0,7.5,5.6,7.2,7.3,7.17,7.8,8.9,7.4,9.2,8.34,10.0,9.1,10.0,10.0,8.3,9.52,9.6,8.0,9.7,10.0,10.0,9.34
1037,Camila Torres Ortiz,Finanzas,Contabilidad,2026-06-01,1.0,4.5,3.9,5.8,3.9,3.61,3.2,3.2,3.6,5.3,3.8,3.7,3.3,3.5,3.5,3.5,3.5,4.0,6.0,3.6,4.1,3.7,4.41
1038,Paola Reyes Jiménez,Tecnología,Desarrollo,2026-04-13,3.8,3.8,4.3,2.4,4.1,3.73,1.8,2.0,2.5,2.1,2.06,2.8,2.8,3.2,1.1,1.3,2.4,4.2,3.2,3.3,5.4,3.8,3.97
1039,Sergio Sánchez Torres,Tecnología,Desarrollo,2025-10-05,5.8,10.0,9.7,9.4,9.3,8.7,7.4,7.3,8.4,8.5,7.85,8.4,10.0,8.0,9.0,9.0,8.9,9.4,7.9,9.8,9.2,10.0,9.12
1040,Diego González Sánchez,Marketing,Marketing Digital,2026-06-12,5.5,5.6,3.7,4.3,6.0,5.06,5.8,7.3,6.2,7.2,6.6,5.8,7.8,6.4,4.0,7.3,6.37,5.8,6.5,5.5,6.4,5.0,5.96
1041,Mariana Castillo López,Marketing,Investigación de Mercado,2026-09-02,5.3,4.9,6.0,4.5,6.3,5.37,6.1,6.0,6.4,6.9,6.34,3.1,6.2,6.5,4.6,6.3,5.26,6.4,4.8,5.1,5.3,7.3,5.61
1042,Carlos Cruz Sánchez,Ventas,Ventas Internacionales,2025-09-13,4.7,3.4,3.6,4.0,3.9,3.93,5.1,5.9,5.6,5.1,5.4,4.1,6.1,4.5,5.9,4.6,5.03,4.5,4.8,3.9,4.6,6.9,4.72
1043,Roberto Morales Flores,Tecnología,Infraestructura,2026-08-02,9.3,9.2,8.8,8.6,9.6,9.12,9.3,8.1,7.8,9.4,8.72,8.0,9.0,10.0,9.6,8.0,8.89,9.0,9.2,5.8,7.1,8.2,7.95
1044,Roberto Cruz Reyes,Ventas,Ventas Internacionales,2026-06-12,6.5,8.2,6.8,6.4,7.6,7.14,6.7,6.4,7.6,7.3,6.96,4.6,5.2,6.1,3.9,4.5,4.93,5.7,4.5,5.0,7.7,8.9,5.98
1045,Roberto Ramírez Sánchez,Tecnología,Desarrollo,2026-08-11,7.6,5.0,5.5,5.9,7.7,6.29,6.2,5.9,6.2,4.6,5.72,6.5,8.3,7.7,6.6,7.4,7.34,8.5,5.5,6.1,4.8,7.1,6.39
1046,Sofía Pérez García,Marketing,Investigación de Mercado,2025-09-16,7.0,5.8,4.7,4.8,3.3,5.36,6.4,7.9,8.0,7.4,7.35,5.8,8.4,6.9,5.4,5.9,6.62,6.9,6.4,7.7,7.6,8.3,7.22
1047,José Pérez López,Marketing,Marketing Digital,2025-09-26,6.0,5.0,3.8,5.8,4.6,5.07,5.8,4.9,6.1,5.5,5.56,7.9,6.8,5.7,6.0,6.9,6.75,4.2,3.3,5.0,3.7,4.6,4.08
1048,Jorge Gómez Sánchez,Operaciones,Logística,2026-04-12,9.4,7.7,6.3,6.6,6.5,7.5,5.8,5.3,3.7,5.8,5.26,3.4,7.8,5.7,5.2,5.3,5.52,4.8,5.6,5.2,5.8,4.8,5.28
1049,Gabriela Jiménez Martínez,Operaciones,Producción,2026-08-17,6.7,6.8,6.0,8.0,8.0,6.98,6.6,7.6,5.6,4.1,6.02,7.9,6.5,6.7,8.5,7.2,7.3,5.2,6.1,6.8,5.1,6.8,5.88
1050,Juan Ortiz Hernández,Operaciones,Logística,2025-11-23,10.0,9.6,6.8,7.3,10.0,8.86,9.8,9.1,9.6,10.0,9.64,5.4,8.5,7.9,8.3,5.1,7.06,8.4,8.1,9.8,9.2,10.0,8.93
1051,Gabriela López Rodríguez,Operaciones,Control de Calidad,2025-12-26,8.3,5.9,8.0,4.8,8.6,7.16,7.7,6.0,6.0,6.2,6.56,9.2,10.0,5.8,6.2,8.1,8.1,7.1,7.0,5.8,5.1,7.9,6.5
1052,Karla Pérez Martínez,Marketing,Investigación de Mercado,2026-08-11,5.8,5.6,3.8,7.1,4.1,5.29,6.3,6.9,5.6,5.6,6.14,7.0,7.4,5.2,6.6,7.2,6.71,5.3,6.0,6.3,5.3,5.9,5.74
1053,Ana Martínez Castillo,Recursos Humanos,Nómina,2025-09-23,5.6,6.0,7.3,6.0,7.8,6.43,6.4,7.3,8.2,7.9,7.36,9.0,8.5,7.9,10.0,10.0,8.96,5.5,8.1,7.2,8.3,7.2,7.22
1054,Miguel Sánchez Romero,Finanzas,Tesorería,2025-11-29,4.6,4.4,2.9,4.7,4.6,4.22,5.7,6.0,7.2,6.4,6.25,7.5,6.1,7.4,5.2,6.7,6.66,5.3,5.6,7.5,5.1,5.0,5.74
1055,Fernanda Hernández Martínez,Tecnología,Soporte Técnico,2026-06-13,5.2,6.8,5.3,4.7,6.1,5.68,5.0,5.8,6.5,4.9,5.48,8.3,8.5,7.8,7.5,7.9,8.07,6.0,6.3,7.7,5.9,6.5,6.44
1056,Camila Castillo Sánchez,Finanzas,Tesorería,2025-12-16,5.2,7.1,5.6,6.3,7.5,6.26,6.3,6.7,8.5,8.5,7.39,8.6,9.6,6.8,7.8,8.0,8.28,6.7,7.2,6.0,7.2,7.5,6.87
1057,Miguel Reyes González,Recursos Humanos,Nómina,2026-02-04,8.2,7.9,8.8,9.1,8.1,8.36,7.4,10.0,9.2,9.5,8.94,8.6,8.3,10.0,8.2,6.6,8.44,8.4,7.4,7.4,9.5,10.0,8.33
1058,Paola Sánchez Martínez,Recursos Humanos,Reclutamiento,2026-02-14,4.9,4.1,4.9,6.7,5.4,5.04,4.7,7.5,4.0,6.6,5.74,4.7,6.0,5.9,6.2,5.8,5.66,1.6,3.3,2.6,3.7,3.5,2.84
1059,Paola Ramírez Reyes,Finanzas,Contabilidad,2026-06-30,5.4,8.2,3.4,4.3,4.5,5.4,3.2,3.6,5.1,1.9,3.36,5.2,4.3,4.0,2.3,4.4,4.18,3.8,2.6,4.0,4.5,3.7,3.67
1060,José González Martínez,Operaciones,Producción,2025-10-25,7.5,7.4,7.5,9.6,9.2,8.04,8.3,9.9,8.9,8.8,8.94,8.4,8.0,8.3,9.6,7.7,8.35,8.1,7.3,7.6,6.1,8.3,7.42
1061,Alejandro Reyes Gómez,Finanzas,Contabilidad,2025-10-30,3.2,5.0,4.5,3.7,3.3,4.0,5.4,1.3,3.1,3.2,3.36,3.2,5.7,2.4,4.9,4.3,4.08,5.0,5.1,4.9,3.4,6.3,4.81
1062,Jorge López Ramírez,Ventas,Atención a Clientes,2026-02-09,5.1,4.8,4.7,7.1,5.9,5.36,4.7,4.8,6.3,5.6,5.27,4.4,7.4,5.4,6.5,7.4,6.12,7.1,8.4,4.3,5.0,7.4,6.48
1063,Luis Rodríguez Cruz,Operaciones,Control de Calidad,2026-07-24,5.8,5.4,4.4,6.5,5.6,5.49,4.0,5.0,4.4,4.5,4.46,6.6,7.4,6.5,6.4,5.3,6.56,6.5,5.4,5.1,6.3,5.4,5.8
1064,Laura Rodríguez Romero,Operaciones,Producción,2026-03-29,8.2,7.3,7.1,8.6,7.9,7.77,7.1,7.8,6.8,9.2,7.74,6.6,5.4,5.0,3.7,5.7,5.41,6.9,7.6,5.2,6.5,7.1,6.68
1065,Ana Hernández Rodríguez,Operaciones,Logística,2026-08-13,5.4,4.7,5.2,3.6,5.9,4.99,4.2,4.0,4.1,3.6,3.98,4.5,3.9,5.2,4.8,2.4,4.22,4.2,3.8,3.4,4.5,4.5,4.03
1066,Pedro Ortiz Vázquez,Ventas,Atención a Clientes,2026-06-06,1.7,2.6,2.1,0.4,3.3,2.05,4.4,1.9,5.5,2.4,3.5,0.7,2.1,3.2,2.9,3.0,2.22,2.4,1.3,2.1,3.4,4.4,2.47
1067,Francisco Martínez Torres,Ventas,Ventas Internacionales,2026-08-29,6.1,5.4,8.8,7.2,8.1,6.93,5.8,6.4,5.5,5.1,5.72,6.2,9.3,9.6,8.5,7.3,8.17,6.1,8.6,5.8,3.6,5.6,6.11
1068,Juan Castillo Jiménez,Operaciones,Logística,2026-02-15,6.9,8.5,8.5,8.7,7.9,8.04,6.6,8.3,6.9,7.2,7.24,7.7,5.5,6.8,8.6,8.8,7.27,9.3,8.1,4.9,7.8,6.1,7.5
1069,Sofía Reyes Jiménez,Operaciones,Control de Calidad,2026-04-15,6.9,5.7,6.7,6.1,6.2,6.34,5.7,4.7,6.7,6.7,5.9,7.5,6.6,7.5,6.0,8.7,7.23,7.5,5.2,6.0,6.3,8.1,6.44
1070,Roberto Reyes Morales,Marketing,Marketing Digital,2026-04-06,6.4,5.3,5.8,6.8,5.7,5.96,7.4,5.3,6.7,5.9,6.36,6.6,6.6,7.5,5.8,6.8,6.69,5.7,7.6,7.4,9.6,4.5,7.18
1071,Raúl Romero Gómez,Ventas,Ventas Internacionales,2026-01-01,6.3,5.8,5.1,7.5,5.8,6.04,6.0,5.2,5.1,5.6,5.52,6.7,5.0,5.9,4.6,4.2,5.42,4.2,6.8,4.4,6.2,7.3,5.6
1072,Miguel García López,Finanzas,Auditoría Interna,2026-07-17,8.1,7.9,6.2,6.8,7.1,7.32,6.7,8.3,7.7,7.3,7.45,7.3,6.9,7.4,6.9,7.5,7.19,8.7,7.9,7.6,6.7,8.7,7.88
1073,Daniela García Cruz,Marketing,Marketing Digital,2026-01-25,8.7,7.8,9.6,9.7,9.8,8.97,8.3,8.6,10.0,10.0,9.14,8.7,5.3,10.0,9.0,10.0,8.35,9.6,7.0,7.3,9.3,5.1,7.98
1074,Roberto Martínez Torres,Finanzas,Auditoría Interna,2026-04-03,7.3,8.0,7.9,7.7,8.3,7.81,6.5,5.1,7.5,9.6,7.12,4.6,3.3,3.4,3.5,7.2,4.26,7.4,6.6,10.0,6.1,8.8,7.6
1075,Fernanda Romero Romero,Ventas,Ventas Internacionales,2026-04-11,1.6,3.0,3.3,2.9,2.5,2.62,1.5,3.6,1.8,2.0,2.21,3.6,3.7,4.2,3.3,3.4,3.67,1.7,4.3,2.6,2.4,2.6,2.76
1076,María Jiménez García,Tecnología,Soporte Técnico,2026-03-01,8.0,6.8,7.3,5.8,6.5,7.0,8.6,4.9,7.4,6.2,6.84,5.8,7.7,6.2,8.2,7.5,6.97,6.0,4.0,5.5,5.8,7.3,5.49
1077,Valeria González López,Tecnología,Desarrollo,2025-09-12,8.1,6.7,8.3,9.1,8.3,7.97,8.6,6.9,7.7,5.8,7.3,8.0,9.8,8.2,8.2,9.2,8.7,7.5,7.3,7.4,4.9,7.1,6.87
1078,Carlos Cruz Reyes,Recursos Humanos,Nómina,2026-05-05,7.4,6.8,6.6,6.9,7.5,7.03,7.3,6.9,5.2,6.6,6.6,4.5,4.8,4.8,6.1,4.5,4.88,9.3,7.3,5.4,5.9,8.2,7.23
1079,Raúl Ramírez Cruz,Operaciones,Logística,2026-03-31,5.0,5.7,2.1,6.2,4.1,4.64,5.0,6.3,4.5,6.5,5.6,6.7,5.3,4.3,5.1,4.7,5.33,4.9,7.1,6.0,6.7,4.7,6.01
1080,Mariana Morales Pérez,Operaciones,Logística,2026-06-19,7.7,7.4,8.7,6.7,7.4,7.63,7.2,6.6,8.0,7.4,7.26,5.2,5.7,7.4,6.9,7.8,6.41,5.6,7.5,8.4,7.2,9.0,7.3
1081,Luis Hernández Ramírez,Recursos Humanos,Nómina,2026-01-23,10.0,10.0,7.2,6.8,7.5,8.59,6.5,6.2,4.5,8.7,6.58,5.5,8.0,8.6,8.8,10.0,7.92,9.3,7.7,8.6,8.5,6.8,8.35
1082,María Sánchez Reyes,Ventas,Ventas Internacionales,2026-02-07,4.4,4.9,6.6,4.7,6.1,5.26,7.2,6.2,5.9,6.9,6.62,5.7,5.7,5.6,4.8,5.6,5.53,6.0,5.5,5.2,5.9,5.9,5.68
1083,María Pérez Romero,Ventas,Atención a Clientes,2026-08-11,5.0,6.7,9.0,7.9,7.4,7.02,7.2,7.5,9.2,8.8,8.07,8.1,9.0,7.2,6.1,7.9,7.82,9.3,6.1,10.0,6.8,7.8,7.99
1084,Francisco Cruz Cruz,Recursos Humanos,Reclutamiento,2026-05-16,3.8,3.4,4.6,2.5,3.0,3.54,4.4,4.3,4.8,3.7,4.28,3.4,5.1,4.8,4.1,3.8,4.27,2.8,4.3,4.9,2.0,6.1,3.76
1085,Juan Castillo Martínez,Recursos Humanos,Nómina,2025-12-07,6.5,6.4,7.4,5.7,6.9,6.6,6.8,7.2,6.5,7.3,6.96,7.1,8.0,9.3,8.8,7.0,8.01,6.8,6.5,7.0,7.4,7.5,6.96
1086,Ximena Pérez Ortiz,Tecnología,Desarrollo,2025-09-17,6.5,5.1,5.8,2.7,4.5,5.14,6.2,5.7,5.0,4.6,5.44,6.7,6.4,7.2,6.3,3.3,6.16,4.5,4.0,5.5,5.5,3.9,4.72
1087,Daniela Reyes Sánchez,Operaciones,Producción,2026-07-29,4.2,1.8,4.5,3.8,3.7,3.52,4.9,7.3,3.6,5.8,5.46,4.3,6.8,4.5,6.8,4.5,5.37,5.5,4.7,6.1,5.5,6.4,5.51
1088,Alejandro González Pérez,Recursos Humanos,Capacitación,2026-04-04,5.2,5.9,5.7,5.6,4.9,5.49,7.0,5.4,3.2,6.2,5.64,6.2,6.4,5.8,8.1,7.1,6.59,7.0,8.4,6.1,7.0,5.0,6.97
1089,Daniela García Vázquez,Tecnología,Infraestructura,2025-11-25,6.0,5.5,6.4,6.9,5.6,6.03,6.1,3.8,7.4,6.0,5.76,5.4,3.9,5.0,4.6,5.7,4.87,5.3,6.2,5.7,7.1,6.9,6.13
1090,Daniela Flores Pérez,Finanzas,Tesorería,2026-09-04,7.4,8.9,10.0,9.0,8.6,8.72,8.4,8.9,9.8,10.0,9.2,7.8,8.6,9.0,8.5,10.0,8.67,6.9,7.5,4.4,6.2,7.0,6.42
1091,Jorge Jiménez Ortiz,Tecnología,Desarrollo,2026-07-04,4.0,4.2,4.5,5.0,3.6,4.24,4.0,4.4,4.8,3.6,4.16,6.2,6.9,4.5,5.8,8.9,6.38,4.2,5.1,7.0,6.3,5.1,5.5
1092,Andrea García Martínez,Finanzas,Auditoría Interna,2026-08-29,8.9,8.6,8.5,7.7,6.5,8.2,5.7,5.1,6.8,6.3,5.92,6.6,8.9,6.3,6.3,7.7,7.24,5.0,7.2,7.0,8.0,6.8,6.73
1093,Karla López Martínez,Finanzas,Auditoría Interna,2026-04-17,5.7,5.5,7.5,4.1,5.6,5.76,7.6,7.1,6.8,6.2,6.96,5.3,7.1,5.1,5.8,5.8,5.86,6.2,8.1,7.7,6.6,6.3,7.06
1094,Carlos Torres Ramírez,Finanzas,Contabilidad,2026-01-05,6.9,8.0,6.0,7.9,6.2,7.04,5.2,7.4,6.9,7.3,6.62,7.1,7.6,6.8,6.6,5.5,6.85,4.6,6.5,8.1,7.5,6.8,6.57
1095,Raúl García Vázquez,Recursos Humanos,Nómina,2026-01-08,5.8,4.7,3.4,5.5,4.6,4.82,6.4,6.2,5.5,5.8,6.02,6.0,7.2,7.9,5.9,9.0,7.11,5.2,6.9,6.1,5.5,6.6,6.01
1096,Gabriela Torres Torres,Finanzas,Tesorería,2025-11-05,6.8,7.5,8.3,5.2,6.6,7.01,9.2,6.5,6.7,5.8,7.18,8.8,7.6,9.9,8.4,8.0,8.54,8.0,8.3,8.8,7.3,7.9,8.09
1097,María González Gómez,Operaciones,Control de Calidad,2026-06-06,6.2,8.4,9.1,8.1,9.4,8.1,6.9,5.5,6.8,5.2,6.1,7.8,7.0,7.9,6.2,6.6,7.2,6.2,7.3,5.9,5.4,5.8,6.22
1098,Ximena Reyes Gómez,Ventas,Ventas Internacionales,2026-05-03,3.6,3.1,5.3,4.9,6.0,4.37,6.0,4.8,5.8,5.0,5.41,7.9,5.0,7.4,6.2,3.7,6.19,4.2,5.0,4.4,3.6,4.3,4.33
1099,José Reyes Ramírez,Finanzas,Auditoría Interna,2025-10-26,5.9,5.3,4.3,4.8,5.7,5.24,7.8,5.5,4.1,4.2,5.58,5.1,3.6,5.6,5.1,4.9,4.8,5.7,4.6,6.7,5.4,5.4,5.54
1100,Camila Ortiz Hernández,Tecnología,Desarrollo,2025-11-09,7.2,9.8,7.3,7.6,9.8,8.32,8.4,9.4,9.6,10.0,9.29,7.5,9.7,9.1,8.2,7.5,8.48,8.9,9.5,9.5,8.1,8.6,8.98
1101,Miguel Jiménez Pérez,Tecnología,Desarrollo,2025-09-26,7.7,9.3,8.4,6.4,8.2,8.12,8.3,10.0,9.6,7.8,8.86,6.9,6.9,7.3,8.1,7.9,7.31,7.6,10.0,9.3,6.7,7.7,8.37
1102,Jorge Flores Ortiz,Finanzas,Contabilidad,2026-06-27,8.6,6.5,8.4,6.7,4.7,7.16,7.9,8.8,7.1,6.9,7.72,9.5,9.3,8.0,8.6,5.7,8.44,7.6,7.3,7.1,8.5,9.4,7.78
1103,Juan Vázquez Jiménez,Finanzas,Auditoría Interna,2025-12-27,7.3,7.7,6.5,7.6,6.8,7.21,8.2,8.9,8.5,8.6,8.54,8.3,10.0,8.1,8.4,8.0,8.65,9.2,8.0,10.0,8.4,7.2,8.7
1104,Sofía Castillo Morales,Tecnología,Infraestructura,2025-10-19,7.7,8.8,9.2,8.0,9.0,8.52,5.9,8.0,6.3,6.1,6.56,7.0,7.2,7.8,6.3,5.1,6.82,5.7,6.7,5.6,6.7,6.9,6.25
1105,Sofía García Ramírez,Recursos Humanos,Nómina,2025-11-22,6.2,4.0,7.6,4.8,5.6,5.63,5.8,4.5,3.0,4.0,4.46,6.2,6.9,3.6,5.5,5.8,5.69,6.5,7.8,6.4,8.2,7.1,7.2
1106,María Romero López,Operaciones,Producción,2026-01-03,4.5,4.8,3.0,3.1,3.7,3.94,2.9,2.9,2.6,2.4,2.72,2.1,2.5,4.3,4.5,2.3,3.03,6.9,5.4,4.1,6.7,6.3,5.86
1107,José Castillo Martínez,Ventas,Atención a Clientes,2026-04-24,7.2,6.6,8.1,7.4,4.8,6.9,6.5,6.5,5.8,5.1,6.01,5.8,4.9,5.5,6.9,5.6,5.65,7.1,7.5,5.8,5.8,7.2,6.69
1108,Camila Romero Sánchez,Tecnología,Infraestructura,2025-11-25,9.2,8.4,8.9,8.8,10.0,9.0,9.6,6.2,7.2,6.4,7.47,8.7,8.2,7.8,7.1,9.7,8.3,6.3,7.9,6.7,7.5,6.0,6.99
1109,María Martínez Ramírez,Operaciones,Producción,2025-12-20,6.9,6.7,5.4,4.0,6.6,6.07,5.5,6.4,4.1,3.1,4.85,7.1,6.3,6.2,7.7,5.1,6.51,7.2,7.3,6.7,7.3,7.3,7.15
1110,Mariana Reyes Martínez,Tecnología,Desarrollo,2025-09-15,6.0,6.1,5.8,6.0,5.4,5.9,6.1,6.7,6.4,3.7,5.71,5.8,6.9,8.1,6.0,7.7,6.85,4.6,5.9,5.5,5.4,4.1,5.22
1111,Valeria Martínez Rodríguez,Marketing,Investigación de Mercado,2025-12-04,6.3,7.9,6.9,6.6,6.6,6.91,5.2,5.4,4.1,3.9,4.7,7.5,6.3,5.1,7.0,7.5,6.64,6.7,5.2,7.7,8.3,7.1,6.89
1112,María Ramírez Cruz,Ventas,Atención a Clientes,2026-01-21,5.0,5.6,2.8,4.8,5.4,4.74,5.1,5.5,7.7,6.4,6.04,5.6,4.6,6.2,6.6,4.0,5.38,7.9,4.6,6.6,4.9,6.1,6.04
1113,Alejandro Jiménez Torres,Ventas,Ventas Nacionales,2025-11-10,7.9,7.4,9.6,7.5,6.3,7.82,7.3,7.5,5.6,4.9,6.41,7.4,9.4,6.5,9.2,9.3,8.28,8.1,10.0,6.2,8.4,6.9,8.14
1114,Laura Morales Cruz,Recursos Humanos,Nómina,2026-06-16,6.0,5.9,6.2,7.5,4.5,6.02,6.8,5.8,7.1,6.4,6.51,4.6,4.3,4.4,6.6,4.3,4.74,4.8,3.7,7.2,5.4,5.5,5.2
1115,Carlos Ortiz López,Ventas,Ventas Nacionales,2025-11-22,7.5,6.5,6.5,6.0,7.5,6.82,4.3,6.5,6.3,8.3,6.25,8.5,8.5,9.0,6.9,7.0,8.14,6.3,4.9,5.1,7.3,5.1,5.79
1116,Ricardo Reyes López,Operaciones,Producción,2026-01-26,4.5,4.0,6.5,4.9,5.7,5.02,6.2,5.1,4.9,6.7,5.79,5.3,6.6,5.7,4.7,6.5,5.8,4.0,7.4,6.7,4.7,3.4,5.47
1117,Pedro López Cruz,Recursos Humanos,Reclutamiento,2025-09-17,4.8,2.5,3.4,1.6,1.7,3.0,3.1,3.6,3.6,2.3,3.12,1.9,2.5,4.3,2.9,1.4,2.6,1.3,2.4,2.5,2.7,3.0,2.26
1118,Paola Pérez Martínez,Ventas,Atención a Clientes,2025-10-25,4.5,3.6,2.6,4.8,5.6,4.1,5.3,5.6,5.6,4.4,5.21,5.5,4.7,6.6,6.6,6.2,5.79,6.0,5.8,5.6,5.0,5.8,5.65
1119,José García López,Recursos Humanos,Capacitación,2026-03-21,5.6,6.1,6.2,5.9,3.7,5.6,4.3,4.6,6.1,5.5,5.03,4.6,5.4,4.1,4.8,4.6,4.73,6.1,2.8,3.5,6.7,6.5,4.92
1120,Sofía García Pérez,Operaciones,Logística,2026-01-13,9.2,8.7,9.3,9.6,8.4,9.04,8.5,7.5,9.1,7.2,8.04,7.4,8.2,7.6,8.2,9.4,8.06,7.2,9.1,9.4,9.7,10.0,8.9
1121,Pedro Rodríguez Castillo,Tecnología,Infraestructura,2026-03-28,6.2,6.3,7.0,7.9,8.3,6.96,7.9,6.4,7.0,8.5,7.5,9.1,7.3,8.0,6.4,7.5,7.78,7.9,8.3,9.0,8.0,7.3,8.18
1122,Paola Flores Rodríguez,Ventas,Ventas Internacionales,2026-08-13,10.0,9.1,10.0,7.5,7.4,9.01,8.1,8.2,9.9,8.9,8.68,7.7,7.7,6.3,7.5,8.5,7.51,9.8,10.0,9.4,10.0,8.8,9.71
1123,Carlos Gómez Jiménez,Operaciones,Control de Calidad,2026-07-08,3.5,2.1,5.1,3.0,1.2,3.05,2.6,1.4,3.1,0.7,1.92,3.4,4.4,1.5,3.3,1.6,2.99,4.2,2.6,3.7,1.1,2.5,2.91
1124,Alejandro Martínez Reyes,Recursos Humanos,Reclutamiento,2026-04-28,4.5,3.6,3.5,5.5,5.6,4.39,2.8,1.2,1.7,1.6,1.88,3.8,2.9,2.9,4.0,1.9,3.14,4.4,5.7,3.7,5.4,5.4,4.89
1125,Gabriela Cruz González,Recursos Humanos,Reclutamiento,2026-05-22,3.9,4.7,5.3,6.9,5.3,5.04,5.8,5.6,6.6,4.7,5.64,7.3,5.9,7.7,7.0,7.6,7.03,6.0,5.5,4.7,6.3,5.5,5.62
1126,Jorge Romero Rodríguez,Recursos Humanos,Reclutamiento,2026-08-07,6.9,8.6,7.1,7.9,7.0,7.53,7.3,6.5,7.7,6.5,6.98,5.5,5.5,6.8,6.5,7.9,6.27,9.7,7.2,7.2,5.5,6.2,7.39
1127,José Martínez García,Ventas,Ventas Internacionales,2025-09-26,8.8,7.2,6.9,8.0,6.8,7.6,7.0,6.8,7.3,6.2,6.81,4.8,5.2,7.5,6.8,6.9,6.06,6.2,5.1,6.6,3.6,6.4,5.51
1128,Carlos Hernández Flores,Marketing,Marketing Digital,2026-03-16,7.2,3.6,4.4,4.6,5.3,5.06,6.8,6.2,7.0,8.4,7.09,6.2,5.4,6.5,7.1,6.1,6.18,7.1,7.8,7.3,6.5,6.0,7.08
1129,José González Martínez,Finanzas,Tesorería,2025-10-20,5.4,7.5,7.0,7.0,6.7,6.68,7.5,7.3,6.3,7.2,7.14,6.3,7.2,9.3,6.5,5.2,6.99,8.3,4.6,6.5,8.2,6.4,6.8
1130,Ricardo Cruz Castillo,Operaciones,Control de Calidad,2026-01-04,9.7,10.0,9.5,10.0,10.0,9.82,8.8,9.0,8.5,6.2,8.14,10.0,6.9,9.4,9.3,10.0,9.0,8.4,7.1,8.3,8.4,9.1,8.12
1131,Ximena Gómez López,Tecnología,Infraestructura,2026-05-31,6.0,5.4,5.4,4.8,5.7,5.51,3.9,7.9,7.5,5.9,6.12,7.3,5.5,5.3,5.7,5.5,5.94,5.1,3.1,6.0,5.6,7.1,5.08
1132,Daniela García Jiménez,Tecnología,Desarrollo,2025-09-16,3.2,6.1,4.2,4.4,7.1,4.89,6.7,3.9,5.7,5.4,5.48,5.3,7.1,7.2,4.9,6.5,6.25,4.9,5.3,8.1,7.6,6.7,6.36
1133,Andrea Torres Pérez,Recursos Humanos,Capacitación,2026-03-04,9.0,6.4,8.5,7.8,9.2,8.1,5.0,7.5,6.6,5.3,6.02,6.8,5.1,4.6,7.4,6.5,5.98,4.6,6.2,5.2,5.0,5.5,5.29
1134,Diego Morales Romero,Tecnología,Infraestructura,2026-02-15,7.6,9.9,9.8,8.3,9.1,8.94,7.8,10.0,9.7,9.4,9.13,9.9,9.7,7.5,8.8,9.3,9.12,10.0,8.5,7.2,8.9,10.0,8.85
1135,María González Vázquez,Ventas,Atención a Clientes,2025-09-16,6.3,6.3,5.6,5.7,5.1,5.89,6.4,6.8,5.0,5.0,5.87,4.3,4.7,5.3,3.8,4.4,4.54,7.1,6.9,4.1,3.8,7.3,5.81
1136,José Sánchez Ramírez,Operaciones,Logística,2025-10-12,3.9,1.9,4.2,2.0,4.9,3.32,1.6,3.8,5.2,1.0,2.72,2.6,5.2,1.9,4.7,4.4,3.7,7.2,3.7,5.4,6.2,7.7,5.82
1137,Juan García Vázquez,Ventas,Ventas Nacionales,2026-03-20,1.9,1.6,2.1,1.1,1.8,1.73,4.0,1.0,3.6,3.4,3.02,3.0,4.4,2.1,2.4,4.2,3.26,2.8,1.2,2.7,1.3,1.9,1.99
1138,Juan Torres Torres,Finanzas,Contabilidad,2025-09-22,2.8,4.3,6.8,2.9,4.8,4.29,5.9,5.4,5.5,7.1,6.0,4.8,7.6,6.1,7.3,5.9,6.3,4.6,9.0,6.5,6.7,5.2,6.56
1139,Daniela Pérez Reyes,Marketing,Marketing Digital,2026-05-11,1.9,3.2,2.4,3.1,3.3,2.72,2.3,3.7,4.0,3.3,3.24,3.9,4.8,5.7,6.1,5.1,4.99,5.4,5.9,4.9,3.3,4.9,4.96
1140,Gabriela Vázquez Torres,Finanzas,Tesorería,2026-06-27,5.6,5.3,4.2,5.2,5.9,5.23,6.6,6.2,6.2,5.0,6.02,8.2,5.0,6.0,6.2,6.5,6.4,5.9,6.9,5.3,6.8,7.5,6.37
1141,María García Reyes,Tecnología,Infraestructura,2026-06-04,1.1,3.5,2.5,5.1,3.9,3.0,2.8,4.0,5.4,3.4,3.77,1.0,2.9,2.6,3.6,1.5,2.26,5.9,6.8,5.0,6.6,4.6,5.96
1142,Jorge Torres Reyes,Recursos Humanos,Capacitación,2026-02-02,8.3,7.7,5.9,8.2,7.3,7.5,7.5,6.6,8.2,6.8,7.24,7.3,5.7,8.1,7.5,7.5,7.12,8.2,8.5,7.9,8.0,7.6,8.12
1143,Luis Ortiz Flores,Marketing,Comunicación de Marca,2026-04-29,7.9,8.8,5.2,8.5,8.0,7.69,6.6,6.7,7.5,6.1,6.68,5.9,6.3,6.2,5.2,7.4,6.18,6.8,6.3,4.2,7.7,5.5,6.2
1144,Roberto López Hernández,Finanzas,Auditoría Interna,2026-09-07,7.6,7.9,6.1,7.6,5.4,7.04,7.6,5.8,5.4,6.4,6.41,7.4,7.6,6.6,4.7,7.8,6.94,6.6,8.3,7.8,7.8,8.7,7.72
1145,Pedro Vázquez Reyes,Recursos Humanos,Nómina,2026-03-21,7.8,6.9,8.5,8.1,7.2,7.67,9.3,7.1,8.0,10.0,8.66,8.1,10.0,10.0,10.0,10.0,9.52,8.1,9.1,9.7,9.1,8.1,8.87
1146,Francisco Torres Sánchez,Operaciones,Producción,2025-10-22,8.6,7.2,7.3,9.0,8.5,8.04,9.2,9.5,8.8,8.9,9.12,9.8,8.1,10.0,8.8,8.8,9.12,7.6,8.7,6.7,7.0,9.6,7.78
1147,Carlos García Flores,Recursos Humanos,Nómina,2026-08-09,3.3,4.2,5.6,5.5,8.5,5.1,6.3,6.2,6.5,5.0,5.99,5.6,7.2,4.0,5.1,5.4,5.57,5.0,4.2,5.6,5.8,4.7,5.05
1148,Ana Rodríguez García,Operaciones,Logística,2025-10-04,1.4,1.2,0.3,3.9,3.2,1.78,2.3,4.7,3.5,2.4,3.16,1.2,3.4,2.5,4.3,2.4,2.66,2.8,6.2,2.6,2.2,4.0,3.61
1149,Mariana Flores Ramírez,Marketing,Comunicación de Marca,2025-11-09,9.4,7.4,6.9,10.0,8.1,8.3,10.0,10.0,9.5,8.4,9.5,8.5,9.7,9.9,9.5,8.2,9.18,8.7,10.0,10.0,6.9,8.5,8.9
1150,Ximena Torres Castillo,Tecnología,Soporte Técnico,2025-12-15,4.6,10.0,8.7,6.5,5.8,7.24,8.3,10.0,8.2,8.6,8.78,8.8,6.7,7.6,9.4,9.0,8.15,7.5,9.1,7.6,9.6,7.9,8.38
1151,Gabriela Vázquez Hernández,Recursos Humanos,Reclutamiento,2025-11-27,5.7,4.5,3.9,5.7,5.7,5.04,8.0,5.8,5.8,6.5,6.64,7.1,5.8,6.6,5.9,5.0,6.18,5.4,6.0,4.4,3.7,8.1,5.28
1152,Ricardo Hernández Flores,Recursos Humanos,Reclutamiento,2026-05-04,4.9,4.5,2.5,2.7,2.1,3.57,1.3,2.9,1.0,1.7,1.74,2.7,4.0,3.2,4.0,1.5,3.14,2.5,4.2,2.6,2.6,3.9,3.11
1153,Fernanda Ramírez Gómez,Operaciones,Logística,2026-02-01,7.6,8.3,7.6,8.2,7.8,7.9,6.0,8.7,8.1,7.8,7.54,5.5,8.5,5.6,8.1,6.7,6.84,8.0,8.9,9.2,7.3,10.0,8.52
1154,Fernanda Rodríguez Reyes,Operaciones,Producción,2026-03-04,5.2,5.6,7.0,8.3,6.6,6.34,6.0,5.2,6.2,4.5,5.46,5.9,8.5,6.3,8.1,6.0,6.98,4.4,4.1,6.7,4.7,7.2,5.12
1155,Jorge Castillo Morales,Operaciones,Logística,2025-12-07,3.9,5.5,4.5,4.5,5.1,4.69,4.5,6.1,5.5,5.1,5.25,6.5,4.9,5.8,5.4,3.7,5.38,7.7,6.2,7.5,6.9,6.2,6.98
1156,Luis Vázquez Reyes,Ventas,Ventas Nacionales,2026-08-15,5.2,7.0,5.6,5.3,5.8,5.84,5.5,5.5,5.9,5.5,5.58,5.0,6.3,5.2,7.4,6.7,5.98,6.2,8.1,7.1,5.3,6.9,6.74
1157,Karla Vázquez Pérez,Recursos Humanos,Nómina,2026-02-12,6.4,6.8,4.1,8.8,8.6,6.73,5.6,5.4,5.0,6.7,5.7,7.1,7.2,7.1,4.9,8.7,7.04,5.3,4.9,8.7,3.7,5.8,5.61
1158,Luis Martínez Cruz,Ventas,Atención a Clientes,2025-12-25,6.9,8.3,7.5,7.6,7.7,7.6,8.1,7.7,8.1,7.0,7.72,6.1,6.3,7.6,6.1,6.0,6.43,6.3,7.2,10.0,8.9,8.7,8.02
1159,Francisco Romero Ramírez,Finanzas,Tesorería,2026-08-23,8.6,9.4,8.0,7.3,9.4,8.6,9.1,8.9,7.5,7.5,8.33,7.6,9.5,6.5,8.5,9.5,8.28,7.9,9.9,7.6,8.7,8.6,8.57
1160,Daniela García Flores,Operaciones,Control de Calidad,2026-04-11,7.1,6.8,8.2,9.3,7.3,7.6,8.8,7.4,7.4,6.6,7.62,8.8,7.0,7.5,9.8,9.9,8.4,9.4,7.9,8.0,8.4,9.0,8.51
1161,Sofía Reyes Vázquez,Finanzas,Contabilidad,2025-11-08,10.0,8.0,7.4,8.2,8.4,8.47,8.5,7.3,7.6,8.8,8.09,9.0,8.2,7.7,8.6,8.1,8.34,7.5,8.8,7.2,10.0,10.0,8.52
1162,Carlos Cruz Sánchez,Recursos Humanos,Nómina,2026-07-15,7.6,9.3,9.5,7.2,8.1,8.42,9.4,9.4,7.7,10.0,9.21,9.4,10.0,8.9,8.3,7.3,8.97,6.2,8.3,7.4,5.1,8.8,7.0
1163,Carlos Rodríguez Gómez,Tecnología,Soporte Técnico,2025-09-24,6.7,8.4,3.2,6.0,8.3,6.56,6.7,5.7,6.8,7.6,6.7,5.0,3.4,4.4,3.5,5.9,4.39,9.0,6.4,6.3,7.0,7.3,7.24
1164,Karla Jiménez Jiménez,Marketing,Investigación de Mercado,2026-07-07,8.0,6.9,7.0,5.7,6.3,6.93,6.7,7.0,6.3,8.0,7.02,8.4,7.3,7.4,7.4,8.3,7.76,9.2,5.8,6.6,6.3,7.7,7.1
1165,Andrea Martínez López,Tecnología,Soporte Técnico,2025-10-03,9.6,8.3,8.7,9.8,6.7,8.69,9.8,6.1,9.7,8.6,8.56,9.2,10.0,10.0,8.5,8.7,9.38,9.4,7.8,10.0,9.8,8.2,9.08
1166,Ana García Sánchez,Operaciones,Logística,2026-02-27,7.8,7.6,6.3,8.0,5.9,7.19,6.6,8.4,7.5,8.4,7.68,8.0,6.1,5.3,5.9,5.6,6.31,7.5,7.9,7.8,8.7,7.6,7.91
1167,Raúl Castillo Jiménez,Finanzas,Auditoría Interna,2026-05-16,4.0,6.2,5.4,4.8,5.0,5.1,5.8,5.2,7.8,5.4,5.95,5.3,6.8,5.1,6.1,7.8,6.13,6.5,7.5,8.4,7.6,6.5,7.35
1168,Camila Rodríguez Rodríguez,Marketing,Comunicación de Marca,2025-11-06,2.5,2.6,3.9,4.8,4.8,3.49,2.1,1.5,3.5,1.3,2.03,3.9,4.7,2.6,5.1,3.2,3.91,5.5,3.8,1.8,3.5,3.1,3.7
1169,Andrea Vázquez García,Marketing,Investigación de Mercado,2026-05-18,3.7,4.7,6.0,5.0,3.2,4.53,3.1,3.0,4.9,5.4,4.01,3.2,3.5,2.4,3.3,4.0,3.25,1.9,1.4,3.6,2.0,2.1,2.15
1170,Sofía Martínez Reyes,Ventas,Ventas Nacionales,2026-01-22,4.3,2.4,7.3,4.0,3.6,4.28,3.9,4.0,3.9,4.0,3.95,2.6,3.5,2.5,3.3,3.1,2.98,5.2,5.2,7.9,3.6,5.6,5.46
1171,Miguel Gómez López,Tecnología,Infraestructura,2026-07-10,0.7,5.0,4.3,2.7,1.7,2.94,4.0,4.7,4.3,4.4,4.34,4.7,5.4,4.8,4.2,3.9,4.7,3.6,3.8,2.0,2.5,2.5,3.0
1172,Paola López Gómez,Recursos Humanos,Capacitación,2026-03-23,4.3,2.9,3.5,3.5,3.3,3.52,5.3,3.4,3.7,2.8,3.88,3.7,3.4,3.1,3.7,4.7,3.66,4.6,5.6,3.2,4.7,5.0,4.63
1173,Sergio García González,Recursos Humanos,Reclutamiento,2026-08-13,7.6,7.0,5.2,6.4,5.7,6.5,7.0,4.1,3.8,6.7,5.56,5.3,5.2,7.8,6.7,5.1,5.96,6.5,4.9,6.8,6.0,5.6,5.97
1174,Alejandro Romero González,Operaciones,Control de Calidad,2026-02-06,5.0,4.2,5.5,4.1,3.5,4.54,6.8,5.7,6.6,8.3,6.86,5.6,5.9,4.8,3.6,5.4,5.18,5.1,5.6,5.7,5.3,4.9,5.36
1175,Roberto Romero Ortiz,Finanzas,Contabilidad,2025-12-04,8.0,9.3,9.1,9.4,7.6,8.7,10.0,10.0,6.6,7.7,8.75,9.0,9.6,9.9,9.5,8.8,9.38,7.9,7.4,8.9,10.0,8.6,8.46
1176,Laura Reyes Ramírez,Recursos Humanos,Capacitación,2025-12-23,8.0,8.4,9.7,6.4,8.1,8.22,10.0,8.5,7.0,7.8,8.48,10.0,9.7,8.7,9.7,8.5,9.4,10.0,7.9,7.2,8.1,8.5,8.38
1177,Juan López Flores,Ventas,Ventas Internacionales,2026-02-07,5.4,4.7,5.5,6.2,2.6,4.94,0.3,5.7,3.3,4.6,3.32,2.3,2.8,1.9,4.1,3.5,2.79,5.1,5.6,4.4,4.2,5.2,4.91
1178,Juan Castillo Cruz,Recursos Humanos,Reclutamiento,2026-01-25,8.3,8.4,7.7,7.7,9.4,8.28,6.3,5.3,6.6,7.3,6.36,9.1,9.7,8.9,9.0,9.2,9.21,7.5,7.8,7.6,6.8,7.1,7.42
1179,Juan Sánchez Hernández,Recursos Humanos,Nómina,2026-01-19,6.9,6.5,8.6,8.9,6.4,7.36,5.6,5.5,5.5,5.8,5.6,6.9,6.0,5.2,6.1,5.2,5.96,10.0,7.8,6.5,6.9,7.0,7.83
1180,Carlos Vázquez López,Tecnología,Soporte Técnico,2026-07-14,6.0,5.1,8.0,6.2,6.8,6.32,7.3,6.3,7.5,6.3,6.84,6.5,7.7,6.4,6.0,8.6,7.02,5.7,7.6,6.8,7.8,7.1,6.96
1181,Mariana Pérez Morales,Recursos Humanos,Reclutamiento,2025-11-26,3.9,2.1,1.4,3.0,2.9,2.66,2.7,1.9,1.5,2.4,2.18,2.5,1.3,2.3,2.9,2.4,2.2,2.7,1.0,1.7,2.8,2.4,2.07
1182,Camila Pérez Romero,Marketing,Marketing Digital,2025-11-07,6.6,6.9,5.2,4.9,6.4,6.11,4.9,5.8,6.2,6.1,5.68,6.0,5.4,7.2,5.0,6.8,6.06,7.6,6.5,5.3,6.0,6.3,6.42
1183,Paola Morales Castillo,Ventas,Ventas Internacionales,2025-10-20,8.1,8.8,7.4,8.1,9.3,8.32,6.7,7.6,7.5,6.2,6.96,10.0,8.9,10.0,9.5,9.8,9.62,8.1,7.9,6.2,7.1,5.8,7.24
1184,Valeria Vázquez Vázquez,Ventas,Atención a Clientes,2025-09-13,5.8,5.6,3.8,4.5,3.5,4.81,6.0,4.0,6.4,5.6,5.48,4.9,3.6,3.5,3.9,4.1,4.03,2.2,0.7,3.1,1.7,3.5,2.04
1185,Laura Cruz Vázquez,Ventas,Ventas Nacionales,2026-03-05,9.9,8.0,7.3,9.4,8.6,8.64,9.3,7.9,8.0,7.3,8.19,9.0,8.4,6.9,6.8,8.0,7.95,9.8,9.4,10.0,7.9,8.2,9.2
1186,Carlos Pérez Torres,Recursos Humanos,Nómina,2026-05-18,7.9,10.0,9.1,8.1,7.3,8.6,7.6,6.9,5.5,7.6,7.01,6.0,6.6,4.0,9.0,7.3,6.4,6.5,5.3,6.2,6.6,6.0,6.11
1187,Camila Torres González,Finanzas,Tesorería,2026-04-22,8.4,6.7,5.2,8.6,7.1,7.17,7.1,6.6,6.4,6.2,6.61,6.4,7.3,8.6,8.7,8.8,7.77,7.8,7.2,7.4,7.4,6.5,7.36
1188,Pedro García López,Marketing,Comunicación de Marca,2026-02-23,8.2,6.7,7.2,6.5,5.8,7.01,8.1,8.0,7.9,9.8,8.46,8.0,5.1,7.4,6.5,6.6,6.72,7.4,6.4,6.2,6.6,5.6,6.57
1189,Raúl Reyes Rodríguez,Finanzas,Auditoría Interna,2025-11-24,8.7,10.0,7.9,10.0,8.6,9.04,9.9,9.8,10.0,9.2,9.72,7.3,8.1,10.0,10.0,7.9,8.54,8.6,9.1,10.0,8.8,9.2,9.1
1190,Miguel Morales Sánchez,Tecnología,Infraestructura,2025-10-28,2.8,2.8,3.6,4.3,2.8,3.18,2.1,2.0,5.2,1.9,2.64,3.2,3.6,4.5,1.4,2.1,3.12,3.3,4.2,3.5,4.2,3.2,3.74
1191,Ana Hernández Flores,Ventas,Ventas Nacionales,2025-10-02,8.1,8.2,9.6,10.0,10.0,8.99,9.9,7.1,9.8,10.0,9.2,9.6,10.0,10.0,10.0,9.8,9.87,8.1,8.2,8.1,7.0,8.3,7.92
1192,Raúl Ortiz López,Tecnología,Soporte Técnico,2026-08-02,5.0,2.9,1.1,3.9,3.7,3.34,3.0,4.1,4.0,2.5,3.35,2.9,2.9,2.1,1.9,2.9,2.59,1.1,3.3,2.0,3.7,1.4,2.38
1193,Karla López Romero,Marketing,Comunicación de Marca,2025-12-30,4.0,5.3,5.5,4.8,4.9,4.88,6.4,6.6,5.6,5.8,6.14,6.3,6.4,5.4,6.0,6.6,6.14,4.4,5.5,4.9,6.0,5.7,5.22
1194,Jorge García Pérez,Operaciones,Control de Calidad,2026-02-17,3.4,3.4,4.0,2.7,3.8,3.48,1.0,2.1,5.1,3.9,2.82,3.9,3.5,3.4,1.8,4.8,3.52,2.3,3.9,3.7,1.1,2.2,2.73
1195,Ricardo Pérez Pérez,Ventas,Ventas Internacionales,2026-05-07,4.1,5.0,6.1,4.4,7.0,5.2,7.0,4.2,6.3,7.4,6.26,7.8,6.9,8.0,6.7,5.6,7.12,5.8,6.7,6.6,7.2,4.8,6.36
1196,Ximena Flores Castillo,Ventas,Atención a Clientes,2026-01-20,8.3,5.5,7.4,7.7,8.0,7.29,8.6,5.7,6.3,8.5,7.39,9.4,9.1,6.6,8.7,5.0,8.0,6.7,7.7,9.0,8.0,8.9,7.89
1197,Karla Jiménez Hernández,Tecnología,Infraestructura,2026-06-18,3.5,2.3,2.4,2.5,1.9,2.59,4.1,2.4,5.6,0.8,3.15,2.8,2.2,2.3,4.2,3.9,2.92,3.1,1.9,4.1,3.4,3.3,3.08
1198,Juan Flores Morales,Operaciones,Producción,2026-07-01,6.3,9.1,4.9,3.6,4.5,6.04,4.8,3.6,3.6,3.3,3.88,6.5,5.2,6.5,3.6,6.6,5.76,6.0,5.7,7.3,5.9,6.8,6.24
1199,Gabriela Flores López,Marketing,Comunicación de Marca,2025-12-01,8.9,9.0,8.8,6.8,10.0,8.75,8.8,7.7,8.1,8.9,8.41,10.0,10.0,8.7,8.5,7.1,9.08,8.1,10.0,9.4,9.6,10.0,9.32
1200,Raúl Reyes Gómez,Marketing,Marketing Digital,2026-01-17,4.9,4.4,5.3,4.5,5.0,4.81,7.1,8.7,6.8,6.4,7.26,3.6,4.6,4.6,6.4,4.6,4.62,5.8,4.9,6.1,4.9,5.8,5.46
1201,Pedro Romero Reyes,Finanzas,Tesorería,2025-10-20,2.4,4.3,3.8,3.2,0.6,3.0,1.5,3.4,5.1,2.3,2.89,3.6,2.3,4.1,5.1,2.7,3.46,2.6,4.0,6.9,2.5,3.7,3.9
1202,Francisco Flores Pérez,Operaciones,Control de Calidad,2025-12-24,5.5,7.8,4.9,6.3,5.9,6.14,6.2,7.3,4.3,7.5,6.42,5.6,6.1,6.1,7.0,6.8,6.22,4.9,7.6,6.9,7.4,7.6,6.74
1203,Ximena García Romero,Recursos Humanos,Reclutamiento,2026-07-16,7.1,7.0,10.0,8.8,6.9,7.88,8.0,7.4,10.0,8.5,8.38,6.1,5.2,5.8,7.4,8.0,6.3,9.1,9.6,9.1,9.0,10.0,9.3
1204,Camila Martínez Jiménez,Finanzas,Contabilidad,2025-11-27,10.0,8.6,7.6,7.9,5.1,8.12,9.7,7.8,7.1,8.0,8.28,8.6,7.2,6.7,8.8,9.5,8.04,9.9,8.5,6.7,7.4,8.5,8.27
1205,Juan Castillo Flores,Ventas,Atención a Clientes,2026-07-20,6.0,8.7,8.8,7.1,6.3,7.44,6.0,7.8,6.3,6.5,6.64,5.9,7.0,5.9,5.0,6.1,6.07,5.2,4.8,5.8,6.4,6.2,5.56
1206,Sofía Sánchez García,Marketing,Comunicación de Marca,2025-12-27,4.8,6.2,7.6,6.6,7.8,6.43,7.4,6.7,3.9,5.5,6.05,3.5,5.5,3.2,5.9,4.0,4.38,5.7,7.3,4.6,6.0,5.4,5.91
1207,Diego Castillo García,Ventas,Ventas Nacionales,2026-01-12,6.0,9.0,7.1,8.8,8.7,7.8,4.5,6.7,8.5,5.8,6.18,7.5,8.7,8.5,8.3,8.0,8.2,6.9,8.5,6.9,6.2,6.8,7.15
1208,Pedro Vázquez Rodríguez,Finanzas,Auditoría Interna,2026-02-22,8.5,7.8,9.2,8.2,9.3,8.54,8.4,8.1,10.0,8.8,8.75,6.1,8.0,6.9,9.3,8.4,7.56,8.2,6.6,8.8,7.3,6.3,7.55
1209,Fernanda Ramírez Cruz,Ventas,Ventas Internacionales,2025-11-29,7.6,6.7,7.6,6.1,8.4,7.27,6.2,5.2,7.9,7.2,6.54,3.6,5.9,5.6,7.2,7.7,5.73,7.0,7.1,6.7,6.7,7.4,6.94
1210,Andrea López Cruz,Operaciones,Control de Calidad,2026-04-17,10.0,7.9,10.0,9.2,7.8,9.02,10.0,9.3,9.4,10.0,9.7,7.6,7.7,6.3,7.4,8.0,7.4,9.7,7.2,9.7,9.0,9.7,8.93
1211,Laura Cruz García,Marketing,Investigación de Mercado,2026-03-23,7.4,7.3,9.0,8.1,8.2,7.92,9.7,7.5,10.0,9.4,9.14,10.0,10.0,10.0,10.0,10.0,10.0,9.6,8.7,7.1,6.7,8.5,8.18
1212,Alejandro Morales Morales,Recursos Humanos,Nómina,2025-11-25,7.9,10.0,10.0,7.7,8.6,8.92,8.6,6.8,7.5,8.4,7.88,8.0,7.8,7.2,9.4,7.2,7.88,8.7,8.3,7.0,8.7,6.4,8.03
1213,Andrea Martínez Martínez,Recursos Humanos,Reclutamiento,2026-08-27,6.3,7.6,7.0,8.0,7.2,7.16,5.8,6.6,7.1,4.8,6.01,4.5,7.3,4.9,5.5,6.8,5.78,5.0,5.9,4.7,5.1,4.7,5.16
1214,Paola Gómez González,Marketing,Marketing Digital,2025-12-01,6.7,4.6,6.5,6.6,6.4,6.08,6.4,7.2,8.0,6.6,6.97,5.4,6.8,6.6,4.4,6.0,5.93,8.4,7.4,6.6,8.6,5.9,7.58
1215,José Sánchez Hernández,Tecnología,Desarrollo,2026-08-15,5.7,4.7,3.9,5.6,3.1,4.68,4.1,3.4,4.6,5.3,4.32,4.1,5.4,3.1,7.3,4.4,4.75,6.4,4.9,5.1,6.4,3.9,5.52
1216,José González Gómez,Marketing,Marketing Digital,2025-09-29,7.7,6.9,5.0,7.9,7.5,6.96,7.4,4.2,5.5,5.5,5.75,7.2,5.5,7.0,5.9,6.5,6.44,6.5,8.0,6.1,6.5,5.5,6.69
1217,Alejandro Ramírez López,Operaciones,Logística,2026-01-22,7.4,6.5,7.0,8.9,6.4,7.17,9.1,8.6,8.7,8.8,8.82,8.7,7.9,9.9,7.6,8.1,8.48,10.0,9.6,8.2,8.6,10.0,9.26
1218,José Reyes Flores,Marketing,Marketing Digital,2025-12-09,8.5,7.0,8.3,8.1,5.8,7.62,6.0,5.5,7.2,7.8,6.56,9.5,9.8,7.0,8.8,10.0,9.05,8.0,6.1,6.8,6.4,6.8,6.84
1219,Diego Pérez Reyes,Marketing,Marketing Digital,2026-08-17,3.4,4.5,3.2,4.9,3.5,3.88,3.6,4.5,3.6,4.4,4.03,2.8,4.3,2.7,3.5,2.9,3.28,4.6,4.9,1.5,2.7,3.7,3.58
1220,Andrea García Flores,Finanzas,Contabilidad,2026-07-27,8.7,6.8,7.0,8.1,7.9,7.68,9.1,7.9,8.3,5.6,7.76,8.1,9.6,9.3,10.0,10.0,9.28,6.4,7.3,5.9,7.9,9.5,7.14
1221,Juan Sánchez Morales,Recursos Humanos,Reclutamiento,2025-11-05,7.8,9.0,8.5,9.9,9.1,8.75,5.4,5.7,6.9,7.1,6.2,5.0,5.2,7.3,5.6,8.0,6.05,8.0,8.3,6.8,4.9,6.4,7.06
1222,Camila Reyes González,Operaciones,Producción,2026-05-26,8.0,7.6,4.6,5.3,8.1,6.83,8.1,8.3,7.7,7.9,8.02,6.4,5.9,5.3,7.3,5.1,5.99,5.7,5.8,6.5,6.6,7.1,6.2
1223,Carlos Sánchez García,Operaciones,Producción,2026-01-23,7.8,6.4,6.3,8.2,7.4,7.15,7.1,7.6,8.3,9.9,8.16,6.7,6.7,7.4,7.5,7.5,7.08,9.6,6.6,8.2,6.0,7.9,7.68
1224,Fernanda Pérez Martínez,Ventas,Ventas Nacionales,2026-06-21,4.0,5.6,6.0,4.8,4.2,4.95,2.6,4.8,5.5,4.7,4.26,6.5,8.1,7.6,6.8,4.7,6.9,8.1,6.9,8.5,5.4,7.3,7.26
1225,Paola Cruz Pérez,Ventas,Ventas Nacionales,2026-07-08,7.8,7.0,7.1,7.8,6.0,7.19,8.6,9.1,8.8,8.6,8.76,8.4,7.2,6.6,7.9,6.6,7.4,7.5,10.0,8.8,6.2,9.8,8.36
1226,Daniela Flores López,Recursos Humanos,Nómina,2025-12-14,2.9,4.0,5.4,4.0,2.7,3.81,4.1,3.0,3.3,2.5,3.26,3.8,6.3,6.8,4.6,3.5,5.1,5.3,1.7,4.7,5.1,2.8,3.99
1227,Karla Jiménez Ramírez,Marketing,Investigación de Mercado,2025-09-22,5.8,5.7,6.9,7.9,5.8,6.31,6.9,6.7,3.9,6.7,6.2,5.9,4.8,7.3,6.4,5.3,5.89,8.4,8.4,6.0,7.7,6.3,7.57
1228,Andrea González Morales,Tecnología,Desarrollo,2026-09-02,6.7,5.5,4.4,6.0,6.4,5.79,5.6,5.0,5.8,4.9,5.32,4.9,4.2,7.9,5.3,5.9,5.54,6.1,5.7,6.4,4.3,7.5,5.84
1229,Mariana Castillo Pérez,Ventas,Atención a Clientes,2026-08-07,8.2,8.7,7.6,7.9,9.5,8.36,7.2,9.0,7.4,5.0,7.14,6.2,7.4,5.8,6.1,7.9,6.66,7.5,5.9,7.6,10.0,9.1,7.78
1230,Jorge Pérez Ortiz,Marketing,Comunicación de Marca,2026-06-25,9.1,7.9,6.0,5.0,10.0,7.7,7.0,6.6,8.3,5.5,6.78,7.4,4.6,5.0,5.9,4.7,5.59,6.7,5.0,4.7,6.2,3.5,5.46
1231,José Castillo Reyes,Marketing,Investigación de Mercado,2026-01-02,9.4,10.0,9.2,9.2,8.1,9.28,8.4,9.2,8.2,9.1,8.74,7.6,7.3,5.9,5.0,5.9,6.54,10.0,8.1,8.6,6.3,9.8,8.48
1232,Ana Hernández García,Finanzas,Contabilidad,2026-04-23,7.6,5.6,3.8,6.4,4.2,5.65,5.5,4.4,4.0,4.5,4.68,6.1,7.2,5.4,6.4,5.0,6.12,6.3,4.8,5.6,6.2,4.8,5.62
1233,Mariana Ortiz Ramírez,Finanzas,Contabilidad,2025-12-24,7.0,7.2,9.6,6.7,9.1,7.84,7.3,6.3,8.0,8.9,7.59,7.3,8.1,7.0,6.6,7.8,7.41,6.4,9.2,8.4,5.7,5.8,7.3
1234,Paola García Martínez,Tecnología,Desarrollo,2025-10-17,9.1,7.8,8.8,8.5,9.3,8.65,9.7,6.0,8.1,7.9,8.01,6.6,8.0,6.9,6.8,8.3,7.3,6.3,4.9,7.1,7.7,8.3,6.59
1235,José Ramírez Sánchez,Ventas,Ventas Nacionales,2026-02-14,10.0,8.8,8.2,7.2,9.9,8.9,10.0,10.0,9.5,10.0,9.9,10.0,10.0,10.0,10.0,8.1,9.72,6.5,8.6,7.1,8.2,9.2,7.76
1236,Carlos Cruz Flores,Operaciones,Logística,2025-12-28,6.6,7.1,5.5,5.8,7.8,6.56,7.6,7.3,6.0,6.0,6.8,8.5,4.3,4.7,7.1,6.7,6.21,4.5,5.1,6.5,4.5,5.1,5.11
1237,Juan García Cruz,Operaciones,Producción,2025-09-30,6.2,6.5,4.2,5.4,7.1,5.89,4.5,4.6,7.0,4.7,5.08,5.9,4.0,5.5,6.1,3.0,4.94,6.5,4.9,4.3,5.1,5.1,5.24
1238,Francisco Cruz Flores,Operaciones,Producción,2026-05-05,7.9,7.0,6.1,4.6,5.5,6.46,5.0,3.7,4.2,5.7,4.69,4.0,6.2,5.5,5.8,5.8,5.39,7.8,8.3,6.7,5.6,7.7,7.26
1239,Karla Jiménez Gómez,Ventas,Atención a Clientes,2026-06-13,7.1,7.9,7.4,8.4,6.9,7.52,9.2,7.3,8.1,8.2,8.25,9.9,8.4,10.0,10.0,10.0,9.57,9.7,8.8,6.1,9.2,7.0,8.38
1240,Sofía Gómez Vázquez,Finanzas,Contabilidad,2026-01-19,3.7,4.3,4.5,4.3,3.6,4.08,5.7,5.5,4.1,3.3,4.73,4.8,6.1,1.7,2.5,4.1,4.06,3.0,4.3,5.1,3.0,5.1,3.96
1241,Miguel Cruz López,Ventas,Atención a Clientes,2026-07-16,4.7,5.3,3.9,6.1,3.1,4.66,4.6,5.3,4.2,4.1,4.57,0.3,2.7,2.3,1.9,1.9,1.78,4.9,4.5,4.4,2.0,4.6,4.09
1242,Paola Morales Vázquez,Ventas,Ventas Internacionales,2026-05-21,4.8,6.4,5.0,5.0,3.3,5.04,5.7,6.4,5.3,5.4,5.72,6.3,5.2,7.3,3.5,7.2,5.94,7.5,5.4,7.3,8.0,5.3,6.82
1243,Sergio Rodríguez Jiménez,Tecnología,Desarrollo,2026-08-25,6.3,4.0,6.1,4.3,5.0,5.19,4.3,5.4,6.1,4.8,5.06,5.2,4.9,5.8,7.0,6.1,5.65,6.2,6.8,4.5,6.0,6.2,5.97
1244,Karla González Romero,Marketing,Marketing Digital,2026-07-03,8.4,6.7,6.0,7.5,7.4,7.21,8.3,6.5,6.7,5.5,6.83,8.2,9.1,8.2,8.3,5.9,8.09,9.7,9.0,9.8,8.4,6.8,8.99
1245,Ximena Vázquez Ortiz,Finanzas,Contabilidad,2026-09-02,9.1,6.8,7.1,8.9,7.3,7.82,7.4,9.4,7.4,5.8,7.5,7.8,7.9,8.7,8.6,7.9,8.14,7.7,6.9,5.7,8.1,6.1,7.02
1246,Camila Ortiz Vázquez,Tecnología,Desarrollo,2025-09-10,4.7,7.0,5.8,4.3,3.7,5.28,7.5,6.2,7.5,7.4,7.15,6.7,7.2,6.8,7.8,7.5,7.13,8.0,6.1,6.0,9.2,6.4,7.2
1247,Diego Romero Sánchez,Finanzas,Tesorería,2025-12-14,8.6,6.5,6.4,7.8,8.1,7.44,4.0,5.1,3.5,5.9,4.65,4.8,3.1,6.5,5.3,5.5,4.9,3.4,4.7,3.6,6.0,5.6,4.5
1248,José González Sánchez,Tecnología,Desarrollo,2026-03-11,6.2,8.1,5.5,4.3,5.6,6.16,4.7,4.7,3.9,3.8,4.32,8.5,4.0,6.7,5.6,7.6,6.44,6.4,6.3,4.0,4.3,5.7,5.4
1249,Valeria Pérez Ramírez,Operaciones,Producción,2026-03-01,2.7,6.2,4.5,5.5,5.5,4.78,3.6,5.0,2.7,4.9,4.1,2.8,1.3,3.7,3.0,3.6,2.76,5.8,4.3,4.7,6.5,5.1,5.28
1250,Sergio Jiménez Rodríguez,Tecnología,Infraestructura,2026-03-07,5.8,5.7,7.6,5.6,4.7,5.94,5.7,6.4,4.7,3.5,5.12,5.7,3.5,7.2,5.4,5.6,5.39,7.1,5.5,6.4,7.4,7.9,6.7
1251,Pedro Pérez Hernández,Tecnología,Soporte Técnico,2025-12-09,8.2,6.1,4.7,6.6,5.8,6.38,5.0,6.8,5.4,6.8,5.98,5.8,7.1,7.9,7.9,5.2,6.77,9.2,9.0,7.6,7.5,7.8,8.35
1252,José Morales Hernández,Operaciones,Producción,2026-04-08,0.8,0.6,2.1,2.6,2.9,1.6,0.1,2.7,1.3,2.8,1.66,3.5,1.5,2.5,2.7,3.4,2.66,3.9,2.8,2.9,5.2,3.9,3.68
1253,Gabriela Morales Ramírez,Tecnología,Desarrollo,2025-11-15,5.6,5.6,4.9,5.5,4.7,5.31,2.9,5.8,4.3,6.1,4.7,5.1,5.3,6.3,6.9,6.1,5.81,7.9,5.9,5.7,6.1,6.0,6.41
1254,Laura Castillo Reyes,Ventas,Atención a Clientes,2026-07-10,6.4,5.4,6.4,7.0,4.3,5.92,7.6,5.1,7.5,5.5,6.43,7.5,6.4,4.9,7.0,7.9,6.69,7.5,7.6,8.8,8.3,5.7,7.76
1255,Sofía Torres Romero,Ventas,Ventas Nacionales,2025-12-05,4.3,4.4,4.7,5.4,4.9,4.66,5.5,5.9,6.5,5.7,5.85,5.8,5.7,5.6,5.3,6.2,5.72,6.1,7.7,7.0,6.5,7.5,6.9
1256,Karla Vázquez Hernández,Marketing,Marketing Digital,2026-05-05,6.4,4.7,4.6,4.1,6.2,5.24,8.9,6.3,5.7,7.6,7.28,4.7,4.0,4.2,6.2,3.0,4.39,3.4,3.1,4.2,4.4,5.6,3.9
1257,Andrea Torres Martínez,Ventas,Ventas Internacionales,2026-02-02,6.3,5.5,5.3,5.4,8.2,6.05,5.6,3.7,4.7,5.7,4.97,3.6,5.1,3.8,6.0,6.3,4.78,4.7,4.6,5.6,6.2,6.5,5.34
1258,Mariana Martínez Ramírez,Finanzas,Contabilidad,2026-05-04,7.9,10.0,8.1,7.8,8.8,8.58,7.5,8.3,7.5,8.2,7.88,10.0,9.6,9.2,9.5,10.0,9.67,8.1,7.0,7.0,8.8,9.3,7.86
1259,María Jiménez Torres,Tecnología,Infraestructura,2026-01-14,6.8,4.1,5.0,6.3,3.6,5.21,7.7,6.5,8.1,8.9,7.78,5.6,5.2,6.1,6.1,4.2,5.46,4.6,5.9,2.7,5.3,3.6,4.58
1260,Sergio Jiménez Castillo,Recursos Humanos,Reclutamiento,2025-10-10,7.3,5.8,5.8,5.9,6.0,6.22,6.0,6.6,5.1,5.4,5.82,6.6,5.6,3.4,5.3,5.0,5.28,4.7,6.9,5.7,5.8,4.5,5.65
1261,Roberto Cruz Jiménez,Finanzas,Tesorería,2026-02-09,6.0,5.9,5.6,5.8,5.2,5.74,8.0,9.1,7.6,7.6,8.1,5.0,5.8,4.8,5.6,4.2,5.13,6.1,5.5,3.8,5.2,6.8,5.38
1262,Miguel Ortiz Torres,Ventas,Ventas Nacionales,2026-06-10,7.5,5.3,5.2,5.5,5.6,5.9,7.3,6.1,5.7,6.1,6.38,4.9,7.3,7.3,5.7,4.1,5.98,7.4,7.3,5.5,6.0,6.9,6.67
1263,José Morales Hernández,Tecnología,Infraestructura,2026-04-05,7.6,7.7,8.4,7.3,8.6,7.89,9.5,10.0,10.0,9.9,9.82,10.0,8.2,8.6,10.0,10.0,9.27,8.7,7.4,9.4,6.0,9.3,8.04
1264,Daniela Castillo Gómez,Operaciones,Logística,2026-08-06,8.2,8.9,8.5,6.7,10.0,8.48,8.8,9.1,6.8,10.0,8.78,8.2,9.6,10.0,9.0,9.8,9.27,7.6,8.2,6.4,10.0,9.2,8.15
1265,Daniela García Rodríguez,Operaciones,Producción,2026-01-24,6.4,6.1,6.7,5.4,5.0,6.02,6.7,6.1,7.6,4.4,6.15,6.2,7.6,6.0,5.3,5.0,6.2,5.4,3.5,7.7,7.4,6.7,5.92
1266,Sofía Castillo Ortiz,Ventas,Ventas Internacionales,2026-04-02,3.9,3.6,5.4,4.5,3.9,4.22,1.8,0.9,0.0,3.5,1.64,3.6,3.6,5.5,2.6,3.3,3.79,3.3,1.1,2.9,3.3,4.6,2.8
1267,Roberto Hernández Gómez,Ventas,Atención a Clientes,2025-11-27,6.5,5.5,5.8,8.0,4.9,6.1,6.2,6.3,5.5,5.4,5.88,6.8,8.4,5.8,7.3,5.1,6.82,6.1,7.7,7.4,6.7,7.2,6.99
1268,Camila García Sánchez,Operaciones,Producción,2026-01-14,9.8,7.6,9.8,10.0,9.7,9.26,7.6,6.1,7.9,8.8,7.58,10.0,9.1,8.2,9.3,8.0,9.01,8.2,10.0,10.0,10.0,10.0,9.55
1269,Ricardo López López,Finanzas,Tesorería,2026-08-17,10.0,10.0,10.0,10.0,10.0,10.0,10.0,10.0,10.0,10.0,10.0,7.0,8.9,9.0,8.6,9.5,8.49,9.7,10.0,7.5,9.1,9.6,9.2
1270,Laura Sánchez Reyes,Ventas,Ventas Nacionales,2025-11-11,10.0,9.9,10.0,9.4,10.0,9.88,8.4,7.9,8.3,8.4,8.26,8.1,7.4,8.7,9.0,8.7,8.27,9.2,10.0,10.0,8.0,8.3,9.23
1271,Carlos Martínez López,Tecnología,Infraestructura,2026-08-30,5.7,6.3,5.5,5.1,6.1,5.78,3.9,3.3,3.8,3.8,3.7,5.0,2.8,5.2,2.8,4.1,4.03,4.9,3.9,2.0,3.2,3.6,3.6
1272,Jorge Cruz Ramírez,Ventas,Atención a Clientes,2025-12-12,7.1,7.2,8.7,8.9,6.3,7.6,6.7,5.7,6.5,6.1,6.26,6.9,5.8,6.9,5.9,5.0,6.19,6.5,7.8,5.4,7.3,6.9,6.81
1273,Miguel Jiménez Rodríguez,Operaciones,Producción,2026-03-08,5.0,4.6,2.9,4.6,6.8,4.69,3.0,5.5,3.9,2.2,3.6,2.0,2.2,3.0,3.6,3.5,2.72,7.5,3.0,4.1,4.8,3.8,4.78
1274,Diego González Gómez,Marketing,Marketing Digital,2025-12-15,7.3,5.7,8.5,6.8,7.7,7.13,7.4,5.9,7.1,6.8,6.82,6.7,6.7,9.3,8.2,8.3,7.68,8.0,8.5,8.2,9.9,9.5,8.7
1275,Roberto Martínez Romero,Marketing,Investigación de Mercado,2026-06-22,7.5,4.1,5.3,5.8,6.9,5.86,6.4,5.9,5.9,3.6,5.48,6.6,5.2,5.7,3.4,7.0,5.65,5.8,3.2,7.1,6.2,6.3,5.54
1276,Francisco Sánchez Reyes,Operaciones,Logística,2026-01-05,7.9,9.5,9.9,9.2,7.9,8.9,8.7,8.7,8.9,8.4,8.67,8.5,7.6,7.1,6.8,9.0,7.82,10.0,9.9,9.1,9.0,10.0,9.6
1277,Sergio Ortiz Flores,Operaciones,Control de Calidad,2026-01-16,8.5,8.6,8.1,8.6,9.4,8.6,7.7,10.0,8.9,9.8,9.04,6.8,7.2,8.6,6.4,5.8,7.05,8.6,10.0,9.9,8.5,10.0,9.33
1278,María Romero López,Finanzas,Tesorería,2026-01-29,4.4,3.5,2.3,5.2,2.4,3.58,2.0,0.5,2.1,3.2,1.94,4.7,4.7,3.5,4.4,3.2,4.19,3.5,4.9,3.6,4.8,3.6,4.14
1279,Laura Romero Castillo,Marketing,Comunicación de Marca,2026-01-30,5.7,7.4,5.6,5.4,3.2,5.68,6.5,6.1,5.0,5.8,5.92,4.9,6.7,5.5,4.3,7.5,5.77,3.8,5.1,4.3,6.3,5.9,4.93
1280,Francisco González Ramírez,Recursos Humanos,Reclutamiento,2026-02-06,7.3,4.7,6.5,5.9,7.1,6.25,6.4,7.1,6.0,6.3,6.47,6.6,6.6,4.0,6.1,6.2,5.94,6.7,6.6,7.7,5.8,6.9,6.72
1281,Pedro González Jiménez,Recursos Humanos,Capacitación,2026-02-12,3.9,4.2,3.0,2.7,4.5,3.7,0.6,1.7,2.2,2.7,1.72,4.5,2.4,3.4,3.4,3.5,3.44,4.5,4.9,3.2,2.0,3.3,3.72
1282,José Vázquez Flores,Tecnología,Desarrollo,2025-09-25,3.5,5.6,7.1,6.1,5.4,5.42,4.1,5.7,5.8,4.3,4.89,8.6,6.1,4.7,6.9,6.2,6.58,7.9,5.7,5.9,6.5,5.4,6.42
1283,Camila Ortiz Torres,Recursos Humanos,Nómina,2026-06-23,9.7,7.8,6.6,9.1,10.0,8.56,9.9,8.3,7.4,8.9,8.75,8.7,7.1,9.2,8.4,8.7,8.35,8.1,9.6,7.8,9.5,9.8,8.86
1284,Roberto Ramírez Hernández,Marketing,Comunicación de Marca,2026-01-24,3.9,4.6,6.4,5.1,4.3,4.81,7.8,7.0,8.0,8.0,7.69,6.6,5.8,5.8,7.6,4.6,6.09,8.4,5.9,6.0,5.8,6.1,6.55
1285,Fernanda Martínez Ramírez,Recursos Humanos,Capacitación,2025-11-17,6.2,5.0,5.0,5.8,7.5,5.8,4.3,6.3,4.8,5.9,5.3,3.4,5.8,6.8,6.1,5.0,5.32,5.1,5.9,5.6,5.3,5.6,5.49
1286,Roberto Castillo Sánchez,Tecnología,Soporte Técnico,2026-06-06,6.5,3.3,3.5,5.4,3.0,4.41,4.7,5.0,4.4,5.1,4.81,6.7,5.8,4.5,4.6,3.8,5.28,4.9,3.7,5.1,5.6,3.4,4.63
1287,Pedro Romero García,Recursos Humanos,Capacitación,2026-03-30,6.3,7.8,6.7,6.1,6.1,6.7,6.4,5.3,6.5,7.6,6.44,4.2,4.2,3.5,4.4,3.6,4.0,6.6,6.1,6.3,5.9,7.0,6.32
1288,Ximena Torres López,Marketing,Comunicación de Marca,2026-08-16,6.5,4.4,6.8,4.9,6.2,5.75,5.8,5.6,3.4,5.8,5.27,7.1,7.1,6.0,5.7,5.3,6.4,5.9,6.7,6.3,6.3,8.1,6.48
1289,Miguel Rodríguez Morales,Finanzas,Contabilidad,2025-09-08,6.4,8.5,8.0,8.6,8.8,7.94,6.6,5.5,2.9,5.6,5.33,3.1,5.1,3.7,3.5,5.7,4.17,4.6,4.9,5.9,3.9,4.5,4.78
1290,Ana Torres Gómez,Finanzas,Auditoría Interna,2025-09-20,7.1,8.8,7.7,8.0,10.0,8.22,10.0,8.9,8.8,10.0,9.48,8.6,8.1,10.0,10.0,9.8,9.14,8.9,9.6,9.6,8.4,8.2,9.04
1291,Alejandro Ortiz González,Tecnología,Infraestructura,2026-08-17,4.8,5.6,4.8,5.8,5.8,5.3,6.3,6.8,4.7,4.8,5.73,7.1,7.5,6.9,6.5,7.6,7.14,6.1,8.2,7.1,7.3,6.0,7.06
1292,Andrea Ramírez Jiménez,Ventas,Ventas Nacionales,2025-11-17,2.4,3.7,4.2,3.7,4.1,3.54,6.9,4.7,4.1,4.4,5.17,3.1,3.7,4.5,4.7,1.6,3.54,3.0,5.2,3.9,3.0,3.9,3.82
1293,Luis Gómez Castillo,Finanzas,Contabilidad,2026-07-21,4.5,5.9,5.6,4.4,3.2,4.86,5.8,5.6,7.0,5.8,5.99,5.9,8.1,6.1,8.0,7.0,6.97,6.5,5.1,5.2,6.9,6.7,5.99
1294,Laura García Sánchez,Recursos Humanos,Capacitación,2026-08-23,4.0,4.6,3.7,3.2,4.2,4.0,5.9,6.9,3.7,5.6,5.64,5.9,5.7,7.0,5.1,6.4,6.02,4.6,4.2,5.4,4.4,5.7,4.73
1295,Sofía Martínez Pérez,Marketing,Investigación de Mercado,2026-02-10,4.6,4.8,3.5,3.7,5.6,4.44,3.0,3.6,2.7,5.8,3.79,4.2,4.8,4.5,3.9,3.0,4.18,5.7,4.2,4.2,5.3,5.3,4.9
1296,Juan Ortiz Ramírez,Ventas,Atención a Clientes,2026-04-26,6.7,5.5,7.4,6.2,4.8,6.18,9.4,7.7,7.8,7.2,8.1,7.6,9.0,8.6,6.4,7.4,7.94,8.1,7.7,8.5,7.7,9.7,8.16
1297,Fernanda Romero García,Finanzas,Auditoría Interna,2026-01-06,8.3,5.9,7.4,5.6,7.0,6.92,6.9,6.9,4.7,6.1,6.26,7.3,5.8,6.8,6.4,5.7,6.45,5.3,4.5,7.3,4.7,4.7,5.32
1298,Sergio Flores González,Recursos Humanos,Reclutamiento,2026-07-22,5.0,4.4,3.8,2.8,6.0,4.43,2.7,4.0,3.1,3.4,3.28,6.2,5.7,4.2,4.3,3.1,4.92,3.0,1.7,4.0,0.1,2.9,2.28
1299,Andrea Pérez Castillo,Tecnología,Infraestructura,2026-07-14,6.0,3.9,6.9,9.1,4.6,5.91,5.4,6.6,4.6,5.5,5.56,7.0,4.7,5.2,6.5,5.6,5.78,6.7,5.4,5.0,7.7,6.5,6.22
1300,Miguel Rodríguez Ortiz,Recursos Humanos,Capacitación,2026-06-02,10.0,10.0,10.0,10.0,9.4,9.91,9.3,10.0,9.0,8.4,9.19,9.3,9.6,10.0,8.8,8.3,9.29,7.4,7.0,9.0,9.4,9.1,8.19
1301,Daniela Ortiz Cruz,Operaciones,Control de Calidad,2025-09-09,8.6,7.7,10.0,7.7,9.0,8.58,7.2,6.5,10.0,6.9,7.51,8.4,10.0,6.3,7.9,8.8,8.36,10.0,7.6,7.8,10.0,10.0,8.96
1302,Diego Reyes Hernández,Finanzas,Auditoría Interna,2026-07-10,5.9,6.2,6.7,5.0,5.5,5.94,5.4,6.5,5.0,5.3,5.57,5.8,7.4,6.4,6.5,5.1,6.32,5.8,6.6,5.0,4.9,6.2,5.7
1303,Gabriela Ortiz Rodríguez,Ventas,Atención a Clientes,2026-07-13,3.2,1.0,1.6,3.5,2.6,2.28,2.5,4.7,5.1,3.8,3.9,2.4,4.0,2.9,5.5,2.3,3.35,1.2,2.9,2.1,2.9,1.9,2.22
1304,Jorge Romero González,Finanzas,Contabilidad,2025-10-17,6.2,7.3,6.6,5.4,6.7,6.51,6.2,5.2,6.7,6.7,6.18,7.3,4.5,7.2,6.3,6.2,6.26,5.7,5.6,6.4,6.9,5.5,6.04
1305,Roberto Rodríguez Sánchez,Operaciones,Logística,2026-01-13,10.0,7.6,10.0,7.3,7.8,8.66,7.7,8.3,10.0,7.8,8.33,10.0,10.0,10.0,8.0,10.0,9.7,7.0,8.2,7.7,9.1,7.5,7.91
1306,Mariana Vázquez Castillo,Finanzas,Tesorería,2026-05-21,7.1,5.8,4.6,5.4,7.4,6.06,7.3,9.0,7.1,7.3,7.68,6.6,5.2,7.3,9.4,5.9,6.7,6.1,6.1,5.6,4.3,5.5,5.58
1307,Miguel González Morales,Ventas,Ventas Internacionales,2026-03-31,5.5,5.8,4.4,7.1,6.6,5.76,5.3,5.3,7.9,6.5,6.12,6.1,5.7,7.0,5.5,5.8,6.05,5.9,7.4,5.3,6.2,6.7,6.3
1308,Ricardo Torres Reyes,Recursos Humanos,Reclutamiento,2026-05-08,6.5,7.7,7.4,7.2,7.1,7.18,6.0,7.1,6.4,5.7,6.28,6.6,5.7,3.9,5.6,7.1,5.76,7.1,2.9,5.4,4.4,6.1,5.07
1309,Gabriela Reyes García,Operaciones,Logística,2026-07-12,7.6,5.3,6.2,6.6,5.4,6.26,6.6,5.6,6.3,6.9,6.36,5.8,4.9,5.8,5.5,5.9,5.54,7.0,7.9,5.8,6.3,5.2,6.66
1310,Karla Romero Flores,Recursos Humanos,Nómina,2026-02-08,8.8,10.0,10.0,9.5,8.8,9.44,9.5,8.5,9.0,7.8,8.72,9.6,9.7,8.6,8.1,8.1,8.97,8.5,10.0,7.6,10.0,9.5,9.09
1311,Ricardo Rodríguez Ramírez,Operaciones,Logística,2026-06-09,3.3,4.9,1.5,4.7,2.6,3.44,3.0,2.2,4.4,4.7,3.5,3.0,5.8,5.1,5.5,6.5,5.02,2.4,2.6,3.0,3.8,3.1,2.92
1312,Alejandro Flores Cruz,Operaciones,Control de Calidad,2026-04-19,7.1,6.9,7.2,7.5,7.9,7.25,7.7,6.8,8.2,7.3,7.48,5.0,7.8,5.4,5.1,5.4,5.86,6.0,6.9,5.7,6.6,6.2,6.31
1313,Ana García Morales,Marketing,Marketing Digital,2025-09-26,5.9,3.9,5.7,3.8,5.0,4.91,5.5,5.6,5.4,4.8,5.33,6.6,6.6,5.6,6.1,5.9,6.22,7.6,5.2,8.4,6.2,8.2,6.94
1314,Gabriela García Gómez,Finanzas,Tesorería,2025-09-25,3.5,0.6,4.2,3.9,1.7,2.7,1.8,1.4,1.9,1.6,1.67,1.9,0.0,1.9,2.4,4.2,1.84,2.0,0.7,2.5,3.3,3.2,2.16
1315,Ximena González Romero,Finanzas,Auditoría Interna,2025-10-07,7.7,8.9,7.7,7.5,8.3,8.06,9.1,7.2,8.6,8.5,8.38,7.7,8.2,7.0,8.6,7.3,7.76,7.2,6.8,9.1,10.0,8.9,8.21
1316,Alejandro Hernández Ortiz,Ventas,Ventas Nacionales,2026-05-12,5.2,5.3,5.9,5.0,5.0,5.3,5.4,4.7,5.7,2.3,4.51,5.6,5.6,7.3,6.7,7.2,6.34,8.7,6.1,7.1,5.7,6.8,6.94
1317,Ximena Martínez Hernández,Recursos Humanos,Capacitación,2026-06-01,2.8,5.3,5.2,3.7,3.5,4.15,2.8,4.1,3.6,4.0,3.58,5.9,5.0,7.6,6.4,6.9,6.24,2.8,4.3,3.9,4.2,1.9,3.58
1318,Diego Martínez Morales,Finanzas,Auditoría Interna,2025-11-23,5.2,3.8,4.0,6.4,5.3,4.8,2.9,3.8,2.4,4.2,3.35,5.7,4.6,5.9,7.7,3.9,5.5,4.5,3.9,5.6,5.8,4.7,4.85
1319,José González Pérez,Tecnología,Soporte Técnico,2025-12-07,5.3,7.4,4.8,4.7,5.4,5.65,7.1,7.0,7.5,7.7,7.3,6.6,6.2,5.0,6.9,7.4,6.35,3.8,7.1,5.4,5.0,7.8,5.58
1320,Pedro Ramírez Reyes,Ventas,Ventas Nacionales,2026-05-27,4.4,5.7,6.4,4.8,6.2,5.46,7.2,7.3,6.0,3.9,6.16,9.7,6.3,5.5,5.5,7.1,6.99,8.4,5.0,6.3,8.6,6.6,6.99
1321,Fernanda Sánchez Cruz,Finanzas,Tesorería,2025-11-07,8.6,8.3,9.8,7.1,8.6,8.54,8.6,7.6,8.5,6.0,7.68,6.8,8.9,8.0,9.4,9.0,8.28,10.0,7.4,10.0,10.0,9.9,9.34
1322,Carlos Ramírez González,Operaciones,Producción,2026-06-29,10.0,10.0,10.0,10.0,9.7,9.96,10.0,10.0,7.9,8.9,9.3,10.0,10.0,9.9,8.9,10.0,9.82,10.0,10.0,9.8,10.0,10.0,9.96
1323,Gabriela Romero López,Recursos Humanos,Capacitación,2025-09-25,1.6,5.4,4.4,3.5,4.7,3.86,2.9,2.1,1.7,1.7,2.16,3.1,0.8,0.0,2.5,3.7,1.91,2.0,0.7,0.8,1.4,2.7,1.38
1324,Ana Castillo Sánchez,Tecnología,Desarrollo,2025-12-16,7.5,7.7,7.1,6.6,8.9,7.54,3.9,5.2,6.1,4.2,4.74,5.4,4.9,4.4,4.3,4.3,4.74,4.5,5.9,4.3,6.8,4.3,5.25
1325,Raúl Torres Pérez,Tecnología,Infraestructura,2025-09-28,6.1,5.2,6.0,4.3,5.7,5.52,7.0,7.9,6.8,6.4,7.04,8.3,6.4,6.5,8.7,4.8,7.0,5.6,4.3,5.8,4.7,6.1,5.18
1326,Sofía Cruz Martínez,Operaciones,Control de Calidad,2026-07-10,5.3,4.8,3.2,5.6,2.9,4.44,3.7,3.3,4.5,4.5,3.96,5.7,4.0,4.0,3.7,5.6,4.62,2.5,2.8,4.3,5.5,1.5,3.44
1327,Paola López Sánchez,Recursos Humanos,Capacitación,2026-05-16,6.0,8.9,8.2,8.3,7.6,7.75,5.5,4.6,7.8,4.5,5.48,6.2,4.5,4.0,6.0,3.9,4.96,3.6,6.2,4.3,4.9,3.1,4.6
1328,Andrea Flores Reyes,Ventas,Atención a Clientes,2026-04-08,3.9,6.2,4.8,4.8,5.3,5.0,3.3,2.6,1.7,5.1,3.26,4.2,5.8,3.8,4.8,5.0,4.73,4.5,5.7,4.6,4.4,7.0,5.05
1329,José Sánchez Rodríguez,Recursos Humanos,Nómina,2025-11-09,5.0,6.1,7.7,5.7,8.0,6.37,7.2,4.0,6.5,7.0,6.21,6.6,7.4,7.3,6.8,7.2,7.06,5.8,6.1,6.5,7.8,6.3,6.46
1330,Raúl Castillo Gómez,Tecnología,Soporte Técnico,2026-05-31,8.3,7.3,6.9,9.1,8.7,7.95,7.9,9.6,7.6,8.2,8.34,7.9,7.4,8.7,7.2,7.7,7.8,8.6,10.0,8.9,9.3,9.8,9.27
1331,Luis Pérez Ramírez,Finanzas,Contabilidad,2026-02-13,4.5,2.9,6.1,5.3,6.4,4.82,6.4,6.4,6.9,6.8,6.6,7.1,6.2,5.3,7.2,6.6,6.46,5.2,8.1,6.6,8.3,7.2,7.02
1332,Jorge Rodríguez Pérez,Tecnología,Soporte Técnico,2026-02-06,7.7,8.9,6.4,7.2,6.7,7.52,6.9,6.3,6.1,7.0,6.61,7.4,7.1,8.1,8.1,8.9,7.8,6.0,8.7,8.0,7.6,6.0,7.4
1333,José Vázquez Torres,Marketing,Comunicación de Marca,2025-12-04,9.1,10.0,7.0,8.4,8.0,8.64,8.2,8.5,9.2,9.0,8.67,7.2,8.4,7.8,9.6,7.6,8.04,8.4,9.0,6.9,8.0,8.1,8.14
1334,Ximena Martínez Jiménez,Marketing,Investigación de Mercado,2026-09-05,0.2,3.3,3.5,2.7,2.3,2.33,3.5,4.3,0.2,3.1,2.94,4.7,4.8,5.3,4.2,3.1,4.53,2.4,3.7,4.4,4.4,3.4,3.62
1335,Roberto Reyes Morales,Operaciones,Logística,2026-08-17,9.6,8.9,10.0,8.3,9.9,9.36,9.6,9.2,7.9,8.3,8.84,8.0,6.6,6.0,7.4,6.5,6.94,10.0,9.3,8.9,10.0,9.0,9.51
1336,Sofía Ortiz Gómez,Operaciones,Producción,2026-07-27,8.2,9.2,10.0,8.9,8.8,9.0,7.3,8.5,8.2,9.0,8.2,7.3,6.3,5.8,8.2,6.6,6.78,9.5,5.6,8.4,7.7,8.3,7.82
1337,Carlos Sánchez Vázquez,Marketing,Investigación de Mercado,2025-10-07,7.9,7.1,7.8,7.5,5.9,7.32,4.6,5.8,4.9,4.4,4.91,4.8,6.7,5.0,4.9,4.1,5.22,5.6,5.4,7.7,4.5,6.3,5.82
1338,Laura Pérez Morales,Finanzas,Auditoría Interna,2025-10-06,5.4,6.8,3.6,5.6,4.9,5.35,5.1,6.9,5.2,6.4,5.9,4.8,5.6,7.5,5.2,6.9,5.92,5.6,5.0,7.9,7.7,6.1,6.38
1339,Miguel Romero López,Marketing,Comunicación de Marca,2025-09-08,7.6,5.9,7.2,9.9,7.5,7.43,3.7,4.9,5.4,8.5,5.54,6.6,4.6,3.3,7.5,6.8,5.6,6.9,8.2,6.0,7.5,6.4,7.12
1340,Jorge Jiménez Romero,Marketing,Marketing Digital,2026-03-22,7.6,8.6,7.6,7.9,7.1,7.82,6.4,9.3,7.0,6.3,7.22,8.8,6.4,7.4,6.8,7.6,7.44,8.0,8.3,8.4,10.0,7.2,8.48
1341,Mariana Flores Morales,Marketing,Marketing Digital,2026-05-13,7.7,8.8,7.5,7.5,6.6,7.74,9.3,7.4,9.2,10.0,8.98,9.6,8.5,9.0,9.9,10.0,9.31,8.7,6.9,6.8,7.5,7.4,7.5
1342,Paola Torres Pérez,Marketing,Marketing Digital,2025-12-13,8.6,7.4,8.3,7.6,7.8,7.97,10.0,7.8,8.5,9.5,9.02,8.0,10.0,7.9,9.3,9.4,8.88,9.9,8.1,9.6,8.5,8.1,8.93
1343,Valeria Ortiz Hernández,Finanzas,Contabilidad,2026-08-10,10.0,10.0,9.8,10.0,7.4,9.57,8.2,10.0,9.6,9.2,9.18,8.2,8.9,7.1,8.3,8.0,8.14,9.6,9.0,9.2,8.5,8.4,9.03
1344,Daniela Torres Gómez,Ventas,Ventas Nacionales,2026-03-23,6.5,4.1,4.1,5.1,4.1,4.85,4.1,4.8,5.1,5.1,4.72,4.7,3.8,5.3,4.8,4.4,4.57,2.9,5.1,2.4,2.2,3.0,3.22
1345,Laura García Cruz,Recursos Humanos,Capacitación,2025-10-26,4.2,5.8,4.4,6.1,4.6,4.98,7.7,5.0,5.2,4.5,5.72,5.8,6.4,4.8,5.7,2.9,5.3,4.3,5.5,8.3,7.4,6.6,6.25
1346,Francisco Jiménez Castillo,Tecnología,Desarrollo,2025-12-23,8.2,7.6,8.3,7.4,9.3,8.12,8.9,5.5,7.3,9.1,7.78,6.2,5.1,5.3,7.5,6.4,5.97,8.1,8.6,9.6,7.1,7.5,8.26
1347,Jorge Jiménez Romero,Recursos Humanos,Reclutamiento,2026-02-05,6.4,5.7,3.8,3.2,4.0,4.86,4.9,4.0,5.4,3.4,4.4,5.6,4.4,4.0,3.8,2.3,4.22,3.4,3.5,3.3,2.4,2.5,3.12
1348,Alejandro González Morales,Recursos Humanos,Capacitación,2026-07-23,7.1,4.9,6.1,6.1,4.1,5.75,7.1,5.5,3.9,5.7,5.71,4.4,3.8,5.1,5.6,3.7,4.46,5.9,5.1,6.3,5.2,6.0,5.65
1349,Ximena Jiménez López,Finanzas,Tesorería,2025-10-30,7.4,9.8,8.2,8.4,6.4,8.16,10.0,9.2,8.9,8.3,9.16,4.9,8.3,6.7,7.3,6.6,6.72,9.5,8.6,6.4,8.7,9.2,8.46
1350,Luis Pérez Ramírez,Ventas,Ventas Nacionales,2025-11-22,3.1,4.3,4.5,2.6,4.6,3.83,3.3,5.3,4.3,3.8,4.12,3.0,3.8,3.9,4.2,3.6,3.65,2.2,3.6,0.7,2.3,3.4,2.39
1351,Valeria Torres Sánchez,Recursos Humanos,Reclutamiento,2026-08-15,2.2,5.2,5.1,3.9,3.7,4.01,4.8,4.5,5.3,4.9,4.85,6.8,5.8,5.6,5.4,2.7,5.48,4.4,3.3,4.3,6.0,4.7,4.46
1352,Ricardo Ramírez Torres,Operaciones,Logística,2026-04-08,6.8,8.1,5.6,6.6,6.3,6.78,8.6,9.8,8.5,6.3,8.3,7.4,4.7,6.0,7.0,8.0,6.48,8.3,6.3,9.1,8.0,8.9,7.96
1353,Sofía Reyes Cruz,Operaciones,Logística,2025-11-01,5.6,8.3,6.8,6.9,6.3,6.82,4.3,6.6,5.0,6.0,5.44,6.5,7.1,5.2,6.0,5.4,6.15,5.8,5.0,3.7,5.2,4.1,4.89
1354,Francisco Martínez Ortiz,Operaciones,Logística,2025-12-15,6.6,7.1,7.3,8.1,6.0,7.0,6.0,6.0,4.6,7.2,6.02,7.3,7.0,6.9,5.9,7.1,6.9,3.4,6.1,3.9,6.4,4.5,4.89
1355,Raúl Cruz López,Finanzas,Contabilidad,2025-11-15,3.6,2.8,1.2,4.1,4.3,3.1,4.2,4.0,2.6,1.5,3.16,1.4,3.1,3.5,2.4,2.7,2.59,3.1,4.8,4.7,5.0,1.5,4.07
1356,Francisco Morales Morales,Ventas,Ventas Nacionales,2025-12-08,9.9,9.4,7.9,9.2,7.4,8.9,9.6,8.7,9.9,8.1,9.06,8.9,9.3,9.3,9.2,9.8,9.26,9.9,10.0,10.0,10.0,10.0,9.98
1357,Pedro Castillo Castillo,Finanzas,Tesorería,2025-10-28,5.3,5.9,6.8,9.1,7.3,6.62,8.1,6.7,8.4,7.6,7.68,5.5,5.8,6.4,8.0,7.6,6.44,7.0,7.0,9.3,9.0,7.6,7.92
1358,Laura Reyes López,Marketing,Comunicación de Marca,2026-09-06,2.5,1.5,0.4,1.7,3.1,1.8,4.4,5.0,4.8,2.5,4.16,3.6,3.3,4.2,3.7,4.2,3.75,2.4,0.7,1.5,4.7,2.5,2.26
1359,Diego Gómez Romero,Ventas,Ventas Nacionales,2025-12-25,2.8,4.9,4.1,2.9,4.1,3.8,5.9,5.9,4.6,4.4,5.26,3.2,3.8,2.7,2.4,4.3,3.3,4.1,5.6,3.7,5.2,3.6,4.57
1360,Sofía González Rodríguez,Operaciones,Producción,2026-02-12,6.4,3.4,3.3,3.8,4.6,4.37,4.4,3.5,2.8,5.8,4.2,5.3,5.2,5.4,5.6,3.4,5.06,4.4,2.8,3.6,2.4,4.2,3.42
1361,José Ramírez Martínez,Marketing,Investigación de Mercado,2025-12-04,4.6,5.7,4.4,6.5,7.0,5.48,8.0,8.3,6.4,7.6,7.65,7.1,9.0,6.8,7.1,7.5,7.58,3.4,4.9,7.1,6.7,6.4,5.48
1362,Diego Pérez Martínez,Marketing,Marketing Digital,2026-01-25,8.9,10.0,10.0,9.7,10.0,9.68,9.0,9.5,8.2,7.5,8.59,10.0,8.1,6.1,8.0,8.3,8.19,9.7,9.0,7.7,9.1,7.5,8.78
1363,Jorge Gómez Rodríguez,Ventas,Ventas Nacionales,2025-12-27,7.5,6.9,7.4,5.1,3.6,6.38,4.8,5.0,5.4,6.5,5.4,7.4,8.1,6.1,5.5,5.8,6.79,7.0,8.1,6.2,7.4,5.9,7.09
1364,Ximena Torres Rodríguez,Operaciones,Control de Calidad,2025-12-26,9.0,8.5,7.5,8.6,7.1,8.23,7.5,6.4,7.5,6.0,6.85,6.2,7.4,5.1,8.7,6.7,6.73,7.0,6.6,6.6,7.3,6.2,6.8
1365,Ricardo González Torres,Operaciones,Producción,2025-12-19,3.2,4.2,5.1,5.4,3.4,4.19,6.6,6.9,6.7,4.9,6.27,5.1,5.4,5.2,5.2,7.2,5.52,5.0,5.9,5.1,4.4,6.8,5.3
1366,Ana Gómez Castillo,Recursos Humanos,Nómina,2026-03-06,9.3,8.1,6.5,8.8,6.9,8.0,6.4,10.0,6.0,7.3,7.44,7.5,8.7,10.0,9.7,6.8,8.52,9.7,7.8,6.9,8.0,6.8,8.04
1367,María Castillo López,Marketing,Investigación de Mercado,2025-11-07,4.7,3.2,5.7,3.8,3.5,4.21,6.4,5.7,4.8,5.9,5.78,4.0,4.1,2.5,4.0,3.0,3.58,5.7,5.8,5.7,6.6,5.1,5.85
1368,Sofía Flores González,Recursos Humanos,Reclutamiento,2026-07-04,6.5,7.2,7.3,6.9,5.0,6.67,7.3,8.0,7.4,6.7,7.34,6.6,8.2,4.9,5.2,7.2,6.54,5.8,7.1,4.8,6.0,7.2,6.1
1369,José Sánchez Gómez,Tecnología,Infraestructura,2026-08-01,6.2,7.9,9.9,10.0,7.7,8.16,7.2,7.6,8.3,6.3,7.3,10.0,9.3,9.5,9.0,10.0,9.58,7.7,9.1,9.7,8.2,9.3,8.71
1370,Pedro Ortiz Cruz,Operaciones,Control de Calidad,2026-04-15,8.5,7.1,7.3,6.3,6.6,7.3,6.4,5.2,5.1,4.6,5.39,5.8,7.6,6.4,7.3,5.5,6.55,6.1,6.3,2.2,7.7,4.1,5.49
1371,Andrea Hernández Hernández,Tecnología,Desarrollo,2025-12-14,6.4,7.9,7.3,6.2,6.3,6.91,7.8,7.3,4.9,6.2,6.7,5.9,5.9,7.1,8.5,8.0,6.84,5.8,6.5,7.6,7.3,4.1,6.47
1372,Karla Morales Reyes,Operaciones,Producción,2026-05-11,0.9,4.1,3.0,3.8,2.4,2.78,5.9,3.3,4.5,5.1,4.77,4.7,4.3,3.1,3.8,4.3,4.08,5.8,5.8,5.3,5.3,5.1,5.53
1373,Fernanda López Ramírez,Tecnología,Soporte Técnico,2026-01-21,6.0,4.4,6.5,6.9,4.3,5.58,4.5,5.5,6.0,5.2,5.22,4.2,6.6,7.1,4.2,7.3,5.84,4.6,5.5,8.1,5.4,6.4,5.86
1374,Ximena Jiménez Romero,Recursos Humanos,Capacitación,2026-05-10,8.6,9.8,7.1,8.3,9.0,8.62,9.1,8.0,9.6,10.0,9.15,9.5,7.6,8.7,9.5,9.6,8.88,9.6,10.0,10.0,9.8,8.6,9.72
1375,Raúl Pérez González,Ventas,Ventas Nacionales,2026-04-02,5.5,5.5,5.4,7.3,4.4,5.58,7.9,6.1,4.4,5.5,6.15,5.3,6.4,5.0,6.0,4.5,5.5,6.2,7.0,6.8,5.6,5.1,6.29
1376,Ricardo Sánchez Cruz,Tecnología,Soporte Técnico,2026-07-23,8.7,6.6,8.4,7.7,7.3,7.76,6.4,6.5,7.7,5.4,6.44,6.4,6.3,5.6,5.3,7.2,6.17,6.9,10.0,5.9,7.5,6.2,7.52
1377,Laura Sánchez Martínez,Finanzas,Auditoría Interna,2025-10-14,4.3,4.1,3.1,5.4,3.6,4.07,3.3,3.9,1.9,3.8,3.3,1.7,1.8,4.0,2.9,1.8,2.38,5.2,4.9,3.7,4.8,7.4,4.97
1378,Alejandro Martínez Reyes,Ventas,Atención a Clientes,2025-09-30,8.1,10.0,9.5,9.6,10.0,9.36,10.0,10.0,10.0,8.4,9.6,7.9,6.8,6.6,9.1,6.6,7.35,8.3,7.1,8.9,9.8,8.9,8.48
1379,Mariana Jiménez Ortiz,Ventas,Atención a Clientes,2026-05-13,9.7,8.3,10.0,7.3,9.5,9.02,7.7,9.4,9.0,8.1,8.48,10.0,5.3,7.1,6.1,7.8,7.33,7.9,5.1,9.6,7.0,8.1,7.38
1380,Miguel Flores García,Ventas,Ventas Nacionales,2026-08-18,6.0,4.6,5.0,6.7,5.4,5.46,6.6,7.6,8.0,7.2,7.28,5.0,5.1,7.9,4.1,5.4,5.53,6.5,5.0,5.5,6.7,5.7,5.89
1381,Alejandro Sánchez Sánchez,Recursos Humanos,Reclutamiento,2026-05-14,6.2,5.4,5.9,7.0,5.2,5.91,6.7,6.6,7.0,8.0,7.06,6.8,5.8,6.3,6.4,5.2,6.15,6.8,7.4,6.2,5.5,8.3,6.72
1382,Sergio Reyes Romero,Tecnología,Desarrollo,2026-05-11,6.6,5.4,8.0,6.1,5.8,6.38,6.0,3.0,4.3,7.1,5.18,7.4,5.2,5.9,6.1,5.8,6.12,6.0,5.8,5.4,4.3,5.2,5.41
1383,Paola Morales Morales,Recursos Humanos,Nómina,2025-12-27,3.6,3.1,5.0,3.0,2.5,3.5,5.4,7.6,7.9,7.6,7.0,7.4,6.0,5.1,4.4,4.5,5.7,5.7,5.7,4.8,6.3,5.6,5.63
1384,Andrea López Torres,Operaciones,Logística,2025-12-14,6.8,6.9,7.6,4.6,6.6,6.62,5.9,5.7,5.4,4.2,5.32,6.3,5.6,6.0,5.1,7.5,6.06,4.9,5.9,5.0,5.6,5.0,5.32
1385,Ana Sánchez Castillo,Ventas,Ventas Nacionales,2026-04-22,4.5,4.6,4.7,6.5,3.8,4.76,7.1,5.4,7.0,5.5,6.26,6.0,2.8,2.7,3.8,3.9,3.9,4.8,6.5,4.1,3.3,5.8,4.88
1386,Ximena Morales López,Operaciones,Control de Calidad,2026-06-21,3.0,5.1,6.9,3.8,4.3,4.62,8.9,5.0,6.7,7.0,7.01,1.0,5.5,4.0,1.2,3.3,3.1,2.1,2.2,1.3,1.1,4.5,2.01
1387,Ana Morales Romero,Ventas,Ventas Internacionales,2026-02-20,6.3,7.0,8.2,6.3,6.7,6.92,7.8,8.3,7.8,7.5,7.85,7.3,9.2,7.7,9.0,6.6,8.0,7.7,10.0,9.0,7.7,8.8,8.64
1388,Laura Flores Reyes,Marketing,Investigación de Mercado,2025-11-30,3.7,4.5,5.2,4.0,5.2,4.47,1.7,3.7,2.7,2.0,2.48,2.8,3.5,5.2,3.7,3.7,3.73,3.8,3.5,2.1,3.8,3.5,3.36
1389,Ana Sánchez Gómez,Ventas,Ventas Internacionales,2026-03-24,10.0,9.6,8.0,10.0,8.5,9.28,8.5,8.4,10.0,8.2,8.7,9.6,9.4,9.6,9.5,10.0,9.6,9.0,7.9,8.1,10.0,6.9,8.54
1390,Ximena López Morales,Ventas,Atención a Clientes,2026-05-28,4.8,6.7,4.8,5.3,8.2,5.86,4.4,6.4,5.2,6.3,5.54,4.6,8.4,7.4,9.7,6.7,7.19,5.3,6.8,6.2,6.0,5.4,6.01
1391,Valeria Pérez Morales,Tecnología,Desarrollo,2025-09-18,9.3,9.5,8.5,9.2,9.5,9.2,8.0,10.0,8.3,7.8,8.51,9.6,9.6,9.2,9.2,9.9,9.5,10.0,9.9,10.0,9.2,7.8,9.59
1392,Mariana Ortiz Gómez,Operaciones,Producción,2026-07-10,8.4,7.7,7.0,10.0,8.4,8.18,8.0,8.7,8.5,10.0,8.77,8.2,7.6,7.8,7.7,8.4,7.92,9.8,10.0,7.5,10.0,9.6,9.41
1393,Mariana Jiménez Flores,Tecnología,Soporte Técnico,2025-10-05,4.0,4.0,6.2,5.1,4.7,4.71,3.3,3.7,3.8,3.4,3.52,3.5,2.0,4.1,4.8,5.8,3.78,3.1,5.5,4.4,5.9,5.3,4.74
1394,Valeria Torres Sánchez,Ventas,Ventas Nacionales,2026-08-04,6.2,6.0,3.0,7.0,4.4,5.36,6.8,7.4,7.4,3.1,6.14,4.5,5.9,4.3,6.5,3.8,5.0,6.3,5.6,3.2,6.1,5.8,5.42
1395,Camila Martínez Hernández,Operaciones,Producción,2025-09-08,7.9,7.7,8.7,5.2,7.7,7.58,8.5,6.4,7.0,6.9,7.28,7.5,6.3,6.9,6.3,6.3,6.72,5.2,5.6,6.9,4.9,5.6,5.62
1396,Ximena Morales Hernández,Finanzas,Auditoría Interna,2025-11-12,5.2,6.0,6.4,3.3,7.1,5.64,6.4,6.4,6.4,6.7,6.48,9.1,5.9,7.2,4.8,6.2,6.84,7.7,6.0,5.9,6.5,6.2,6.52
1397,Francisco Ramírez Sánchez,Operaciones,Logística,2025-11-29,6.0,5.9,5.8,7.5,5.4,6.07,5.4,6.0,4.8,4.1,5.11,5.7,4.7,7.8,3.5,6.7,5.69,7.1,7.3,5.9,7.7,7.9,7.11
1398,Miguel González Jiménez,Marketing,Comunicación de Marca,2026-01-15,6.9,4.5,7.3,4.6,5.7,5.86,4.6,7.0,5.0,7.0,5.88,6.7,6.9,6.3,7.6,6.9,6.84,7.7,6.2,5.5,5.3,5.0,6.14
1399,Gabriela Jiménez Flores,Ventas,Ventas Internacionales,2025-10-02,3.5,3.7,1.7,1.9,3.4,2.94,4.6,3.5,2.9,4.0,3.84,4.8,2.8,3.7,1.7,2.0,3.2,0.0,2.9,3.1,2.5,4.4,2.28
1400,Diego Gómez Sánchez,Ventas,Ventas Nacionales,2026-02-28,3.4,2.6,1.8,3.1,1.1,2.49,5.4,4.5,7.6,4.3,5.34,5.2,5.1,5.3,6.0,7.1,5.6,4.9,7.3,4.4,5.6,7.1,5.76
1401,Raúl Romero Gómez,Recursos Humanos,Capacitación,2025-10-18,2.7,4.4,2.9,4.1,3.6,3.51,4.0,2.9,0.8,2.5,2.71,3.9,1.3,4.6,0.9,2.7,2.76,1.8,4.1,4.3,3.0,2.1,3.14
1402,Ximena Cruz Pérez,Operaciones,Control de Calidad,2026-01-02,2.6,4.3,3.0,2.5,3.7,3.26,2.8,1.7,2.9,2.7,2.52,3.9,5.9,5.7,5.0,3.7,4.89,3.7,3.8,4.1,1.2,4.4,3.37
1403,Ricardo Ortiz Torres,Recursos Humanos,Nómina,2026-06-21,3.7,5.8,4.6,5.9,5.0,4.93,5.0,4.3,2.8,6.3,4.71,4.9,4.6,6.5,4.4,4.8,5.06,4.8,2.6,3.4,3.4,5.1,3.72
1404,Jorge Vázquez González,Tecnología,Soporte Técnico,2026-01-12,0.9,3.5,3.8,0.9,2.5,2.37,6.3,3.0,4.0,3.8,4.39,1.3,3.5,2.5,1.9,5.8,2.86,4.3,1.7,3.6,3.7,2.5,3.21
1405,Francisco Rodríguez Pérez,Ventas,Ventas Nacionales,2025-10-17,6.2,5.4,4.1,6.2,5.1,5.42,6.1,4.3,4.0,5.0,4.96,7.8,5.4,7.0,6.0,7.9,6.78,5.4,4.8,7.4,5.4,4.2,5.53
1406,Roberto Ortiz Morales,Ventas,Ventas Internacionales,2026-04-14,9.7,10.0,8.7,10.0,10.0,9.66,9.3,9.9,10.0,9.9,9.74,8.7,5.9,8.5,6.6,5.8,7.21,7.2,6.4,4.6,7.4,6.4,6.44
1407,Ricardo López Ortiz,Marketing,Investigación de Mercado,2026-08-01,5.7,5.8,6.0,6.8,7.0,6.14,7.0,5.9,6.0,7.4,6.62,4.1,7.0,6.4,6.1,5.4,5.78,7.5,7.6,6.8,6.9,6.7,7.18
1408,Daniela Gómez Cruz,Operaciones,Logística,2025-10-23,7.8,8.5,6.3,7.2,7.3,7.51,9.8,10.0,9.6,7.7,9.28,7.5,8.0,7.7,5.9,5.6,7.14,8.7,7.0,9.7,8.3,5.8,8.1
1409,Jorge Sánchez Torres,Ventas,Atención a Clientes,2026-03-03,5.0,4.7,8.4,6.6,6.7,6.1,3.8,6.9,4.3,5.0,4.97,5.8,4.8,4.6,7.0,6.5,5.6,4.2,3.3,3.4,4.7,5.1,4.0
1410,Jorge González Gómez,Ventas,Ventas Internacionales,2025-12-27,9.0,8.9,6.2,7.0,6.8,7.78,8.7,8.2,7.2,8.9,8.33,10.0,9.2,9.3,9.1,10.0,9.52,6.5,8.3,5.4,8.5,6.9,7.17
1411,Sergio Ortiz Ramírez,Finanzas,Auditoría Interna,2026-02-09,6.1,3.5,5.0,4.6,3.8,4.66,5.4,4.8,6.3,5.8,5.53,4.8,4.2,4.9,4.8,4.5,4.62,6.1,4.8,3.6,4.7,4.9,4.88
1412,Alejandro Rodríguez Martínez,Marketing,Marketing Digital,2026-02-14,4.7,2.6,2.4,2.0,3.1,3.07,4.4,2.2,5.0,2.7,3.54,5.1,3.9,2.8,3.6,4.2,3.98,5.0,3.9,5.9,6.3,2.7,4.94
1413,Miguel Hernández Hernández,Marketing,Investigación de Mercado,2025-10-26,7.8,10.0,6.4,8.1,7.8,8.12,6.9,8.0,7.3,8.7,7.7,7.2,6.4,8.4,8.3,7.9,7.51,7.9,8.1,8.7,7.7,7.4,8.02
1414,Francisco Torres Pérez,Marketing,Comunicación de Marca,2025-11-08,10.0,7.6,9.4,9.1,10.0,9.14,10.0,9.5,10.0,10.0,9.88,7.6,7.7,10.0,9.7,8.6,8.57,8.4,9.0,7.6,7.8,7.4,8.17
1415,Mariana Cruz Ortiz,Marketing,Marketing Digital,2025-11-19,2.3,3.9,3.3,2.7,3.3,3.11,3.8,4.8,4.1,4.0,4.16,3.0,4.5,4.1,4.4,3.6,3.9,3.1,4.4,3.5,4.0,4.2,3.8
1416,Francisco Gómez Ramírez,Tecnología,Desarrollo,2025-12-30,7.0,6.7,9.0,6.5,6.1,7.11,6.3,4.9,5.0,4.8,5.32,3.5,5.8,5.9,5.2,7.7,5.44,6.4,6.5,5.3,5.5,4.7,5.86
1417,José Morales Jiménez,Tecnología,Soporte Técnico,2026-05-22,8.8,7.0,6.1,8.0,6.2,7.3,6.3,8.1,6.6,5.7,6.66,6.9,7.0,5.6,9.8,5.9,6.95,7.9,7.9,9.0,9.3,8.6,8.47
1418,Diego Sánchez Castillo,Ventas,Ventas Internacionales,2026-04-12,6.5,6.7,4.8,6.5,6.0,6.14,6.3,6.1,5.4,6.8,6.2,5.4,6.8,6.4,4.9,5.7,5.92,7.4,6.2,7.6,8.0,5.6,7.08
1419,Alejandro Romero Cruz,Marketing,Marketing Digital,2026-03-11,8.8,8.8,7.5,8.3,10.0,8.64,6.5,7.9,9.3,8.8,7.98,6.2,8.5,8.5,8.8,10.0,8.2,7.4,8.1,10.0,9.1,8.9,8.59
1420,Juan Jiménez González,Finanzas,Contabilidad,2026-07-21,4.1,2.7,0.8,1.4,1.8,2.34,4.8,2.7,3.7,3.5,3.73,4.6,2.5,5.5,2.0,4.4,3.84,3.4,3.0,2.5,2.3,2.1,2.77
1421,Sergio López Vázquez,Recursos Humanos,Reclutamiento,2025-09-08,3.1,3.4,5.5,6.6,5.3,4.51,5.9,4.8,5.5,5.6,5.47,7.3,6.2,7.1,5.5,6.5,6.6,4.2,3.5,5.5,4.4,5.4,4.44
1422,Luis Rodríguez López,Finanzas,Contabilidad,2026-08-23,2.9,5.6,3.4,3.3,4.7,4.0,2.8,4.3,4.7,4.0,3.86,1.7,3.2,4.6,2.2,3.4,2.99,0.5,3.9,1.5,2.7,5.4,2.48
1423,Sofía Torres Cruz,Ventas,Ventas Internacionales,2025-11-15,3.5,4.4,3.6,2.9,2.3,3.48,1.2,0.7,4.3,2.3,1.97,4.0,2.3,1.3,5.0,3.2,3.06,3.7,4.6,2.5,3.4,4.3,3.69
1424,Gabriela García Cruz,Operaciones,Logística,2026-08-27,4.6,5.4,6.9,4.6,7.7,5.72,6.5,4.4,7.0,5.2,5.75,5.8,5.1,7.9,5.6,6.3,6.09,3.8,6.7,4.4,5.6,7.1,5.34
1425,Pedro González Ortiz,Ventas,Ventas Nacionales,2025-09-23,7.6,5.7,6.7,6.7,5.6,6.51,8.3,8.5,6.4,5.4,7.25,6.0,7.6,7.3,6.9,6.1,6.81,6.1,9.2,8.4,7.7,9.6,8.0
1426,Pedro González Morales,Finanzas,Auditoría Interna,2026-03-14,7.2,6.3,6.5,9.5,9.0,7.45,6.5,7.0,7.1,8.1,7.14,8.9,7.0,9.2,7.2,9.3,8.29,7.1,7.9,7.6,6.7,7.6,7.37
1427,Valeria Cruz Romero,Recursos Humanos,Nómina,2025-11-26,4.5,2.7,5.0,5.7,4.6,4.34,5.4,6.1,6.9,5.5,5.9,5.0,4.9,5.8,3.1,5.4,4.91,5.7,6.6,5.6,6.0,5.1,5.9
1428,Miguel Ramírez López,Tecnología,Soporte Técnico,2025-11-15,8.5,8.8,10.0,8.3,8.2,8.8,10.0,6.9,9.5,8.4,8.72,8.6,10.0,9.3,9.1,9.1,9.24,10.0,10.0,10.0,9.1,8.9,9.71
1429,Mariana Vázquez Martínez,Ventas,Ventas Internacionales,2025-09-11,7.4,9.1,8.0,6.9,7.5,7.88,7.0,8.0,9.0,6.6,7.55,6.7,8.1,8.1,7.5,8.5,7.72,9.0,8.3,10.0,10.0,9.7,9.3
1430,Gabriela Flores López,Operaciones,Producción,2026-08-27,4.0,4.7,5.9,7.0,4.5,5.08,6.7,7.9,5.5,6.6,6.74,6.5,4.7,4.9,5.5,6.8,5.62,7.4,6.8,9.5,8.0,8.9,7.94
1431,Gabriela Hernández Flores,Tecnología,Infraestructura,2026-06-20,7.2,6.1,8.4,8.6,7.1,7.36,7.0,5.5,5.6,4.4,5.7,7.4,6.8,7.2,7.6,9.3,7.52,8.9,7.9,9.3,7.1,6.8,8.16
1432,Ximena Vázquez Pérez,Tecnología,Soporte Técnico,2026-01-04,10.0,5.8,8.6,9.5,8.5,8.37,9.4,8.6,9.0,9.7,9.2,9.1,9.8,10.0,8.6,7.4,9.12,10.0,10.0,10.0,9.4,10.0,9.88
1433,Raúl Cruz Sánchez,Recursos Humanos,Capacitación,2026-06-27,8.2,7.1,4.5,8.4,7.8,7.15,7.9,8.0,6.0,5.9,7.04,5.5,7.0,5.8,7.4,7.1,6.46,7.0,7.0,6.7,8.2,7.5,7.23
1434,Carlos Morales García,Marketing,Marketing Digital,2026-02-14,5.7,10.0,3.4,6.3,8.1,6.76,8.6,8.7,8.0,9.4,8.7,10.0,8.2,9.7,9.8,8.2,9.19,9.6,8.4,8.4,7.6,8.3,8.53
1435,Laura Morales Romero,Recursos Humanos,Reclutamiento,2026-05-22,1.1,0.0,1.5,0.1,1.4,0.8,3.9,3.3,5.2,3.8,3.99,2.9,4.5,0.7,2.7,2.2,2.72,2.8,2.9,1.2,1.8,1.6,2.18
1436,Valeria Cruz Romero,Ventas,Ventas Nacionales,2026-02-27,5.7,7.6,8.5,6.5,8.4,7.26,8.6,6.9,9.3,8.2,8.22,7.7,5.6,7.9,5.2,7.9,6.87,7.5,7.0,9.1,6.8,7.5,7.56
1437,Alejandro González Pérez,Recursos Humanos,Reclutamiento,2026-03-18,6.5,5.7,2.3,5.7,4.3,5.01,4.8,5.3,5.7,7.1,5.68,6.7,7.5,6.2,5.7,6.1,6.56,3.4,5.3,5.0,5.1,6.2,4.82
1438,Valeria García González,Tecnología,Soporte Técnico,2025-12-21,10.0,10.0,8.5,6.7,7.3,8.8,8.7,9.3,9.1,6.5,8.38,10.0,9.0,9.7,10.0,10.0,9.69,9.6,8.3,9.2,9.0,9.6,9.07
1439,Gabriela García Ortiz,Finanzas,Auditoría Interna,2025-09-17,5.3,6.7,6.8,5.1,5.6,5.96,4.3,5.5,4.8,6.3,5.2,6.4,5.6,7.1,6.4,5.8,6.25,4.6,5.4,5.0,5.2,4.4,4.98
1440,Valeria Flores Martínez,Operaciones,Logística,2026-04-24,4.4,5.2,5.6,5.1,4.3,4.93,7.5,7.3,7.0,5.2,6.78,7.4,5.4,4.8,5.5,5.0,5.74,4.2,6.7,7.0,9.0,6.2,6.54
1441,Sergio Romero López,Tecnología,Infraestructura,2026-08-02,6.8,9.2,9.7,8.8,8.2,8.49,8.3,10.0,9.8,6.7,8.62,8.0,6.3,7.4,7.9,6.4,7.2,10.0,6.8,8.8,9.2,9.2,8.72
1442,José Rodríguez González,Finanzas,Auditoría Interna,2026-06-05,7.2,5.8,7.1,5.7,8.2,6.76,5.4,5.3,7.4,5.3,5.75,6.5,6.1,6.9,5.8,6.5,6.38,6.1,6.5,7.3,6.1,7.0,6.53
1443,Sergio Castillo Pérez,Ventas,Atención a Clientes,2025-11-29,2.7,4.6,3.5,3.8,4.3,3.74,2.2,2.5,3.4,4.8,3.16,4.0,3.6,4.6,5.1,3.2,4.06,4.7,3.8,3.8,4.1,4.1,4.11
1444,Daniela González Torres,Finanzas,Auditoría Interna,2026-04-11,5.5,3.6,4.0,6.5,5.0,4.8,5.5,5.6,4.7,4.3,5.06,5.3,6.2,8.5,5.5,5.4,6.21,4.3,7.6,6.3,5.5,5.2,5.85
1445,Camila Sánchez Martínez,Ventas,Ventas Nacionales,2026-08-20,5.3,5.7,4.6,6.9,7.9,5.89,8.1,6.7,6.8,6.2,7.02,6.8,4.8,9.3,6.1,7.7,6.83,6.6,6.1,7.4,7.1,7.5,6.82
1446,Alejandro Jiménez Torres,Recursos Humanos,Capacitación,2026-06-12,9.2,8.6,8.0,7.2,9.7,8.58,9.0,8.3,7.0,8.4,8.28,7.7,10.0,6.8,7.6,7.9,8.11,7.9,7.4,7.2,8.1,9.1,7.8
1447,Francisco Cruz González,Recursos Humanos,Nómina,2025-09-30,4.2,4.8,4.2,4.5,5.9,4.65,6.7,4.4,4.8,4.9,5.3,6.0,4.8,6.6,6.2,6.5,5.92,6.3,4.9,4.7,5.8,5.3,5.43
1448,Ana Vázquez Martínez,Marketing,Investigación de Mercado,2025-09-15,8.4,8.6,7.1,9.4,9.1,8.44,8.4,8.9,7.3,8.4,8.3,9.1,8.2,10.0,7.1,7.9,8.57,6.4,5.1,7.5,6.2,6.3,6.24
1449,Roberto Rodríguez Martínez,Finanzas,Contabilidad,2026-03-23,4.3,6.0,5.4,6.5,4.1,5.24,7.6,7.6,6.0,6.1,6.9,5.2,4.7,6.9,6.2,6.0,5.68,3.2,5.9,5.0,5.6,3.5,4.74
1450,Daniela Pérez García,Tecnología,Desarrollo,2026-04-09,10.0,6.8,9.5,7.2,6.3,8.12,7.9,8.4,7.8,8.7,8.21,6.9,6.2,6.8,6.4,7.3,6.69,7.1,8.1,5.5,7.2,6.4,6.98
1451,Roberto Sánchez Ramírez,Tecnología,Desarrollo,2026-07-30,3.7,7.2,6.1,3.3,4.3,5.08,2.1,2.2,3.6,3.0,2.65,4.8,5.2,3.9,3.3,7.5,4.9,3.8,5.3,4.1,5.8,5.0,4.76
1452,Sofía Gómez Reyes,Marketing,Comunicación de Marca,2026-05-03,6.4,4.7,4.1,6.9,6.9,5.66,7.8,8.0,7.7,7.7,7.8,5.7,7.6,6.7,8.4,7.5,7.05,6.6,6.1,7.7,5.4,6.2,6.42
1453,Sergio Sánchez Rodríguez,Ventas,Ventas Nacionales,2026-06-25,6.4,5.9,7.3,6.0,7.6,6.58,3.0,6.8,5.0,4.7,4.77,4.4,3.6,2.7,5.4,4.3,4.0,5.8,2.2,5.4,2.9,6.0,4.26
1454,Ximena González Reyes,Tecnología,Infraestructura,2025-11-11,4.1,3.0,2.6,5.4,5.5,3.93,1.7,0.0,2.2,1.7,1.38,2.9,3.4,3.5,3.4,0.8,2.9,4.6,3.2,4.1,5.7,2.8,4.19
1455,Luis Torres Torres,Recursos Humanos,Reclutamiento,2025-11-10,6.1,6.7,6.3,7.8,8.7,6.94,7.9,6.1,8.7,8.4,7.74,10.0,10.0,9.9,9.9,9.5,9.89,6.7,7.0,7.1,6.7,7.8,6.96
1456,Luis Torres García,Operaciones,Logística,2025-12-26,5.6,5.1,5.8,4.3,5.0,5.23,6.2,6.5,3.5,5.7,5.61,7.4,10.0,7.2,8.5,6.4,8.02,4.6,6.6,6.1,6.5,6.1,5.93
1457,Fernanda Rodríguez Ramírez,Tecnología,Desarrollo,2025-10-13,8.5,8.9,7.9,7.9,10.0,8.62,8.4,9.9,8.9,10.0,9.28,10.0,10.0,10.0,10.0,8.0,9.7,6.7,7.8,6.0,9.0,7.9,7.42
1458,Ximena Flores Vázquez,Ventas,Atención a Clientes,2026-07-20,7.5,6.1,7.7,6.7,8.5,7.22,7.5,8.2,7.2,9.3,8.07,6.8,7.4,7.0,9.0,6.6,7.29,6.7,6.9,7.8,5.7,7.3,6.83
1459,Andrea Gómez González,Operaciones,Producción,2026-06-20,2.9,3.0,0.9,0.7,1.9,2.04,2.1,1.4,1.7,0.0,1.32,2.3,3.3,3.0,1.3,2.6,2.58,4.6,3.4,0.7,5.0,4.2,3.56
1460,José Martínez Pérez,Ventas,Atención a Clientes,2025-11-18,3.9,4.3,4.1,4.6,1.8,3.83,2.1,2.3,3.4,3.2,2.69,3.3,2.4,4.3,2.4,4.3,3.29,3.3,4.3,2.3,2.1,3.8,3.16
1461,Alejandro Romero Cruz,Tecnología,Soporte Técnico,2025-09-11,7.4,7.9,8.0,7.7,7.5,7.71,9.4,7.1,7.4,7.7,8.0,8.3,8.1,7.6,8.4,8.5,8.15,10.0,8.2,8.9,8.7,7.3,8.8
1462,Ricardo Jiménez Pérez,Tecnología,Infraestructura,2026-02-09,9.2,7.0,7.7,8.3,10.0,8.34,5.5,8.8,10.0,8.5,7.98,8.9,6.9,8.6,7.5,7.5,7.92,7.1,8.4,9.1,9.5,8.2,8.42
1463,Valeria Cruz Vázquez,Operaciones,Control de Calidad,2026-09-05,2.4,4.1,4.3,4.4,2.5,3.52,3.7,3.4,4.2,6.2,4.35,3.8,1.8,4.1,2.0,2.1,2.83,3.8,3.8,4.9,2.5,3.6,3.74
1464,Raúl Cruz García,Finanzas,Tesorería,2026-04-05,4.8,3.8,5.5,5.6,3.2,4.57,5.9,7.7,7.1,5.7,6.54,7.0,4.5,6.2,5.4,5.4,5.74,4.8,6.5,4.9,4.1,6.5,5.28
1465,Roberto Ramírez Torres,Ventas,Atención a Clientes,2026-05-06,6.1,6.3,6.0,6.5,6.3,6.22,8.4,7.3,4.4,7.0,6.98,6.8,4.6,5.7,4.6,4.8,5.4,5.3,3.9,4.3,2.7,6.7,4.37
1466,Laura García Castillo,Ventas,Atención a Clientes,2025-10-12,3.9,7.5,4.8,6.8,4.4,5.49,4.5,2.7,3.2,3.5,3.54,4.4,5.2,3.1,5.7,7.1,4.94,3.6,7.9,3.1,5.5,7.3,5.33
1467,Jorge Romero Cruz,Operaciones,Producción,2026-02-25,6.4,6.6,8.0,8.1,9.1,7.43,8.9,7.1,6.4,6.7,7.4,7.3,5.0,6.4,4.4,7.3,6.11,6.8,5.6,5.8,6.7,7.8,6.38
1468,Miguel Martínez Vázquez,Marketing,Investigación de Mercado,2026-02-20,3.3,3.8,4.6,2.5,5.2,3.85,4.4,5.8,6.6,6.1,5.62,4.7,4.4,2.7,4.1,5.9,4.32,4.2,7.0,4.3,3.4,5.5,4.89
1469,Roberto Hernández Ortiz,Recursos Humanos,Capacitación,2026-07-12,6.8,9.6,8.3,8.4,8.6,8.31,6.7,7.0,6.3,6.6,6.67,7.3,4.3,7.7,6.9,5.8,6.34,7.2,7.0,7.0,7.6,7.1,7.18
1470,Paola García Flores,Finanzas,Contabilidad,2025-11-12,3.4,3.5,5.4,2.9,4.1,3.86,3.0,5.1,2.9,4.0,3.76,2.2,3.6,2.6,2.7,3.3,2.87,2.9,1.8,4.1,4.1,2.6,3.08
1471,Juan Martínez Sánchez,Marketing,Marketing Digital,2026-08-24,10.0,9.5,8.0,10.0,9.9,9.46,9.2,8.7,6.8,8.6,8.44,7.9,5.4,6.5,7.7,6.5,6.76,8.5,7.3,6.9,8.7,8.7,7.94
1472,Roberto Rodríguez Torres,Marketing,Investigación de Mercado,2026-02-07,5.8,7.8,8.0,4.5,5.6,6.52,6.2,7.1,8.1,5.6,6.65,4.9,4.1,6.0,5.1,5.4,5.03,5.0,6.8,4.3,5.5,3.8,5.29
1473,Mariana Castillo Pérez,Finanzas,Auditoría Interna,2026-02-22,3.9,4.3,5.9,4.2,4.5,4.54,5.2,5.7,5.6,4.2,5.16,5.1,3.9,5.1,6.6,6.3,5.2,5.8,7.8,8.1,7.9,6.4,7.24
1474,Luis González Cruz,Ventas,Ventas Internacionales,2025-10-16,1.9,2.7,1.2,2.8,2.4,2.17,2.1,1.0,1.6,2.6,1.85,1.7,2.9,2.0,3.0,1.2,2.18,0.0,2.2,3.2,0.8,2.6,1.61
1475,Francisco Jiménez Ramírez,Recursos Humanos,Nómina,2026-08-26,6.8,8.0,7.8,8.6,9.3,7.94,5.3,7.7,6.8,5.6,6.28,8.0,7.5,7.7,7.6,9.2,7.94,8.3,7.9,4.7,8.5,5.9,7.28
1476,Ricardo Vázquez Sánchez,Ventas,Ventas Nacionales,2025-11-26,6.7,7.5,9.3,10.0,8.4,8.17,9.0,9.0,9.2,7.1,8.56,8.9,6.8,8.0,8.4,7.3,7.88,8.1,7.2,8.7,7.6,8.7,7.96
1477,María Rodríguez Vázquez,Marketing,Comunicación de Marca,2026-01-14,6.6,6.8,4.2,5.1,5.5,5.78,3.9,6.3,3.8,5.9,4.98,2.9,3.1,4.3,5.2,3.5,3.66,5.5,4.5,5.3,5.3,4.2,5.04
1478,Andrea Cruz Martínez,Recursos Humanos,Capacitación,2026-03-16,2.4,2.6,5.3,4.0,6.0,3.81,5.7,6.2,6.1,5.4,5.83,4.0,4.2,8.2,4.4,8.3,5.6,5.3,6.9,7.3,6.7,7.3,6.58
1479,Raúl Romero Cruz,Marketing,Marketing Digital,2026-08-20,4.6,4.5,3.8,5.6,4.6,4.56,7.3,5.0,6.4,1.7,5.14,3.4,3.4,6.5,5.8,4.3,4.51,7.1,5.4,6.4,4.1,5.3,5.76
1480,Mariana Morales Sánchez,Marketing,Marketing Digital,2026-08-04,3.1,5.3,6.2,4.1,5.7,4.81,5.5,5.0,6.8,5.5,5.64,7.7,6.4,7.3,7.7,5.5,6.97,8.9,8.5,7.0,7.1,8.4,8.01
1481,Francisco Ramírez Pérez,Marketing,Investigación de Mercado,2025-09-15,8.1,8.7,10.0,8.2,7.3,8.52,6.1,5.5,6.5,7.5,6.38,8.4,8.4,10.0,9.1,8.3,8.81,9.3,7.3,8.6,5.6,6.2,7.61
1482,Pedro Ramírez Hernández,Operaciones,Logística,2025-11-11,8.5,8.7,6.7,7.8,8.1,8.02,7.7,7.7,6.7,6.2,7.12,8.5,8.3,7.5,10.0,8.8,8.52,7.9,9.1,8.6,6.7,7.9,8.1
1483,Francisco Rodríguez Hernández,Finanzas,Tesorería,2026-06-09,5.1,5.2,6.0,5.7,6.0,5.53,9.2,9.8,7.6,9.3,9.06,7.9,5.9,5.6,5.8,5.4,6.25,6.2,8.5,7.0,7.5,9.6,7.54
1484,Juan Pérez Jiménez,Tecnología,Soporte Técnico,2025-09-15,7.2,8.9,7.4,4.6,6.5,7.17,7.8,6.4,7.2,7.5,7.26,2.3,4.3,3.5,5.5,5.1,3.94,5.2,4.5,4.5,5.6,5.0,4.94
1485,Camila Vázquez Vázquez,Marketing,Comunicación de Marca,2025-10-23,6.2,5.1,4.2,6.8,4.9,5.42,3.5,4.0,4.0,4.7,4.02,6.3,6.7,6.4,6.2,6.7,6.46,6.0,6.1,4.2,4.6,6.7,5.46
1486,Sofía Castillo Martínez,Operaciones,Logística,2026-06-27,9.6,6.4,5.4,4.8,6.5,6.78,5.0,5.0,5.0,4.8,4.95,5.6,4.9,6.4,6.2,6.4,5.8,4.3,5.8,2.8,5.8,5.7,4.82
1487,Mariana Ortiz Romero,Marketing,Marketing Digital,2025-09-27,3.9,2.8,2.6,2.5,1.6,2.81,1.6,3.9,2.1,3.7,2.8,3.2,2.5,1.5,2.3,4.1,2.68,3.9,4.9,3.9,3.2,3.0,3.92
1488,Ana Romero García,Finanzas,Tesorería,2026-04-12,7.5,5.6,5.4,6.4,7.0,6.36,3.2,3.3,3.4,4.7,3.64,4.7,6.7,7.7,6.0,6.2,6.22,5.1,6.3,6.0,6.7,6.8,6.07
1489,María Castillo Gómez,Recursos Humanos,Reclutamiento,2026-08-22,10.0,7.2,8.5,6.4,6.8,7.98,7.5,7.5,6.8,7.3,7.31,8.1,7.0,7.2,7.3,7.2,7.39,8.1,8.8,9.3,10.0,9.1,9.0
1490,Pedro Romero Jiménez,Recursos Humanos,Reclutamiento,2025-10-07,4.9,6.5,6.1,3.9,5.9,5.54,7.9,6.9,7.4,6.6,7.23,4.9,5.8,5.4,6.0,5.6,5.49,4.1,4.4,6.9,5.3,5.1,5.07
1491,Miguel Romero Torres,Recursos Humanos,Nómina,2026-02-20,5.4,5.4,5.4,7.1,6.1,5.76,7.7,5.3,6.9,6.5,6.64,5.2,8.1,5.4,3.4,3.3,5.41,4.5,6.6,5.1,6.6,4.7,5.58
1492,Ricardo Jiménez Pérez,Ventas,Ventas Internacionales,2026-01-29,7.6,7.5,7.7,6.3,9.6,7.7,8.3,7.5,8.0,6.8,7.66,6.2,6.7,7.1,6.7,6.9,6.68,7.3,8.3,5.5,7.8,7.4,7.3
1493,Paola Ramírez Gómez,Finanzas,Tesorería,2026-07-06,5.0,6.4,6.5,6.7,4.8,5.88,5.5,3.4,5.2,2.6,4.19,5.2,4.0,3.1,6.6,5.3,4.7,6.2,6.3,7.9,6.2,8.1,6.76
1494,María Castillo Sánchez,Tecnología,Soporte Técnico,2026-02-09,5.6,3.6,3.8,3.4,4.5,4.24,5.8,6.5,5.6,4.6,5.64,6.1,2.2,3.8,4.4,5.9,4.38,6.3,5.1,5.4,5.0,4.7,5.4
1495,Francisco Rodríguez Sánchez,Ventas,Ventas Nacionales,2026-05-10,4.3,6.8,6.1,4.2,4.6,5.32,6.1,7.5,8.1,8.5,7.45,5.3,6.6,5.5,6.3,5.0,5.77,7.5,7.7,6.7,5.9,9.0,7.22
1496,Ricardo Martínez Romero,Operaciones,Producción,2025-11-09,2.9,0.0,1.4,0.4,0.0,1.06,2.1,3.7,5.1,4.4,3.68,2.4,3.4,3.3,4.0,1.4,2.92,2.3,3.3,1.9,1.6,1.8,2.28
1497,Daniela Cruz López,Recursos Humanos,Capacitación,2026-01-19,7.5,6.7,8.7,6.1,7.1,7.27,7.9,8.6,7.8,8.2,8.13,7.0,5.6,6.8,6.0,8.1,6.62,5.9,5.7,5.7,5.8,5.2,5.72
1498,Jorge Rodríguez Ramírez,Marketing,Comunicación de Marca,2026-02-26,8.4,8.4,10.0,8.9,9.1,8.9,10.0,10.0,9.4,10.0,9.88,7.9,9.5,10.0,9.9,9.1,9.2,9.3,7.8,9.2,8.4,8.8,8.68
1499,Ana Martínez Gómez,Tecnología,Soporte Técnico,2025-12-24,7.0,6.0,5.9,6.4,4.9,6.12,6.1,4.8,7.0,5.5,5.8,6.6,7.4,8.6,7.0,8.3,7.52,6.7,7.2,6.1,4.7,6.2,6.26
1500,Alejandro Martínez Sánchez,Operaciones,Logística,2026-09-04,6.5,6.6,6.3,5.9,4.6,6.11,6.2,6.9,3.8,6.2,5.9,4.5,4.4,3.9,4.7,2.1,4.03,5.5,5.5,6.2,5.6,4.4,5.55
1501,Carlos Flores Gómez,Recursos Humanos,Reclutamiento,2026-05-28,9.3,8.8,8.2,9.5,7.2,8.67,7.3,8.3,7.9,7.6,7.75,8.0,9.3,8.2,7.9,8.5,8.43,7.2,5.6,8.4,9.0,7.3,7.41
1502,Ricardo Ortiz Cruz,Operaciones,Control de Calidad,2026-01-14,6.4,7.7,6.6,7.4,4.4,6.62,4.9,4.7,4.2,4.6,4.64,5.6,4.3,3.6,5.2,5.4,4.78,6.1,5.8,5.7,6.8,5.4,6.02
1503,Ximena Romero Castillo,Ventas,Atención a Clientes,2026-07-01,8.6,9.2,7.6,9.0,8.6,8.61,6.6,6.8,8.3,10.0,7.84,8.6,6.8,8.4,7.9,10.0,8.22,7.6,10.0,7.1,8.9,6.4,8.24
1504,Jorge González Vázquez,Ventas,Ventas Nacionales,2026-08-30,6.7,7.0,7.9,7.1,9.4,7.48,6.9,7.6,6.6,5.9,6.76,9.6,7.0,8.0,10.0,8.6,8.54,8.1,9.1,7.7,8.1,9.5,8.41
1505,Diego Flores Ramírez,Ventas,Atención a Clientes,2026-02-04,3.7,5.2,4.3,6.6,5.1,4.84,7.6,7.0,6.4,6.5,6.94,4.2,3.4,4.6,7.7,6.9,5.01,7.6,6.2,8.5,6.4,9.6,7.39
1506,María Martínez Vázquez,Recursos Humanos,Nómina,2026-07-28,8.8,10.0,10.0,8.9,9.3,9.43,10.0,9.0,10.0,8.2,9.3,9.3,9.1,9.3,8.0,10.0,9.16,7.8,6.2,7.7,7.8,9.7,7.57
1507,Juan Reyes González,Ventas,Atención a Clientes,2025-10-23,5.4,8.0,5.3,6.4,5.9,6.26,7.9,8.3,7.9,7.6,7.93,9.1,7.9,9.1,7.4,8.0,8.38,6.8,6.3,3.8,6.3,6.3,5.92
1508,Camila Gómez Rodríguez,Tecnología,Infraestructura,2026-04-25,5.4,5.4,6.5,5.9,6.6,5.88,7.6,5.8,6.6,5.9,6.52,6.1,6.4,6.0,6.0,9.4,6.64,7.2,7.4,7.9,7.8,6.0,7.39
1509,Miguel Cruz Rodríguez,Marketing,Comunicación de Marca,2026-07-04,5.7,7.4,9.0,7.5,5.8,7.07,6.3,6.6,7.9,6.9,6.85,6.3,6.9,4.3,5.8,5.1,5.8,5.7,5.8,5.2,5.5,4.3,5.44
1510,Fernanda Rodríguez Torres,Finanzas,Tesorería,2026-09-01,9.2,10.0,9.2,9.2,10.0,9.52,8.5,6.5,8.0,7.7,7.7,8.7,8.5,8.0,10.0,9.9,8.88,7.1,10.0,6.5,9.6,8.5,8.35
1511,Daniela Ramírez García,Recursos Humanos,Nómina,2026-05-04,7.3,6.8,5.3,5.5,6.2,6.34,7.4,9.5,7.5,8.4,8.2,5.4,8.5,6.2,6.3,9.2,7.04,6.8,5.5,8.1,8.3,5.2,6.88
1512,Alejandro Ramírez García,Finanzas,Contabilidad,2026-03-22,6.6,8.7,6.1,6.7,6.4,7.01,8.2,7.1,7.8,5.1,7.07,5.0,7.6,6.0,7.4,6.3,6.4,5.1,6.3,7.8,3.8,6.0,5.77
1513,Sofía Ortiz Flores,Ventas,Atención a Clientes,2026-09-07,7.0,5.8,7.4,5.2,5.2,6.24,6.3,6.6,6.1,5.4,6.11,6.3,7.3,6.5,6.3,7.6,6.78,7.3,6.7,6.4,5.7,6.6,6.58
1514,Juan Castillo Ramírez,Recursos Humanos,Capacitación,2026-05-26,10.0,8.9,9.0,8.5,9.6,9.24,7.5,6.2,6.1,8.6,7.17,8.6,8.7,7.4,9.1,7.6,8.31,7.2,5.8,6.6,7.0,5.6,6.53
1515,Sergio López Torres,Recursos Humanos,Capacitación,2025-09-16,7.6,6.6,6.0,5.8,5.6,6.46,5.6,5.7,7.3,5.0,5.82,5.8,6.4,4.2,8.3,5.1,5.9,6.5,6.3,5.5,5.3,6.0,5.96
1516,Andrea López Morales,Tecnología,Infraestructura,2026-05-22,5.1,6.3,6.7,4.5,3.0,5.32,5.4,5.6,8.9,6.5,6.43,5.9,3.7,6.9,6.3,6.6,5.72,3.6,6.7,5.4,5.7,5.9,5.38
1517,María Torres González,Operaciones,Producción,2025-11-02,5.3,5.8,4.4,4.9,7.4,5.5,5.7,5.9,5.4,7.0,6.02,5.2,7.8,5.2,5.4,5.9,5.98,5.7,5.4,7.0,3.2,4.9,5.31
1518,Carlos Cruz Pérez,Finanzas,Auditoría Interna,2026-04-16,6.2,4.9,4.3,6.7,6.7,5.64,5.8,6.1,3.4,6.2,5.5,3.4,6.9,4.7,4.2,6.7,5.15,4.0,3.0,3.2,3.9,5.9,3.76
1519,Roberto Rodríguez Hernández,Finanzas,Contabilidad,2026-06-25,7.3,7.6,8.9,7.7,7.4,7.77,9.4,8.1,7.5,6.4,7.94,8.9,9.5,8.1,8.6,8.0,8.71,9.8,7.5,7.9,6.5,8.4,8.04
1520,Ana Romero Martínez,Operaciones,Producción,2025-10-09,3.7,4.3,5.5,3.5,2.6,4.01,2.2,5.5,3.9,4.2,3.86,4.5,4.3,3.9,4.5,4.5,4.33,2.7,3.6,2.7,3.8,3.9,3.26
1521,Diego López Reyes,Marketing,Comunicación de Marca,2026-03-18,6.9,5.0,7.7,6.4,6.9,6.51,10.0,8.7,7.0,5.6,7.98,5.7,4.8,5.3,6.7,7.1,5.75,7.3,7.9,7.3,6.3,6.2,7.14
1522,Luis Ortiz Flores,Operaciones,Logística,2026-01-25,4.1,3.8,3.4,2.6,1.8,3.32,3.9,4.2,4.8,3.8,4.13,4.7,5.4,4.9,3.5,5.0,4.78,5.4,3.5,7.0,5.3,5.6,5.24
1523,Diego Rodríguez Castillo,Ventas,Ventas Nacionales,2026-01-17,4.5,4.0,5.0,4.6,6.0,4.72,3.6,4.1,3.3,3.5,3.64,3.5,5.1,6.1,4.0,4.9,4.7,5.0,0.7,4.4,3.5,2.5,3.26
1524,Laura Cruz Ortiz,Tecnología,Infraestructura,2026-05-01,3.2,4.8,6.4,5.5,5.2,4.89,6.1,5.4,5.3,4.7,5.42,2.4,3.6,4.9,3.0,3.7,3.48,4.3,6.8,5.4,5.4,7.1,5.64
1525,Jorge Ortiz López,Operaciones,Logística,2026-01-18,8.1,5.5,7.2,6.1,6.7,6.76,5.2,5.6,8.4,5.4,5.99,7.2,6.3,5.6,6.5,8.3,6.72,5.4,8.6,7.1,6.9,5.2,6.82
1526,Pedro Romero González,Finanzas,Auditoría Interna,2025-10-08,5.9,6.1,7.0,6.8,9.5,6.84,5.7,6.1,5.5,6.7,6.01,6.6,6.2,5.5,7.3,4.5,6.07,5.7,5.2,6.1,7.3,6.0,6.01
1527,Jorge Hernández Sánchez,Recursos Humanos,Nómina,2026-02-18,6.7,5.0,6.2,4.6,4.6,5.54,6.1,5.8,7.3,6.9,6.46,5.7,4.8,4.1,5.7,4.9,5.04,3.6,3.9,4.4,4.9,5.2,4.26
1528,Sergio López Jiménez,Tecnología,Soporte Técnico,2026-02-13,4.1,5.3,6.8,6.2,4.7,5.34,2.6,5.1,5.1,3.6,3.97,7.2,5.5,5.9,7.3,6.0,6.35,4.5,4.6,5.1,7.2,5.0,5.24
1529,Laura Vázquez González,Marketing,Marketing Digital,2026-06-10,8.1,8.8,9.0,9.0,7.8,8.54,9.6,10.0,9.8,7.4,9.19,9.2,7.3,8.4,9.1,9.6,8.61,8.2,9.0,10.0,8.3,8.2,8.78
1530,Gabriela Flores Castillo,Finanzas,Auditoría Interna,2025-10-12,8.8,9.4,8.9,7.0,6.3,8.33,7.7,8.9,7.2,8.0,7.98,8.1,8.1,7.3,8.5,9.3,8.18,8.8,9.3,8.9,8.1,9.1,8.84
1531,Alejandro López Jiménez,Operaciones,Control de Calidad,2026-01-22,6.7,7.7,7.6,6.4,7.3,7.18,5.8,7.1,8.1,8.5,7.26,5.3,3.4,5.5,4.2,4.7,4.61,6.0,6.1,4.5,6.9,7.5,6.06
1532,Pedro Pérez Jiménez,Ventas,Ventas Nacionales,2026-05-27,3.8,4.7,7.1,5.7,6.1,5.32,8.2,7.7,7.9,5.5,7.34,10.0,6.6,6.0,6.3,6.9,7.33,8.2,6.5,8.9,7.1,8.2,7.7
1533,Pedro Ramírez Pérez,Ventas,Ventas Internacionales,2025-12-01,7.4,4.2,5.5,5.5,6.0,5.72,4.8,3.4,3.6,5.4,4.36,5.8,5.5,4.2,5.8,4.1,5.15,6.5,5.7,5.2,7.9,6.5,6.32
1534,Gabriela Castillo Sánchez,Marketing,Investigación de Mercado,2026-08-16,7.8,6.4,5.5,9.2,6.8,7.05,7.1,6.1,7.6,6.1,6.7,5.8,4.1,7.8,5.9,4.9,5.66,7.7,7.6,8.0,9.2,8.7,8.14
1535,Francisco Castillo Hernández,Finanzas,Auditoría Interna,2026-08-17,7.0,4.8,4.8,6.3,6.9,5.89,3.8,7.9,8.7,5.5,6.23,5.4,4.9,3.4,3.7,5.2,4.59,5.6,5.9,4.8,4.6,5.6,5.32
1536,Jorge González Martínez,Recursos Humanos,Reclutamiento,2026-01-24,5.8,5.6,5.1,5.3,6.4,5.62,5.1,6.6,5.4,2.9,4.98,6.0,5.1,5.2,3.9,7.9,5.59,7.7,4.8,5.6,4.8,5.9,5.8
1537,Daniela Ramírez Romero,Finanzas,Auditoría Interna,2025-12-17,9.2,8.7,7.0,6.2,6.2,7.74,10.0,7.5,6.8,8.8,8.44,8.3,8.6,7.9,8.0,8.2,8.24,8.3,9.3,8.2,8.0,9.4,8.58
1538,Jorge Reyes Sánchez,Finanzas,Auditoría Interna,2026-01-28,6.6,7.6,8.3,7.7,8.9,7.7,9.8,8.5,9.6,8.4,9.08,7.2,7.0,7.3,10.0,8.7,7.82,7.8,9.4,8.9,8.7,8.1,8.63
1539,Sergio Reyes Castillo,Operaciones,Control de Calidad,2026-02-18,7.2,6.7,5.2,5.7,4.8,6.09,5.5,5.9,3.7,6.5,5.49,8.4,7.3,7.4,5.3,8.1,7.42,6.1,5.4,6.8,8.2,5.9,6.46
1540,Laura Reyes Castillo,Tecnología,Infraestructura,2026-06-20,8.2,8.5,7.9,8.6,9.6,8.48,7.7,7.5,8.0,8.3,7.86,7.1,8.3,7.6,6.1,7.1,7.35,8.4,9.4,9.3,10.0,9.1,9.22
1541,Daniela Flores González,Operaciones,Producción,2026-09-04,9.4,10.0,10.0,8.3,10.0,9.59,7.8,6.7,7.5,8.6,7.66,10.0,7.8,9.2,9.7,10.0,9.25,8.0,8.1,7.3,7.8,7.1,7.76
1542,Laura Castillo Pérez,Marketing,Comunicación de Marca,2026-03-19,2.1,3.0,2.4,2.7,1.5,2.39,3.0,4.8,1.5,4.8,3.6,5.6,3.4,3.3,2.3,4.0,3.86,5.5,3.5,4.5,4.3,5.3,4.54
1543,Roberto Ramírez Cruz,Tecnología,Desarrollo,2026-06-15,9.8,10.0,8.9,8.6,9.2,9.4,8.2,9.7,10.0,8.7,9.06,8.3,5.9,6.9,6.8,9.3,7.35,9.3,10.0,10.0,8.9,10.0,9.6
1544,Carlos Reyes Castillo,Finanzas,Tesorería,2025-09-15,3.6,3.8,3.6,3.4,2.4,3.44,3.0,2.3,2.1,2.6,2.54,3.0,4.6,1.9,3.6,3.7,3.38,2.8,5.3,1.6,2.6,3.8,3.24
1545,Ximena Gómez Vázquez,Recursos Humanos,Nómina,2026-08-24,6.3,5.5,7.2,5.2,4.2,5.8,6.9,6.4,7.3,5.2,6.43,4.8,5.0,3.7,4.7,5.3,4.69,7.6,5.7,5.4,6.5,6.8,6.38
1546,Diego Castillo Vázquez,Tecnología,Soporte Técnico,2026-07-07,7.5,3.7,5.5,5.0,5.5,5.48,5.6,7.3,5.6,4.5,5.75,8.3,9.0,7.1,7.6,10.0,8.38,7.2,5.9,5.3,7.4,5.9,6.41
1547,Gabriela Rodríguez Torres,Ventas,Atención a Clientes,2025-09-25,9.3,7.8,7.1,8.8,7.7,8.17,10.0,7.9,10.0,8.2,9.02,9.4,6.6,6.5,8.7,7.6,7.74,7.6,7.8,5.2,6.8,5.1,6.76
1548,Daniela Vázquez García,Recursos Humanos,Capacitación,2025-11-08,7.9,5.2,7.9,8.2,7.5,7.21,10.0,7.3,9.3,10.0,9.18,6.6,9.8,9.1,7.8,7.5,8.22,7.9,10.0,10.0,8.7,10.0,9.22
1549,María Martínez Pérez,Ventas,Ventas Nacionales,2025-10-04,5.4,5.7,6.9,7.1,3.6,5.76,5.3,5.9,6.7,6.7,6.08,9.0,9.9,9.2,8.8,8.8,9.2,8.3,9.0,8.7,8.0,10.0,8.67
1550,Raúl Vázquez Romero,Finanzas,Auditoría Interna,2026-08-09,7.2,7.7,8.8,5.7,6.0,7.24,5.9,8.0,7.5,6.8,6.97,7.2,8.2,7.5,9.6,6.1,7.7,4.4,7.0,5.1,6.9,5.0,5.75
1551,Alejandro Torres Ortiz,Tecnología,Infraestructura,2026-09-04,4.8,7.1,5.5,5.5,6.2,5.83,3.6,6.4,6.7,4.2,5.07,5.1,3.4,7.1,4.2,6.3,5.12,2.0,6.9,4.4,6.3,6.9,5.06
1552,Laura Sánchez Hernández,Operaciones,Producción,2026-05-05,10.0,8.2,7.5,7.5,8.1,8.39,5.7,7.8,5.2,6.8,6.4,7.8,8.4,8.2,7.1,7.8,7.92,10.0,8.4,6.2,6.5,8.8,8.02
1553,Paola Ramírez Martínez,Ventas,Ventas Internacionales,2025-12-31,9.4,7.9,10.0,9.6,9.9,9.25,10.0,8.8,9.9,8.7,9.36,9.0,7.0,6.3,6.6,9.6,7.69,7.7,7.1,5.3,4.6,9.0,6.58
1554,Carlos Ortiz Reyes,Marketing,Investigación de Mercado,2026-02-10,3.6,2.9,2.7,1.0,2.7,2.72,1.3,0.3,2.5,1.3,1.29,2.6,0.6,0.2,2.7,0.2,1.28,3.0,1.4,1.7,0.1,1.5,1.61
1555,Gabriela Romero Vázquez,Recursos Humanos,Nómina,2026-06-30,5.6,6.3,4.1,4.1,2.3,4.75,3.3,3.6,4.2,4.8,3.93,5.0,4.3,4.4,5.1,3.6,4.51,3.5,5.5,6.8,5.6,5.2,5.25
1556,Miguel Reyes Hernández,Ventas,Ventas Nacionales,2026-06-14,2.9,4.3,5.0,5.3,8.4,4.85,4.6,3.0,1.5,4.4,3.53,6.8,5.4,5.6,4.8,5.4,5.7,7.4,5.9,6.1,5.2,6.2,6.2
1557,Ricardo Hernández Romero,Ventas,Atención a Clientes,2026-02-21,7.0,8.6,7.7,7.7,8.8,7.92,7.8,6.1,6.4,5.4,6.49,7.0,7.3,7.4,6.7,7.5,7.18,7.0,7.5,7.0,8.8,7.7,7.56
1558,Luis Gómez Flores,Recursos Humanos,Reclutamiento,2025-12-26,10.0,8.9,8.6,7.6,9.2,8.96,7.9,7.5,9.1,8.4,8.17,10.0,9.3,9.8,10.0,10.0,9.78,9.2,6.9,10.0,8.5,9.6,8.68
1559,Roberto Pérez González,Finanzas,Contabilidad,2026-05-27,5.5,8.3,5.4,5.0,5.3,6.08,6.8,7.1,7.2,5.3,6.58,8.0,5.7,6.5,6.9,7.2,6.84,5.0,9.0,6.5,5.5,6.9,6.59
1560,Gabriela López Morales,Finanzas,Auditoría Interna,2026-07-25,5.6,6.0,6.1,4.3,4.8,5.48,4.6,5.8,6.2,7.6,5.97,4.8,4.4,7.8,7.2,6.7,5.94,7.2,5.6,4.0,6.4,5.2,5.8
1561,Mariana Cruz Sánchez,Recursos Humanos,Nómina,2025-10-03,10.0,7.3,10.0,9.7,9.1,9.14,7.6,6.3,8.1,7.1,7.25,7.4,6.4,7.2,6.6,9.0,7.23,9.0,6.2,7.7,7.9,9.4,7.86
1562,Mariana García Morales,Marketing,Comunicación de Marca,2025-12-09,10.0,8.4,9.0,8.3,9.0,8.99,7.9,8.5,9.4,8.8,8.57,10.0,9.6,8.4,7.7,8.9,9.07,8.4,8.5,10.0,8.9,7.2,8.72
1563,Valeria López Reyes,Recursos Humanos,Reclutamiento,2026-09-03,4.8,5.3,4.6,6.2,4.3,5.02,7.7,6.2,7.3,8.2,7.37,4.8,6.0,4.4,6.1,5.2,5.28,6.1,7.6,7.1,7.2,5.7,6.86
1564,Miguel Ortiz González,Recursos Humanos,Reclutamiento,2026-07-24,1.3,3.5,2.0,4.2,1.5,2.46,3.4,3.7,5.2,6.3,4.56,4.3,1.9,4.5,4.1,3.5,3.59,1.4,3.2,1.4,3.1,2.1,2.26
1565,Camila Flores Torres,Tecnología,Soporte Técnico,2025-10-19,10.0,9.4,10.0,9.0,8.8,9.52,10.0,9.3,8.7,9.1,9.34,10.0,10.0,9.1,9.2,10.0,9.7,8.6,7.5,8.1,8.0,8.4,8.09
1566,Valeria González González,Marketing,Marketing Digital,2026-07-14,5.4,5.0,4.5,5.6,6.8,5.36,5.6,7.7,6.8,6.6,6.62,5.9,6.5,6.0,7.0,7.8,6.52,7.3,5.1,4.7,7.3,6.8,6.18
1567,Daniela Ramírez Torres,Tecnología,Infraestructura,2026-01-12,6.5,9.0,6.8,7.2,8.2,7.54,6.6,4.0,5.9,6.8,5.86,6.8,7.3,6.0,5.1,7.0,6.54,7.4,8.1,5.8,7.3,7.1,7.2
1568,Gabriela Ramírez Castillo,Marketing,Marketing Digital,2026-09-02,5.7,7.6,6.7,6.6,6.1,6.57,7.1,4.8,4.5,7.6,6.13,3.5,3.5,3.9,4.0,4.2,3.76,3.7,3.4,6.6,5.2,4.7,4.6
1569,Daniela Torres Martínez,Operaciones,Producción,2025-12-13,8.9,7.7,8.8,8.9,9.0,8.6,6.8,5.7,6.1,8.7,6.86,7.9,6.5,7.3,7.6,8.5,7.48,7.8,8.4,9.3,5.7,8.4,7.89
1570,Andrea Ortiz Reyes,Marketing,Marketing Digital,2025-10-05,6.3,5.5,7.3,6.8,4.3,6.07,4.8,6.3,4.8,6.1,5.5,5.6,7.1,7.5,6.5,6.5,6.62,5.5,7.0,5.6,7.9,6.1,6.44
1571,Ana García Ramírez,Tecnología,Infraestructura,2026-03-26,10.0,8.4,9.9,8.6,7.1,8.94,10.0,10.0,7.4,8.5,9.1,9.6,9.1,9.4,7.3,8.5,8.92,7.2,9.2,9.7,8.9,8.7,8.69
1572,Carlos Cruz Castillo,Tecnología,Infraestructura,2026-01-19,4.7,5.6,7.6,4.6,4.9,5.52,6.0,6.8,5.3,7.0,6.31,6.4,5.5,5.2,3.9,5.1,5.36,5.6,4.4,3.5,4.6,4.6,4.58
1573,Andrea Ortiz Morales,Ventas,Atención a Clientes,2026-07-04,7.7,7.6,7.5,7.7,9.1,7.85,9.0,7.2,8.4,8.5,8.3,7.9,9.0,10.0,8.7,7.2,8.61,9.8,8.3,6.9,8.5,7.5,8.36
1574,Gabriela Pérez Cruz,Ventas,Atención a Clientes,2025-11-16,8.7,9.8,7.3,7.7,7.3,8.34,6.8,7.1,7.5,5.7,6.74,9.3,7.5,6.5,6.4,7.6,7.6,5.3,8.2,6.1,7.9,6.4,6.82
1575,Laura Sánchez Flores,Recursos Humanos,Capacitación,2026-07-11,8.2,9.4,7.9,9.0,7.6,8.47,9.5,4.1,7.3,7.9,7.31,8.4,9.8,10.0,9.7,8.3,9.25,10.0,9.5,10.0,9.3,8.2,9.56
1576,Juan López Pérez,Marketing,Marketing Digital,2025-12-18,3.0,2.1,3.6,2.5,1.3,2.56,1.8,3.4,1.5,1.8,2.14,1.8,5.8,3.8,1.4,5.0,3.62,1.7,1.5,3.4,2.9,3.6,2.42
1577,José Rodríguez Ortiz,Tecnología,Desarrollo,2026-06-03,7.9,10.0,9.3,10.0,9.1,9.2,8.3,10.0,9.6,9.4,9.26,8.5,10.0,7.1,10.0,10.0,9.04,8.2,9.5,9.2,8.5,10.0,8.96
1578,Alejandro Cruz Sánchez,Ventas,Ventas Internacionales,2026-04-20,7.5,5.4,6.9,5.5,5.8,6.3,6.9,6.8,6.1,5.9,6.46,6.5,5.5,6.3,5.8,5.1,5.9,6.3,6.9,6.3,5.7,6.2,6.32
1579,Francisco Pérez Flores,Operaciones,Producción,2026-08-05,5.9,5.8,6.1,3.7,4.5,5.37,3.7,7.3,4.3,5.4,5.14,6.0,4.1,6.4,5.6,5.0,5.4,5.5,5.4,4.6,5.8,5.3,5.34
1580,Gabriela Torres Rodríguez,Marketing,Marketing Digital,2025-09-30,9.0,6.5,9.5,7.4,6.8,7.91,9.9,8.7,7.3,7.0,8.36,7.4,7.0,7.5,8.1,8.3,7.56,10.0,9.6,9.1,7.4,9.0,9.1
1581,Francisco Jiménez Castillo,Operaciones,Logística,2026-06-26,4.3,3.7,3.9,2.6,2.5,3.55,5.2,2.5,1.4,2.8,3.16,3.7,2.9,1.8,3.9,2.1,2.91,3.6,3.7,2.9,5.3,3.3,3.8
1582,Francisco Ramírez Martínez,Tecnología,Soporte Técnico,2026-04-09,2.8,5.5,5.7,3.5,2.8,4.16,3.2,4.5,4.6,2.9,3.73,5.8,5.6,4.6,5.1,4.6,5.22,4.8,3.8,5.1,4.9,5.7,4.72
1583,Daniela Martínez Gómez,Marketing,Investigación de Mercado,2026-06-28,9.3,8.1,9.1,5.3,4.2,7.6,5.6,6.6,5.3,7.1,6.17,7.9,5.8,7.1,7.4,7.4,7.06,6.2,5.0,5.7,6.1,6.3,5.79
1584,Sergio Cruz Sánchez,Marketing,Marketing Digital,2026-07-05,7.5,9.1,6.6,7.4,9.2,7.96,7.4,8.4,7.3,7.6,7.68,7.6,6.9,6.6,6.0,7.1,6.91,7.2,8.6,8.7,9.2,7.8,8.31
1585,Laura Jiménez López,Ventas,Atención a Clientes,2025-12-03,4.7,7.5,7.7,8.7,10.0,7.4,5.8,8.4,6.9,7.5,7.1,7.6,7.2,8.2,9.1,8.5,7.98,6.8,6.1,8.1,6.0,9.1,6.96
1586,Laura Ramírez Martínez,Operaciones,Control de Calidad,2026-03-13,4.7,5.8,5.1,5.0,6.0,5.3,4.8,4.6,6.6,6.6,5.56,4.3,1.7,6.4,4.1,5.6,4.24,4.1,4.2,5.8,6.4,5.8,5.1
1587,Francisco Martínez Ortiz,Finanzas,Auditoría Interna,2025-10-06,5.8,5.9,5.9,5.3,5.2,5.68,5.7,5.7,7.9,7.0,6.46,7.3,6.7,5.2,8.4,7.7,6.96,4.6,3.3,4.8,5.1,6.0,4.56
1588,Fernanda Ramírez Martínez,Finanzas,Auditoría Interna,2026-05-12,10.0,9.8,10.0,10.0,10.0,9.95,10.0,10.0,9.2,8.2,9.39,10.0,8.7,10.0,9.7,9.6,9.57,5.9,5.9,5.8,7.3,7.6,6.33
1589,Luis García Romero,Finanzas,Contabilidad,2026-04-09,7.3,7.8,8.7,7.0,8.0,7.76,8.0,6.4,6.7,7.0,7.09,8.1,7.3,8.2,7.7,7.5,7.77,9.1,7.4,6.9,9.4,8.8,8.26
1590,Ricardo López Gómez,Ventas,Atención a Clientes,2026-07-27,4.2,3.7,3.0,3.8,4.2,3.78,2.9,2.1,1.0,4.2,2.64,2.6,4.9,4.7,4.8,4.3,4.18,3.4,2.6,1.4,1.0,2.2,2.2
1591,Ximena Morales Morales,Marketing,Marketing Digital,2026-02-25,4.7,3.9,5.3,6.5,4.3,4.83,3.7,7.3,7.6,4.2,5.5,8.5,5.6,7.1,6.5,6.7,6.92,6.1,9.0,8.4,8.4,8.3,7.96
1592,José González Hernández,Tecnología,Infraestructura,2026-04-20,8.6,7.0,7.9,7.9,7.4,7.78,4.0,4.3,4.6,4.0,4.2,5.8,6.0,3.8,5.7,5.2,5.34,6.6,7.4,7.8,6.8,7.6,7.18
1593,Francisco Jiménez Hernández,Tecnología,Desarrollo,2025-11-08,8.9,8.4,10.0,9.3,9.4,9.13,8.6,8.6,7.1,9.3,8.48,10.0,9.2,7.5,8.6,8.5,8.86,8.7,9.0,9.8,9.0,8.9,9.08
1594,Pedro Castillo Morales,Finanzas,Tesorería,2026-07-23,8.3,7.8,6.9,8.2,7.4,7.74,6.9,5.7,5.7,6.1,6.16,6.7,7.2,8.3,7.6,8.2,7.5,9.1,8.4,8.5,7.8,7.8,8.41
1595,Raúl Jiménez Sánchez,Ventas,Ventas Internacionales,2026-06-09,6.0,6.2,6.4,4.2,5.5,5.78,5.6,7.2,5.7,6.8,6.32,7.7,6.1,6.7,5.0,5.9,6.42,8.4,5.3,7.3,7.5,7.0,7.08
1596,Sergio Gómez Martínez,Tecnología,Infraestructura,2026-06-30,7.9,7.8,9.2,9.3,9.5,8.59,5.8,8.2,8.6,6.3,7.08,7.5,6.9,8.6,7.7,10.0,7.98,9.9,9.2,8.5,8.4,10.0,9.16
1597,Luis López Cruz,Ventas,Atención a Clientes,2026-01-20,8.6,5.1,5.5,4.4,6.0,6.09,6.8,6.7,6.6,5.4,6.38,4.5,5.1,7.2,5.1,6.7,5.61,5.0,5.1,6.1,5.0,6.6,5.4
1598,Ximena Gómez Jiménez,Operaciones,Logística,2025-11-07,10.0,8.7,9.6,10.0,10.0,9.59,9.8,8.1,7.2,8.8,8.6,8.6,7.6,8.4,8.8,6.3,8.0,9.2,10.0,8.5,8.2,7.6,8.9
1599,Fernanda Castillo Martínez,Marketing,Comunicación de Marca,2026-04-04,7.9,6.9,6.0,7.1,7.1,7.03,8.9,5.5,7.1,8.1,7.49,8.6,5.3,6.8,8.0,5.7,6.89,7.0,6.1,7.1,8.2,5.8,6.92
1600,Ricardo Sánchez Sánchez,Ventas,Atención a Clientes,2026-01-02,5.7,5.0,4.6,6.8,6.0,5.52,5.8,6.0,8.2,6.4,6.48,4.8,6.3,5.2,5.0,7.0,5.61,7.3,5.5,5.5,7.0,6.4,6.34
1601,Pedro Torres Ramírez,Ventas,Ventas Nacionales,2026-05-01,6.6,9.6,6.9,7.0,7.1,7.54,8.0,6.7,5.3,6.6,6.78,6.8,7.5,7.4,7.2,6.8,7.16,5.7,7.1,5.2,5.5,7.9,6.13
1602,Paola Torres Torres,Ventas,Atención a Clientes,2026-05-06,3.1,3.9,3.7,1.1,3.6,3.2,4.7,4.4,4.9,5.0,4.74,5.2,3.5,3.8,4.1,6.7,4.56,3.9,4.2,5.5,4.7,4.0,4.47
1603,Juan Romero Sánchez,Recursos Humanos,Nómina,2025-09-20,6.7,6.4,5.2,5.5,6.4,6.1,6.7,5.5,6.7,6.4,6.32,8.3,9.6,8.7,6.6,6.8,8.22,6.9,6.1,8.1,7.9,7.2,7.17
1604,Fernanda López Rodríguez,Recursos Humanos,Reclutamiento,2025-09-14,6.8,10.0,9.0,8.9,7.7,8.49,10.0,7.6,8.6,7.4,8.47,9.5,6.8,7.8,5.4,7.4,7.56,8.9,6.3,7.6,7.4,7.2,7.52
1605,Luis López Ortiz,Marketing,Investigación de Mercado,2026-07-24,2.4,2.1,3.4,2.1,5.8,2.99,3.3,3.6,2.3,4.7,3.52,2.8,2.1,3.9,2.1,0.3,2.36,3.8,4.2,1.9,1.1,4.3,3.03
1606,Francisco Pérez Torres,Recursos Humanos,Nómina,2026-01-31,6.0,5.9,6.7,4.5,5.4,5.8,3.6,4.3,5.3,2.5,3.84,5.9,4.2,1.2,2.6,2.3,3.5,2.8,4.2,4.9,6.7,3.7,4.44
1607,Karla Castillo López,Tecnología,Soporte Técnico,2025-10-06,9.6,8.3,8.2,9.9,10.0,9.1,10.0,10.0,10.0,10.0,10.0,6.9,9.1,9.5,7.4,6.6,8.0,10.0,10.0,9.0,9.3,10.0,9.66
1608,Ana Torres Vázquez,Marketing,Marketing Digital,2025-11-10,3.4,3.5,6.2,4.3,3.6,4.15,6.0,5.3,4.7,5.5,5.44,7.7,7.2,7.3,5.0,7.4,7.05,4.1,5.5,5.3,5.1,6.2,5.1
1609,Ricardo Jiménez Pérez,Ventas,Ventas Nacionales,2026-07-05,8.5,8.5,8.7,7.7,7.4,8.26,7.5,8.0,9.4,8.1,8.15,8.0,8.2,6.0,7.1,6.0,7.22,10.0,10.0,9.3,8.0,10.0,9.46
1610,Jorge Martínez Torres,Marketing,Investigación de Mercado,2026-02-14,6.9,7.0,7.4,6.7,7.2,7.04,7.3,6.0,6.6,7.1,6.78,8.3,5.8,6.0,4.2,7.1,6.42,8.8,7.2,6.2,6.5,6.8,7.22
1611,Miguel Rodríguez Flores,Tecnología,Infraestructura,2026-02-16,9.9,8.5,6.9,6.9,8.9,8.35,10.0,9.5,10.0,10.0,9.88,8.5,6.9,9.1,7.7,7.6,7.96,9.7,10.0,6.8,7.5,7.5,8.54
1612,Fernanda Hernández Sánchez,Recursos Humanos,Capacitación,2025-11-08,6.8,7.2,6.1,8.6,6.4,6.97,4.8,5.4,4.7,3.8,4.68,5.3,4.2,6.4,6.9,6.1,5.6,7.5,4.9,7.9,5.6,6.0,6.4
1613,Ricardo Torres González,Marketing,Marketing Digital,2026-03-28,7.9,6.0,6.4,5.8,6.9,6.66,7.2,8.3,7.6,6.6,7.41,6.1,7.7,6.0,5.4,7.9,6.65,7.9,8.0,7.7,6.7,7.9,7.64
1614,Daniela Hernández Hernández,Ventas,Atención a Clientes,2026-02-09,10.0,10.0,9.2,9.5,7.1,9.33,7.5,9.1,7.4,9.1,8.28,8.3,7.5,9.7,9.9,9.7,8.83,10.0,9.1,7.6,10.0,9.0,9.2
1615,María García Pérez,Tecnología,Infraestructura,2025-10-18,1.1,2.6,1.9,1.6,2.1,1.86,0.3,3.6,2.1,2.9,2.14,0.0,0.2,2.1,2.9,1.9,1.19,3.9,4.2,2.3,3.4,2.7,3.44
1616,Andrea Flores Gómez,Finanzas,Contabilidad,2026-03-26,5.7,6.0,5.5,4.8,5.5,5.57,6.7,6.0,5.9,5.7,6.11,5.0,4.7,4.1,6.7,4.1,4.86,8.9,7.4,7.7,8.2,8.4,8.1
1617,Raúl Romero Cruz,Ventas,Atención a Clientes,2025-11-02,6.2,7.0,6.3,3.9,5.0,5.9,3.5,3.0,4.7,3.8,3.69,7.5,4.4,5.3,8.0,7.2,6.32,5.7,3.9,2.9,3.7,1.4,3.86
1618,Diego Martínez Hernández,Recursos Humanos,Reclutamiento,2025-09-28,8.2,8.8,7.3,7.2,5.6,7.63,4.0,5.6,6.1,5.7,5.24,6.7,6.3,8.4,9.3,10.0,7.82,6.8,6.5,6.7,5.6,6.4,6.43
1619,Juan Morales Martínez,Ventas,Atención a Clientes,2026-01-31,5.7,3.6,6.0,5.5,4.2,4.98,4.7,4.4,4.8,3.4,4.32,4.0,5.4,4.1,3.0,5.4,4.43,6.8,4.3,6.0,5.4,4.9,5.54
1620,Ximena García López,Marketing,Marketing Digital,2025-09-20,5.5,5.0,4.6,7.8,4.9,5.45,6.8,7.5,7.1,5.0,6.58,2.9,4.0,4.1,2.3,5.9,3.77,4.6,4.9,5.8,7.7,6.9,5.76
1621,Ximena González Cruz,Tecnología,Soporte Técnico,2026-07-15,7.1,6.8,5.9,7.3,7.2,6.83,5.6,5.9,5.9,6.1,5.86,7.8,6.3,6.9,7.0,6.5,6.93,7.2,6.8,8.4,7.0,7.5,7.33
1622,Camila Reyes Torres,Ventas,Atención a Clientes,2026-05-27,7.9,9.3,10.0,9.3,9.9,9.18,9.2,7.9,8.6,8.7,8.63,9.0,9.0,7.2,8.2,10.0,8.67,6.5,10.0,6.0,10.0,10.0,8.32
1623,Carlos Reyes Torres,Marketing,Investigación de Mercado,2025-11-12,5.9,4.4,4.4,3.8,5.7,4.88,7.8,7.2,8.4,6.2,7.37,5.3,5.2,6.5,7.2,4.2,5.64,5.6,5.2,6.5,6.0,5.9,5.79
1624,Sergio Reyes Hernández,Ventas,Atención a Clientes,2025-11-21,6.3,4.1,5.8,5.8,4.0,5.23,3.9,1.6,3.5,5.5,3.64,6.7,6.9,7.2,7.2,5.2,6.7,6.7,6.3,5.1,5.9,4.4,5.89
1625,Sergio Rodríguez Morales,Finanzas,Contabilidad,2026-06-06,8.7,9.1,9.6,7.4,10.0,8.98,9.9,8.3,9.8,9.4,9.36,7.5,7.2,7.2,7.6,10.0,7.76,9.4,7.4,9.2,7.3,6.8,8.18
1626,María Romero Rodríguez,Recursos Humanos,Nómina,2026-06-09,8.2,7.0,7.9,8.0,8.5,7.86,10.0,9.8,9.4,9.7,9.75,8.2,9.0,9.9,9.6,8.7,9.02,7.9,8.5,8.0,9.6,9.4,8.56
1627,Mariana Cruz Jiménez,Finanzas,Auditoría Interna,2026-04-04,3.7,5.3,4.2,4.2,4.7,4.42,4.4,5.4,3.8,4.0,4.43,3.6,1.8,4.8,4.2,2.6,3.33,4.2,5.5,4.4,5.3,4.1,4.78
1628,Camila López Sánchez,Finanzas,Auditoría Interna,2025-12-10,6.7,8.7,8.9,8.2,8.4,8.12,6.4,5.6,7.8,7.3,6.7,8.7,8.6,8.6,6.9,7.8,8.25,10.0,6.5,8.4,8.3,9.5,8.41
1629,Pedro Castillo Castillo,Finanzas,Auditoría Interna,2026-01-13,3.4,3.5,3.5,3.3,3.9,3.51,3.3,3.0,3.6,1.3,2.78,4.2,4.2,5.1,2.7,3.6,4.07,1.2,0.0,2.3,1.9,2.4,1.38
1630,Daniela Pérez Reyes,Finanzas,Tesorería,2026-03-20,4.6,2.5,3.4,2.6,2.9,3.28,4.6,4.6,6.5,3.8,4.78,4.3,3.3,3.4,3.5,5.2,3.88,5.9,4.9,3.1,2.8,4.2,4.3
1631,María Castillo González,Finanzas,Auditoría Interna,2026-01-27,6.9,5.7,5.4,7.1,6.7,6.3,6.4,4.9,4.4,5.6,5.43,7.8,7.9,5.0,6.6,7.3,7.01,3.9,5.9,4.1,5.8,5.1,4.94
1632,José Sánchez Ortiz,Recursos Humanos,Capacitación,2025-11-01,10.0,6.4,9.1,7.6,9.0,8.41,7.7,9.6,9.8,7.4,8.52,7.7,6.8,8.0,8.8,7.2,7.62,7.7,7.5,8.5,6.7,7.7,7.61
1633,Karla González Pérez,Operaciones,Logística,2026-06-16,6.8,7.6,7.4,10.0,8.8,7.9,4.3,5.0,6.7,5.6,5.28,6.5,5.8,7.1,5.1,6.2,6.19,8.0,5.2,6.9,5.1,4.1,6.11
1634,María Martínez Sánchez,Tecnología,Desarrollo,2026-03-23,6.4,4.5,3.7,5.0,4.2,4.84,2.0,2.5,3.9,3.1,2.78,5.2,4.0,6.5,4.9,3.7,4.89,3.3,4.7,3.6,1.6,4.9,3.53
1635,Mariana Cruz Ortiz,Ventas,Atención a Clientes,2026-01-19,5.2,4.6,5.7,5.2,4.3,5.01,3.6,5.2,4.4,5.2,4.56,5.4,4.9,6.1,5.4,4.3,5.25,2.6,4.3,4.5,3.9,2.3,3.64
1636,Fernanda Morales Martínez,Ventas,Atención a Clientes,2026-03-04,6.2,7.5,8.2,8.7,7.9,7.56,9.1,8.0,6.2,9.0,8.22,7.6,7.0,7.5,6.9,6.6,7.18,9.2,9.5,6.7,9.3,9.6,8.84
1637,Andrea López Vázquez,Recursos Humanos,Reclutamiento,2026-06-01,5.4,8.2,6.2,8.1,9.2,7.24,7.4,7.8,7.4,7.9,7.62,9.3,7.7,7.9,7.1,8.5,8.17,6.9,10.0,8.2,8.4,7.7,8.32
1638,Valeria Morales Sánchez,Marketing,Comunicación de Marca,2026-08-23,2.8,3.5,3.3,4.2,3.7,3.42,4.6,6.3,4.0,2.4,4.35,4.5,4.3,4.7,3.3,4.1,4.25,4.0,5.9,4.6,4.1,5.5,4.76
1639,Roberto Reyes González,Ventas,Ventas Internacionales,2026-08-21,2.7,5.0,3.4,5.1,3.3,3.86,3.9,3.4,5.5,4.0,4.12,4.5,3.1,3.3,4.3,3.2,3.68,5.5,3.1,5.2,4.5,3.8,4.47
1640,Miguel Hernández Morales,Marketing,Comunicación de Marca,2026-08-15,4.2,4.4,3.0,2.1,4.0,3.67,3.1,4.3,4.4,4.9,4.11,2.3,3.5,3.2,4.0,1.9,2.98,2.7,4.7,2.7,5.9,5.3,4.1
1641,Francisco Torres Jiménez,Recursos Humanos,Nómina,2026-06-06,6.6,8.8,7.8,8.9,8.0,7.94,4.7,5.9,4.4,6.1,5.29,8.5,8.4,8.3,6.0,7.8,7.96,4.7,7.2,7.0,7.9,5.7,6.52
1642,Daniela García Vázquez,Marketing,Marketing Digital,2026-09-07,1.5,1.8,3.3,3.2,3.1,2.43,4.4,3.0,4.7,4.7,4.19,5.7,3.7,5.0,6.1,4.1,4.88,4.0,4.6,3.8,1.4,2.8,3.47
1643,Andrea Reyes Castillo,Finanzas,Auditoría Interna,2026-05-28,6.4,8.5,7.5,8.3,6.5,7.44,5.7,3.7,5.2,2.9,4.4,7.7,9.3,7.3,6.4,5.9,7.56,4.7,4.7,6.3,4.2,6.1,5.06
1644,Sofía López Ortiz,Tecnología,Desarrollo,2026-08-20,9.4,9.3,7.0,10.0,9.9,9.06,5.9,7.4,6.7,7.6,6.86,6.6,9.1,7.7,7.4,8.5,7.85,8.3,9.1,8.8,9.6,8.2,8.85
1645,Sergio Romero López,Recursos Humanos,Nómina,2025-12-18,1.7,4.8,2.3,2.2,3.9,3.0,1.7,0.9,3.8,1.7,1.92,3.5,3.2,2.4,2.9,1.3,2.78,2.4,1.6,2.2,3.6,1.4,2.3
1646,Fernanda García Jiménez,Operaciones,Producción,2025-10-24,4.8,3.6,2.9,5.3,7.3,4.57,4.5,5.1,5.5,6.3,5.3,4.6,4.9,6.4,4.8,5.9,5.26,9.9,7.2,8.2,8.0,10.0,8.52
1647,Karla Sánchez López,Recursos Humanos,Nómina,2026-04-17,8.1,9.0,9.7,9.9,6.7,8.7,8.4,8.0,8.7,6.0,7.76,6.9,6.4,8.6,7.8,8.2,7.44,8.9,10.0,6.7,8.7,8.4,8.64
1648,María Morales Flores,Ventas,Atención a Clientes,2026-01-10,6.1,5.3,5.8,3.8,5.8,5.45,5.1,6.7,5.2,4.9,5.47,6.8,9.3,8.7,8.4,7.7,8.18,4.2,5.5,5.2,5.8,5.8,5.2
1649,Diego García Pérez,Operaciones,Logística,2026-05-18,8.5,5.5,7.2,8.1,3.7,6.71,7.2,6.8,6.4,6.3,6.72,9.9,9.8,7.4,8.9,6.9,8.78,5.5,6.5,6.7,8.1,4.7,6.43
1650,Fernanda García Martínez,Operaciones,Control de Calidad,2026-04-19,7.0,7.0,9.2,8.4,8.3,7.84,9.4,9.0,10.0,8.7,9.25,8.6,9.2,10.0,9.5,9.0,9.22,7.4,8.4,7.2,5.5,7.2,7.21
1651,Francisco Ortiz Vázquez,Tecnología,Desarrollo,2026-03-05,6.9,6.1,5.6,5.8,4.9,5.98,4.7,4.0,6.1,5.5,5.0,6.1,7.4,4.5,7.6,5.1,6.18,4.8,8.0,6.3,5.1,6.5,6.13
1652,Gabriela Flores Flores,Tecnología,Soporte Técnico,2026-04-01,4.5,6.5,7.5,3.8,4.7,5.52,5.2,4.2,6.3,4.7,5.04,3.9,6.3,3.9,5.6,4.7,4.88,3.4,3.4,6.3,4.4,5.3,4.37
1653,Roberto Ramírez Flores,Operaciones,Producción,2026-01-30,4.2,4.0,4.1,5.5,3.7,4.25,3.2,5.5,3.8,3.9,4.07,4.6,4.1,1.8,2.7,2.3,3.28,4.3,2.2,3.0,4.1,2.0,3.24
1654,Francisco Sánchez Cruz,Tecnología,Desarrollo,2026-07-30,3.6,4.0,8.0,3.2,7.1,5.04,4.5,6.7,5.9,7.7,6.13,5.8,5.9,6.9,4.3,5.3,5.74,4.8,1.2,3.4,3.9,4.0,3.36
1655,Pedro Hernández Jiménez,Marketing,Investigación de Mercado,2026-03-08,8.6,8.9,9.7,6.5,10.0,8.79,8.7,8.3,7.0,8.9,8.31,9.1,8.2,8.7,9.0,10.0,8.91,9.5,8.1,9.1,10.0,10.0,9.22
1656,Valeria Morales González,Tecnología,Soporte Técnico,2026-02-26,6.7,6.4,5.2,6.9,5.3,6.14,4.4,6.4,7.7,6.3,6.04,6.9,6.1,3.7,7.2,6.3,6.02,6.2,5.4,5.6,5.6,5.7,5.71
1657,Daniela Ramírez Pérez,Ventas,Atención a Clientes,2026-04-15,8.4,7.5,9.3,8.5,7.6,8.25,8.7,7.9,9.6,7.2,8.3,10.0,6.4,10.0,9.7,9.5,8.98,7.6,8.1,7.2,8.1,7.4,7.72
1658,Ricardo Reyes Vázquez,Recursos Humanos,Reclutamiento,2026-06-25,4.9,7.1,7.8,5.5,5.1,6.15,4.9,3.8,2.7,4.4,4.06,5.9,3.2,3.7,3.6,3.0,4.01,1.8,5.2,0.2,3.0,2.6,2.65
1659,Camila Cruz Reyes,Tecnología,Soporte Técnico,2026-06-19,5.1,5.9,6.6,5.5,6.4,5.86,6.4,7.4,8.0,7.1,7.14,5.8,4.7,6.5,2.0,3.6,4.76,6.1,5.1,6.6,6.6,5.3,5.97
1660,Alejandro Ramírez Flores,Operaciones,Logística,2025-11-26,3.8,2.9,5.8,3.9,4.6,4.11,6.5,5.0,7.2,5.6,6.04,6.6,6.6,8.0,4.4,5.3,6.36,4.2,4.2,7.0,4.6,7.0,5.12
1661,Valeria Torres García,Ventas,Ventas Internacionales,2026-04-24,6.4,4.6,7.1,6.0,5.1,5.84,5.7,5.2,5.6,5.3,5.46,5.7,7.6,7.4,5.2,5.9,6.47,5.3,5.1,4.7,6.6,6.7,5.53
1662,Mariana Hernández García,Finanzas,Contabilidad,2026-07-30,4.2,5.6,0.6,7.0,5.2,4.4,3.0,2.7,2.7,4.0,3.12,2.1,3.2,4.4,2.4,3.4,3.08,2.7,4.7,5.0,2.1,3.7,3.64
1663,Sergio Ramírez Cruz,Finanzas,Contabilidad,2025-12-18,2.6,3.8,2.8,4.4,3.3,3.32,1.9,2.8,1.9,4.6,2.8,2.4,3.0,2.9,4.9,3.3,3.16,5.5,3.7,4.4,3.7,2.2,4.14
1664,Roberto Romero Hernández,Ventas,Ventas Internacionales,2026-07-20,7.6,9.2,8.6,9.6,8.9,8.7,10.0,10.0,8.3,10.0,9.66,10.0,7.0,10.0,8.0,8.6,8.74,10.0,9.4,8.7,10.0,10.0,9.59
1665,Ana Pérez Gómez,Finanzas,Auditoría Interna,2026-05-01,4.3,4.5,4.9,5.1,4.3,4.59,3.0,2.8,3.6,3.0,3.07,2.2,3.5,2.7,2.0,4.4,2.92,5.5,5.8,3.9,6.7,4.8,5.43
1666,Mariana Sánchez Morales,Ventas,Atención a Clientes,2026-03-22,10.0,8.0,9.5,6.9,7.2,8.52,9.2,8.4,8.4,10.0,9.04,7.8,6.4,7.6,7.9,8.0,7.46,9.8,10.0,9.5,9.8,8.2,9.63
1667,Ximena Cruz Gómez,Finanzas,Tesorería,2026-03-08,6.7,4.8,4.1,6.7,5.8,5.57,5.5,6.1,5.2,7.0,5.96,7.2,5.5,6.8,4.9,7.2,6.35,5.7,5.4,5.1,6.2,4.7,5.5
1668,Daniela Pérez Torres,Marketing,Comunicación de Marca,2026-06-20,4.1,6.3,5.8,3.8,5.3,5.12,4.7,6.6,8.4,5.2,6.04,4.6,4.3,2.9,2.9,5.0,3.99,4.0,4.4,3.5,5.1,3.7,4.19
1669,Laura Ortiz Martínez,Marketing,Comunicación de Marca,2026-07-21,3.0,3.7,1.6,3.1,2.9,2.9,6.5,5.7,3.6,3.1,4.87,3.7,3.9,4.9,3.9,1.5,3.69,3.8,4.4,4.5,3.4,3.0,3.93
1670,Valeria García Rodríguez,Finanzas,Auditoría Interna,2026-02-13,3.6,5.1,3.3,6.4,3.2,4.28,4.4,4.0,2.7,1.9,3.34,4.1,3.2,2.5,3.8,4.4,3.56,3.7,4.1,2.9,6.0,5.4,4.27
1671,Luis Ramírez Ramírez,Marketing,Marketing Digital,2025-09-24,6.9,7.8,7.7,6.0,8.9,7.45,8.3,6.6,8.3,6.3,7.38,9.3,7.3,7.5,7.9,8.1,8.05,5.0,7.2,6.4,8.5,6.3,6.66
1672,Ricardo López Vázquez,Marketing,Investigación de Mercado,2026-04-21,6.0,7.2,7.5,8.7,7.5,7.23,7.0,5.4,3.5,7.0,5.9,7.2,7.1,6.8,8.1,9.3,7.54,6.3,5.6,6.0,5.4,4.6,5.72
1673,Carlos García Reyes,Marketing,Comunicación de Marca,2026-04-24,6.4,8.7,6.8,6.9,5.9,7.06,8.8,6.5,4.7,8.0,7.21,6.0,7.4,5.2,7.6,6.7,6.54,7.1,8.4,5.9,6.7,7.9,7.18
1674,Juan Hernández Cruz,Ventas,Ventas Nacionales,2026-08-17,2.4,4.5,1.8,3.1,4.8,3.27,4.0,1.4,5.1,3.3,3.39,5.4,5.2,5.0,5.2,4.9,5.17,3.8,3.7,2.6,4.0,4.7,3.67
1675,Fernanda Hernández Cruz,Finanzas,Tesorería,2026-06-23,5.4,4.2,5.5,6.3,6.5,5.42,5.1,5.5,5.1,4.1,4.95,7.1,7.2,6.6,5.9,7.1,6.85,4.2,4.8,5.9,5.0,7.4,5.17
1676,Miguel Pérez Romero,Finanzas,Tesorería,2026-09-01,7.6,8.3,10.0,10.0,8.1,8.69,7.5,9.2,9.2,8.9,8.62,7.3,9.2,9.3,8.3,8.5,8.51,8.6,9.2,7.8,10.0,8.9,8.9
1677,Gabriela Ramírez Jiménez,Finanzas,Contabilidad,2025-12-29,6.8,7.1,5.6,8.1,7.6,6.95,7.9,7.6,8.0,6.6,7.52,6.7,5.7,5.3,6.9,6.9,6.23,7.8,9.3,5.8,7.3,9.2,7.82
1678,Sofía Martínez Morales,Recursos Humanos,Nómina,2026-08-13,4.4,6.5,7.7,5.2,6.2,5.98,4.8,5.7,4.2,5.6,5.11,7.8,6.2,6.4,6.3,5.6,6.56,6.3,7.0,6.3,4.5,6.5,6.14
1679,Paola Romero Martínez,Marketing,Comunicación de Marca,2026-07-23,3.3,3.6,4.6,3.9,4.7,3.94,3.3,6.2,4.9,4.8,4.72,4.6,4.7,4.6,5.8,5.5,4.94,6.0,7.6,6.3,5.9,3.1,6.15
1680,Luis Hernández Ortiz,Finanzas,Contabilidad,2026-06-12,5.4,6.9,6.3,5.7,6.9,6.22,5.1,4.7,6.0,6.4,5.51,5.4,3.5,4.5,5.5,7.0,5.0,3.2,7.0,6.7,7.0,5.7,5.86
1681,Juan Flores Castillo,Tecnología,Infraestructura,2025-12-03,4.5,4.9,4.6,5.9,4.3,4.8,2.3,4.9,3.1,3.4,3.38,3.0,2.2,2.5,3.0,2.7,2.66,3.9,2.6,2.2,2.7,0.0,2.6
1682,Juan Romero Morales,Recursos Humanos,Nómina,2026-08-21,4.7,4.5,5.7,6.6,5.2,5.21,9.2,9.0,5.5,9.1,8.38,5.8,7.2,7.6,7.0,9.0,7.17,5.1,4.3,5.3,3.7,5.2,4.67
1683,Ximena Martínez López,Operaciones,Producción,2026-07-15,10.0,8.1,7.6,7.7,7.3,8.3,9.4,10.0,6.8,9.5,9.06,10.0,7.0,6.7,8.8,5.5,7.74,7.7,8.5,8.4,9.3,8.6,8.45
1684,Roberto Vázquez González,Ventas,Atención a Clientes,2026-03-08,7.5,8.6,9.6,9.4,7.7,8.51,8.8,10.0,8.9,7.9,8.9,6.9,8.4,7.4,5.5,7.1,7.2,8.2,8.0,8.4,10.0,7.9,8.52
1685,Sofía Gómez Reyes,Finanzas,Contabilidad,2025-11-04,8.5,7.3,9.7,6.7,7.7,8.05,10.0,9.8,9.2,10.0,9.79,10.0,8.6,9.1,9.5,8.8,9.22,5.7,8.4,7.4,6.4,7.7,7.06
1686,Francisco González Martínez,Ventas,Atención a Clientes,2025-09-17,4.6,3.3,5.7,5.3,5.0,4.66,2.3,5.6,6.9,3.8,4.42,2.4,2.5,2.6,5.3,3.4,3.05,0.2,2.4,5.4,3.7,1.7,2.64
1687,Ricardo Torres Romero,Finanzas,Contabilidad,2026-02-08,8.2,6.0,6.0,7.5,6.3,6.82,4.5,5.4,5.6,5.0,5.07,5.6,6.6,4.7,3.6,4.3,5.17,4.1,5.8,3.2,3.4,2.9,4.08
1688,Sergio Ortiz González,Finanzas,Contabilidad,2026-08-17,9.9,10.0,8.3,9.9,8.6,9.41,10.0,9.3,10.0,8.0,9.32,8.4,7.9,8.2,7.3,7.8,7.98,9.0,9.9,9.7,10.0,9.8,9.64
1689,Pedro Castillo López,Finanzas,Contabilidad,2026-03-24,6.3,8.1,6.8,9.2,7.4,7.45,8.0,7.7,7.5,7.2,7.62,5.5,8.1,6.1,5.2,7.9,6.59,7.8,4.6,8.4,8.3,8.4,7.28
1690,Sergio Hernández Hernández,Recursos Humanos,Reclutamiento,2026-03-20,6.9,8.3,8.8,8.7,9.6,8.3,8.6,10.0,8.9,8.6,9.01,8.2,6.6,5.7,7.1,8.3,7.15,9.3,7.8,9.0,9.3,7.9,8.73
1691,Laura Morales Martínez,Recursos Humanos,Capacitación,2026-04-27,5.0,4.9,7.3,4.5,7.0,5.66,6.8,6.9,3.9,6.0,6.04,6.5,7.6,4.5,6.5,7.2,6.48,7.0,6.8,6.4,7.6,5.4,6.79
1692,Jorge López Ramírez,Operaciones,Logística,2025-12-21,6.0,6.7,5.4,4.8,8.1,6.19,6.5,7.1,7.8,6.1,6.81,5.6,5.1,6.3,2.9,4.8,5.09,5.1,3.9,5.3,4.3,6.7,4.84
1693,Karla Torres Gómez,Marketing,Investigación de Mercado,2026-07-05,6.7,5.8,5.0,6.4,6.3,6.03,7.1,5.4,7.7,7.0,6.77,7.3,5.3,4.7,6.8,6.8,6.13,6.6,5.4,5.9,5.4,4.8,5.74
1694,Roberto Flores Pérez,Operaciones,Logística,2026-07-20,4.3,4.4,7.4,5.9,5.2,5.32,5.2,4.8,3.5,3.8,4.41,4.8,5.0,6.4,4.0,3.1,4.8,6.0,5.0,5.5,5.3,4.3,5.34
1695,Valeria Cruz Hernández,Finanzas,Auditoría Interna,2025-09-19,2.7,1.7,3.6,1.8,2.3,2.44,0.4,1.0,1.9,0.3,0.82,1.9,2.5,1.5,3.4,1.0,2.06,3.2,3.4,2.6,2.8,3.5,3.08
1696,Jorge Vázquez López,Recursos Humanos,Capacitación,2026-01-28,8.9,9.3,8.4,7.7,8.7,8.69,8.1,8.7,7.9,10.0,8.68,8.8,7.0,9.6,7.4,9.0,8.33,8.3,8.8,7.7,7.2,7.9,8.05
1697,Ricardo Ramírez Jiménez,Tecnología,Infraestructura,2026-02-05,6.2,7.4,6.6,7.9,6.7,6.91,7.1,6.7,8.2,8.4,7.54,6.8,7.3,6.3,7.9,5.2,6.75,6.9,5.5,5.1,4.5,4.9,5.51
1698,Laura Pérez Hernández,Operaciones,Logística,2026-05-09,9.0,9.0,8.4,7.9,8.8,8.68,6.9,7.5,7.1,9.0,7.62,9.0,9.9,6.9,8.5,8.9,8.72,7.7,9.3,7.3,7.8,6.5,7.92
1699,Camila Ortiz Cruz,Operaciones,Logística,2025-11-06,7.4,8.8,7.9,8.4,9.6,8.33,10.0,10.0,10.0,9.1,9.78,8.4,9.1,7.9,10.0,7.9,8.64,7.2,10.0,7.5,8.0,5.4,7.94
1700,Pedro Ramírez González,Ventas,Atención a Clientes,2026-06-11,10.0,7.4,8.2,10.0,10.0,8.99,7.9,8.7,7.0,9.5,8.32,10.0,9.7,9.3,10.0,10.0,9.78,10.0,9.3,7.8,8.5,10.0,9.09
1701,Miguel Cruz Sánchez,Finanzas,Auditoría Interna,2026-08-16,6.2,3.4,5.6,4.2,4.8,4.87,5.2,3.9,3.8,3.9,4.27,5.7,3.9,6.2,3.5,4.6,4.86,4.5,5.3,4.2,5.4,7.6,5.13
1702,Laura Vázquez Sánchez,Ventas,Ventas Internacionales,2026-06-14,4.9,1.5,2.5,4.0,3.1,3.16,3.3,4.1,4.6,3.1,3.71,3.6,4.6,2.1,4.3,4.8,3.84,2.3,2.8,3.6,3.9,2.8,3.06
1703,Mariana Ramírez Jiménez,Tecnología,Desarrollo,2025-12-11,4.4,7.1,3.5,3.2,4.2,4.68,6.5,4.8,5.3,4.4,5.31,4.7,4.0,6.7,6.3,6.4,5.42,4.4,7.0,6.4,5.9,5.0,5.81
1704,Alejandro Cruz Sánchez,Finanzas,Auditoría Interna,2026-07-09,6.7,5.3,3.9,4.5,5.3,5.25,5.0,4.1,3.1,3.8,4.1,3.3,4.4,4.4,3.3,3.9,3.88,3.6,4.5,4.7,4.5,4.7,4.34
1705,Karla Romero López,Marketing,Investigación de Mercado,2026-08-24,8.3,9.4,10.0,9.5,5.9,8.74,8.5,7.9,9.2,7.9,8.34,8.9,10.0,8.0,5.6,9.0,8.51,9.4,8.4,6.6,10.0,8.8,8.65
1706,Laura López Romero,Operaciones,Producción,2025-09-15,6.2,5.4,5.3,2.6,4.7,5.06,6.2,4.9,7.1,6.1,6.03,5.7,6.9,9.0,7.0,4.2,6.63,5.6,8.6,6.1,7.3,8.2,7.05
1707,Karla García González,Tecnología,Soporte Técnico,2025-11-19,8.2,9.5,8.9,10.0,9.5,9.13,9.9,9.3,10.0,8.4,9.4,6.8,9.3,10.0,9.0,7.9,8.56,9.0,9.1,7.0,7.5,8.2,8.25
1708,Alejandro Cruz Castillo,Operaciones,Producción,2026-07-24,4.9,6.2,6.8,4.7,4.9,5.58,4.2,5.2,5.6,5.7,5.1,3.4,5.1,5.8,3.5,4.0,4.41,6.9,3.7,2.3,6.6,5.2,4.95
1709,Sofía Romero Gómez,Ventas,Ventas Internacionales,2025-10-23,10.0,8.2,9.7,7.6,10.0,9.13,9.2,9.0,8.0,8.3,8.68,6.8,9.7,9.5,9.2,9.5,8.83,8.6,8.6,9.3,8.7,9.7,8.87
1710,Fernanda González Romero,Marketing,Comunicación de Marca,2025-10-06,5.5,5.5,6.1,5.5,6.8,5.82,5.6,6.6,7.4,6.6,6.46,6.5,5.6,7.4,6.5,5.6,6.32,6.2,7.1,6.9,7.1,5.9,6.72
1711,Valeria Gómez Martínez,Tecnología,Desarrollo,2026-07-07,10.0,10.0,7.3,9.0,9.3,9.2,8.9,9.6,10.0,9.5,9.44,10.0,10.0,9.0,9.5,8.8,9.54,9.5,9.2,10.0,8.7,10.0,9.41
1712,Ana Cruz Castillo,Marketing,Comunicación de Marca,2026-08-15,5.9,7.0,5.7,3.4,4.2,5.5,4.1,3.6,5.4,5.1,4.48,4.1,5.0,5.1,6.0,6.1,5.11,6.1,5.1,4.9,4.7,4.4,5.16
1713,Karla Gómez Jiménez,Recursos Humanos,Reclutamiento,2026-08-18,3.1,1.6,3.5,3.5,2.2,2.73,5.7,5.4,3.3,3.4,4.57,3.9,3.7,3.6,2.8,2.9,3.48,3.2,4.3,3.6,2.7,3.7,3.51
1714,Gabriela Gómez López,Ventas,Ventas Internacionales,2026-06-14,3.4,6.9,4.8,3.1,5.2,4.78,3.1,5.4,6.3,3.7,4.46,7.9,9.0,4.6,8.0,8.4,7.6,5.5,6.2,6.4,3.6,6.9,5.62
1715,Laura López Vázquez,Recursos Humanos,Capacitación,2026-05-28,6.4,3.7,5.1,5.3,3.2,4.82,4.2,2.9,5.2,5.7,4.45,4.7,3.8,4.1,3.2,3.7,3.98,6.9,6.3,4.8,6.2,5.2,6.02
1716,Karla Flores Morales,Tecnología,Soporte Técnico,2026-03-05,6.5,9.7,8.6,9.0,10.0,8.62,9.4,8.8,7.5,9.5,8.9,9.9,9.4,9.6,10.0,9.6,9.68,8.4,8.5,9.0,8.3,10.0,8.68
1717,Laura Flores Pérez,Tecnología,Desarrollo,2026-05-12,8.0,5.5,7.3,7.9,4.6,6.71,5.7,7.8,8.7,6.1,6.93,7.0,6.4,7.6,8.0,6.0,6.97,8.3,7.0,5.9,8.3,6.7,7.34
1718,Fernanda Rodríguez Sánchez,Recursos Humanos,Reclutamiento,2026-06-19,5.6,5.8,4.8,4.6,6.3,5.44,2.8,5.1,5.6,5.4,4.58,5.3,2.9,4.5,3.6,4.0,4.09,3.6,3.3,4.7,3.4,4.2,3.76
1719,Sofía Rodríguez Romero,Marketing,Investigación de Mercado,2026-08-23,10.0,9.8,9.1,9.8,9.2,9.62,6.5,9.9,9.1,8.7,8.42,9.7,10.0,9.3,10.0,10.0,9.78,7.6,8.5,8.3,5.6,7.8,7.59
1720,Raúl Torres Torres,Finanzas,Auditoría Interna,2025-11-08,9.6,7.6,8.2,9.7,8.2,8.62,9.2,9.7,9.1,8.5,9.13,7.9,7.9,10.0,7.6,10.0,8.59,9.7,6.5,7.5,7.6,10.0,8.07
1721,Sergio Torres Rodríguez,Recursos Humanos,Reclutamiento,2026-03-09,5.9,7.1,8.7,5.9,6.5,6.85,6.2,7.2,7.5,9.9,7.64,7.7,6.2,8.8,8.1,6.7,7.46,7.8,8.9,7.1,7.7,7.5,7.88
1722,Juan Castillo Romero,Tecnología,Desarrollo,2026-07-24,10.0,8.4,8.6,8.5,9.9,9.08,9.3,8.9,8.8,9.4,9.12,8.3,7.9,9.2,8.8,8.6,8.5,7.3,7.7,7.5,5.5,6.6,7.01
1723,Roberto González Torres,Tecnología,Infraestructura,2025-12-16,5.5,5.7,7.3,5.5,8.8,6.4,6.3,6.0,6.3,7.6,6.55,7.3,8.0,7.0,6.7,8.5,7.51,6.4,4.9,6.6,6.0,3.9,5.74
1724,Ana Jiménez Cruz,Operaciones,Producción,2026-04-06,3.2,2.7,3.1,2.8,2.0,2.82,5.7,2.7,2.0,3.0,3.53,5.1,4.0,5.3,4.9,3.1,4.54,3.5,3.4,1.9,3.0,3.8,3.08
1725,Pedro Flores Pérez,Operaciones,Producción,2026-01-26,6.2,8.1,7.6,8.6,7.3,7.48,6.6,6.4,7.4,7.0,6.81,10.0,9.2,8.1,9.7,9.8,9.35,7.2,9.3,8.6,7.9,10.0,8.43
1726,Paola Reyes Rodríguez,Marketing,Marketing Digital,2026-07-22,6.3,6.2,7.0,6.5,5.9,6.38,8.3,6.8,8.1,8.3,7.89,7.1,8.3,6.4,6.5,6.9,7.14,4.9,4.5,4.2,4.3,4.7,4.52
1727,Miguel González Gómez,Marketing,Investigación de Mercado,2026-03-24,1.9,3.0,5.0,4.9,5.5,3.78,5.7,3.3,5.2,4.7,4.75,3.6,5.5,5.1,4.4,3.4,4.46,5.6,3.7,5.9,7.2,6.9,5.64
1728,Diego Ramírez Ortiz,Recursos Humanos,Capacitación,2026-01-23,4.7,5.3,5.4,4.3,6.1,5.14,4.9,5.8,5.9,6.4,5.7,6.8,4.2,4.8,7.5,6.7,5.84,6.6,5.1,3.4,6.1,5.3,5.36
1729,María García Flores,Operaciones,Control de Calidad,2026-07-09,6.8,6.9,8.0,4.0,6.0,6.52,7.1,7.3,8.0,8.6,7.7,6.0,6.5,6.2,6.9,8.1,6.62,4.9,6.6,5.4,6.7,8.3,6.12
1730,Fernanda García Hernández,Finanzas,Auditoría Interna,2026-05-26,6.7,8.0,6.0,5.0,4.9,6.36,5.4,3.8,4.9,3.6,4.45,5.1,5.9,5.3,6.6,3.1,5.26,9.0,6.9,9.2,5.2,7.8,7.64
1731,Luis Ramírez Romero,Ventas,Atención a Clientes,2026-05-20,5.2,3.7,4.8,4.9,5.6,4.76,5.2,5.9,3.8,5.0,5.04,4.9,5.3,5.8,5.3,5.7,5.36,6.7,6.9,8.0,5.6,4.6,6.58
1732,Ana Jiménez Cruz,Tecnología,Soporte Técnico,2026-07-11,10.0,10.0,10.0,10.0,10.0,10.0,8.6,10.0,10.0,10.0,9.58,8.1,7.2,8.7,8.3,9.3,8.2,10.0,10.0,7.7,9.2,10.0,9.38
1733,Carlos Castillo Rodríguez,Recursos Humanos,Capacitación,2026-03-22,6.5,6.6,7.1,6.0,8.1,6.81,5.9,6.7,6.2,6.3,6.26,4.9,5.6,5.9,7.0,6.8,5.88,7.1,6.6,5.6,5.8,6.7,6.38
1734,Ana Martínez Sánchez,Recursos Humanos,Nómina,2026-07-16,3.4,4.2,4.1,4.3,5.9,4.25,8.1,5.3,6.8,6.9,6.84,5.6,6.2,4.7,6.2,8.1,6.04,2.1,5.0,3.3,5.3,3.5,3.84
1735,María Gómez Martínez,Operaciones,Logística,2026-03-02,5.9,5.8,3.7,5.2,3.8,5.02,4.7,5.3,2.0,4.6,4.28,9.2,5.3,5.0,5.6,6.7,6.47,3.8,5.0,5.2,4.9,3.9,4.61
1736,Miguel Pérez González,Marketing,Marketing Digital,2026-09-06,5.8,8.0,7.1,7.4,5.3,6.78,8.9,5.5,8.2,6.0,7.18,4.0,7.0,6.4,7.7,4.8,5.9,7.2,5.5,7.2,5.6,8.5,6.59
1737,Juan Sánchez Sánchez,Operaciones,Logística,2025-10-07,5.9,3.5,4.3,5.8,7.4,5.19,5.8,7.5,6.4,7.7,6.82,7.4,5.8,7.6,5.1,7.8,6.76,4.1,5.7,7.3,5.4,6.6,5.65
1738,Pedro Hernández Ortiz,Marketing,Marketing Digital,2026-07-31,5.2,4.8,5.9,4.8,6.3,5.35,5.7,6.3,7.5,5.7,6.21,4.7,6.4,9.4,5.6,6.1,6.41,4.4,7.7,9.3,7.4,7.0,7.07
1739,Pedro Reyes Martínez,Tecnología,Soporte Técnico,2026-05-11,4.0,4.4,3.9,3.6,4.7,4.12,2.5,2.2,2.7,2.0,2.34,5.9,3.8,5.2,4.8,3.6,4.72,3.4,5.0,3.7,4.2,3.0,3.98
1740,Luis Ramírez Flores,Tecnología,Desarrollo,2026-07-04,3.1,3.8,5.1,3.4,3.6,3.8,5.9,4.8,5.4,7.8,6.0,5.5,4.8,7.1,6.1,5.2,5.69,4.7,2.9,5.8,2.6,6.1,4.19
1741,Roberto Romero Rodríguez,Marketing,Comunicación de Marca,2026-05-25,5.1,6.8,5.4,5.8,7.0,5.98,5.9,7.7,7.3,9.6,7.56,7.7,5.6,8.3,5.8,7.8,7.02,5.8,7.6,7.6,6.5,8.0,6.97
1742,José Rodríguez López,Operaciones,Producción,2025-09-11,3.7,5.6,3.7,4.2,4.0,4.3,5.3,4.5,4.6,5.5,5.01,3.0,3.8,3.0,4.2,5.2,3.71,4.9,5.6,5.1,3.8,6.4,5.04
1743,Laura Martínez Gómez,Finanzas,Contabilidad,2026-02-23,8.0,7.4,7.0,5.5,8.6,7.36,8.3,8.5,7.2,6.8,7.76,6.0,8.9,8.3,7.3,8.3,7.72,7.0,9.4,7.0,7.8,6.1,7.67
1744,Gabriela Rodríguez Jiménez,Finanzas,Tesorería,2026-02-03,8.4,7.6,8.4,6.6,8.6,7.96,9.4,10.0,9.0,7.8,9.07,5.7,8.9,7.9,6.8,6.9,7.28,9.6,9.1,8.5,8.3,9.3,8.96
1745,Ximena Rodríguez Martínez,Tecnología,Infraestructura,2026-07-30,8.5,5.8,7.7,5.2,4.9,6.63,7.3,5.8,6.9,6.5,6.64,4.3,7.5,5.8,7.0,6.9,6.2,6.0,3.5,6.6,5.6,7.7,5.59
1746,Paola Martínez Romero,Recursos Humanos,Nómina,2026-03-03,8.1,9.3,10.0,8.0,8.4,8.81,9.3,9.1,10.0,8.4,9.16,7.8,9.1,8.0,6.3,8.2,8.0,9.7,5.5,7.7,7.9,8.4,7.76
1747,Luis Jiménez González,Ventas,Ventas Nacionales,2026-05-29,4.1,5.0,5.5,6.8,4.1,5.01,6.1,6.0,6.2,5.7,6.0,3.3,2.9,5.0,3.7,3.5,3.63,4.1,4.8,5.0,3.8,5.5,4.53
1748,Ana Torres Morales,Marketing,Comunicación de Marca,2025-12-20,7.3,7.2,8.2,9.4,7.7,7.83,7.3,9.1,10.0,9.2,8.76,10.0,10.0,10.0,10.0,10.0,10.0,9.5,10.0,8.9,9.9,10.0,9.64
1749,Valeria Cruz Reyes,Ventas,Ventas Internacionales,2025-11-26,5.3,5.3,5.5,7.3,3.0,5.3,3.6,3.4,4.0,5.4,4.08,5.6,5.0,6.1,6.6,6.7,5.86,5.9,4.5,5.7,5.8,5.7,5.47
1750,Paola López López,Operaciones,Producción,2026-02-20,5.9,5.4,5.8,4.5,6.6,5.65,4.4,1.5,4.3,5.7,3.98,3.9,6.0,4.2,5.5,5.3,4.94,4.2,5.5,3.4,4.2,5.7,4.52
1751,Gabriela Sánchez Jiménez,Finanzas,Tesorería,2026-07-10,9.0,7.6,8.6,9.2,9.3,8.64,8.9,9.6,9.7,10.0,9.51,8.0,8.3,8.9,6.6,6.9,7.88,9.3,8.6,10.0,9.4,10.0,9.36
1752,Jorge Jiménez Reyes,Marketing,Marketing Digital,2025-11-11,10.0,8.0,8.0,10.0,9.0,8.95,9.2,9.4,9.1,7.0,8.68,9.1,9.7,9.3,9.3,9.9,9.44,8.6,7.8,9.7,10.0,10.0,9.04
1753,Ximena Rodríguez Torres,Ventas,Ventas Nacionales,2026-06-12,5.1,8.0,6.0,6.8,5.1,6.26,6.2,7.3,8.9,8.1,7.49,5.2,5.6,5.1,4.7,5.9,5.31,6.2,5.2,6.5,5.5,7.4,5.99
1754,Carlos García Jiménez,Finanzas,Contabilidad,2026-04-26,7.4,6.6,7.1,8.2,7.5,7.28,4.8,6.8,7.2,5.1,5.86,5.6,6.7,5.1,6.9,6.5,6.1,4.9,4.6,6.9,6.5,6.1,5.66
1755,Ricardo Romero Sánchez,Ventas,Ventas Nacionales,2025-11-04,8.3,10.0,9.5,9.5,9.5,9.33,9.9,8.5,9.2,8.2,8.98,8.2,10.0,8.1,10.0,9.2,9.05,9.9,8.2,9.2,10.0,10.0,9.36
1756,Pedro González Castillo,Tecnología,Soporte Técnico,2026-05-10,5.3,6.2,7.5,7.7,9.0,6.88,5.8,6.7,8.3,6.4,6.68,8.6,6.1,6.7,6.2,7.8,7.11,6.7,8.6,7.1,7.0,7.0,7.35
1757,Valeria Cruz Pérez,Operaciones,Control de Calidad,2026-05-26,3.2,4.8,4.1,6.1,6.3,4.68,4.4,3.5,6.6,4.5,4.64,5.9,6.0,5.6,8.7,4.3,6.04,4.1,5.4,4.8,6.1,4.9,5.04
1758,Diego García Gómez,Finanzas,Auditoría Interna,2026-03-15,5.7,5.1,4.7,4.8,6.7,5.36,4.3,7.2,6.0,4.3,5.36,4.8,4.6,5.8,4.4,7.7,5.32,4.8,1.9,4.8,3.4,4.7,3.78
1759,Ximena Hernández Sánchez,Marketing,Marketing Digital,2026-04-05,9.3,6.2,9.4,10.0,7.6,8.4,8.7,9.0,7.6,8.6,8.53,6.4,6.8,10.0,8.4,6.2,7.49,6.9,7.5,5.5,7.2,7.9,6.93
1760,Sofía Reyes Martínez,Finanzas,Auditoría Interna,2025-11-21,9.9,7.7,9.2,7.1,10.0,8.8,8.2,6.2,7.5,7.6,7.41,8.2,7.8,6.1,6.3,7.8,7.34,9.7,9.1,9.2,6.4,9.3,8.75
1761,José González Ortiz,Finanzas,Tesorería,2026-04-28,5.5,5.2,4.8,5.6,5.1,5.24,6.9,6.4,7.3,6.5,6.76,7.5,6.1,6.7,7.2,5.2,6.6,6.3,4.0,5.7,4.8,4.2,5.1
1762,Ricardo Torres García,Finanzas,Auditoría Interna,2026-03-18,7.8,8.0,4.0,4.8,8.0,6.67,5.0,6.9,7.3,6.3,6.26,5.9,8.1,7.5,7.6,6.8,7.16,4.0,4.2,5.8,4.8,5.0,4.67
1763,Alejandro Sánchez Sánchez,Recursos Humanos,Nómina,2025-11-19,3.7,3.6,5.2,4.2,4.8,4.22,3.5,1.6,2.0,3.4,2.7,5.3,4.4,4.1,5.1,5.8,4.88,4.0,4.4,4.4,6.0,4.3,4.61
1764,José Hernández Ortiz,Marketing,Marketing Digital,2025-12-30,8.7,6.6,8.4,8.1,8.6,8.01,5.3,7.4,7.0,8.3,6.92,8.7,9.6,8.5,6.8,8.1,8.51,10.0,8.9,8.7,8.6,9.8,9.17
1765,Raúl Cruz González,Operaciones,Logística,2026-08-18,7.9,9.3,7.9,7.1,9.2,8.32,9.2,7.3,8.1,9.5,8.58,8.2,8.2,9.7,10.0,10.0,9.04,8.1,8.2,6.5,7.0,9.5,7.72
1766,Pedro González Rodríguez,Tecnología,Desarrollo,2026-07-10,8.5,7.8,10.0,8.6,10.0,8.86,8.9,6.3,8.5,7.4,7.8,8.0,9.0,7.3,8.5,8.4,8.24,7.8,8.5,8.0,9.7,8.8,8.5
1767,Camila Cruz Torres,Ventas,Ventas Internacionales,2025-10-21,4.2,4.7,5.8,5.1,4.5,4.82,3.6,3.4,3.4,6.7,4.28,7.8,6.4,7.5,6.6,7.0,7.09,6.8,5.4,5.8,6.0,4.8,5.89
1768,Sofía Romero Hernández,Ventas,Atención a Clientes,2026-05-17,8.6,9.3,9.4,7.8,9.2,8.9,6.4,9.2,7.4,7.7,7.62,8.9,9.6,9.0,10.0,6.8,8.94,8.5,7.7,9.8,10.0,8.3,8.84
1769,Roberto Sánchez Pérez,Operaciones,Producción,2026-03-14,8.5,7.2,8.2,8.9,8.1,8.11,10.0,10.0,9.1,8.8,9.52,9.6,7.5,9.1,8.7,10.0,8.9,7.2,8.0,7.5,7.7,5.7,7.41
1770,Ricardo Pérez Morales,Operaciones,Logística,2025-09-17,4.5,4.5,4.8,6.1,5.6,4.96,4.4,3.3,3.0,4.1,3.77,8.3,6.6,6.8,5.3,7.1,6.94,4.5,4.0,5.3,5.4,3.0,4.57
1771,Roberto Flores Morales,Marketing,Comunicación de Marca,2026-03-28,8.2,4.8,7.7,7.6,9.8,7.4,9.5,10.0,8.2,9.4,9.34,6.1,7.9,7.4,10.0,7.0,7.53,10.0,9.2,10.0,9.1,10.0,9.62
1772,Miguel Torres Gómez,Marketing,Comunicación de Marca,2026-05-12,4.7,3.5,3.7,2.5,2.2,3.5,3.0,2.1,2.0,3.4,2.68,1.6,3.7,3.9,5.2,3.9,3.47,2.8,0.8,1.2,2.4,3.6,1.98
1773,Valeria Torres Jiménez,Tecnología,Infraestructura,2025-10-28,5.8,4.2,3.6,3.6,6.1,4.68,6.4,5.5,4.6,6.6,5.86,6.1,6.3,5.9,5.9,4.4,5.82,4.3,3.6,6.3,5.7,3.7,4.74
1774,Luis Torres Vázquez,Operaciones,Logística,2026-03-02,4.7,4.0,4.2,4.4,3.6,4.22,3.3,2.8,1.5,2.3,2.56,3.5,2.5,2.8,1.9,3.7,2.9,2.9,3.1,4.2,2.9,2.1,3.13
1775,Karla Ortiz Torres,Recursos Humanos,Capacitación,2026-04-27,7.3,7.3,6.2,8.0,8.6,7.38,7.1,4.7,6.6,7.2,6.42,7.9,9.2,6.7,7.8,8.1,8.0,7.3,7.3,7.0,5.7,9.5,7.14
1776,Jorge Flores Pérez,Recursos Humanos,Nómina,2025-12-19,7.4,8.2,6.5,7.6,5.7,7.2,7.4,10.0,10.0,8.8,8.92,8.1,8.7,7.7,10.0,6.8,8.26,8.0,9.6,10.0,7.4,9.9,8.87
1777,Daniela Ortiz Ortiz,Operaciones,Logística,2026-06-11,7.8,7.3,8.2,6.7,4.1,7.04,7.0,7.3,8.7,8.7,7.84,8.1,9.7,9.0,6.6,5.6,8.08,9.7,8.7,8.6,10.0,9.3,9.25
1778,Jorge González Ortiz,Operaciones,Control de Calidad,2026-08-11,3.7,2.0,3.7,3.3,3.1,3.12,4.9,4.0,3.7,3.6,4.11,4.0,5.2,3.9,5.5,6.7,4.91,3.8,3.1,6.3,4.6,5.2,4.43
1779,Camila Sánchez Ortiz,Finanzas,Tesorería,2026-02-12,7.5,9.6,7.9,9.4,10.0,8.76,8.7,8.3,7.0,7.0,7.84,9.0,7.8,8.0,6.1,7.8,7.89,9.4,9.6,8.4,10.0,8.7,9.3
1780,Laura Ortiz Romero,Recursos Humanos,Capacitación,2025-11-04,5.5,3.8,4.9,3.9,4.6,4.58,7.2,6.6,6.7,6.4,6.75,6.1,6.4,6.6,6.4,3.7,5.96,4.4,3.3,4.3,4.1,5.2,4.12
1781,Gabriela Torres Martínez,Ventas,Atención a Clientes,2026-07-22,3.7,5.2,6.1,6.3,4.1,5.01,6.9,4.1,5.0,3.4,4.94,5.0,5.1,6.7,5.1,5.1,5.4,4.6,4.6,4.3,4.4,4.3,4.47
1782,Fernanda López Hernández,Finanzas,Auditoría Interna,2025-10-19,6.2,5.7,7.4,5.2,7.1,6.3,4.3,5.4,5.6,5.5,5.14,4.9,6.2,5.2,6.4,6.0,5.68,7.4,6.8,6.2,5.5,7.0,6.59
1783,Ana Castillo Pérez,Marketing,Marketing Digital,2026-08-15,6.3,7.7,8.9,9.6,9.0,8.07,8.8,9.0,9.8,6.6,8.5,7.9,7.8,8.4,7.0,7.8,7.82,8.1,8.0,7.9,8.9,8.7,8.26
1784,Gabriela Morales Cruz,Finanzas,Tesorería,2026-04-21,5.1,6.1,5.9,6.6,7.6,6.11,8.0,7.4,6.6,8.6,7.72,6.0,8.3,9.0,7.9,8.3,7.81,6.3,9.2,10.0,8.0,6.6,8.14
1785,Raúl Martínez González,Ventas,Ventas Internacionales,2025-09-25,8.3,8.0,8.3,5.9,6.2,7.55,7.1,7.2,7.6,6.9,7.17,9.9,8.0,7.8,4.9,4.7,7.48,7.8,9.6,8.4,9.6,7.5,8.7
1786,Fernanda Pérez Pérez,Ventas,Atención a Clientes,2026-03-23,4.2,3.5,4.7,3.1,2.3,3.68,4.6,5.5,1.9,3.0,3.88,4.2,5.4,4.0,4.0,3.1,4.27,4.4,1.9,2.8,4.0,4.4,3.38
1787,Luis Martínez Ramírez,Marketing,Investigación de Mercado,2026-08-22,2.6,1.0,4.8,1.9,2.5,2.52,2.6,2.5,2.3,2.0,2.37,1.9,3.0,1.4,2.6,0.8,2.02,3.2,5.1,4.3,2.1,4.2,3.78
1788,Jorge García Reyes,Finanzas,Contabilidad,2026-02-26,8.8,7.9,6.3,5.6,5.6,7.12,6.9,6.3,5.5,9.3,7.07,5.9,5.8,6.7,5.6,7.5,6.23,5.6,5.1,5.4,7.1,6.0,5.78
1789,Paola Reyes Martínez,Finanzas,Auditoría Interna,2026-01-11,5.3,4.7,6.3,5.6,5.7,5.46,5.6,3.0,6.1,5.9,5.12,6.2,2.9,4.7,5.9,6.9,5.14,5.7,5.0,5.6,3.6,3.4,4.85
1790,Karla López Martínez,Operaciones,Control de Calidad,2025-12-17,3.4,4.6,4.1,3.6,5.9,4.24,4.8,3.7,5.6,6.2,5.04,3.6,6.0,4.4,3.7,2.9,4.27,4.8,7.4,5.7,6.0,5.1,5.9
1791,Carlos Pérez López,Tecnología,Soporte Técnico,2025-09-18,7.5,6.5,6.1,7.0,5.7,6.62,9.1,7.8,8.5,7.7,8.3,6.2,5.9,5.1,3.9,6.6,5.62,7.4,6.2,8.3,6.6,5.8,6.96
1792,Gabriela Rodríguez Sánchez,Tecnología,Soporte Técnico,2026-01-29,3.1,6.1,4.9,3.4,5.2,4.57,7.1,8.0,6.0,8.3,7.4,4.9,5.5,4.7,3.2,4.9,4.76,3.8,2.7,2.9,4.8,6.4,3.8
1793,Luis Morales Gómez,Finanzas,Contabilidad,2026-01-13,7.4,8.2,8.2,9.3,7.6,8.08,7.5,7.3,7.4,9.2,7.86,7.8,7.9,7.6,6.3,8.0,7.59,6.3,7.6,6.2,7.0,8.4,6.96
1794,Ana Pérez Jiménez,Operaciones,Producción,2026-01-06,6.9,7.8,5.7,6.9,5.6,6.69,10.0,9.4,9.9,9.6,9.73,8.1,6.0,6.4,7.1,7.0,6.92,8.9,8.6,6.7,8.5,7.5,8.16
1795,Carlos Vázquez Pérez,Marketing,Investigación de Mercado,2026-08-20,6.3,6.9,5.1,6.1,6.7,6.24,7.4,4.7,6.9,3.3,5.6,6.2,8.3,7.1,8.2,7.1,7.34,5.9,6.6,5.5,6.4,6.6,6.16
1796,Laura Gómez Ramírez,Marketing,Investigación de Mercado,2025-12-08,4.9,8.2,4.2,4.3,6.6,5.75,6.0,5.4,5.7,4.9,5.52,5.6,4.4,5.2,6.6,5.8,5.4,8.0,6.2,8.6,5.4,9.3,7.28
1797,Diego Vázquez Vázquez,Tecnología,Desarrollo,2026-02-25,6.7,6.5,6.2,4.2,5.6,6.01,8.0,6.7,6.7,6.3,6.99,7.5,6.7,7.0,4.9,7.3,6.78,6.0,6.5,6.8,6.7,6.2,6.44
1798,Diego Martínez Gómez,Operaciones,Producción,2025-11-14,5.5,7.5,5.8,4.3,5.0,5.8,7.8,5.6,6.4,4.2,6.07,7.1,5.5,7.1,7.3,6.2,6.6,4.4,5.7,5.4,6.7,2.4,5.18
1799,Paola Reyes Pérez,Recursos Humanos,Reclutamiento,2025-12-15,6.1,8.0,6.2,5.7,4.1,6.24,7.4,4.9,5.7,6.2,6.14,7.0,3.1,4.9,4.3,6.2,5.08,3.3,3.5,6.1,6.2,5.7,4.73
1800,Roberto Morales Sánchez,Finanzas,Tesorería,2026-03-30,4.5,3.1,5.2,5.7,2.7,4.2,3.4,3.5,3.3,4.2,3.61,3.0,1.9,3.2,3.3,2.9,2.8,2.0,2.2,3.5,1.3,4.2,2.43
1801,Ana Morales Cruz,Finanzas,Contabilidad,2026-07-11,5.0,6.4,6.0,5.5,6.3,5.82,6.7,8.0,6.6,5.7,6.76,7.1,6.4,6.0,8.5,5.6,6.69,4.1,6.4,7.3,8.6,4.9,6.3
1802,Miguel Flores Flores,Operaciones,Logística,2026-05-20,6.2,5.6,4.0,2.9,5.7,5.04,5.9,4.4,5.7,5.6,5.41,4.9,3.1,7.4,6.0,6.4,5.34,5.6,3.9,5.6,5.5,5.9,5.18
1803,Ricardo Martínez Torres,Finanzas,Auditoría Interna,2026-06-14,4.5,5.4,4.9,4.2,4.5,4.76,2.8,4.0,2.9,2.2,2.97,2.9,3.3,2.2,2.5,3.1,2.83,5.0,4.4,4.1,2.1,2.9,3.88
1804,Karla Cruz Sánchez,Recursos Humanos,Reclutamiento,2026-05-21,4.8,4.2,5.3,5.2,5.6,4.93,2.7,3.6,2.1,4.3,3.2,4.3,4.6,4.2,3.4,5.7,4.43,3.9,2.2,3.1,2.9,4.2,3.14
1805,Karla Jiménez Morales,Recursos Humanos,Capacitación,2026-05-27,7.6,6.9,10.0,8.7,7.7,8.08,8.5,6.9,9.2,8.3,8.19,10.0,9.1,8.8,10.0,10.0,9.54,7.2,9.0,7.9,7.9,9.6,8.17
1806,Gabriela Castillo Ramírez,Operaciones,Logística,2026-08-19,5.0,6.1,6.6,7.1,8.1,6.38,5.1,6.8,6.1,7.0,6.2,3.7,5.9,5.5,5.1,4.9,5.0,5.7,5.7,6.9,4.7,5.5,5.72
1807,Karla Torres Castillo,Operaciones,Producción,2026-07-09,6.2,3.1,5.1,3.2,4.9,4.56,4.2,4.7,5.3,5.8,4.94,8.0,7.2,6.3,4.4,5.9,6.6,6.9,4.7,4.5,3.7,5.3,5.07
1808,Camila Castillo Flores,Marketing,Comunicación de Marca,2026-07-29,5.0,4.6,3.0,3.8,4.1,4.18,5.7,7.6,7.1,4.3,6.1,7.4,7.0,7.3,6.8,9.1,7.44,4.5,4.9,4.4,4.8,3.7,4.56
1809,Alejandro Pérez Pérez,Recursos Humanos,Nómina,2026-08-09,3.8,4.7,3.2,1.3,4.0,3.56,3.5,4.6,2.7,5.0,3.99,3.6,3.0,3.8,3.4,4.8,3.64,4.6,4.3,4.0,4.3,3.9,4.27
1810,Francisco Rodríguez Romero,Operaciones,Producción,2026-05-29,5.8,4.1,5.5,5.7,8.3,5.68,3.8,5.6,4.6,4.5,4.58,4.6,9.0,7.2,6.7,6.1,6.76,5.5,3.9,2.9,6.3,4.8,4.67
1811,Mariana Morales Vázquez,Ventas,Atención a Clientes,2025-12-28,8.6,9.4,8.3,10.0,9.0,9.01,7.9,9.2,7.6,10.0,8.69,8.1,9.2,9.3,8.5,6.3,8.4,10.0,8.6,8.1,8.1,9.1,8.8
1812,Raúl Castillo Jiménez,Finanzas,Contabilidad,2025-09-24,4.4,3.2,3.6,3.9,3.4,3.72,5.8,2.0,4.5,2.4,3.74,4.8,2.7,3.2,4.1,4.7,3.84,4.1,3.9,4.9,3.2,4.2,4.04
1813,Francisco Morales Hernández,Tecnología,Soporte Técnico,2026-08-14,5.3,5.6,4.5,3.7,4.4,4.84,6.0,9.5,6.9,9.3,7.88,5.2,6.8,7.2,6.0,4.9,6.08,9.4,7.7,9.4,8.1,7.6,8.54
1814,Juan García Ramírez,Ventas,Ventas Nacionales,2026-04-06,6.7,4.3,5.9,4.6,4.6,5.31,4.7,7.5,6.0,6.8,6.18,4.9,6.4,7.8,6.5,6.9,6.4,5.8,6.8,5.9,8.8,9.1,7.0
1815,Pedro Castillo Romero,Operaciones,Producción,2025-11-04,8.3,10.0,7.6,7.7,10.0,8.75,8.3,8.9,9.9,8.8,8.9,7.9,10.0,6.5,8.7,8.0,8.28,6.9,8.6,7.6,8.1,7.6,7.78
1816,Laura Morales Torres,Marketing,Investigación de Mercado,2026-08-10,1.6,2.6,4.6,2.1,3.0,2.74,3.7,2.4,3.6,1.7,2.86,4.9,4.7,7.1,4.9,4.7,5.26,2.8,3.6,5.1,5.1,3.3,3.97
1817,Juan Hernández Vázquez,Marketing,Marketing Digital,2026-08-12,6.8,6.8,8.9,7.2,6.9,7.3,7.9,9.0,8.0,7.9,8.2,7.9,8.3,6.1,7.4,5.9,7.26,6.2,6.0,5.9,6.7,7.5,6.32
1818,Ana Rodríguez García,Tecnología,Desarrollo,2026-08-21,5.0,6.1,6.4,5.2,7.3,5.93,4.9,4.4,5.7,5.4,5.06,7.1,4.3,5.4,5.0,5.4,5.49,5.6,5.0,7.2,8.5,5.8,6.37
1819,Alejandro Cruz Ramírez,Marketing,Comunicación de Marca,2026-08-14,6.4,5.7,6.9,6.5,5.9,6.26,6.0,5.8,5.7,6.1,5.92,4.4,6.7,5.5,5.2,4.2,5.28,4.8,7.1,6.4,4.4,5.2,5.65
1820,Miguel Rodríguez Ortiz,Finanzas,Tesorería,2026-07-18,9.1,8.3,8.0,10.0,8.8,8.77,9.0,6.5,10.0,9.6,8.72,7.1,7.7,7.3,7.5,7.0,7.34,8.4,7.2,7.3,8.3,8.8,7.9
1821,Jorge Sánchez García,Operaciones,Producción,2026-04-17,4.7,4.1,4.7,5.2,3.4,4.43,7.4,6.2,5.9,4.2,6.0,6.1,4.3,4.8,5.5,5.9,5.27,6.3,4.6,7.0,4.8,6.8,5.76
1822,Pedro Pérez Sánchez,Marketing,Marketing Digital,2025-11-16,3.0,4.9,2.5,3.5,5.7,3.86,5.3,4.5,4.5,6.6,5.26,5.1,4.7,6.3,4.5,4.1,5.0,3.9,2.6,2.8,2.9,1.3,2.9
1823,Paola Romero Castillo,Recursos Humanos,Nómina,2026-07-07,4.8,3.6,4.2,4.8,6.2,4.59,4.1,4.5,4.5,5.2,4.56,3.4,5.8,3.6,3.2,3.5,4.03,4.9,5.7,5.5,6.0,7.8,5.73
1824,Fernanda Morales Flores,Finanzas,Auditoría Interna,2026-08-20,3.9,6.0,2.9,3.0,3.8,4.08,5.5,4.3,5.2,6.9,5.49,5.8,3.1,6.0,6.6,6.3,5.36,2.4,7.3,4.9,4.8,4.8,4.85
1825,Pedro Morales Cruz,Finanzas,Auditoría Interna,2026-06-09,6.4,5.0,6.7,7.5,6.9,6.35,4.4,4.2,6.9,6.4,5.35,5.5,6.9,5.6,5.7,7.0,6.12,8.4,6.0,8.2,7.2,5.1,7.19
1826,José Flores Reyes,Operaciones,Logística,2026-03-08,6.2,4.0,4.5,5.7,2.7,4.71,5.9,4.9,4.6,4.4,5.02,3.3,7.5,5.4,3.4,5.7,5.14,4.8,6.9,5.6,6.1,7.0,5.96
1827,Francisco Martínez Morales,Marketing,Marketing Digital,2026-05-07,9.3,9.1,6.0,8.5,8.6,8.36,10.0,9.3,10.0,10.0,9.82,9.1,8.4,8.6,7.4,9.4,8.62,6.0,9.3,6.7,7.7,7.5,7.46
1828,Daniela Gómez Pérez,Operaciones,Logística,2026-01-11,2.3,5.3,3.0,4.8,2.7,3.62,1.6,4.7,6.3,5.1,4.19,6.4,2.5,4.2,4.9,2.4,4.16,4.2,2.8,2.4,3.2,2.5,3.12
1829,Andrea Castillo Sánchez,Finanzas,Contabilidad,2026-03-22,4.4,4.2,2.9,4.4,3.2,3.87,4.3,2.6,3.9,5.0,3.97,4.3,3.8,4.6,2.9,5.3,4.18,4.8,4.0,5.5,3.9,4.5,4.53
1830,Fernanda González Ramírez,Finanzas,Tesorería,2026-08-12,6.6,5.7,6.1,6.7,5.7,6.15,5.1,6.3,3.9,4.7,5.06,3.9,4.4,4.0,6.5,3.4,4.36,4.5,5.8,3.8,5.0,5.1,4.84
1831,Raúl Martínez Torres,Marketing,Marketing Digital,2026-01-19,9.7,8.6,8.0,8.2,7.8,8.57,10.0,10.0,10.0,9.6,9.9,9.7,10.0,9.4,9.3,10.0,9.7,9.2,8.4,7.3,9.4,8.1,8.55
1832,Raúl Flores Hernández,Tecnología,Infraestructura,2026-05-23,8.4,7.8,7.9,7.8,8.5,8.07,9.2,8.9,8.1,7.7,8.53,6.4,6.7,6.2,6.6,7.4,6.62,6.9,7.9,9.3,8.0,8.0,7.96
1833,Alejandro Castillo Rodríguez,Ventas,Ventas Internacionales,2026-05-14,7.8,10.0,7.2,10.0,9.5,8.82,10.0,10.0,9.3,9.5,9.74,7.8,10.0,7.5,9.4,10.0,8.86,7.8,10.0,8.5,7.7,8.2,8.51
1834,Ana Torres Torres,Recursos Humanos,Nómina,2026-01-16,3.6,4.5,4.0,3.4,4.0,3.94,3.1,5.3,2.9,3.8,3.78,3.7,1.8,3.8,3.3,4.9,3.36,2.4,3.7,5.3,5.8,2.5,4.0
1835,Laura Castillo Sánchez,Ventas,Ventas Internacionales,2026-05-20,6.3,8.8,8.5,9.5,7.8,8.07,6.3,7.2,5.7,6.7,6.5,10.0,8.8,6.6,8.8,9.2,8.72,5.2,6.8,6.1,7.2,8.8,6.54
1836,Pedro Gómez Reyes,Marketing,Marketing Digital,2025-12-06,8.5,7.6,7.4,6.4,5.5,7.29,9.2,8.3,10.0,8.3,8.91,7.9,8.6,6.2,9.3,7.4,7.87,7.5,7.1,6.5,5.3,8.6,6.87
1837,Miguel Martínez Rodríguez,Marketing,Investigación de Mercado,2026-05-04,6.3,7.6,6.1,7.6,4.7,6.54,5.4,6.7,3.5,5.4,5.35,7.1,4.5,4.1,5.0,6.1,5.38,4.5,3.4,5.6,4.9,4.8,4.56
1838,Fernanda Rodríguez González,Operaciones,Logística,2025-12-26,5.8,7.1,7.9,6.7,8.4,7.07,6.5,4.5,5.9,4.5,5.38,7.1,5.7,6.2,6.3,5.5,6.21,6.7,8.8,6.6,6.4,5.2,7.0
1839,Valeria Hernández Morales,Finanzas,Tesorería,2026-08-15,3.3,3.3,0.8,2.7,3.7,2.77,3.0,3.6,4.4,4.5,3.8,5.2,3.8,3.6,2.1,4.5,3.96,4.8,3.1,2.4,2.6,3.5,3.32
1840,Fernanda Rodríguez Hernández,Ventas,Ventas Nacionales,2026-07-23,7.5,6.9,4.3,6.6,4.7,6.16,4.5,8.0,6.5,6.3,6.22,4.5,6.8,4.8,5.1,6.0,5.45,7.1,7.4,3.2,5.5,5.5,5.92
1841,Pedro López Reyes,Recursos Humanos,Capacitación,2026-05-13,6.6,6.6,7.0,6.8,6.7,6.72,3.1,4.6,3.7,2.8,3.52,5.1,6.0,4.9,5.6,7.8,5.76,7.4,6.0,5.5,5.4,7.4,6.27
1842,Alejandro Ramírez García,Marketing,Investigación de Mercado,2026-08-05,5.0,5.6,4.6,6.8,7.4,5.7,7.7,4.3,7.8,5.3,6.27,6.4,4.9,6.3,6.8,3.8,5.68,5.4,6.3,4.5,4.3,4.2,5.1
1843,Luis Reyes Jiménez,Marketing,Comunicación de Marca,2026-04-07,5.0,3.3,4.1,5.5,7.0,4.77,4.6,5.0,3.3,4.4,4.39,6.3,4.4,6.1,5.9,5.7,5.64,3.3,3.1,3.1,4.0,2.2,3.24
1844,Carlos Pérez Flores,Recursos Humanos,Capacitación,2026-02-15,8.4,9.4,7.8,9.0,10.0,8.86,10.0,7.9,9.8,8.3,9.01,8.3,9.8,10.0,7.8,7.6,8.84,7.1,8.2,10.0,8.7,9.1,8.48
1845,Daniela Rodríguez Sánchez,Recursos Humanos,Nómina,2025-09-20,9.5,7.9,8.6,9.1,7.9,8.62,9.0,7.6,8.5,9.7,8.72,10.0,10.0,6.8,7.7,7.4,8.62,7.3,8.0,9.4,6.5,8.5,7.86
1846,Valeria Hernández Morales,Recursos Humanos,Nómina,2026-08-10,8.1,6.6,8.2,7.5,7.5,7.56,6.5,8.9,6.3,6.7,7.11,8.5,6.5,4.3,6.1,6.7,6.53,5.2,6.0,5.5,5.3,5.6,5.52
1847,Fernanda Ramírez Sánchez,Marketing,Investigación de Mercado,2026-02-03,7.0,6.6,8.1,7.6,6.4,7.12,4.3,5.0,6.1,6.6,5.41,2.1,4.9,4.9,3.8,3.6,3.84,5.8,3.1,6.1,5.1,5.5,5.01
1848,Camila Flores Vázquez,Ventas,Ventas Nacionales,2026-03-20,5.6,5.1,5.9,7.9,6.9,6.08,4.5,5.3,3.6,4.4,4.5,6.4,4.4,3.9,4.2,6.0,5.01,3.7,4.6,3.3,5.9,6.7,4.59
1849,Daniela Flores Vázquez,Operaciones,Producción,2026-01-04,3.0,3.2,3.1,3.5,4.7,3.4,4.2,5.1,4.2,3.8,4.32,6.3,4.0,3.6,2.6,4.9,4.42,3.0,3.7,5.1,4.0,0.6,3.56
1850,Francisco López Hernández,Operaciones,Logística,2026-02-05,9.1,8.7,9.6,10.0,7.8,9.04,9.4,10.0,10.0,6.9,9.04,9.1,7.9,8.0,6.5,8.4,8.08,9.1,10.0,8.9,10.0,8.0,9.36
1851,Valeria Sánchez Pérez,Recursos Humanos,Reclutamiento,2026-01-19,6.2,7.0,6.4,7.4,6.4,6.65,7.6,7.5,6.3,8.2,7.46,8.2,6.0,6.5,5.7,8.2,6.94,4.9,4.6,6.3,4.4,6.0,5.12
1852,Camila García González,Marketing,Investigación de Mercado,2026-01-16,4.3,5.4,4.0,5.4,3.4,4.54,3.6,4.6,5.8,3.3,4.22,4.2,4.9,4.9,3.9,4.6,4.53,5.0,3.2,6.2,6.0,2.9,4.78
1853,Francisco Castillo Romero,Tecnología,Desarrollo,2025-11-10,9.2,9.1,9.4,8.9,9.6,9.23,9.0,9.1,8.9,10.0,9.25,7.0,7.3,6.1,7.5,3.8,6.49,7.9,7.3,7.6,6.5,7.1,7.33
1854,Diego Cruz Flores,Marketing,Comunicación de Marca,2026-01-04,6.7,8.9,7.4,8.5,7.5,7.78,9.9,7.8,9.8,9.3,9.2,7.0,6.2,9.3,7.4,9.8,7.74,5.5,7.9,7.9,5.9,8.1,6.92
1855,María Romero Ramírez,Operaciones,Logística,2025-10-24,3.3,2.4,5.5,1.1,2.3,3.04,4.9,5.3,3.3,3.1,4.23,1.1,4.8,5.4,4.8,3.5,3.8,5.0,3.7,5.5,3.6,6.1,4.61
1856,Jorge Romero Gómez,Operaciones,Logística,2025-12-11,4.3,5.7,4.0,3.5,5.6,4.66,2.9,6.7,6.5,4.0,4.84,6.7,4.9,7.1,7.4,6.2,6.36,4.8,5.0,5.6,6.0,7.6,5.53
1857,Mariana Torres Martínez,Finanzas,Contabilidad,2026-03-06,9.7,9.0,9.9,9.2,7.7,9.19,8.6,9.2,8.8,8.2,8.69,8.1,7.7,8.7,8.7,7.9,8.18,6.4,8.0,6.5,8.4,6.9,7.27
1858,María Pérez García,Finanzas,Auditoría Interna,2025-11-16,5.9,7.9,7.8,6.7,8.0,7.22,7.5,8.5,7.6,3.7,6.82,7.4,6.8,6.0,7.2,5.2,6.61,3.9,7.1,4.5,6.8,6.7,5.68
1859,Ana Vázquez Romero,Operaciones,Producción,2025-10-22,5.6,4.7,3.8,4.1,3.2,4.43,4.6,4.6,4.4,5.3,4.74,5.2,4.7,6.4,3.3,4.0,4.85,5.3,3.8,5.2,4.0,3.7,4.49
1860,Daniela González Reyes,Operaciones,Producción,2025-11-05,4.1,8.6,8.3,7.3,7.0,6.98,8.2,6.6,7.8,7.3,7.5,6.7,7.7,7.8,7.8,9.7,7.78,7.7,5.3,5.9,6.2,5.1,6.18
1861,Alejandro Martínez Ortiz,Recursos Humanos,Capacitación,2026-02-25,5.7,5.3,4.6,6.5,5.7,5.5,5.7,4.8,5.5,4.7,5.18,5.6,5.1,6.1,5.3,5.5,5.52,5.1,8.8,7.7,7.0,8.3,7.25
1862,Paola Jiménez Sánchez,Recursos Humanos,Nómina,2026-03-10,8.8,7.9,9.1,8.7,8.3,8.55,6.1,6.2,6.8,5.7,6.16,6.5,7.7,6.0,8.8,6.0,6.97,4.1,4.6,6.4,3.3,4.8,4.6
1863,Ximena Sánchez Sánchez,Finanzas,Auditoría Interna,2026-06-07,5.3,5.3,6.9,5.1,5.5,5.62,5.4,5.8,5.6,4.9,5.42,6.4,6.1,7.2,6.1,7.6,6.62,7.7,5.8,6.2,6.5,6.3,6.54
1864,Luis Ramírez Flores,Operaciones,Producción,2025-09-30,6.8,7.7,7.1,4.7,4.6,6.44,6.2,8.2,6.7,5.7,6.68,6.3,7.1,6.9,7.0,7.8,6.95,6.9,5.2,6.7,6.6,7.5,6.44
1865,Pedro Torres Flores,Operaciones,Control de Calidad,2025-11-28,5.2,5.9,2.1,4.0,4.2,4.43,2.7,3.0,3.5,3.3,3.08,2.4,2.1,1.3,2.8,4.3,2.45,1.1,0.6,3.6,2.2,2.3,1.82
1866,Fernanda Flores Castillo,Finanzas,Tesorería,2025-11-22,7.6,6.4,8.2,7.8,6.5,7.28,6.4,6.7,9.8,6.8,7.26,5.6,6.6,5.1,5.1,6.9,5.87,4.4,4.8,3.7,7.5,5.3,5.07
1867,Daniela Jiménez López,Ventas,Ventas Internacionales,2026-07-26,4.6,4.5,2.8,4.6,3.3,4.02,5.3,4.6,3.5,4.5,4.56,4.8,4.7,3.8,6.1,4.7,4.76,4.2,3.1,4.3,4.1,2.1,3.72
1868,Karla Rodríguez Ortiz,Operaciones,Producción,2025-09-21,6.7,5.9,7.4,4.9,6.5,6.34,7.0,7.7,6.9,9.2,7.7,4.2,5.0,5.1,5.8,5.4,5.0,5.8,5.4,7.1,7.1,4.4,6.08
1869,Karla Gómez Torres,Tecnología,Infraestructura,2026-05-12,7.7,6.1,7.0,8.5,5.7,6.98,6.8,5.9,5.9,6.6,6.35,6.4,10.0,8.2,8.5,9.2,8.4,6.4,6.8,7.2,7.4,7.5,6.97
1870,Daniela Morales García,Operaciones,Logística,2026-01-24,4.8,3.1,2.0,4.3,3.7,3.58,2.8,3.1,1.2,0.5,1.98,2.2,1.6,1.2,2.7,2.3,1.94,4.2,2.3,0.4,1.6,1.7,2.2
1871,Carlos Jiménez Martínez,Recursos Humanos,Nómina,2026-01-15,8.1,7.0,7.4,5.5,4.4,6.74,5.0,5.5,5.7,4.1,5.04,5.4,6.0,7.3,5.6,3.8,5.72,6.4,9.2,4.2,4.6,7.6,6.42
1872,Camila Cruz Hernández,Marketing,Comunicación de Marca,2025-11-11,10.0,9.7,9.5,9.0,9.6,9.62,6.8,7.2,10.0,8.8,8.04,8.4,10.0,8.8,9.1,9.4,9.14,9.4,9.7,7.7,8.9,10.0,9.1
1873,Daniela Martínez Romero,Ventas,Ventas Internacionales,2026-03-11,8.2,6.1,7.7,10.0,6.2,7.54,9.2,8.0,9.6,8.6,8.83,9.7,10.0,8.4,10.0,8.7,9.41,9.4,8.8,10.0,8.2,10.0,9.19
1874,Sergio Reyes Jiménez,Ventas,Atención a Clientes,2025-12-09,9.4,8.6,8.3,8.2,7.3,8.48,7.8,7.4,7.4,9.1,7.94,6.2,7.0,7.3,10.0,7.6,7.4,8.4,7.7,6.4,6.6,6.9,7.32
1875,Roberto Torres Sánchez,Ventas,Ventas Nacionales,2026-05-15,5.9,5.8,4.1,4.0,6.4,5.3,6.2,5.1,7.2,6.9,6.3,6.5,5.2,5.5,6.4,5.4,5.8,4.5,4.2,6.2,4.9,6.6,5.06
1876,Carlos Hernández Ramírez,Tecnología,Desarrollo,2026-03-31,6.9,5.1,4.8,6.7,7.6,6.1,6.4,6.5,6.9,7.7,6.85,5.4,6.4,5.4,7.4,5.9,6.02,5.3,5.8,4.8,4.5,7.4,5.38
1877,Alejandro Ramírez García,Tecnología,Soporte Técnico,2025-10-03,4.7,0.3,4.2,3.3,4.0,3.18,5.4,6.0,6.3,5.8,5.83,2.5,4.6,5.1,5.0,3.8,4.12,4.1,2.7,4.5,5.6,3.6,4.08
1878,Paola Sánchez Castillo,Tecnología,Infraestructura,2026-07-28,8.2,8.9,8.3,8.3,6.7,8.18,8.9,8.5,9.3,10.0,9.16,6.6,8.7,8.1,9.1,6.1,7.72,9.7,9.3,6.8,9.5,10.0,9.01
1879,Ana Martínez González,Marketing,Comunicación de Marca,2025-10-10,8.9,7.2,7.9,7.0,7.5,7.78,6.6,4.8,4.6,7.1,5.88,5.5,7.5,9.2,5.9,7.5,7.1,4.6,5.9,6.2,6.6,5.1,5.7
1880,Roberto González Rodríguez,Tecnología,Soporte Técnico,2026-04-20,7.2,4.9,7.0,5.0,4.3,5.82,6.7,6.8,5.1,5.4,6.08,5.1,4.0,6.2,4.7,5.6,5.06,3.0,5.7,6.0,3.2,3.7,4.39
1881,Paola Jiménez Gómez,Marketing,Marketing Digital,2026-03-07,6.2,5.9,6.4,5.8,6.6,6.17,7.4,5.9,5.4,6.2,6.32,5.9,5.5,6.0,8.6,4.9,6.08,8.9,6.1,6.1,6.5,5.3,6.8
1882,Luis Reyes Reyes,Operaciones,Producción,2026-08-06,4.5,4.1,4.0,2.8,3.8,3.94,5.3,5.0,5.9,4.4,5.12,3.2,4.0,4.6,4.4,2.6,3.77,6.1,3.3,3.9,3.9,5.2,4.43
1883,Ana Ortiz Reyes,Marketing,Investigación de Mercado,2026-08-08,7.8,8.3,5.9,7.7,6.9,7.4,6.9,8.7,3.5,5.3,6.27,7.2,6.2,5.1,6.8,6.6,6.38,6.5,6.1,8.3,6.4,6.2,6.71
1884,Gabriela Flores Flores,Marketing,Marketing Digital,2026-03-12,6.7,8.1,7.7,7.7,8.7,7.7,7.4,5.5,7.8,5.3,6.48,7.4,8.3,6.2,5.4,6.1,6.89,4.7,4.5,4.0,5.4,5.3,4.71
1885,Daniela López Cruz,Recursos Humanos,Nómina,2025-10-31,7.1,5.7,6.6,4.5,4.4,5.86,5.5,5.3,6.1,5.2,5.49,4.6,6.0,7.5,4.0,6.0,5.65,4.5,5.1,5.1,4.3,5.4,4.82
1886,Paola Rodríguez Ramírez,Recursos Humanos,Nómina,2026-03-02,4.4,3.6,2.5,4.8,2.2,3.55,3.3,2.2,3.5,4.4,3.34,4.1,4.4,4.7,3.8,4.5,4.31,4.1,4.1,2.9,4.7,4.4,4.01
1887,Ana Jiménez Ramírez,Recursos Humanos,Nómina,2026-01-29,5.0,2.4,2.6,2.8,4.5,3.46,3.2,5.1,1.2,1.4,2.82,2.5,1.1,1.0,0.6,0.9,1.33,3.0,3.3,2.9,3.0,3.3,3.08
1888,Ricardo Hernández Rodríguez,Recursos Humanos,Capacitación,2026-01-30,3.8,2.9,5.4,3.4,5.0,4.01,4.5,4.1,4.4,5.9,4.73,5.2,5.5,4.9,4.7,5.6,5.2,4.8,4.1,2.6,6.0,5.0,4.44
1889,Gabriela Jiménez Pérez,Operaciones,Control de Calidad,2026-07-07,5.4,5.9,5.0,6.6,4.1,5.43,5.6,5.7,4.9,4.8,5.28,6.6,5.3,6.7,4.5,6.1,5.9,6.8,8.1,7.2,6.7,6.0,7.1
1890,Jorge Martínez Morales,Recursos Humanos,Nómina,2025-09-08,5.0,6.0,5.3,7.2,8.1,6.1,8.2,6.0,7.7,5.4,6.85,4.6,5.2,4.3,4.8,4.2,4.66,4.0,4.3,4.5,5.6,6.1,4.7
1891,Valeria Rodríguez Jiménez,Finanzas,Contabilidad,2025-10-13,10.0,10.0,9.3,10.0,8.7,9.66,9.2,8.9,8.6,10.0,9.2,9.4,8.5,8.3,8.3,8.1,8.59,9.0,10.0,10.0,8.3,9.5,9.36
1892,Roberto Flores Romero,Tecnología,Desarrollo,2025-09-28,10.0,8.8,8.8,7.2,5.9,8.43,8.6,10.0,7.8,9.9,9.12,9.2,10.0,7.6,7.4,9.4,8.84,8.3,9.0,10.0,8.1,9.5,8.9
1893,Laura Ortiz Martínez,Recursos Humanos,Nómina,2025-09-30,1.3,7.2,4.6,2.1,5.4,4.17,4.1,3.3,3.9,3.0,3.58,3.3,5.9,5.5,3.8,3.1,4.43,7.2,5.7,3.4,5.0,4.9,5.4
1894,María Flores Cruz,Recursos Humanos,Reclutamiento,2026-01-22,5.4,4.4,4.0,5.8,3.2,4.6,6.7,4.8,6.8,5.6,5.97,7.3,4.6,5.9,3.2,6.9,5.67,8.3,5.6,4.5,7.6,4.7,6.36
1895,Roberto Vázquez Ortiz,Finanzas,Tesorería,2026-03-20,5.4,7.2,10.0,7.2,7.3,7.32,9.8,9.2,8.7,9.8,9.43,8.6,7.9,7.9,8.0,7.3,8.0,10.0,10.0,10.0,9.9,9.6,9.94
1896,Sergio García Romero,Operaciones,Control de Calidad,2026-01-14,7.7,10.0,9.8,9.0,10.0,9.24,9.4,7.8,10.0,9.6,9.17,10.0,9.7,10.0,10.0,10.0,9.93,9.8,8.8,8.2,9.6,9.5,9.16
1897,Ana Gómez Cruz,Ventas,Ventas Internacionales,2025-11-13,6.0,7.5,5.8,5.9,7.0,6.47,7.0,6.0,2.9,3.7,5.1,7.2,6.2,6.0,3.3,7.5,6.17,7.5,6.2,3.7,5.3,5.0,5.72
1898,Ana Sánchez Flores,Operaciones,Producción,2026-08-30,9.8,8.0,7.9,8.3,8.1,8.49,7.9,9.1,8.9,7.9,8.4,7.4,7.3,7.2,8.6,9.3,7.8,7.1,6.4,8.0,8.4,7.2,7.37
1899,María Jiménez Rodríguez,Recursos Humanos,Capacitación,2026-08-15,9.3,9.3,9.6,9.4,7.5,9.1,9.3,10.0,10.0,9.3,9.62,8.7,8.3,8.8,7.6,7.8,8.32,9.3,9.4,6.2,9.7,8.9,8.75
1900,Gabriela Torres Gómez,Recursos Humanos,Nómina,2026-05-28,4.4,6.4,4.7,5.3,6.4,5.4,3.5,4.3,5.9,5.3,4.63,4.3,5.0,4.9,6.0,4.8,4.92,7.0,5.8,6.8,5.2,6.2,6.22
1901,Ricardo Jiménez Castillo,Marketing,Comunicación de Marca,2026-04-01,9.1,6.7,9.9,10.0,8.8,8.75,8.6,9.1,9.3,8.0,8.72,8.3,6.6,9.8,8.9,7.4,8.13,10.0,10.0,10.0,10.0,9.5,9.95
1902,Roberto Hernández Rodríguez,Recursos Humanos,Reclutamiento,2026-05-26,10.0,8.4,8.6,7.2,6.6,8.39,9.0,8.5,9.0,10.0,9.12,8.7,8.7,8.4,10.0,9.8,9.0,7.4,7.7,9.7,7.3,7.8,7.96
1903,José Martínez Jiménez,Recursos Humanos,Reclutamiento,2025-09-08,5.8,6.3,4.5,6.8,4.4,5.6,5.2,3.3,4.6,6.4,4.9,7.4,5.4,5.9,6.8,5.3,6.2,5.6,5.6,9.0,7.6,4.7,6.59
1904,Ana Vázquez Pérez,Tecnología,Desarrollo,2026-02-24,7.8,8.9,8.9,8.8,8.9,8.61,10.0,8.6,9.1,9.2,9.27,9.5,10.0,8.7,7.6,8.3,9.0,7.3,7.7,7.7,7.4,5.1,7.28
1905,María Torres Vázquez,Finanzas,Tesorería,2026-06-10,6.4,7.1,6.0,7.4,6.8,6.7,9.9,10.0,8.2,6.8,8.81,7.9,6.9,6.9,7.7,6.0,7.14,5.9,6.9,6.2,7.1,6.2,6.48
1906,Luis Vázquez Ramírez,Tecnología,Soporte Técnico,2025-12-07,10.0,8.6,10.0,9.5,7.3,9.17,9.4,10.0,9.5,9.9,9.7,9.6,9.7,10.0,9.2,8.0,9.4,10.0,9.2,10.0,8.0,8.7,9.27
1907,Paola García Jiménez,Tecnología,Soporte Técnico,2026-04-19,7.7,8.2,5.5,6.1,6.7,6.99,5.7,4.0,6.3,6.2,5.52,7.0,6.4,6.9,6.5,6.7,6.71,5.0,8.1,5.5,5.6,6.9,6.18
1908,Ana Sánchez Jiménez,Marketing,Marketing Digital,2025-09-10,4.9,3.0,4.3,3.4,3.7,3.9,2.1,1.7,0.0,3.8,2.0,4.7,4.9,5.4,4.7,2.1,4.5,4.4,5.1,3.3,2.4,6.6,4.18
1909,Carlos Torres Castillo,Ventas,Atención a Clientes,2026-06-18,8.0,8.5,6.2,7.6,6.5,7.48,6.9,5.9,8.4,7.9,7.2,8.8,9.5,6.8,8.8,7.3,8.35,7.4,4.1,8.1,4.7,6.6,6.1
1910,Andrea Romero Flores,Tecnología,Infraestructura,2026-01-20,5.0,4.6,6.4,4.2,4.5,4.99,5.3,5.6,5.0,5.5,5.36,4.0,5.1,6.2,5.4,5.8,5.2,4.7,3.8,5.0,1.8,4.6,3.94
1911,Carlos Torres Martínez,Tecnología,Infraestructura,2026-04-21,5.5,4.7,4.6,7.4,4.3,5.22,6.0,4.0,6.7,5.4,5.49,6.4,5.3,8.3,6.3,6.5,6.5,6.5,6.9,7.3,5.6,6.8,6.61
1912,Paola López López,Marketing,Investigación de Mercado,2025-12-16,3.5,4.0,6.3,5.0,4.6,4.57,5.5,5.2,4.8,5.9,5.38,6.0,6.6,6.0,5.9,5.5,6.06,6.6,5.0,5.9,6.3,5.1,5.85
1913,Camila Martínez Sánchez,Marketing,Investigación de Mercado,2026-03-22,5.2,2.9,4.2,4.3,4.2,4.14,3.3,1.8,2.8,4.4,3.1,4.4,3.2,3.6,3.3,4.5,3.79,4.0,3.1,3.0,2.0,3.5,3.12
1914,María García Morales,Finanzas,Contabilidad,2025-12-08,2.4,3.3,4.1,3.9,2.6,3.22,2.0,7.3,3.2,7.1,4.84,3.0,4.9,5.1,3.0,3.5,3.97,2.2,3.4,3.7,3.9,1.3,3.05
1915,Juan Jiménez Reyes,Finanzas,Tesorería,2025-11-24,6.0,7.1,5.5,5.6,6.9,6.25,3.4,6.5,7.3,4.0,5.11,6.6,5.2,4.4,3.6,7.6,5.51,5.1,5.2,4.1,6.7,7.9,5.52
1916,Jorge Ramírez Torres,Marketing,Investigación de Mercado,2025-12-26,10.0,8.9,8.4,10.0,8.0,9.1,9.3,9.1,8.0,7.7,8.59,9.8,7.4,8.3,9.1,7.2,8.41,10.0,10.0,10.0,9.7,8.8,9.82
1917,Mariana González Torres,Tecnología,Soporte Técnico,2025-09-29,2.4,3.2,3.3,2.1,1.6,2.62,2.4,5.0,3.7,3.0,3.46,2.3,3.8,4.4,1.8,3.1,3.14,6.2,2.3,2.5,3.6,2.7,3.62
1918,Diego Hernández Romero,Operaciones,Logística,2026-07-10,4.9,3.0,3.0,4.9,4.2,3.94,6.1,5.6,6.4,5.3,5.84,4.6,7.3,7.1,5.5,5.8,6.09,7.6,7.2,6.5,8.1,7.1,7.33
1919,Raúl Vázquez Flores,Marketing,Investigación de Mercado,2026-07-27,6.9,8.5,5.2,8.1,6.4,7.06,7.8,6.6,6.8,7.3,7.18,6.9,6.1,5.3,4.9,5.1,5.81,5.8,3.7,7.4,5.3,7.0,5.62
1920,Valeria Gómez Torres,Operaciones,Logística,2026-02-27,8.9,7.5,7.2,6.3,7.1,7.55,6.4,7.1,5.5,6.3,6.37,5.8,3.2,6.1,6.5,6.9,5.48,3.0,5.9,4.4,5.6,6.0,4.83
1921,Alejandro Rodríguez Gómez,Recursos Humanos,Nómina,2026-05-31,8.9,7.7,8.6,10.0,7.1,8.44,7.6,8.7,5.3,6.2,7.06,8.6,10.0,9.5,7.7,8.5,8.98,7.9,7.6,7.0,5.6,7.5,7.14
1922,Karla Ramírez González,Ventas,Ventas Nacionales,2026-02-23,3.7,4.6,6.5,5.1,5.4,4.95,2.7,2.8,4.0,3.2,3.11,4.1,5.6,3.7,5.5,5.3,4.78,7.6,4.1,5.2,6.7,4.2,5.72
1923,Ricardo García Torres,Operaciones,Producción,2026-06-14,6.7,9.0,8.4,5.4,6.1,7.33,5.7,5.7,6.0,5.1,5.61,6.3,8.2,8.7,8.6,7.1,7.72,6.6,5.6,5.6,5.5,4.0,5.67
1924,Gabriela Ramírez Rodríguez,Tecnología,Desarrollo,2025-11-18,8.4,5.1,5.5,7.2,6.1,6.47,6.5,5.8,8.2,6.9,6.76,6.6,6.9,4.9,7.5,5.4,6.29,4.0,5.2,6.0,4.5,5.4,4.94
1925,Diego Jiménez Cruz,Recursos Humanos,Nómina,2026-06-07,5.6,5.9,5.1,4.4,6.6,5.54,5.1,4.3,3.4,5.9,4.76,5.8,5.0,8.1,6.4,6.2,6.21,5.0,6.8,3.8,5.2,3.4,5.09
1926,José Ortiz Vázquez,Recursos Humanos,Reclutamiento,2026-02-06,5.1,2.8,3.6,4.7,4.8,4.12,2.1,4.7,2.2,4.7,3.42,3.4,2.3,4.6,3.8,5.2,3.69,3.9,4.1,3.7,2.4,3.3,3.55
1927,Sofía Gómez Sánchez,Tecnología,Desarrollo,2025-10-01,6.5,5.7,4.7,5.6,6.3,5.78,4.0,5.9,6.7,7.8,5.96,6.5,8.4,6.5,7.5,4.7,6.86,5.9,6.1,5.5,5.4,5.4,5.72
1928,Diego Pérez Jiménez,Ventas,Atención a Clientes,2026-01-19,3.6,6.3,5.5,5.2,7.8,5.52,7.7,8.1,4.5,7.8,7.18,4.2,5.7,5.8,4.6,3.8,4.89,5.6,6.1,4.3,6.1,6.6,5.66
1929,Miguel Rodríguez Reyes,Operaciones,Producción,2026-08-27,6.7,8.6,10.0,8.2,9.1,8.42,9.9,10.0,9.4,10.0,9.85,10.0,8.1,9.7,9.5,8.8,9.21,9.5,8.4,9.2,10.0,9.2,9.24
1930,Sergio Vázquez Morales,Tecnología,Desarrollo,2026-03-13,8.5,9.9,9.4,10.0,9.5,9.4,7.0,9.2,6.2,8.3,7.72,7.6,7.7,9.1,6.0,7.3,7.64,5.3,6.2,5.1,5.6,7.9,5.8
1931,Ximena Jiménez Gómez,Tecnología,Desarrollo,2025-10-01,4.4,3.9,6.8,7.3,3.1,5.0,3.5,3.5,4.0,3.4,3.58,6.0,4.6,5.6,5.3,6.3,5.51,6.5,6.0,7.4,5.6,5.6,6.28
1932,Ximena Torres Cruz,Recursos Humanos,Reclutamiento,2026-05-18,10.0,10.0,10.0,9.6,10.0,9.94,10.0,8.4,7.6,7.5,8.49,9.5,9.8,9.7,8.0,10.0,9.46,10.0,9.8,10.0,8.9,10.0,9.73
1933,Fernanda Reyes Pérez,Ventas,Ventas Internacionales,2025-09-08,6.1,6.9,7.4,3.4,8.1,6.46,7.2,6.8,7.2,4.3,6.38,4.7,5.3,6.9,5.7,4.5,5.41,7.4,6.8,5.6,5.1,5.3,6.22
1934,Ana Torres Vázquez,Operaciones,Logística,2026-03-13,3.7,4.4,4.7,4.7,2.5,4.04,8.5,7.2,6.2,10.0,8.09,6.8,5.6,7.7,7.5,5.9,6.65,8.3,6.2,7.4,6.6,6.1,7.04
1935,Valeria Reyes García,Finanzas,Tesorería,2026-09-04,3.9,5.0,4.1,4.9,5.0,4.53,6.4,7.2,5.8,5.2,6.18,6.8,7.3,8.0,6.4,4.9,6.82,2.0,5.4,5.5,4.2,2.9,4.08
1936,Carlos Hernández Torres,Recursos Humanos,Reclutamiento,2025-11-28,7.5,6.6,7.3,7.5,7.4,7.22,4.2,4.9,5.3,5.6,4.94,5.5,6.8,8.7,6.5,8.2,7.02,6.2,8.3,4.6,5.7,6.7,6.36
1937,Andrea Vázquez Sánchez,Ventas,Atención a Clientes,2026-01-02,2.8,4.9,5.6,3.2,3.8,4.1,8.6,7.5,5.8,6.0,7.12,6.5,5.7,4.6,6.7,8.0,6.18,6.9,4.6,5.8,5.8,7.6,5.96
1938,Roberto López Jiménez,Ventas,Atención a Clientes,2026-05-12,5.1,3.7,3.1,2.3,4.9,3.9,3.9,3.5,3.0,1.0,2.9,3.3,5.3,3.5,3.1,3.2,3.8,2.1,2.7,3.1,3.2,1.7,2.63
1939,Ana Vázquez Cruz,Ventas,Atención a Clientes,2025-12-14,2.0,4.4,1.7,3.2,1.2,2.6,2.3,0.3,1.7,3.3,1.93,4.1,2.1,3.0,1.3,4.0,2.94,1.5,1.6,4.8,1.1,2.4,2.19
1940,Francisco Vázquez García,Recursos Humanos,Capacitación,2026-06-13,3.6,5.1,4.5,4.9,4.2,4.44,3.9,4.8,3.6,5.6,4.49,6.1,3.9,3.8,3.9,3.3,4.34,3.6,2.9,2.2,4.2,2.1,3.12
1941,Camila Ramírez González,Finanzas,Auditoría Interna,2026-06-26,9.4,7.9,10.0,9.3,7.4,8.83,7.6,9.1,10.0,8.2,8.6,9.1,8.4,9.7,8.0,8.4,8.78,7.9,7.1,6.6,8.3,5.7,7.3
1942,Jorge Martínez Hernández,Operaciones,Control de Calidad,2026-07-06,4.1,0.7,4.5,1.0,2.8,2.67,1.6,2.5,1.2,2.3,1.92,3.3,1.7,4.2,1.1,1.0,2.4,3.0,3.3,2.0,2.3,3.4,2.78
1943,Roberto Cruz González,Ventas,Ventas Internacionales,2026-06-08,6.3,4.4,3.8,4.5,1.7,4.36,2.9,2.9,2.9,1.8,2.62,2.0,4.7,2.9,4.1,0.8,2.99,3.1,3.5,2.3,1.7,1.9,2.64
1944,Ximena Gómez Pérez,Marketing,Comunicación de Marca,2026-04-13,5.4,7.3,7.4,7.3,5.8,6.62,5.0,8.0,4.7,5.5,5.82,6.2,5.7,5.2,5.1,6.9,5.82,5.6,4.2,3.4,4.2,4.5,4.42
1945,Luis García Martínez,Marketing,Marketing Digital,2026-08-26,7.9,7.8,7.3,7.4,7.7,7.65,6.8,9.3,8.6,7.9,8.06,6.4,4.7,7.1,7.3,6.9,6.32,6.4,6.2,6.3,5.0,7.5,6.16
1946,Andrea Martínez Martínez,Tecnología,Infraestructura,2025-10-04,7.9,9.2,7.4,9.7,8.4,8.47,8.8,9.1,8.5,9.3,8.94,9.8,6.9,10.0,9.2,8.2,8.78,8.8,8.0,8.8,8.2,9.1,8.51
1947,Raúl Jiménez López,Marketing,Comunicación de Marca,2026-02-24,7.4,4.1,6.2,4.4,4.2,5.4,5.5,4.0,5.6,7.0,5.52,6.1,6.7,6.3,5.9,6.8,6.36,3.6,5.2,3.8,7.1,5.3,4.91
1948,María Martínez García,Recursos Humanos,Nómina,2025-12-20,3.3,4.4,2.3,3.3,1.3,3.08,4.1,3.8,5.5,5.1,4.56,4.5,5.1,6.4,6.0,3.4,5.09,3.0,1.1,3.3,2.7,1.4,2.37
1949,Mariana Jiménez Reyes,Finanzas,Contabilidad,2026-01-05,3.4,4.1,4.7,5.7,6.2,4.6,5.4,5.2,5.8,4.0,5.08,3.6,4.1,6.8,5.3,3.1,4.54,2.3,5.9,4.5,5.4,5.0,4.53
1950,Ricardo García Romero,Recursos Humanos,Capacitación,2026-01-15,2.6,1.9,0.5,4.3,0.7,1.98,2.4,2.9,1.6,0.7,1.94,1.7,2.7,2.5,2.2,0.4,1.99,4.0,1.6,2.6,0.5,3.1,2.33
1951,Sofía Flores Sánchez,Tecnología,Infraestructura,2026-04-08,7.8,8.4,8.5,7.3,7.5,7.97,7.8,9.1,9.7,5.8,8.0,9.4,8.8,8.3,8.4,9.8,8.94,10.0,9.4,8.9,10.0,10.0,9.63
1952,Jorge Martínez Gómez,Marketing,Comunicación de Marca,2025-09-23,7.1,7.9,7.7,8.3,7.5,7.66,9.5,10.0,10.0,7.3,9.17,6.9,9.3,7.9,9.3,7.4,8.14,10.0,9.7,10.0,10.0,9.8,9.91
1953,Miguel González Hernández,Recursos Humanos,Reclutamiento,2025-09-25,3.4,2.7,2.0,1.0,1.6,2.31,4.7,2.9,2.7,3.8,3.62,3.0,2.5,3.6,2.6,3.0,2.94,4.3,1.2,2.5,3.7,2.2,2.84
1954,Francisco Vázquez Pérez,Marketing,Investigación de Mercado,2026-07-31,4.5,3.1,3.5,4.9,2.6,3.72,4.9,4.6,5.0,3.5,4.5,4.7,3.5,5.3,4.5,5.3,4.58,2.4,5.8,4.3,3.5,3.5,3.96
1955,Ana Sánchez González,Operaciones,Producción,2025-10-26,7.4,8.4,7.6,6.1,10.0,7.89,7.1,5.5,6.0,5.7,6.13,6.9,5.4,6.8,5.6,9.0,6.62,4.5,7.8,5.7,5.8,4.1,5.78
1956,Ricardo Martínez Castillo,Finanzas,Contabilidad,2026-04-15,4.7,3.6,5.2,5.4,5.8,4.8,5.1,6.0,2.0,3.9,4.4,6.3,4.3,7.4,7.1,4.5,5.87,5.6,7.3,5.4,3.8,4.8,5.54
1957,Ana Pérez Morales,Recursos Humanos,Capacitación,2026-05-10,6.4,6.3,7.4,3.9,7.2,6.32,5.1,5.5,5.2,6.7,5.62,6.5,5.6,6.5,7.1,6.5,6.36,7.8,7.7,7.8,7.1,7.7,7.62
1958,María Gómez Reyes,Marketing,Investigación de Mercado,2025-11-13,3.8,1.9,3.8,3.4,2.6,3.08,3.7,4.1,4.3,8.2,5.04,4.2,3.0,2.2,1.8,4.3,3.16,5.6,3.7,5.5,3.0,4.8,4.51
1959,María Flores Flores,Ventas,Ventas Nacionales,2025-10-23,6.3,8.3,7.5,7.2,5.8,7.1,5.4,4.4,6.1,4.8,5.14,7.9,8.0,6.7,4.5,8.0,7.19,7.9,6.5,8.0,6.1,4.3,6.85
1960,Juan Cruz Gómez,Ventas,Ventas Nacionales,2025-11-08,3.7,3.1,0.7,2.4,2.9,2.64,2.7,2.7,3.5,4.2,3.24,1.3,5.1,2.9,1.8,2.8,2.87,2.7,3.6,1.2,5.6,2.0,3.14
1961,Camila García Ramírez,Marketing,Investigación de Mercado,2026-02-07,7.8,4.8,6.7,9.6,8.2,7.16,7.2,7.6,9.4,8.8,8.14,9.2,8.6,8.8,6.7,7.8,8.38,10.0,9.3,7.8,9.0,10.0,9.18
1962,Carlos Reyes Ortiz,Recursos Humanos,Nómina,2026-01-23,2.9,5.3,3.5,3.1,2.2,3.54,3.4,2.9,5.2,7.7,4.71,4.7,3.6,6.2,5.8,4.9,4.92,4.0,5.1,5.6,4.8,9.7,5.32
1963,Sergio Gómez Ramírez,Recursos Humanos,Nómina,2025-10-16,7.1,5.8,8.6,8.5,9.0,7.57,5.4,6.1,3.4,3.1,4.6,8.1,6.8,5.6,6.3,6.5,6.76,4.3,6.5,7.8,6.4,7.8,6.32
1964,Valeria Castillo García,Tecnología,Infraestructura,2025-10-23,8.9,5.7,8.0,6.6,7.1,7.3,5.9,7.4,6.9,5.9,6.48,6.9,6.4,8.0,6.6,5.2,6.7,7.3,9.5,7.3,6.3,7.3,7.65
1965,Gabriela Vázquez Morales,Finanzas,Auditoría Interna,2026-02-28,7.0,5.5,6.3,5.7,4.5,5.92,2.4,4.5,3.0,5.6,3.84,7.1,5.6,4.9,4.3,6.2,5.73,6.0,5.9,5.7,7.9,6.6,6.36
1966,Ricardo Hernández García,Finanzas,Auditoría Interna,2026-05-09,4.9,7.0,5.5,6.5,5.0,5.8,6.3,6.7,7.3,6.0,6.52,4.9,5.3,6.7,5.1,6.7,5.66,8.3,6.7,7.4,4.4,6.1,6.72
1967,Ximena López González,Marketing,Comunicación de Marca,2026-09-06,5.7,6.8,7.9,9.2,6.8,7.1,8.2,7.3,6.4,7.0,7.32,8.0,9.9,8.6,8.4,10.0,8.95,9.9,10.0,8.7,9.1,10.0,9.54
1968,Jorge Pérez Gómez,Ventas,Atención a Clientes,2025-10-14,6.6,4.5,8.6,7.3,6.8,6.61,8.4,6.2,6.8,8.8,7.63,4.0,5.4,5.1,6.0,5.6,5.11,5.0,5.1,3.7,6.6,7.2,5.3
1969,Fernanda Romero Morales,Finanzas,Auditoría Interna,2026-01-20,6.6,6.6,6.5,5.9,5.7,6.34,6.0,3.8,9.3,7.0,6.36,5.7,6.3,5.3,6.1,4.5,5.65,4.5,5.4,4.5,4.5,6.1,4.89
1970,Daniela Torres Flores,Operaciones,Control de Calidad,2026-07-19,4.3,2.7,4.9,4.2,2.6,3.75,2.8,1.2,2.6,3.0,2.41,3.4,3.0,4.7,3.9,2.3,3.47,5.6,3.9,4.9,5.0,5.1,4.86
1971,Gabriela García Ortiz,Recursos Humanos,Capacitación,2025-09-12,4.0,3.9,5.6,6.0,4.6,4.68,5.6,4.0,5.9,5.0,5.11,5.8,5.6,6.9,5.7,6.0,5.98,1.6,4.6,4.8,3.7,5.6,3.81
1972,Diego Romero Ramírez,Finanzas,Tesorería,2026-02-06,6.4,7.0,6.9,6.9,10.0,7.26,6.4,6.8,7.5,6.8,6.82,8.1,5.8,4.9,5.7,7.2,6.39,5.8,6.3,5.9,6.5,6.6,6.16
1973,Jorge Castillo Morales,Recursos Humanos,Nómina,2025-12-29,6.2,6.3,4.8,3.6,3.9,5.21,7.1,6.8,7.4,7.2,7.11,5.4,5.9,6.1,4.9,4.8,5.5,4.8,6.2,4.9,6.9,4.7,5.58
1974,Ximena García Flores,Recursos Humanos,Nómina,2025-12-24,6.2,6.3,4.6,5.9,4.3,5.57,8.8,7.3,7.3,8.0,7.92,7.6,6.5,5.0,7.2,7.4,6.72,3.5,3.6,3.3,4.8,6.5,4.04
1975,Sergio Ortiz Vázquez,Marketing,Comunicación de Marca,2026-08-21,7.0,7.0,8.4,5.5,6.5,6.98,6.8,8.0,7.7,7.1,7.36,7.1,7.7,5.6,8.1,6.3,6.98,7.5,8.6,7.8,7.6,9.6,8.07
1976,Pedro Ortiz Torres,Marketing,Marketing Digital,2026-07-04,8.1,8.9,8.9,8.8,8.5,8.62,8.7,9.4,10.0,9.8,9.41,7.9,8.1,7.9,7.8,9.9,8.24,10.0,8.3,9.9,9.9,8.7,9.4
1977,Sergio Ortiz Cruz,Tecnología,Infraestructura,2026-04-04,7.7,6.7,8.7,9.4,7.4,7.86,9.7,8.9,10.0,9.8,9.59,8.3,7.3,7.4,5.9,7.0,7.32,7.2,7.4,7.8,7.3,8.8,7.55
1978,Valeria García Ramírez,Marketing,Marketing Digital,2026-07-14,8.5,7.5,8.9,6.6,6.6,7.76,10.0,8.3,7.9,7.7,8.58,7.6,6.5,8.0,9.9,7.6,7.75,6.7,7.3,6.6,8.1,9.6,7.4
1979,Ana Sánchez Hernández,Finanzas,Auditoría Interna,2026-04-04,3.6,2.9,3.5,2.4,4.0,3.28,7.5,6.6,5.7,6.1,6.56,6.7,5.5,7.2,5.9,4.4,6.04,6.9,6.5,5.1,5.4,4.1,5.86
1980,Sergio Torres López,Finanzas,Auditoría Interna,2026-06-03,4.7,5.0,6.9,3.4,4.7,5.02,7.9,6.9,8.3,4.4,6.86,6.0,7.1,5.0,7.3,4.5,6.04,4.7,4.5,6.8,5.7,9.0,5.7
1981,Gabriela Reyes Cruz,Tecnología,Infraestructura,2026-04-13,4.6,5.5,2.6,7.4,4.6,4.85,2.8,4.4,6.4,3.9,4.2,6.7,8.7,6.6,5.5,6.5,6.97,4.0,4.3,3.4,3.4,4.4,3.88
1982,Pedro Ortiz Vázquez,Ventas,Ventas Internacionales,2026-03-28,7.5,7.5,7.4,6.5,7.1,7.27,8.2,6.4,5.2,6.1,6.62,6.4,4.1,5.8,5.0,3.6,5.08,6.2,5.4,5.0,6.3,4.0,5.56
1983,Roberto Hernández Morales,Marketing,Comunicación de Marca,2025-12-29,9.3,9.1,7.6,8.1,5.2,8.11,9.4,7.6,6.6,7.2,7.84,6.9,7.4,9.7,9.9,8.9,8.34,7.7,8.2,9.3,7.4,7.9,8.1
1984,Valeria Pérez Pérez,Finanzas,Contabilidad,2026-03-01,7.7,6.6,6.2,5.5,6.6,6.63,7.9,6.9,7.0,7.7,7.42,6.8,5.8,6.4,5.7,7.7,6.44,7.7,9.3,4.9,7.4,7.5,7.46
1985,Camila Pérez García,Recursos Humanos,Nómina,2026-03-24,2.8,2.7,3.7,2.8,1.9,2.82,5.7,4.8,3.2,7.4,5.4,2.9,4.0,5.9,3.7,4.1,4.08,4.5,2.6,1.4,5.3,2.5,3.36
1986,Diego Torres López,Recursos Humanos,Nómina,2026-08-22,6.3,6.1,5.8,8.1,5.3,6.27,5.6,5.6,5.9,6.4,5.86,4.9,6.1,4.8,3.3,4.5,4.88,5.8,4.6,6.2,3.7,6.0,5.18
1987,Diego Morales López,Operaciones,Producción,2026-06-25,1.2,3.2,1.7,1.4,4.9,2.39,5.7,6.2,3.6,4.3,5.06,3.6,2.2,2.8,2.7,3.7,2.97,4.4,1.2,3.2,3.4,6.4,3.36
1988,Sofía Pérez Morales,Finanzas,Tesorería,2025-11-06,0.0,1.4,3.1,4.1,2.1,1.9,4.0,2.1,1.6,3.4,2.9,3.7,3.0,3.4,3.8,3.2,3.4,4.3,3.6,4.5,3.6,5.2,4.12
1989,Raúl García González,Ventas,Ventas Internacionales,2026-04-28,7.8,8.5,8.7,9.1,6.6,8.17,8.1,8.2,7.3,7.4,7.79,7.1,8.4,8.8,8.2,6.0,7.76,9.6,8.7,9.4,8.7,6.9,8.88
1990,Daniela Torres Torres,Marketing,Investigación de Mercado,2026-03-22,8.7,8.3,9.0,8.7,8.6,8.64,7.8,9.1,8.1,7.1,8.01,9.2,8.7,9.8,8.8,8.5,9.03,10.0,6.6,9.3,9.1,9.5,8.78
1991,Valeria Gómez Morales,Operaciones,Producción,2026-02-10,5.3,7.5,6.0,6.4,7.1,6.43,7.2,7.6,7.9,7.5,7.52,9.2,7.4,8.7,7.1,6.8,7.98,9.0,5.3,5.9,7.8,5.9,6.91
1992,María Hernández Castillo,Operaciones,Logística,2026-02-17,4.1,0.9,4.7,2.9,4.8,3.34,5.6,3.6,5.5,4.0,4.68,7.3,4.0,5.9,3.8,6.2,5.51,2.3,4.1,5.4,3.1,3.0,3.6
1993,Alejandro Ortiz Hernández,Operaciones,Control de Calidad,2026-07-13,4.5,4.6,4.0,3.6,3.6,4.16,4.1,1.6,4.0,3.9,3.4,6.0,2.7,5.4,4.2,4.6,4.57,4.6,2.8,5.8,1.4,4.5,3.74
1994,Alejandro Flores Gómez,Recursos Humanos,Capacitación,2025-11-01,5.1,4.6,7.0,6.3,5.5,5.6,4.2,5.4,6.2,7.5,5.72,5.8,8.3,5.2,5.4,3.9,5.96,6.7,4.2,8.1,6.2,7.1,6.3
1995,Alejandro López Reyes,Tecnología,Desarrollo,2026-06-29,4.5,4.1,2.8,3.4,4.9,3.95,3.4,4.6,3.9,4.1,3.98,3.4,2.9,2.3,2.6,3.7,2.98,1.5,3.7,3.4,6.2,4.9,3.71
1996,Luis Gómez Hernández,Operaciones,Logística,2026-06-10,6.5,6.0,6.1,5.2,5.1,5.89,4.9,5.0,6.3,5.4,5.33,7.0,4.0,6.7,6.7,3.4,5.6,6.0,3.9,5.2,4.6,4.7,4.9
1997,Roberto Sánchez Ramírez,Ventas,Ventas Nacionales,2026-05-09,4.0,1.1,3.1,3.3,4.0,2.99,1.3,3.8,3.1,2.7,2.64,4.9,4.8,2.8,0.4,2.0,3.34,0.0,2.3,1.8,2.1,1.4,1.5
1998,Raúl Ramírez Martínez,Finanzas,Auditoría Interna,2026-01-06,5.4,8.4,7.5,6.4,5.1,6.68,4.6,6.6,5.7,4.4,5.27,8.8,8.9,9.1,8.0,9.3,8.84,7.8,8.0,5.8,6.6,7.0,7.13
1999,Pedro López Jiménez,Operaciones,Control de Calidad,2026-01-09,6.1,6.8,8.6,8.4,7.1,7.27,7.9,6.5,3.8,7.9,6.73,9.2,6.2,7.8,8.3,8.3,7.9,6.6,5.3,6.7,8.8,7.6,6.83
2000,Valeria Sánchez Gómez,Marketing,Investigación de Mercado,2025-10-08,5.0,2.9,2.3,3.0,5.1,3.65,2.1,3.4,1.8,5.6,3.24,5.7,4.2,2.8,4.1,2.7,4.06,3.7,5.8,3.2,3.8,6.9,4.47
2001,Laura Torres González,Recursos Humanos,Capacitación,2025-10-01,0.9,1.3,1.3,2.0,2.6,1.5,3.5,0.1,2.7,1.4,1.96,1.8,4.8,4.3,3.8,3.5,3.6,0.0,3.9,0.2,2.3,0.2,1.5
2002,Carlos Sánchez Ortiz,Ventas,Ventas Nacionales,2026-04-07,2.0,3.1,2.1,1.9,5.5,2.8,4.2,5.0,3.6,5.8,4.68,3.2,2.8,4.4,4.0,4.5,3.66,5.7,6.2,5.2,3.6,4.0,5.14
2003,Karla Castillo García,Operaciones,Logística,2026-04-08,6.8,6.6,6.5,7.5,5.9,6.66,9.2,7.6,7.9,8.5,8.36,6.8,7.4,7.0,8.1,9.0,7.52,6.8,6.2,6.2,7.3,7.6,6.71
2004,Diego Castillo Vázquez,Recursos Humanos,Nómina,2026-03-12,5.9,8.1,7.8,9.8,7.7,7.68,5.7,3.8,7.7,8.4,6.3,8.1,10.0,10.0,8.5,8.2,9.03,6.8,7.7,9.1,7.2,9.7,7.86
2005,Raúl Gómez Sánchez,Operaciones,Control de Calidad,2026-04-15,2.2,1.6,1.7,0.4,1.6,1.59,3.5,4.5,3.6,3.4,3.74,4.6,5.0,3.9,3.2,3.6,4.2,3.1,1.9,4.4,3.3,3.0,3.09
2006,Valeria Gómez Pérez,Finanzas,Auditoría Interna,2026-02-04,7.2,8.0,6.5,5.7,5.8,6.82,6.9,8.3,7.4,7.7,7.55,8.0,8.0,8.2,6.4,7.5,7.72,7.2,5.8,7.5,7.2,4.4,6.63
2007,Andrea Hernández Castillo,Recursos Humanos,Reclutamiento,2025-09-20,0.5,0.4,1.6,0.3,0.8,0.71,4.3,2.8,3.6,5.4,4.06,4.2,2.0,3.1,3.9,5.2,3.54,3.1,3.7,4.4,6.3,2.7,4.11
2008,Camila Rodríguez González,Operaciones,Logística,2026-02-19,5.6,8.7,7.7,9.4,7.7,7.68,7.4,5.4,8.2,9.1,7.48,10.0,7.6,8.8,10.0,9.2,9.04,6.2,7.6,6.4,6.9,8.1,6.92
2009,Juan García Morales,Finanzas,Tesorería,2026-03-26,4.3,3.7,2.9,4.2,3.0,3.66,3.7,2.5,3.6,3.9,3.43,5.2,5.0,5.4,3.8,3.2,4.68,5.4,2.0,5.5,3.4,3.7,4.0
2010,Alejandro Morales Hernández,Recursos Humanos,Capacitación,2026-02-09,3.6,5.0,3.9,3.2,4.6,4.1,5.4,5.5,6.9,8.7,6.55,4.7,5.1,5.2,4.2,3.2,4.6,3.7,5.1,2.7,5.2,3.7,4.15
2011,María Flores Hernández,Ventas,Ventas Internacionales,2025-12-17,2.6,3.1,4.0,5.0,6.1,3.89,6.6,4.0,3.7,5.2,5.02,5.0,6.5,5.2,5.4,3.2,5.2,3.1,2.1,2.8,2.0,3.0,2.56
2012,Fernanda Martínez García,Finanzas,Tesorería,2025-10-29,8.4,5.0,6.4,5.9,7.3,6.61,5.4,6.8,5.3,7.4,6.23,5.8,6.3,8.0,7.7,7.9,6.96,7.5,6.8,6.5,7.6,5.8,6.98
2013,Carlos Cruz Hernández,Tecnología,Infraestructura,2026-07-04,5.6,5.4,2.6,3.8,4.9,4.58,5.4,3.6,3.1,3.6,4.04,3.5,2.4,1.7,2.6,1.9,2.49,5.7,4.7,5.1,4.0,3.7,4.79
2014,Paola Gómez Torres,Operaciones,Logística,2026-03-14,2.2,1.8,3.8,2.3,2.0,2.4,5.4,4.0,5.1,1.7,4.07,3.2,4.0,3.5,5.0,3.1,3.72,3.3,5.4,4.7,3.9,4.3,4.32
2015,Gabriela Martínez González,Marketing,Comunicación de Marca,2026-06-20,9.2,6.9,8.3,6.6,7.4,7.79,7.2,6.7,6.1,4.1,6.08,6.8,6.1,5.2,5.8,6.1,6.05,6.1,5.3,6.4,6.1,4.5,5.8
2016,Jorge Pérez Romero,Recursos Humanos,Reclutamiento,2026-05-03,8.7,8.5,9.3,9.0,7.2,8.59,9.4,10.0,8.4,7.1,8.78,10.0,9.0,9.2,8.5,9.4,9.28,8.0,10.0,8.7,10.0,10.0,9.24
2017,Valeria López Ortiz,Ventas,Atención a Clientes,2026-05-09,4.6,5.1,5.7,6.6,4.0,5.15,5.6,7.6,5.7,4.0,5.72,3.8,8.1,5.9,4.6,6.3,5.79,5.7,6.2,4.4,4.3,7.5,5.47
2018,Fernanda Torres Jiménez,Finanzas,Tesorería,2025-09-22,4.5,5.4,6.4,5.8,6.1,5.54,4.9,7.2,9.5,7.2,6.97,7.4,6.4,6.6,5.7,7.4,6.74,6.2,5.9,5.9,3.5,2.8,5.18
2019,Daniela Torres Flores,Recursos Humanos,Reclutamiento,2026-03-22,9.8,10.0,8.3,9.0,9.2,9.34,8.3,9.6,10.0,8.6,9.04,8.0,8.1,6.8,8.1,8.0,7.8,10.0,10.0,9.1,10.0,9.8,9.8
2020,Luis Martínez Vázquez,Operaciones,Logística,2026-06-11,4.5,7.3,5.3,6.0,7.2,5.99,7.3,8.1,9.1,7.7,7.96,5.2,7.8,6.2,6.2,6.0,6.32,4.9,5.8,3.6,6.1,6.5,5.26
2021,María Gómez López,Finanzas,Contabilidad,2026-07-06,3.1,1.5,3.8,4.7,1.4,2.82,2.0,2.8,1.9,4.0,2.68,6.2,0.4,5.7,3.7,3.7,3.9,2.1,2.4,3.4,2.6,1.9,2.52
2022,Alejandro Sánchez Vázquez,Operaciones,Logística,2025-11-24,9.7,7.1,6.7,7.9,8.3,7.97,6.7,5.4,8.1,7.4,6.83,9.6,9.5,4.6,6.8,9.2,8.09,10.0,7.5,8.1,10.0,10.0,9.0
2023,Raúl Reyes Hernández,Tecnología,Desarrollo,2026-01-02,6.0,4.8,8.1,7.8,6.8,6.51,7.2,7.1,6.1,5.6,6.56,4.6,6.5,6.6,6.7,6.5,6.07,6.2,6.4,6.6,5.6,5.8,6.17
2024,Alejandro Torres Romero,Marketing,Investigación de Mercado,2026-05-22,9.4,8.6,6.6,6.6,8.5,8.09,7.3,9.1,8.3,7.6,8.02,9.0,7.2,8.1,9.5,9.2,8.48,7.7,6.6,5.5,5.6,7.7,6.57
2025,Daniela Ortiz Ortiz,Ventas,Atención a Clientes,2026-08-22,7.5,7.6,7.9,8.4,6.9,7.65,9.0,10.0,7.9,8.7,8.95,7.3,9.8,9.2,6.9,7.0,8.2,6.5,8.4,8.8,8.4,6.3,7.8
2026,Ximena Ramírez Hernández,Operaciones,Producción,2025-11-09,6.8,5.2,4.1,6.1,5.3,5.53,5.1,6.6,7.4,8.1,6.68,7.9,6.6,7.3,9.3,5.4,7.29,6.7,6.7,6.9,6.3,4.8,6.47
2027,María Cruz Torres,Recursos Humanos,Nómina,2026-03-25,5.8,4.4,6.2,6.1,6.2,5.64,5.2,5.7,5.8,7.4,6.0,5.5,6.5,6.6,4.9,5.0,5.81,2.1,3.4,5.1,2.0,3.7,3.16
2028,Francisco Castillo González,Recursos Humanos,Nómina,2026-05-05,3.8,5.5,3.4,6.2,4.0,4.54,2.8,3.0,0.3,2.3,2.22,3.1,1.2,2.8,2.0,0.6,2.02,2.8,3.6,1.2,5.2,0.4,2.92
2029,María Romero Ramírez,Finanzas,Contabilidad,2026-07-08,5.4,4.1,5.6,5.8,3.8,4.94,5.0,6.0,5.9,4.4,5.28,6.8,7.2,7.3,7.0,7.3,7.1,4.6,6.1,4.2,5.3,4.6,5.03
2030,Roberto Flores Pérez,Operaciones,Control de Calidad,2026-02-07,7.6,7.9,6.3,6.8,7.3,7.25,7.5,7.8,5.2,6.1,6.76,5.2,7.2,9.3,6.7,8.3,7.21,6.0,7.6,8.3,8.0,6.4,7.3
2031,Paola Reyes Torres,Ventas,Atención a Clientes,2026-06-25,7.0,8.0,7.3,8.3,6.8,7.48,8.5,10.0,10.0,7.6,8.95,7.5,7.4,10.0,10.0,8.4,8.48,6.7,6.2,8.9,7.9,8.0,7.39
2032,Pedro Martínez Ortiz,Finanzas,Tesorería,2026-01-21,8.8,6.0,8.6,8.3,7.8,7.84,8.1,8.1,9.7,8.5,8.52,10.0,8.9,9.7,7.7,8.2,9.05,7.5,8.7,5.9,8.6,7.4,7.69
2033,Daniela Gómez Hernández,Marketing,Comunicación de Marca,2026-08-24,10.0,7.4,10.0,9.2,10.0,9.23,8.8,8.3,7.6,7.2,8.04,9.5,7.4,10.0,7.6,8.5,8.64,8.7,9.6,10.0,9.0,7.6,9.14
2034,Francisco González Flores,Ventas,Ventas Nacionales,2026-03-22,6.4,5.0,4.9,6.8,5.9,5.74,6.6,5.3,5.0,6.4,5.9,5.8,5.0,4.3,4.9,6.4,5.26,6.2,7.0,7.8,6.7,8.4,7.04
2035,Karla Torres Ramírez,Operaciones,Control de Calidad,2026-04-06,6.2,5.4,5.5,3.8,5.5,5.4,7.3,5.7,7.0,6.6,6.67,3.4,5.1,4.0,5.8,4.4,4.46,4.7,4.9,7.0,3.6,4.9,5.01
2036,Carlos Rodríguez Sánchez,Recursos Humanos,Nómina,2026-09-05,5.0,7.4,6.6,8.6,7.4,6.82,4.5,8.3,5.5,9.0,6.78,6.5,7.1,6.6,6.9,7.0,6.8,9.1,7.3,9.2,6.5,8.2,8.06
2037,Andrea González Pérez,Ventas,Atención a Clientes,2026-04-15,4.5,5.4,3.0,5.9,5.0,4.71,4.9,4.1,4.2,4.0,4.34,4.8,3.9,5.5,2.5,4.2,4.28,5.7,4.0,4.2,5.5,6.1,4.98
2038,Luis Jiménez Martínez,Recursos Humanos,Nómina,2025-11-07,4.5,3.1,2.9,2.1,4.1,3.41,1.6,0.3,0.0,2.1,1.08,1.9,0.0,3.0,0.0,1.0,1.23,4.5,3.0,1.6,2.1,5.9,3.2
2039,Carlos Romero Gómez,Recursos Humanos,Reclutamiento,2026-07-30,8.2,8.2,10.0,7.2,8.2,8.41,5.7,4.4,6.1,6.3,5.6,5.5,7.0,6.4,6.9,6.4,6.4,8.7,8.9,8.6,8.5,7.5,8.57
2040,Daniela Pérez Jiménez,Recursos Humanos,Nómina,2026-01-04,2.3,5.1,3.0,3.8,3.4,3.53,3.7,3.9,4.3,1.4,3.3,4.5,1.6,2.2,3.2,1.5,2.67,3.4,4.2,5.5,3.4,3.5,4.03
2041,Ximena Romero Torres,Finanzas,Tesorería,2026-02-07,7.1,5.2,4.0,6.1,5.7,5.64,6.1,4.5,5.5,3.0,4.8,6.6,7.3,9.2,7.4,6.1,7.34,8.7,8.0,4.0,9.1,7.1,7.5
2042,Diego Sánchez Pérez,Recursos Humanos,Reclutamiento,2026-05-10,0.8,1.0,0.8,1.3,0.0,0.81,3.5,3.6,2.2,3.1,3.16,4.8,4.4,2.0,4.0,6.1,4.22,2.2,3.6,2.4,0.0,0.3,1.96
2043,Karla Cruz Reyes,Marketing,Investigación de Mercado,2026-02-28,2.6,2.9,2.7,2.3,3.2,2.74,2.6,5.2,4.2,5.6,4.32,3.6,2.5,3.8,2.2,4.5,3.29,2.8,3.5,2.2,3.2,4.4,3.1
2044,Francisco Flores López,Marketing,Marketing Digital,2026-01-17,5.9,4.6,4.4,5.0,4.4,4.92,4.2,7.7,6.6,8.3,6.58,5.6,5.6,6.9,6.8,4.2,5.83,5.2,5.4,3.4,7.4,6.4,5.45
2045,Fernanda Morales Romero,Tecnología,Desarrollo,2025-10-06,8.8,10.0,5.4,8.7,5.9,7.97,6.5,8.4,5.5,7.3,6.98,6.9,7.1,4.0,8.2,8.4,6.79,5.6,7.4,7.8,7.6,4.8,6.81
2046,Pedro Gómez Martínez,Finanzas,Auditoría Interna,2026-08-30,2.5,2.7,3.2,1.6,3.4,2.69,3.0,2.7,2.9,4.3,3.23,3.7,2.5,4.3,1.8,2.9,3.12,2.0,3.4,2.1,1.7,2.3,2.34
2047,Gabriela Cruz Torres,Operaciones,Producción,2025-10-10,4.0,6.2,5.6,6.9,7.3,5.8,5.9,4.9,4.5,7.7,5.82,6.7,6.1,5.5,3.9,8.1,6.1,6.2,4.6,4.3,4.4,5.8,5.02
2048,Camila García Torres,Recursos Humanos,Reclutamiento,2025-11-15,5.8,4.5,5.8,6.2,4.6,5.36,7.8,7.5,5.7,7.4,7.2,6.3,6.7,5.2,7.8,6.6,6.45,5.8,6.2,5.6,5.3,6.2,5.8
2049,Ana Gómez Martínez,Recursos Humanos,Reclutamiento,2026-02-17,5.8,6.2,7.4,5.2,5.4,6.07,5.8,4.9,5.5,6.2,5.61,5.0,6.0,5.9,5.4,8.2,5.97,6.8,5.1,7.1,7.1,7.9,6.6
2050,Camila Rodríguez Vázquez,Operaciones,Logística,2026-06-24,6.8,9.3,7.2,5.4,6.7,7.28,10.0,7.0,9.0,7.1,8.32,9.8,8.8,7.3,9.6,8.0,8.75,6.9,7.0,6.9,6.1,7.5,6.82
2051,Ana Morales Pérez,Marketing,Investigación de Mercado,2026-01-22,3.7,4.5,3.5,4.5,4.2,4.06,3.6,4.0,3.9,4.0,3.86,4.7,5.1,5.6,4.4,4.6,4.92,4.0,4.3,6.0,5.3,3.8,4.72
2052,Francisco Pérez Pérez,Operaciones,Control de Calidad,2026-03-14,6.3,6.5,7.5,6.4,5.8,6.53,5.2,4.8,6.1,7.8,5.93,8.3,7.5,6.7,7.6,6.5,7.4,7.1,4.7,6.8,6.6,6.6,6.29
2053,Laura Pérez Pérez,Recursos Humanos,Reclutamiento,2025-09-16,6.4,7.0,8.5,6.6,7.2,7.12,10.0,8.5,6.6,8.2,8.5,8.7,8.0,8.6,7.4,7.8,8.18,6.8,8.2,7.7,7.6,7.2,7.53
2054,Andrea López Ortiz,Tecnología,Infraestructura,2026-07-03,7.6,6.9,8.9,7.8,7.1,7.64,7.5,7.9,7.6,8.0,7.74,5.7,6.5,7.2,6.9,8.7,6.83,6.1,7.2,7.9,7.9,9.3,7.42
2055,Carlos Cruz García,Operaciones,Producción,2025-11-05,9.1,7.0,7.8,7.6,9.2,8.1,8.2,9.3,7.3,6.9,7.97,6.1,6.4,6.7,7.0,6.6,6.5,6.6,8.9,7.3,8.2,7.2,7.69
2056,Fernanda Torres Romero,Tecnología,Infraestructura,2025-12-25,5.5,2.6,3.1,4.3,2.8,3.71,5.1,4.0,4.1,2.5,3.97,4.9,6.0,2.4,3.3,3.9,4.28,2.3,2.0,1.0,2.6,4.2,2.22
2057,Karla Torres Pérez,Ventas,Ventas Nacionales,2025-12-13,7.7,9.7,8.1,8.5,7.8,8.41,7.0,8.8,7.2,9.9,8.22,6.0,9.9,8.4,7.2,6.3,7.68,9.9,8.8,9.6,7.1,8.7,8.88
2058,Jorge Martínez Morales,Recursos Humanos,Nómina,2025-11-22,7.0,5.6,6.0,5.2,7.5,6.26,4.9,7.4,4.4,5.3,5.52,7.7,8.8,7.9,5.6,7.6,7.68,6.2,7.3,5.3,7.4,4.3,6.35
2059,Luis Pérez Martínez,Finanzas,Contabilidad,2026-06-17,7.5,5.5,5.0,6.6,8.4,6.5,5.8,4.9,4.6,5.3,5.21,4.8,4.4,3.8,5.3,3.5,4.38,5.0,5.6,3.5,6.8,5.2,5.23
2060,Andrea Morales Pérez,Operaciones,Producción,2025-11-09,5.2,6.5,3.8,4.6,6.3,5.32,6.7,4.7,8.5,5.7,6.31,2.9,3.4,4.1,5.1,3.4,3.67,2.1,5.1,3.8,3.3,4.8,3.7
2061,Sofía Flores Castillo,Finanzas,Contabilidad,2026-07-31,9.0,6.6,10.0,9.7,8.4,8.62,9.0,9.0,9.0,8.0,8.75,8.9,9.1,9.7,10.0,8.9,9.27,9.2,10.0,10.0,9.9,10.0,9.78
2062,María Ortiz Cruz,Marketing,Marketing Digital,2025-12-08,10.0,9.6,9.2,9.5,9.6,9.6,8.8,8.6,6.5,5.9,7.56,6.3,8.1,7.7,7.7,9.5,7.72,9.0,8.4,9.2,9.8,6.2,8.77
2063,Jorge Ortiz Ramírez,Recursos Humanos,Nómina,2026-06-07,8.7,9.2,9.1,7.9,7.2,8.56,10.0,8.6,8.0,9.3,9.07,7.2,9.9,8.0,9.7,8.6,8.62,9.7,10.0,10.0,9.9,10.0,9.9
2064,Diego Rodríguez Romero,Recursos Humanos,Capacitación,2026-06-14,4.7,2.8,2.9,5.4,4.6,3.96,3.3,3.0,4.7,4.8,3.88,5.1,4.9,4.7,3.7,4.9,4.73,3.1,4.9,6.2,4.3,6.9,4.79
2065,Camila González Hernández,Recursos Humanos,Reclutamiento,2026-05-12,6.5,6.3,8.6,5.0,5.6,6.51,5.7,8.6,6.2,4.3,6.18,5.8,6.9,6.7,7.7,6.3,6.62,6.0,8.0,6.5,6.4,8.0,6.88
2066,Gabriela Romero Castillo,Ventas,Atención a Clientes,2025-10-16,8.2,7.6,9.7,9.8,10.0,8.86,10.0,9.2,7.5,10.0,9.3,7.7,10.0,10.0,10.0,9.4,9.33,6.3,7.2,8.7,9.8,8.2,7.9
2067,Raúl Sánchez Flores,Finanzas,Tesorería,2026-01-12,5.0,6.9,4.8,3.8,4.3,5.15,5.9,5.5,5.7,6.6,5.94,5.4,7.8,7.2,5.7,6.3,6.54,4.7,5.9,6.7,6.9,6.0,5.97
2068,Ricardo Ortiz Pérez,Recursos Humanos,Reclutamiento,2026-03-17,7.6,6.8,6.5,6.9,8.9,7.27,5.3,6.4,5.6,6.0,5.81,8.3,6.7,7.5,8.3,4.6,7.18,7.4,8.5,6.7,7.3,7.3,7.51
2069,Roberto Gómez Sánchez,Tecnología,Desarrollo,2026-08-16,6.1,4.4,5.8,4.0,6.4,5.34,5.2,6.0,5.0,3.9,5.04,5.0,6.8,4.4,6.1,7.1,5.81,5.8,7.8,6.8,5.8,4.6,6.38
2070,Camila García Rodríguez,Tecnología,Desarrollo,2026-07-25,6.9,9.7,9.3,10.0,9.6,8.95,8.5,8.4,7.2,7.5,7.97,6.3,5.9,5.6,7.8,8.2,6.57,7.7,8.7,10.0,9.5,7.4,8.74
2071,Valeria Romero Ortiz,Recursos Humanos,Capacitación,2025-10-27,7.6,5.0,4.1,4.5,5.2,5.42,4.4,4.3,2.9,2.8,3.68,2.4,2.8,3.0,2.8,2.6,2.71,3.4,0.3,3.4,1.7,3.6,2.31
2072,Andrea González Flores,Ventas,Atención a Clientes,2026-08-01,6.8,5.6,6.4,6.2,6.4,6.27,6.1,5.0,6.8,6.3,6.02,5.1,5.4,7.3,6.6,6.7,6.08,7.6,6.2,6.0,6.1,5.7,6.44
2073,Fernanda Vázquez Ortiz,Marketing,Marketing Digital,2026-04-24,4.1,5.9,5.2,5.4,5.8,5.22,5.3,5.1,6.7,4.7,5.38,3.6,4.1,3.1,2.5,2.6,3.31,4.5,5.1,5.3,3.6,6.5,4.83
2074,Francisco Martínez López,Finanzas,Auditoría Interna,2026-07-14,6.3,4.2,5.8,3.6,7.3,5.42,4.0,8.1,7.4,6.1,6.23,3.8,4.2,5.5,3.5,4.0,4.22,4.8,4.5,5.4,4.6,7.0,5.03
2075,Laura Morales Ortiz,Tecnología,Desarrollo,2026-05-25,7.5,5.9,5.0,5.4,5.3,5.96,6.5,4.7,5.0,6.2,5.68,5.4,4.4,6.6,6.2,4.0,5.3,3.2,3.9,7.4,6.8,8.7,5.48
2076,José Flores Vázquez,Tecnología,Soporte Técnico,2026-01-05,1.9,2.2,2.5,2.2,2.9,2.29,1.6,3.3,4.5,3.9,3.18,3.9,3.8,3.7,4.1,2.3,3.62,5.4,6.7,6.1,5.4,4.5,5.78
2077,Miguel Flores Jiménez,Marketing,Marketing Digital,2026-06-05,7.4,9.4,6.4,6.4,7.0,7.49,10.0,10.0,9.3,8.8,9.56,7.1,10.0,7.8,8.2,7.6,8.2,7.7,6.7,8.0,6.9,7.7,7.35
2078,Camila López Cruz,Marketing,Comunicación de Marca,2026-03-31,6.6,6.5,3.1,4.8,5.2,5.4,6.5,7.3,6.9,6.1,6.68,5.7,3.2,7.4,8.0,4.2,5.54,4.3,3.0,2.9,7.1,5.0,4.32
2079,Sofía López Torres,Recursos Humanos,Capacitación,2026-07-24,8.8,6.2,7.4,8.3,7.1,7.54,7.6,8.5,8.1,10.0,8.52,8.9,9.5,9.0,8.2,8.9,8.96,7.5,7.6,8.5,7.7,8.5,7.86
2080,Alejandro Rodríguez González,Ventas,Ventas Internacionales,2025-12-01,5.8,8.1,6.4,5.4,6.3,6.51,4.6,6.5,7.7,4.8,5.74,4.1,5.6,3.6,5.2,6.8,4.94,6.7,4.9,8.0,7.1,5.1,6.43
2081,Pedro Flores Pérez,Ventas,Atención a Clientes,2026-04-04,6.2,6.4,6.9,6.9,6.9,6.6,7.3,8.1,6.1,6.8,7.14,8.3,7.8,8.6,6.4,7.7,7.86,4.9,6.3,4.8,6.4,4.4,5.48
2082,Daniela Reyes Sánchez,Tecnología,Infraestructura,2025-12-13,6.1,4.9,6.6,8.1,4.7,5.99,3.7,6.8,6.4,6.9,5.82,5.4,5.9,7.1,3.7,5.1,5.56,5.5,7.3,7.1,5.3,4.1,6.09
2083,Francisco Ortiz Torres,Ventas,Ventas Nacionales,2025-12-31,7.1,6.8,7.7,6.7,8.1,7.24,6.1,6.3,5.0,7.9,6.38,5.1,6.7,5.2,5.0,6.9,5.78,5.8,7.9,4.6,5.6,4.9,5.96
2084,Laura Hernández Pérez,Tecnología,Soporte Técnico,2026-05-19,7.6,10.0,8.3,9.7,9.1,8.88,10.0,7.6,9.1,10.0,9.22,8.6,9.1,9.0,9.5,8.5,8.92,9.5,10.0,10.0,10.0,9.5,9.82
2085,Camila Vázquez Rodríguez,Finanzas,Tesorería,2026-01-11,8.4,8.2,6.7,7.6,6.4,7.59,6.1,6.9,7.2,8.1,7.02,7.5,7.3,6.5,6.5,6.8,6.99,6.7,4.8,7.4,8.9,8.6,7.0
2086,Roberto Pérez González,Ventas,Ventas Internacionales,2025-10-03,6.3,7.5,7.2,6.0,6.8,6.81,5.8,5.9,6.8,6.0,6.08,7.5,7.3,5.1,7.0,6.1,6.68,5.7,6.4,6.3,4.0,5.9,5.68
2087,Daniela Hernández Castillo,Operaciones,Control de Calidad,2025-12-01,8.0,8.7,10.0,9.7,7.1,8.7,8.1,8.0,8.5,7.7,8.06,8.3,8.5,8.0,8.0,7.1,8.07,8.9,8.4,8.5,6.8,9.6,8.35
2088,Jorge Vázquez Rodríguez,Marketing,Comunicación de Marca,2026-09-03,5.4,7.1,7.4,7.1,5.2,6.45,4.6,4.4,5.6,6.3,5.18,6.2,7.0,6.3,6.2,5.7,6.34,5.3,6.3,6.6,4.6,7.4,5.88
2089,María Sánchez Reyes,Marketing,Comunicación de Marca,2025-11-20,2.2,4.6,3.7,5.1,3.2,3.68,6.1,4.4,5.0,3.5,4.8,1.8,2.8,3.3,2.1,3.9,2.71,3.0,4.2,2.1,1.0,6.0,3.02
2090,Juan Martínez Martínez,Recursos Humanos,Reclutamiento,2026-05-04,4.2,5.3,3.9,4.5,4.4,4.49,4.8,6.1,5.2,4.7,5.18,6.3,3.7,4.0,4.5,2.8,4.39,3.7,2.8,1.5,3.0,5.2,3.05
2091,Camila Romero Jiménez,Recursos Humanos,Nómina,2026-09-02,9.3,10.0,10.0,10.0,10.0,9.82,10.0,10.0,10.0,10.0,10.0,10.0,10.0,10.0,10.0,10.0,10.0,10.0,10.0,10.0,10.0,10.0,10.0
2092,Camila Pérez Jiménez,Marketing,Investigación de Mercado,2025-12-09,6.4,6.2,6.0,6.8,5.5,6.2,6.2,6.1,5.7,5.1,5.8,8.4,6.0,6.2,4.2,4.8,6.19,7.1,6.9,5.9,3.8,6.1,6.05
2093,Gabriela Martínez Jiménez,Recursos Humanos,Capacitación,2025-10-18,4.7,6.3,6.3,5.8,5.7,5.74,7.2,4.9,5.5,6.1,6.01,7.0,8.4,6.8,6.5,7.3,7.28,8.4,8.1,7.1,7.3,10.0,8.0
2094,Karla Jiménez López,Operaciones,Control de Calidad,2026-01-14,5.8,6.4,5.2,3.5,6.0,5.52,3.0,5.7,3.5,4.1,4.05,6.7,6.9,6.6,7.3,5.0,6.56,6.9,4.7,5.7,5.2,4.8,5.56
2095,Andrea Torres Rodríguez,Operaciones,Control de Calidad,2026-01-18,4.1,2.3,3.6,2.7,3.2,3.2,3.0,4.0,2.6,0.8,2.62,3.4,4.0,3.2,4.8,2.9,3.64,2.9,2.7,2.7,3.2,2.7,2.85
2096,Carlos Castillo Ramírez,Recursos Humanos,Reclutamiento,2026-04-20,8.2,6.1,4.0,6.0,6.8,6.3,7.5,6.6,6.7,7.9,7.22,5.4,5.2,8.2,6.7,8.9,6.63,5.0,6.2,5.1,5.7,6.7,5.63
2097,José Reyes Ortiz,Operaciones,Control de Calidad,2026-04-08,10.0,9.0,10.0,9.6,10.0,9.69,10.0,8.5,10.0,9.2,9.43,10.0,10.0,9.9,10.0,8.6,9.77,10.0,10.0,9.1,10.0,10.0,9.82
2098,José Torres Hernández,Ventas,Ventas Internacionales,2026-04-07,6.6,4.3,4.6,3.7,2.2,4.53,4.7,4.7,5.0,5.0,4.84,6.4,7.2,5.4,5.8,5.8,6.22,5.7,3.7,3.8,5.6,3.3,4.56
2099,Ricardo Gómez Ramírez,Marketing,Marketing Digital,2026-04-08,5.6,6.3,6.4,7.1,7.5,6.44,5.7,6.4,4.6,6.3,5.81,7.9,9.1,8.0,6.1,6.9,7.8,7.0,8.7,6.6,7.2,6.8,7.36
2100,Sergio Jiménez Martínez,Finanzas,Tesorería,2026-02-22,3.4,3.9,5.7,5.1,4.2,4.36,3.2,3.8,2.2,2.7,3.03,4.4,7.8,5.8,3.3,6.3,5.65,7.4,3.4,6.1,5.0,4.8,5.4
2101,Ana Castillo Martínez,Marketing,Comunicación de Marca,2026-06-28,4.5,6.5,2.8,3.7,5.5,4.69,4.9,6.7,6.9,4.8,5.72,6.4,2.5,4.3,2.8,3.6,4.04,4.6,5.3,5.7,7.4,7.2,5.82
2102,Juan García Martínez,Marketing,Investigación de Mercado,2026-09-04,5.6,5.7,2.9,5.2,6.5,5.16,4.7,3.0,5.8,6.7,5.0,7.4,7.6,7.3,5.5,6.1,6.95,3.2,4.4,4.7,6.1,5.2,4.58
2103,Jorge García Castillo,Operaciones,Logística,2026-07-22,4.4,3.9,2.7,6.1,5.0,4.28,4.1,6.5,4.7,4.4,4.89,5.7,6.5,4.8,7.0,2.7,5.46,3.9,5.6,5.3,7.2,4.6,5.34
2104,Sofía Morales Ortiz,Recursos Humanos,Capacitación,2026-08-19,6.3,7.7,7.3,7.6,6.1,7.02,9.4,7.0,7.3,7.8,7.98,8.0,7.1,9.3,5.9,8.2,7.75,5.8,7.9,9.5,7.1,6.2,7.36
2105,Alejandro Romero Romero,Finanzas,Contabilidad,2026-03-02,6.3,6.6,6.1,6.8,7.0,6.52,4.9,4.0,5.1,3.1,4.26,3.4,5.2,5.3,4.0,7.3,4.9,4.2,3.2,4.0,4.7,4.9,4.08
2106,Raúl Vázquez Rodríguez,Operaciones,Logística,2026-01-19,7.6,9.9,9.9,9.8,8.5,9.1,5.5,4.9,8.4,7.2,6.36,7.5,7.6,7.3,6.8,8.0,7.45,9.3,7.7,7.5,7.8,8.9,8.2
2107,Daniela Torres Hernández,Marketing,Investigación de Mercado,2026-06-16,4.5,6.1,4.2,4.1,5.2,4.89,4.1,6.0,4.1,3.2,4.35,6.7,3.1,3.3,4.2,5.7,4.6,2.1,1.3,3.4,5.5,3.6,2.99
2108,Juan González Romero,Recursos Humanos,Capacitación,2026-08-13,4.2,3.0,5.9,4.0,4.0,4.18,4.7,2.5,3.1,5.2,3.96,2.0,2.3,4.4,3.9,3.6,3.08,3.9,1.0,2.8,2.4,2.2,2.49
2109,Luis Torres Flores,Operaciones,Control de Calidad,2026-05-25,5.2,6.0,6.0,5.4,6.0,5.71,6.1,6.9,7.8,7.7,7.04,5.8,5.9,6.1,4.3,6.8,5.81,5.6,6.6,5.1,6.1,6.7,5.96
2110,Daniela Castillo López,Finanzas,Contabilidad,2025-11-08,9.1,9.7,7.4,7.6,6.8,8.34,8.1,7.2,8.7,7.5,7.84,8.1,7.8,5.2,8.7,6.8,7.34,8.5,7.8,8.7,8.2,10.0,8.46
2111,Raúl Vázquez Rodríguez,Operaciones,Control de Calidad,2025-12-31,7.3,8.6,7.9,6.8,6.8,7.59,8.3,8.4,7.1,6.5,7.64,7.4,8.8,8.0,7.9,8.2,8.07,9.9,9.5,9.5,9.6,7.6,9.43
2112,Gabriela Romero Sánchez,Marketing,Marketing Digital,2026-04-10,4.1,3.6,3.2,4.6,4.5,3.93,4.8,2.9,4.6,3.5,3.96,4.0,5.2,5.3,3.6,4.7,4.6,4.6,4.5,5.5,6.3,3.4,4.97
2113,Ricardo Gómez García,Ventas,Ventas Nacionales,2026-06-17,10.0,9.0,9.8,8.0,9.4,9.32,9.6,9.9,9.0,10.0,9.66,8.8,7.8,8.5,9.0,8.0,8.4,8.8,9.0,8.5,9.8,10.0,9.11
2114,Diego González Morales,Finanzas,Auditoría Interna,2026-01-18,7.4,3.8,7.7,6.2,6.6,6.26,5.2,5.0,4.2,6.5,5.28,5.8,7.3,6.2,6.1,6.1,6.35,4.4,5.7,5.9,2.5,5.3,4.74
2115,Roberto Pérez Hernández,Recursos Humanos,Nómina,2025-12-13,10.0,8.0,8.3,10.0,10.0,9.16,10.0,10.0,8.7,8.5,9.36,10.0,10.0,7.3,6.8,9.6,8.92,10.0,10.0,8.9,8.3,9.4,9.38
2116,Ximena González Hernández,Marketing,Investigación de Mercado,2025-09-08,7.5,7.2,7.8,8.1,6.6,7.44,6.4,7.9,8.9,7.2,7.48,7.7,8.7,7.8,8.1,7.9,8.06,9.1,8.3,7.7,9.4,8.0,8.57
2117,María Martínez López,Operaciones,Control de Calidad,2025-12-30,7.5,8.7,6.0,6.9,9.3,7.68,4.9,7.4,8.6,7.2,6.84,9.0,7.5,6.7,9.0,7.1,7.88,4.3,6.9,6.2,7.0,7.9,6.23
2118,María Cruz Castillo,Recursos Humanos,Reclutamiento,2026-05-13,10.0,9.3,7.4,9.6,9.0,9.1,8.0,6.5,9.1,7.8,7.8,9.0,9.5,7.1,8.3,9.4,8.7,10.0,10.0,10.0,10.0,10.0,10.0
2119,Ricardo Rodríguez Sánchez,Marketing,Marketing Digital,2026-08-31,10.0,10.0,8.3,10.0,8.7,9.46,10.0,9.3,10.0,7.1,9.1,9.7,9.9,9.8,7.1,7.2,9.01,8.3,10.0,10.0,10.0,9.2,9.49
2120,Jorge Reyes Pérez,Ventas,Atención a Clientes,2026-04-06,5.0,5.5,3.9,7.1,6.5,5.44,5.9,6.1,6.1,5.1,5.79,6.2,6.1,7.5,5.3,5.7,6.22,4.2,4.6,4.8,5.7,4.6,4.76
2121,Ana Cruz Cruz,Operaciones,Control de Calidad,2026-08-19,6.9,7.1,5.2,6.5,6.0,6.41,3.4,6.3,4.5,4.5,4.62,6.9,5.8,8.8,8.2,6.6,7.16,6.3,5.8,7.8,7.9,6.9,6.86
2122,Camila Martínez Ramírez,Operaciones,Control de Calidad,2026-01-24,7.6,7.4,7.5,4.8,5.7,6.82,6.9,9.3,7.6,7.2,7.71,4.9,5.8,6.3,6.2,6.1,5.78,8.0,7.5,7.2,6.3,8.2,7.4
2123,Mariana Ortiz García,Finanzas,Auditoría Interna,2026-01-29,7.6,8.5,10.0,8.8,5.6,8.18,6.3,5.9,6.2,9.1,6.88,6.1,7.8,6.8,8.4,9.0,7.44,7.3,7.9,7.1,10.0,8.6,8.08
2124,Roberto Reyes Romero,Tecnología,Soporte Técnico,2025-12-06,6.4,5.4,5.5,2.4,5.5,5.24,5.4,4.9,3.4,3.1,4.3,4.6,2.0,1.9,0.0,1.3,2.22,2.4,1.3,4.0,2.1,4.1,2.56
2125,Fernanda Rodríguez Morales,Recursos Humanos,Capacitación,2026-01-19,5.1,5.3,3.8,4.3,4.4,4.66,6.5,5.5,3.2,6.5,5.59,6.4,5.5,4.6,4.2,7.1,5.59,6.0,6.4,6.7,6.0,7.3,6.37
2126,Mariana Sánchez Rodríguez,Operaciones,Control de Calidad,2026-01-17,5.5,7.5,5.9,5.9,5.3,6.11,5.5,7.3,9.0,7.7,7.2,8.0,5.4,8.1,8.4,7.4,7.34,6.4,7.4,6.6,7.8,7.7,7.1
2127,Camila González Morales,Tecnología,Infraestructura,2026-03-05,5.7,3.8,4.3,5.3,3.1,4.49,6.6,4.1,3.7,7.1,5.52,7.2,5.8,7.3,6.7,8.3,6.96,4.6,5.3,5.3,5.7,5.3,5.2
2128,Raúl Pérez Ramírez,Ventas,Ventas Nacionales,2026-04-29,10.0,8.3,9.5,10.0,9.3,9.37,7.6,7.9,8.3,8.0,7.92,8.5,6.9,7.6,6.7,7.5,7.5,8.3,7.0,7.6,7.5,9.2,7.76
2129,Gabriela Rodríguez Cruz,Tecnología,Infraestructura,2026-05-03,5.0,4.8,5.2,8.5,4.7,5.47,3.3,5.2,6.4,5.6,4.97,7.9,6.8,8.1,5.6,6.4,7.1,7.0,5.4,5.3,3.9,6.5,5.59
2130,Pedro Flores Castillo,Ventas,Ventas Nacionales,2026-03-15,6.8,6.8,6.1,6.9,10.0,7.16,6.5,6.6,6.8,7.3,6.78,7.8,7.9,10.0,8.2,7.4,8.26,8.6,8.9,10.0,9.8,7.0,9.04
2131,Laura González González,Marketing,Comunicación de Marca,2025-11-04,8.8,10.0,9.3,8.3,9.2,9.18,7.3,8.9,9.2,8.6,8.4,6.1,8.5,8.4,7.6,7.8,7.64,6.4,9.5,7.5,9.6,7.6,8.15
2132,Roberto Cruz Cruz,Tecnología,Infraestructura,2026-05-12,5.4,5.1,3.7,3.6,5.1,4.67,7.3,5.9,4.2,4.5,5.63,6.3,4.5,2.8,4.9,3.3,4.49,4.0,6.0,5.7,3.7,6.2,5.0
2133,Carlos Torres Gómez,Finanzas,Tesorería,2026-03-27,6.0,6.3,7.6,6.4,7.3,6.65,6.2,6.4,7.3,4.0,5.92,7.7,7.1,6.7,6.3,6.5,6.96,3.9,5.6,5.2,4.3,5.2,4.8
2134,Sofía Gómez Flores,Recursos Humanos,Capacitación,2025-10-01,2.5,2.6,2.0,0.0,3.0,2.12,4.7,6.0,2.3,4.4,4.47,4.5,1.7,3.3,1.3,3.9,2.99,5.1,4.9,3.0,3.5,3.1,4.11
2135,Roberto Torres Pérez,Operaciones,Control de Calidad,2026-09-03,10.0,10.0,8.6,9.6,9.4,9.57,9.8,8.3,10.0,8.4,9.12,10.0,10.0,10.0,10.0,10.0,10.0,9.8,10.0,9.4,10.0,10.0,9.83
2136,Paola Flores Gómez,Recursos Humanos,Reclutamiento,2026-01-16,8.9,8.9,7.9,9.6,7.6,8.61,8.3,9.6,8.4,7.4,8.42,8.4,7.5,7.9,7.0,9.6,8.04,10.0,8.4,8.5,10.0,8.9,9.19
2137,Ximena Castillo Ramírez,Finanzas,Tesorería,2026-03-29,1.9,2.7,4.3,3.1,4.3,3.12,2.9,3.3,2.4,2.9,2.9,3.6,5.7,3.1,3.4,0.2,3.48,1.2,2.8,4.6,2.0,3.5,2.67
2138,Ximena González Flores,Marketing,Comunicación de Marca,2025-10-31,7.5,7.5,10.0,8.8,8.8,8.39,6.6,8.1,6.4,6.3,6.86,6.9,8.6,10.0,5.5,6.7,7.7,7.8,7.6,7.8,9.0,9.0,8.11
2139,Sergio Morales López,Tecnología,Desarrollo,2026-05-01,5.8,5.8,5.5,7.6,5.2,5.92,4.4,6.2,5.4,3.6,4.85,7.5,5.7,5.6,4.8,5.5,5.96,6.4,5.7,5.9,3.1,3.7,5.2
2140,Raúl Martínez Torres,Tecnología,Desarrollo,2025-12-18,7.0,7.5,7.9,7.2,8.1,7.5,6.1,6.2,5.0,6.0,5.88,6.7,6.6,6.4,7.6,6.2,6.68,7.3,6.2,6.7,7.0,5.2,6.64
2141,Sofía López Pérez,Ventas,Ventas Internacionales,2026-08-08,4.1,4.4,4.5,4.1,4.8,4.36,7.2,5.4,4.3,6.4,5.97,8.2,6.0,5.9,5.7,7.0,6.64,6.3,6.8,6.4,7.4,6.7,6.7
2142,Laura Cruz Romero,Ventas,Atención a Clientes,2025-10-27,6.2,7.6,6.5,6.3,6.8,6.72,6.6,9.3,9.1,7.9,8.1,9.6,7.6,9.5,6.7,7.8,8.38,8.2,7.9,8.9,8.8,8.6,8.43
2143,Carlos Vázquez Sánchez,Recursos Humanos,Capacitación,2026-07-08,8.6,9.1,8.4,5.3,9.1,8.26,8.3,7.4,9.1,6.6,7.81,8.9,8.8,8.2,7.9,9.8,8.72,4.8,5.9,8.2,7.6,7.9,6.62
2144,Carlos Torres González,Ventas,Ventas Internacionales,2025-09-23,7.1,5.2,7.3,6.6,8.7,6.83,5.3,10.0,6.8,7.5,7.32,6.2,7.6,5.7,6.3,6.2,6.46,8.6,6.2,6.8,8.1,5.9,7.27
2145,Ximena Reyes Vázquez,Marketing,Marketing Digital,2025-11-23,6.7,5.5,5.5,6.0,7.1,6.12,5.3,3.6,5.6,3.9,4.58,5.9,5.1,4.6,5.4,4.8,5.2,6.2,6.0,7.3,6.2,6.7,6.42
2146,Andrea Rodríguez López,Recursos Humanos,Reclutamiento,2025-10-04,8.4,10.0,9.6,8.2,8.0,8.95,10.0,7.5,8.5,6.7,8.25,7.8,7.5,6.4,7.5,8.2,7.46,7.3,6.6,8.0,9.6,8.4,7.83
2147,Laura López Pérez,Marketing,Comunicación de Marca,2026-08-16,7.4,6.8,8.1,4.9,8.3,7.15,5.4,5.1,6.3,6.4,5.76,5.3,6.6,7.1,8.1,6.3,6.56,7.4,7.5,6.1,6.0,8.1,6.96
2148,Roberto Reyes Martínez,Marketing,Comunicación de Marca,2025-12-22,7.2,8.3,5.7,6.8,7.3,7.13,6.3,7.6,4.8,4.5,5.88,6.1,7.5,4.7,7.7,8.8,6.82,5.5,5.7,5.5,5.0,6.2,5.52
2149,Valeria Ramírez González,Ventas,Atención a Clientes,2026-06-21,6.5,5.2,3.6,6.5,3.8,5.19,4.0,4.9,3.8,2.8,3.88,6.3,6.2,4.9,8.1,6.3,6.26,3.9,6.7,3.8,4.7,3.1,4.66
2150,Andrea Pérez Ramírez,Marketing,Marketing Digital,2025-11-24,6.8,6.1,7.7,4.4,6.4,6.38,6.2,5.0,4.6,6.8,5.73,4.8,6.4,4.5,3.6,6.4,5.2,6.1,4.3,5.8,7.2,5.4,5.74
2151,Francisco Torres Reyes,Recursos Humanos,Nómina,2025-09-13,5.6,6.2,7.8,6.7,7.8,6.68,5.4,6.9,9.4,8.3,7.3,5.4,6.6,7.5,6.4,5.5,6.28,7.5,4.7,7.7,5.0,4.9,6.08
2152,Miguel Pérez Reyes,Tecnología,Soporte Técnico,2025-12-06,10.0,9.1,7.0,9.1,8.5,8.82,8.8,9.0,9.3,8.8,8.95,9.6,8.4,9.2,8.2,9.9,9.06,9.8,9.7,9.1,9.2,8.1,9.35
2153,Sofía García López,Ventas,Atención a Clientes,2026-06-07,5.2,4.3,5.9,6.2,4.9,5.22,6.6,4.8,7.4,5.5,6.04,7.4,6.0,6.4,3.6,6.3,6.12,8.0,5.7,6.1,7.9,7.0,6.92
2154,Paola Jiménez Morales,Finanzas,Tesorería,2026-04-17,6.6,7.9,7.2,9.8,7.1,7.6,5.4,7.0,6.9,7.3,6.58,8.3,6.8,8.6,7.7,7.2,7.73,7.4,6.3,6.1,7.5,8.3,6.98
2155,Jorge López Jiménez,Operaciones,Producción,2026-05-29,6.6,6.4,6.5,7.4,5.4,6.47,10.0,10.0,10.0,10.0,10.0,8.8,10.0,7.4,6.7,7.4,8.3,6.4,8.0,5.0,8.7,5.8,6.92
2156,María Torres Ortiz,Finanzas,Auditoría Interna,2025-09-14,6.3,5.3,7.2,6.1,6.7,6.26,9.4,6.5,7.1,6.4,7.46,7.1,6.5,5.5,6.8,4.9,6.26,6.1,4.1,6.1,6.2,6.0,5.61
2157,Pedro Ramírez Romero,Marketing,Investigación de Mercado,2026-01-25,6.4,3.0,5.7,4.5,4.5,4.84,4.5,4.3,3.8,3.5,4.06,4.6,5.0,5.3,3.0,4.0,4.51,5.6,5.2,5.9,5.8,5.5,5.59
2158,Andrea Romero Reyes,Operaciones,Producción,2026-02-01,7.6,4.5,7.7,7.5,4.6,6.38,6.6,5.4,5.2,6.4,5.97,5.0,6.1,5.1,6.7,5.4,5.61,7.3,6.8,8.2,5.6,7.9,7.08
2159,Camila Pérez Romero,Operaciones,Logística,2025-09-13,3.4,4.5,5.4,4.0,4.7,4.36,4.9,4.2,2.0,4.8,4.12,2.3,3.9,4.2,6.1,3.6,3.84,3.3,3.6,4.6,4.4,3.8,3.9
2160,Mariana Gómez Rodríguez,Operaciones,Logística,2026-02-12,7.6,6.6,7.4,5.8,4.6,6.59,4.1,3.3,4.3,5.5,4.29,8.2,7.8,6.9,6.9,5.8,7.28,5.9,6.9,4.6,5.3,2.8,5.46
2161,Ricardo Ramírez López,Tecnología,Infraestructura,2026-08-07,3.2,2.4,1.5,2.7,1.9,2.39,4.1,2.5,4.4,3.7,3.66,4.6,3.0,4.2,5.0,3.2,3.97,2.0,4.2,1.4,2.3,1.9,2.48
2162,Diego Torres Rodríguez,Recursos Humanos,Reclutamiento,2025-10-25,2.6,1.0,3.3,0.0,1.9,1.84,2.3,2.0,2.7,2.9,2.46,0.7,3.9,2.8,1.0,2.0,2.16,3.6,3.2,3.1,4.2,2.0,3.36
2163,Raúl Torres Flores,Marketing,Comunicación de Marca,2026-09-03,7.4,4.3,7.8,7.2,6.0,6.46,5.3,7.0,7.3,4.9,6.02,3.5,4.7,4.7,4.2,5.8,4.49,5.5,5.1,5.4,5.7,6.5,5.52
2164,Alejandro Morales Rodríguez,Ventas,Ventas Internacionales,2025-11-15,2.9,3.3,1.1,3.7,3.0,2.77,4.8,4.9,4.4,3.7,4.47,1.6,1.8,4.5,3.1,3.6,2.76,1.2,2.1,2.1,0.0,1.2,1.37
2165,Camila Ramírez Torres,Operaciones,Producción,2026-06-02,8.6,7.7,8.0,7.1,9.4,8.15,5.8,7.5,5.0,5.1,5.89,7.0,5.2,6.0,7.4,6.2,6.29,8.1,6.7,5.8,5.6,6.2,6.6
2166,Ricardo Rodríguez Romero,Operaciones,Producción,2025-12-30,8.5,7.5,7.5,8.5,9.1,8.14,6.5,5.2,4.7,6.0,5.69,6.9,6.2,5.9,6.5,6.3,6.38,7.6,7.8,7.7,8.5,6.6,7.75
2167,Sergio Vázquez Pérez,Recursos Humanos,Capacitación,2026-03-23,6.7,5.2,4.7,3.8,6.7,5.49,5.9,7.9,8.9,6.5,7.15,5.9,6.6,4.2,7.6,5.0,5.86,7.1,7.1,4.9,7.2,6.3,6.6
2168,Juan Ramírez Rodríguez,Ventas,Ventas Internacionales,2026-05-21,4.9,3.7,6.2,3.5,3.1,4.38,3.6,2.7,4.1,1.7,3.0,5.6,5.8,6.1,3.9,7.3,5.75,4.6,4.8,6.6,5.1,4.6,5.15
2169,Laura Ortiz Reyes,Operaciones,Producción,2026-06-01,6.3,8.3,7.3,7.1,7.9,7.36,8.9,8.5,8.3,7.9,8.43,6.8,7.7,6.3,7.0,8.1,7.15,7.4,7.1,5.9,7.8,6.5,7.02
2170,Mariana Sánchez Reyes,Tecnología,Desarrollo,2025-11-22,10.0,10.0,10.0,7.7,10.0,9.65,8.9,10.0,7.0,7.3,8.4,8.4,7.3,10.0,6.1,9.6,8.28,7.8,7.2,7.6,8.9,8.0,7.85
2171,Karla Cruz Vázquez,Finanzas,Contabilidad,2026-04-16,5.0,4.7,6.0,4.7,3.4,4.84,4.7,4.2,6.0,7.0,5.41,4.7,6.3,6.0,5.3,6.0,5.64,4.3,3.7,3.7,6.7,5.7,4.65
2172,María Rodríguez Vázquez,Tecnología,Infraestructura,2026-01-11,6.5,5.8,6.0,7.6,6.4,6.38,6.0,6.7,5.0,4.9,5.7,8.5,5.3,9.9,7.4,9.2,7.92,7.6,9.4,7.6,8.8,7.0,8.23
2173,Francisco Torres Romero,Finanzas,Auditoría Interna,2026-06-30,8.7,7.7,6.8,6.9,6.3,7.44,6.1,6.5,3.9,5.3,5.56,6.5,5.0,7.7,7.4,8.1,6.74,6.3,4.6,7.1,5.7,5.8,5.86
2174,María Rodríguez Reyes,Tecnología,Infraestructura,2025-09-28,7.0,9.3,9.5,6.9,7.2,8.09,6.6,6.7,8.0,5.4,6.6,7.8,6.6,7.4,8.1,8.3,7.54,9.2,8.6,7.7,8.8,7.6,8.51
2175,Alejandro Castillo Vázquez,Finanzas,Tesorería,2026-07-31,1.5,3.5,2.6,4.0,2.6,2.76,4.8,4.6,4.3,2.7,4.12,4.3,4.1,4.5,4.9,4.4,4.39,4.2,3.4,3.4,3.3,3.0,3.54
2176,Luis Sánchez Reyes,Tecnología,Soporte Técnico,2026-01-21,6.0,5.9,6.9,9.0,6.4,6.66,7.2,6.7,5.0,7.7,6.76,7.0,6.8,6.2,8.1,7.0,6.96,7.2,5.5,6.0,6.6,9.4,6.64
2177,Juan Hernández Ortiz,Recursos Humanos,Nómina,2026-07-08,3.8,7.1,5.7,5.0,3.9,5.2,7.2,7.1,4.6,7.3,6.68,6.6,6.6,7.3,5.7,7.6,6.76,8.3,5.6,5.6,7.4,5.3,6.6
2178,Carlos Morales Cruz,Operaciones,Producción,2025-11-15,4.7,4.2,6.7,6.6,3.8,5.13,5.9,6.3,5.9,5.2,5.82,7.1,8.4,7.2,9.1,7.5,7.81,5.3,6.8,5.8,4.9,6.2,5.78
2179,Fernanda Vázquez Sánchez,Ventas,Ventas Internacionales,2026-08-18,9.2,8.0,7.9,9.9,9.1,8.73,9.8,8.9,8.8,9.0,9.18,8.6,10.0,9.6,7.4,10.0,9.18,9.8,9.8,10.0,10.0,9.6,9.86
2180,Miguel Ramírez Romero,Recursos Humanos,Capacitación,2026-06-14,2.3,4.1,6.9,4.9,3.8,4.28,2.4,3.2,2.9,4.3,3.18,4.1,1.6,1.2,3.6,2.6,2.6,4.5,3.9,5.8,2.1,2.2,3.9
2181,Valeria López Ortiz,Tecnología,Soporte Técnico,2026-05-15,6.2,6.5,8.1,4.9,7.4,6.64,5.9,5.2,5.9,6.8,5.95,4.5,6.8,5.5,4.5,5.5,5.43,4.4,7.9,5.4,5.9,6.5,5.99
2182,Pedro Sánchez Hernández,Marketing,Marketing Digital,2026-03-12,6.7,7.4,6.7,7.0,5.8,6.78,5.3,4.4,4.8,5.4,5.0,3.2,4.9,4.7,2.2,4.5,3.97,7.1,4.1,4.2,5.7,5.1,5.29
2183,José Ramírez Rodríguez,Finanzas,Contabilidad,2026-08-23,6.4,5.5,4.9,3.3,5.8,5.32,7.9,4.3,7.2,4.1,5.91,7.5,8.4,7.3,6.2,5.6,7.2,6.9,8.4,7.7,8.1,6.9,7.68
2184,Gabriela Flores González,Finanzas,Auditoría Interna,2026-07-12,7.5,7.3,8.3,6.6,7.7,7.51,7.9,7.8,7.2,6.4,7.36,5.5,5.5,6.5,6.0,6.0,5.85,5.3,6.3,4.7,5.9,5.9,5.61
2185,Karla García Martínez,Tecnología,Soporte Técnico,2025-10-11,7.6,7.8,5.0,6.4,6.5,6.78,5.7,6.1,5.7,3.1,5.15,8.5,6.6,4.7,4.3,4.0,5.96,6.3,6.7,5.5,8.5,5.0,6.55
2186,Karla Hernández Ramírez,Finanzas,Contabilidad,2026-02-11,6.6,4.7,5.1,5.3,6.6,5.63,6.2,4.9,5.8,7.1,6.02,6.3,4.3,4.7,6.6,5.1,5.34,6.3,7.6,4.9,5.1,6.1,6.08
2187,José Rodríguez Gómez,Tecnología,Soporte Técnico,2025-10-22,3.5,5.7,4.1,4.5,6.0,4.69,4.9,4.1,1.8,2.6,3.5,1.2,5.5,4.1,1.7,3.0,3.2,3.8,4.0,3.7,4.1,1.2,3.63
2188,Diego Torres Sánchez,Finanzas,Auditoría Interna,2025-10-07,9.5,9.6,10.0,9.1,9.8,9.61,7.6,7.8,7.6,9.0,8.0,9.1,10.0,9.5,8.0,10.0,9.38,10.0,8.1,8.8,8.7,10.0,9.02
2189,Diego Castillo Sánchez,Marketing,Comunicación de Marca,2026-05-25,6.7,6.6,7.7,4.2,5.8,6.36,4.0,5.9,5.7,3.5,4.69,4.8,5.2,6.6,5.0,5.4,5.38,4.1,4.5,4.8,6.0,5.3,4.84
2190,Karla Flores Ramírez,Finanzas,Tesorería,2026-04-23,4.8,3.7,6.2,3.4,5.8,4.74,6.9,3.8,4.4,6.3,5.48,7.4,4.7,8.6,5.6,4.5,6.26,5.8,5.7,6.7,7.3,4.7,6.14
2191,Juan Torres Pérez,Tecnología,Soporte Técnico,2025-12-05,4.9,7.1,5.5,4.4,4.2,5.39,5.9,4.0,6.6,5.3,5.42,3.2,6.7,5.7,7.2,6.8,5.72,7.3,5.1,6.2,8.0,7.9,6.73
2192,Gabriela Gómez González,Tecnología,Desarrollo,2025-11-01,2.9,1.8,3.5,3.0,3.4,2.84,3.0,0.6,1.2,2.1,1.82,1.9,2.1,4.6,3.5,2.8,2.86,2.8,2.1,2.3,3.4,3.3,2.7
2193,Camila Castillo Rodríguez,Ventas,Ventas Nacionales,2025-12-24,4.7,2.4,3.2,3.5,4.0,3.54,1.7,1.9,4.5,3.0,2.64,5.6,5.4,4.2,2.9,4.4,4.68,2.2,4.7,4.3,2.8,4.8,3.62
2194,Pedro Hernández Rodríguez,Finanzas,Auditoría Interna,2026-01-06,4.9,5.0,5.4,6.5,5.8,5.4,4.9,5.8,4.4,3.3,4.62,4.8,5.7,4.3,6.0,4.4,5.04,4.1,4.2,4.1,3.4,2.9,3.86
2195,Laura García Jiménez,Operaciones,Producción,2026-05-24,5.3,5.8,6.8,6.7,6.2,6.07,5.6,5.4,4.6,4.7,5.12,3.9,5.1,6.1,6.2,7.6,5.54,6.1,6.6,5.1,5.0,6.3,5.82
2196,Karla Torres Romero,Ventas,Atención a Clientes,2025-09-17,6.8,7.3,8.3,8.4,6.5,7.42,4.2,6.3,7.0,6.9,5.96,4.6,4.1,5.7,6.7,6.5,5.3,6.6,6.4,7.1,5.8,6.5,6.48
2197,Francisco Flores González,Finanzas,Contabilidad,2025-12-30,4.8,5.0,4.8,5.6,3.9,4.84,4.5,4.3,5.2,5.5,4.84,5.7,6.7,6.5,7.1,5.8,6.34,5.1,5.6,5.9,4.4,6.7,5.4
2198,Jorge Vázquez Pérez,Ventas,Ventas Nacionales,2026-08-25,5.1,6.5,4.2,6.4,5.2,5.48,6.0,7.2,5.8,5.4,6.11,6.4,5.4,3.4,6.9,6.7,5.67,5.7,6.9,7.5,5.3,4.1,6.12
2199,Sergio Jiménez Morales,Marketing,Investigación de Mercado,2025-11-29,5.2,5.5,5.6,2.9,2.9,4.66,4.5,5.6,6.6,5.2,5.37,6.7,7.6,5.5,5.4,6.4,6.45,4.4,7.0,6.4,7.1,7.2,6.27
2200,Camila García Vázquez,Operaciones,Control de Calidad,2026-06-14,6.6,4.2,6.4,6.1,3.8,5.47,5.3,7.9,6.8,4.9,6.15,5.7,6.1,4.7,5.7,6.8,5.76,6.5,6.4,7.2,6.3,4.3,6.36
2201,Ricardo Sánchez López,Tecnología,Infraestructura,2026-05-26,7.6,10.0,8.8,8.5,10.0,8.94,7.0,10.0,9.3,10.0,8.96,7.0,7.8,7.9,8.3,7.6,7.66,9.7,7.5,8.9,10.0,8.5,8.93
2202,Mariana Gómez García,Recursos Humanos,Nómina,2026-05-13,6.6,9.6,7.1,6.8,4.9,7.22,5.7,5.2,5.7,5.8,5.6,5.3,6.5,4.8,7.5,6.6,6.02,5.3,5.6,6.5,3.6,5.6,5.3
2203,Karla Hernández Cruz,Tecnología,Soporte Técnico,2026-07-22,8.2,9.0,10.0,8.7,9.5,9.03,9.6,9.7,9.6,9.0,9.48,6.4,7.6,6.6,6.8,9.0,7.19,10.0,7.8,7.4,5.8,8.4,7.93
2204,José Jiménez García,Finanzas,Auditoría Interna,2026-01-30,5.7,7.9,6.9,4.0,6.9,6.42,5.3,6.0,4.4,6.8,5.67,8.4,5.9,6.6,6.1,8.1,7.02,5.7,6.0,4.6,8.7,5.3,6.12
2205,Valeria Flores Rodríguez,Ventas,Ventas Internacionales,2025-11-18,2.1,2.2,5.1,2.3,3.2,2.92,2.9,4.2,2.9,3.7,3.42,1.6,3.6,2.9,1.8,1.4,2.36,1.0,0.5,2.8,0.8,1.6,1.25
2206,Jorge Hernández Hernández,Tecnología,Infraestructura,2026-09-05,7.6,8.9,7.3,7.4,8.6,7.98,5.7,5.3,4.5,5.9,5.41,5.7,4.0,7.1,5.8,5.6,5.56,6.5,5.9,6.3,6.4,6.1,6.25
2207,Paola García Vázquez,Recursos Humanos,Nómina,2026-03-25,5.4,5.6,6.5,4.3,3.5,5.22,3.7,5.2,6.5,6.1,5.24,6.0,6.7,4.7,7.7,3.5,5.8,5.9,6.1,6.0,5.5,4.4,5.74
2208,María Torres Romero,Ventas,Atención a Clientes,2026-04-04,4.7,6.3,3.8,5.9,5.7,5.25,6.0,4.4,7.0,5.1,5.57,2.2,1.5,6.3,2.6,3.4,3.08,4.7,6.0,2.5,5.3,5.5,4.78
2209,José Reyes Ramírez,Operaciones,Control de Calidad,2026-02-01,4.4,3.1,4.0,4.0,2.6,3.66,1.8,4.6,2.8,3.5,3.12,4.9,3.2,3.3,1.4,0.1,2.91,3.7,3.0,4.6,3.0,2.0,3.4
2210,Paola Jiménez Morales,Finanzas,Tesorería,2025-10-17,6.2,7.8,10.0,6.1,7.1,7.48,7.3,8.7,8.8,6.7,7.8,8.4,7.6,4.6,6.5,8.6,7.18,7.0,7.8,5.7,6.2,6.7,6.75
2211,José Jiménez García,Tecnología,Soporte Técnico,2026-03-14,4.7,5.0,5.0,6.5,7.9,5.58,5.6,5.9,6.0,4.0,5.36,5.7,5.4,5.5,5.5,5.7,5.56,6.4,5.1,6.8,7.2,5.0,6.18
2212,Jorge Jiménez Vázquez,Operaciones,Logística,2025-09-09,6.7,8.8,9.0,6.7,8.4,7.94,6.0,7.3,8.4,7.7,7.23,8.5,6.8,6.1,6.2,9.8,7.44,6.6,7.2,8.3,7.9,6.4,7.33
2213,Juan Torres Vázquez,Tecnología,Infraestructura,2025-12-20,7.4,5.7,8.2,6.6,6.6,6.9,6.6,6.9,9.3,5.9,7.04,5.1,7.9,6.4,6.9,8.0,6.76,7.5,6.6,8.8,8.2,7.6,7.68
2214,Gabriela Reyes Ramírez,Finanzas,Contabilidad,2025-12-15,6.4,7.6,7.6,4.1,5.5,6.46,8.6,6.0,6.1,6.5,6.92,6.3,9.6,8.1,7.1,6.1,7.58,7.2,7.9,5.8,7.2,5.9,6.97
2215,Luis Torres Reyes,Operaciones,Producción,2026-03-01,6.5,6.8,6.5,7.0,6.4,6.64,4.0,5.3,2.6,4.6,4.2,5.6,4.1,6.6,3.8,4.2,4.94,4.6,2.4,6.2,2.9,4.8,4.05
2216,Gabriela Pérez Pérez,Recursos Humanos,Reclutamiento,2025-10-17,6.1,6.5,3.6,5.7,5.3,5.52,4.7,7.3,5.6,6.3,5.93,7.9,7.8,7.1,6.2,6.0,7.17,5.7,4.4,6.5,4.4,3.4,5.04
2217,Ximena Jiménez Ramírez,Finanzas,Tesorería,2026-07-03,4.3,7.1,3.3,4.0,4.2,4.74,6.1,6.5,7.3,5.7,6.34,5.0,3.7,5.2,6.1,4.3,4.77,4.9,2.0,3.8,3.8,4.8,3.72
2218,Sofía Vázquez Hernández,Ventas,Ventas Internacionales,2026-04-22,8.5,7.4,6.8,4.9,7.1,7.14,6.0,6.4,9.2,5.0,6.49,8.7,7.4,8.1,9.6,8.9,8.42,7.2,10.0,7.6,7.4,7.2,8.02
2219,Paola Martínez Morales,Recursos Humanos,Nómina,2025-09-13,4.1,4.0,4.7,4.0,3.5,4.09,4.5,4.5,6.3,4.8,4.93,6.2,5.6,4.0,3.6,5.1,5.06,5.7,3.6,2.8,1.7,5.0,3.72
2220,Laura Sánchez Hernández,Ventas,Atención a Clientes,2026-08-15,7.8,8.7,7.0,6.5,8.3,7.74,7.7,6.3,6.8,5.8,6.7,4.9,7.5,6.8,7.4,7.4,6.68,7.7,8.3,6.1,7.3,7.1,7.39
2221,Ricardo Romero Martínez,Operaciones,Control de Calidad,2026-08-15,7.0,7.4,6.9,5.9,8.5,7.14,6.2,7.7,6.8,7.8,7.1,7.9,7.8,7.1,6.4,7.4,7.42,7.0,5.9,5.5,7.5,6.2,6.44
2222,María Vázquez Pérez,Marketing,Marketing Digital,2025-10-05,6.0,6.2,5.7,5.6,7.5,6.15,5.8,5.5,4.2,5.2,5.26,3.4,4.3,7.1,4.8,4.5,4.74,5.6,2.5,5.0,4.0,4.3,4.26
2223,Ricardo Sánchez Torres,Finanzas,Auditoría Interna,2025-12-21,4.0,5.8,3.4,6.2,6.2,4.99,5.6,3.9,5.8,5.1,5.09,8.1,7.6,8.5,6.8,5.7,7.5,2.5,4.7,4.7,5.0,5.7,4.31
2224,Ricardo Hernández Torres,Operaciones,Producción,2026-07-21,0.5,2.5,0.7,2.1,1.9,1.49,1.8,4.2,3.2,4.0,3.23,3.6,3.8,2.7,5.5,3.2,3.7,0.2,1.2,3.5,1.8,0.6,1.47
2225,José Sánchez Ortiz,Marketing,Marketing Digital,2026-07-02,8.1,6.6,5.6,8.0,9.2,7.38,9.2,6.9,7.6,5.7,7.43,4.0,4.9,5.4,7.6,7.3,5.54,6.0,3.5,5.9,5.0,5.4,5.1
2226,Fernanda Ortiz Martínez,Finanzas,Tesorería,2026-05-25,6.4,5.8,4.9,4.7,6.0,5.64,7.5,9.8,7.8,7.4,8.11,7.4,6.8,8.1,7.0,5.2,7.0,5.2,4.9,5.5,5.5,5.7,5.3
2227,Ximena López Torres,Tecnología,Infraestructura,2026-08-21,4.9,3.7,0.4,3.6,3.6,3.31,3.5,3.0,3.6,3.6,3.42,1.4,4.4,4.1,3.3,2.0,3.06,3.6,3.7,5.1,3.1,4.7,3.94
2228,Miguel Vázquez López,Recursos Humanos,Nómina,2025-09-09,3.9,5.1,4.5,6.7,4.8,4.87,7.2,5.5,6.8,5.7,6.32,7.6,7.1,6.2,5.6,5.4,6.56,5.2,4.0,7.2,7.0,5.3,5.67
2229,Andrea Romero Ortiz,Finanzas,Tesorería,2026-03-15,9.3,8.5,10.0,10.0,9.0,9.3,9.2,7.8,8.5,7.9,8.38,9.4,9.9,10.0,8.6,8.9,9.45,8.1,7.6,8.0,9.4,7.7,8.18
2230,María Romero Flores,Finanzas,Tesorería,2026-08-02,4.5,3.6,6.0,5.9,4.4,4.77,6.9,3.6,6.1,5.9,5.66,4.9,5.9,3.6,3.9,4.2,4.64,4.8,3.7,6.1,4.8,5.1,4.81
2231,Karla Jiménez Pérez,Ventas,Atención a Clientes,2026-06-17,8.7,9.1,8.8,8.2,7.8,8.61,7.1,5.4,8.1,6.8,6.8,7.5,7.9,9.2,6.0,9.3,7.98,8.1,8.4,8.7,8.5,7.1,8.28
2232,Fernanda Martínez Cruz,Marketing,Investigación de Mercado,2026-07-12,6.1,5.4,4.5,6.4,6.4,5.69,8.4,7.5,7.4,4.8,7.08,4.5,5.8,5.3,5.8,8.6,5.8,4.6,6.0,4.1,5.4,4.9,5.04
2233,Raúl Cruz Morales,Tecnología,Soporte Técnico,2026-07-06,4.6,4.3,3.0,4.6,4.8,4.23,1.3,4.2,4.0,1.9,2.72,3.2,3.8,5.2,5.0,3.4,4.05,4.2,3.3,4.8,6.1,5.4,4.6
2234,Raúl Pérez González,Tecnología,Desarrollo,2025-12-14,6.2,6.2,4.5,6.5,5.0,5.72,7.8,6.9,7.3,7.1,7.3,4.7,5.2,4.4,4.2,5.0,4.74,5.9,5.6,6.2,3.9,4.1,5.31
2235,Gabriela Cruz Torres,Tecnología,Soporte Técnico,2026-03-03,10.0,9.8,9.0,10.0,10.0,9.75,9.5,10.0,8.8,10.0,9.61,10.0,9.3,9.6,9.2,8.3,9.37,10.0,10.0,10.0,10.0,10.0,10.0
2236,Ricardo Ramírez Sánchez,Tecnología,Soporte Técnico,2026-02-11,7.0,6.5,6.0,8.1,8.4,7.05,6.7,3.8,5.3,4.4,5.12,4.6,6.3,5.8,8.2,6.4,6.07,6.8,5.9,6.3,6.9,7.0,6.52
2237,Fernanda Morales Ramírez,Ventas,Ventas Nacionales,2026-07-23,4.9,5.0,5.8,4.2,5.7,5.12,6.7,6.7,7.5,6.3,6.76,4.8,3.7,5.8,5.2,6.7,5.07,4.7,1.8,5.5,4.1,3.4,3.88
2238,Carlos Sánchez Gómez,Tecnología,Infraestructura,2026-02-17,2.7,3.3,3.1,2.4,0.8,2.6,3.6,2.5,1.5,2.9,2.73,2.3,4.4,3.7,2.9,2.7,3.26,4.5,5.3,3.8,2.2,2.3,3.88
2239,Laura Hernández Ramírez,Recursos Humanos,Capacitación,2026-05-02,4.3,5.2,6.5,6.3,5.3,5.42,8.9,6.8,7.9,8.4,8.05,3.3,4.0,5.1,6.4,3.8,4.38,5.3,4.1,4.4,5.8,6.8,5.07
2240,Ricardo Torres Morales,Recursos Humanos,Reclutamiento,2025-11-02,6.1,3.9,4.0,3.3,4.8,4.51,6.5,3.6,4.5,5.0,5.0,1.9,2.4,2.4,3.4,2.2,2.4,6.2,4.9,4.7,4.9,3.7,5.07
2241,Laura Gómez Hernández,Marketing,Marketing Digital,2026-07-24,4.6,2.2,4.5,3.7,4.1,3.77,3.5,4.4,2.7,2.5,3.32,7.1,6.3,4.4,5.0,8.9,6.32,4.8,4.3,3.7,3.3,3.0,3.98
2242,Diego González Reyes,Ventas,Ventas Nacionales,2026-01-20,6.7,6.1,6.0,6.0,6.6,6.29,7.3,5.9,7.8,6.8,6.92,4.2,7.1,6.9,6.6,6.7,6.2,4.1,6.4,2.9,6.8,4.4,5.01
2243,Sofía Cruz Morales,Marketing,Marketing Digital,2025-10-26,5.4,6.0,4.8,4.7,7.3,5.61,5.7,7.1,6.5,5.8,6.24,6.8,6.7,5.5,7.1,8.3,6.78,5.4,3.3,3.8,3.9,5.3,4.24
2244,Laura Hernández Hernández,Finanzas,Contabilidad,2026-01-14,4.9,2.9,4.4,2.6,2.9,3.66,2.0,2.5,2.8,2.0,2.28,4.4,3.4,4.5,4.4,5.0,4.26,5.3,5.1,5.7,4.7,3.2,5.0
2245,Fernanda Ramírez Castillo,Ventas,Ventas Internacionales,2026-04-08,8.0,8.7,7.2,9.0,7.8,8.14,7.9,8.6,7.8,9.4,8.43,5.3,9.9,6.3,10.0,9.2,7.94,9.9,9.0,8.5,9.5,9.1,9.24
2246,Roberto Flores Romero,Ventas,Ventas Internacionales,2025-12-09,7.5,6.4,4.4,4.2,6.0,5.88,5.9,5.4,5.8,5.8,5.73,4.3,4.1,3.0,4.0,3.1,3.76,6.5,6.5,6.0,6.8,4.2,6.23
2247,Daniela Rodríguez Reyes,Tecnología,Soporte Técnico,2025-09-28,3.8,7.0,7.2,5.9,6.8,6.04,4.2,5.2,5.5,8.1,5.68,3.6,4.2,5.8,5.5,7.2,5.02,6.5,8.7,8.1,7.7,6.1,7.57
2248,Carlos Jiménez López,Marketing,Comunicación de Marca,2026-07-10,3.4,4.3,3.3,4.3,4.2,3.86,4.9,2.7,3.3,4.1,3.83,4.6,5.8,2.1,4.2,8.2,4.88,5.5,7.2,3.8,7.3,6.1,6.0
2249,Diego Torres Ramírez,Recursos Humanos,Nómina,2025-09-12,8.3,7.3,8.4,7.7,9.2,8.12,5.1,5.0,5.1,4.0,4.8,6.6,5.8,4.5,5.5,4.2,5.45,6.3,6.7,6.7,4.3,7.9,6.24
2250,Pedro López Flores,Ventas,Atención a Clientes,2025-09-23,9.4,9.0,8.5,7.2,9.9,8.86,8.7,8.2,8.8,6.5,8.04,5.7,8.3,9.6,8.4,7.6,7.82,8.0,9.9,8.2,7.4,9.2,8.52
2251,Ximena López Sánchez,Operaciones,Producción,2026-07-14,7.7,8.2,10.0,7.7,8.5,8.4,10.0,9.1,8.7,7.5,8.89,7.9,7.7,7.3,6.7,6.9,7.4,8.7,9.5,8.0,7.6,9.5,8.62
2252,Alejandro Flores Romero,Operaciones,Producción,2026-08-14,4.5,6.6,5.5,8.4,3.9,5.72,5.7,5.6,5.7,6.8,5.95,7.6,5.7,7.9,6.2,5.5,6.66,7.6,7.0,7.3,6.1,8.5,7.18
2253,José Vázquez Rodríguez,Finanzas,Auditoría Interna,2026-08-05,8.2,4.6,4.4,6.4,5.6,5.88,6.0,7.0,6.9,5.0,6.18,5.5,7.8,5.8,5.1,4.7,5.96,4.6,7.3,7.2,6.6,4.4,6.18
2254,José Gómez Gómez,Ventas,Atención a Clientes,2026-05-08,2.9,1.1,4.6,3.6,0.7,2.56,5.0,2.9,2.8,2.8,3.49,2.1,1.9,2.4,3.9,4.0,2.66,3.8,5.0,4.7,4.3,4.6,4.46
2255,Raúl Ramírez Flores,Marketing,Marketing Digital,2025-12-20,2.0,2.9,3.7,2.6,3.4,2.86,3.6,2.8,2.6,2.0,2.8,0.0,2.3,1.2,1.7,1.2,1.25,1.7,4.0,3.8,3.2,4.0,3.22
2256,Sofía Castillo Torres,Recursos Humanos,Reclutamiento,2026-07-28,6.0,8.7,6.1,8.6,8.1,7.4,7.9,6.7,7.3,8.0,7.5,5.6,8.9,7.3,6.6,9.1,7.44,5.7,8.1,7.6,6.8,6.1,6.94
2257,Carlos Castillo Sánchez,Tecnología,Soporte Técnico,2026-01-30,7.8,6.3,6.9,7.4,6.8,7.04,6.8,6.5,5.6,6.2,6.34,5.6,6.5,4.3,5.4,7.4,5.81,6.7,5.0,5.7,4.8,4.6,5.48
2258,Andrea Rodríguez Cruz,Tecnología,Desarrollo,2026-03-24,5.6,5.8,7.8,6.9,5.4,6.26,4.8,6.4,7.5,7.6,6.44,6.8,8.3,5.2,5.9,6.9,6.74,8.6,6.5,6.3,7.5,6.6,7.2
2259,Raúl Reyes Sánchez,Tecnología,Desarrollo,2026-03-24,7.7,6.9,9.2,6.3,6.3,7.38,6.7,6.1,8.9,3.1,6.09,6.5,8.1,7.4,7.7,7.1,7.35,7.4,7.0,6.8,5.7,6.1,6.71
2260,Raúl García Ortiz,Recursos Humanos,Capacitación,2026-06-04,4.3,5.1,3.2,4.5,3.0,4.11,5.5,5.6,5.2,4.3,5.16,3.4,4.6,4.8,2.7,5.8,4.24,4.6,5.0,5.9,8.0,6.7,5.85
2261,Ximena Vázquez Rodríguez,Operaciones,Control de Calidad,2025-10-10,6.9,7.1,6.3,7.0,6.8,6.83,4.6,6.3,7.5,5.9,5.93,4.8,4.6,7.2,4.9,5.4,5.34,4.1,4.0,5.4,4.8,4.5,4.51
2262,Andrea Rodríguez Castillo,Finanzas,Contabilidad,2026-07-23,4.2,5.1,6.0,5.9,3.1,4.88,6.3,5.6,7.3,4.6,5.9,3.6,3.7,5.2,4.9,4.1,4.22,7.9,5.3,5.2,5.6,6.0,6.06
2263,Sergio Sánchez Gómez,Marketing,Investigación de Mercado,2026-02-14,9.0,7.8,8.7,9.2,8.4,8.58,8.6,7.2,8.0,8.2,8.03,9.6,9.5,10.0,10.0,10.0,9.78,6.4,8.1,8.8,6.7,6.2,7.34
2264,Raúl Reyes Romero,Operaciones,Logística,2026-06-22,3.0,2.3,3.1,3.2,2.3,2.77,3.1,3.3,2.9,2.0,2.84,0.2,2.6,3.1,2.5,2.2,2.03,2.5,2.6,5.1,2.1,2.8,2.99
2265,Roberto García García,Recursos Humanos,Nómina,2026-05-02,4.2,7.8,4.9,7.6,5.5,5.94,5.1,6.7,7.5,6.8,6.4,8.2,8.2,7.0,8.0,7.6,7.84,6.9,5.7,5.9,5.5,7.0,6.13
2266,Gabriela Romero Vázquez,Ventas,Ventas Nacionales,2025-12-12,3.6,2.4,0.5,2.6,3.1,2.46,1.1,3.4,3.0,4.7,2.96,1.5,1.0,3.7,1.8,2.8,2.06,2.7,2.7,4.7,2.1,1.1,2.82
2267,Daniela Jiménez Ramírez,Finanzas,Contabilidad,2025-09-26,4.2,5.1,3.9,4.7,6.5,4.78,6.9,7.3,5.0,6.9,6.62,4.3,4.2,4.4,3.8,2.9,4.01,5.6,5.8,4.9,6.0,4.9,5.52
2268,José Flores Torres,Tecnología,Desarrollo,2025-10-03,3.5,3.8,3.3,2.7,3.6,3.43,2.2,1.1,0.4,2.1,1.54,3.4,3.6,2.1,2.5,4.6,3.24,3.1,2.0,2.7,2.9,1.0,2.5
2269,Paola Gómez Torres,Operaciones,Logística,2026-07-12,4.3,4.6,5.5,2.9,5.0,4.51,4.2,2.7,2.5,5.0,3.68,4.4,2.6,2.7,4.3,3.7,3.49,2.6,3.3,1.8,2.9,3.2,2.74
2270,Jorge López Vázquez,Marketing,Comunicación de Marca,2026-07-17,5.5,7.7,4.6,5.7,7.3,6.17,4.8,6.9,6.1,9.2,6.68,8.2,7.5,7.5,8.7,7.9,7.91,6.7,8.9,8.0,8.0,7.1,7.81
2271,Alejandro Romero García,Ventas,Ventas Internacionales,2026-03-17,9.1,7.2,7.2,8.8,9.5,8.26,7.1,7.4,8.3,7.9,7.62,7.3,6.7,7.1,7.0,7.3,7.06,8.8,8.6,9.5,7.4,8.5,8.58
2272,José Torres Martínez,Recursos Humanos,Nómina,2026-05-02,3.0,2.5,3.7,4.2,5.7,3.6,3.5,2.2,4.0,3.6,3.3,0.3,5.2,4.3,4.7,3.6,3.48,5.2,6.2,4.3,5.6,2.4,5.07
2273,Mariana Flores Vázquez,Tecnología,Desarrollo,2026-07-08,5.8,8.4,7.8,9.6,7.2,7.63,7.9,7.2,8.6,8.0,7.89,9.9,8.2,9.6,10.0,8.8,9.26,7.2,9.1,9.4,7.7,8.0,8.3
2274,Roberto Flores López,Operaciones,Logística,2025-10-28,2.9,6.1,4.2,1.3,3.6,3.82,3.6,2.6,5.0,2.2,3.28,4.3,3.6,5.0,3.0,5.4,4.23,2.5,3.1,4.1,3.3,4.7,3.35
2275,Sofía García González,Finanzas,Contabilidad,2026-01-24,9.3,10.0,8.9,9.0,10.0,9.46,8.2,8.4,7.6,7.9,8.06,6.0,6.8,8.8,8.7,5.4,7.08,8.3,7.4,7.5,8.3,8.0,7.89
2276,Jorge Vázquez López,Recursos Humanos,Nómina,2026-06-15,4.7,4.6,5.5,6.6,3.5,4.94,6.9,4.0,7.7,7.4,6.46,3.8,4.3,5.0,4.9,5.5,4.58,4.6,5.2,3.7,4.3,4.1,4.46
2277,Karla Flores Rodríguez,Tecnología,Soporte Técnico,2026-08-07,7.8,8.8,8.3,9.9,8.9,8.63,8.6,8.1,7.8,9.3,8.49,6.1,9.7,6.4,6.9,5.4,7.08,9.6,8.5,9.5,7.6,8.7,8.82
2278,Fernanda Pérez Cruz,Marketing,Comunicación de Marca,2025-11-17,7.5,10.0,8.7,7.3,8.5,8.48,7.7,9.1,10.0,10.0,9.09,8.0,9.6,8.7,7.5,6.1,8.18,9.2,8.3,9.0,8.6,8.8,8.78
2279,Laura Cruz Pérez,Operaciones,Control de Calidad,2026-08-23,5.3,4.8,4.9,4.5,5.4,4.99,5.4,7.1,4.4,4.0,5.28,5.0,4.7,5.7,4.5,5.3,5.04,7.5,4.8,6.3,5.6,6.9,6.14
2280,Francisco Ortiz Jiménez,Finanzas,Tesorería,2026-04-13,7.2,4.7,8.1,8.0,7.6,6.94,7.3,5.3,4.7,8.0,6.46,6.8,5.1,5.4,4.4,6.2,5.64,9.0,9.4,8.4,8.0,8.8,8.76
2281,Valeria Rodríguez Ramírez,Operaciones,Logística,2026-03-07,5.2,5.4,5.9,4.7,2.5,4.91,4.0,2.0,2.1,3.6,3.02,6.0,6.1,6.3,5.1,4.6,5.74,3.8,4.3,5.8,2.6,3.8,4.08
2282,Sergio Pérez Ramírez,Marketing,Comunicación de Marca,2026-07-27,1.1,2.2,2.6,1.2,1.6,1.76,1.7,3.8,3.5,3.9,3.14,4.1,3.8,3.5,4.2,0.9,3.44,3.0,3.3,2.1,1.8,1.2,2.48
2283,Camila Rodríguez Vázquez,Finanzas,Contabilidad,2025-09-26,5.0,3.8,5.3,4.7,4.3,4.61,4.5,5.5,5.4,3.9,4.78,8.4,6.1,9.1,6.9,5.0,7.23,4.1,3.9,3.8,5.1,4.9,4.27
2284,Francisco Pérez Jiménez,Marketing,Comunicación de Marca,2026-06-15,6.6,6.3,6.4,5.7,5.5,6.18,4.5,5.8,6.1,7.9,5.99,9.1,6.9,7.3,8.0,5.6,7.5,6.1,8.7,6.0,5.8,7.0,6.76
2285,Jorge González Cruz,Recursos Humanos,Capacitación,2026-04-16,6.7,4.6,4.4,4.8,7.3,5.52,5.3,7.5,5.9,5.9,6.12,6.5,6.6,4.2,4.6,4.5,5.48,5.0,4.3,4.9,5.3,4.7,4.84
2286,Sergio Torres Flores,Tecnología,Desarrollo,2026-01-27,6.7,6.7,7.8,7.2,6.9,7.02,8.0,5.0,7.4,6.5,6.76,5.5,8.2,8.1,7.5,8.4,7.43,6.7,7.8,10.0,9.4,8.2,8.32
2287,Francisco Hernández Cruz,Marketing,Investigación de Mercado,2025-12-31,7.4,7.3,9.8,8.0,8.3,8.08,5.9,7.5,7.1,6.7,6.74,6.8,8.8,8.0,10.0,10.0,8.5,9.3,6.5,6.0,6.7,7.2,7.21
2288,Laura García Ortiz,Marketing,Investigación de Mercado,2026-07-22,5.0,8.1,6.2,7.2,6.1,6.51,5.4,6.4,5.7,7.3,6.18,7.1,8.4,6.3,7.5,8.4,7.52,5.8,6.6,7.0,6.1,6.2,6.34
2289,Raúl García Vázquez,Recursos Humanos,Capacitación,2026-01-28,6.6,6.5,6.4,6.0,9.2,6.84,6.3,7.3,10.0,5.1,6.99,6.3,7.1,4.2,5.7,4.3,5.69,4.6,4.8,5.0,4.8,8.6,5.17
2290,María Torres Romero,Tecnología,Desarrollo,2025-11-21,9.4,7.0,10.0,9.6,8.9,8.88,8.7,6.7,8.6,10.0,8.5,9.2,8.9,8.0,8.5,9.2,8.78,5.8,7.2,7.2,7.1,5.3,6.64
2291,María Morales Hernández,Operaciones,Producción,2026-02-11,5.6,7.6,6.4,7.2,5.4,6.47,8.3,7.5,8.3,6.2,7.58,5.6,8.3,7.3,6.3,8.7,7.18,5.8,7.5,4.8,6.4,6.0,6.17
2292,Laura Sánchez Torres,Marketing,Investigación de Mercado,2025-10-17,7.0,6.5,3.6,4.5,5.6,5.61,7.9,7.6,6.8,7.5,7.5,8.4,6.7,6.9,5.5,5.8,6.85,5.3,4.9,5.1,4.9,6.0,5.15
2293,Mariana Ortiz Sánchez,Ventas,Ventas Nacionales,2025-09-14,6.7,5.6,3.2,7.9,7.9,6.09,5.3,3.9,5.0,2.5,4.19,3.2,2.8,4.8,5.0,3.5,3.74,4.7,7.8,5.2,3.3,4.8,5.3
2294,Pedro González Martínez,Recursos Humanos,Nómina,2026-03-12,7.5,5.8,9.5,10.0,7.4,7.84,7.7,8.5,10.0,8.2,8.48,8.4,10.0,9.3,9.1,7.3,8.92,4.1,6.4,6.6,5.6,5.5,5.62
2295,Alejandro López Romero,Marketing,Investigación de Mercado,2026-07-10,8.5,10.0,10.0,9.6,10.0,9.56,8.0,9.9,6.7,6.5,7.84,8.5,7.0,5.3,7.6,6.3,7.02,10.0,8.5,8.5,8.6,8.4,8.88
2296,Diego Vázquez Ortiz,Operaciones,Logística,2026-04-22,6.7,6.9,7.6,6.8,7.5,7.06,7.2,8.4,7.0,7.2,7.46,9.2,8.2,7.9,8.6,7.0,8.27,7.0,7.7,8.5,7.6,4.5,7.34
2297,José Torres Hernández,Recursos Humanos,Reclutamiento,2026-05-13,9.2,7.6,7.9,8.1,7.4,8.1,7.3,8.2,4.9,6.9,6.94,8.0,10.0,7.5,6.4,8.6,8.25,7.6,5.9,7.6,7.7,9.0,7.34
2298,Laura Flores Castillo,Finanzas,Tesorería,2026-06-15,3.9,5.6,5.7,7.3,6.9,5.64,6.2,6.2,6.5,5.5,6.08,4.9,6.2,5.5,8.3,6.7,6.13,5.5,6.5,7.4,7.1,7.9,6.69
2299,Juan García Vázquez,Finanzas,Contabilidad,2026-02-13,7.0,7.3,4.5,5.8,4.9,6.08,7.0,6.7,4.6,6.7,6.37,8.1,6.2,3.7,6.5,6.1,6.2,4.4,3.9,4.3,5.1,3.7,4.32
2300,Ximena Castillo Jiménez,Operaciones,Control de Calidad,2026-03-22,1.8,1.1,0.0,0.0,0.0,0.73,2.8,2.9,0.4,1.1,1.92,1.2,1.6,3.2,0.5,0.1,1.43,2.5,2.0,2.1,1.5,4.7,2.32
2301,Ricardo Gómez Pérez,Tecnología,Soporte Técnico,2026-05-29,5.7,7.5,5.8,7.0,7.6,6.65,9.1,7.8,8.9,9.1,8.74,6.7,5.7,4.7,7.9,8.2,6.45,8.1,8.5,7.3,9.6,7.5,8.28
2302,Gabriela Romero López,Operaciones,Control de Calidad,2026-06-20,2.9,4.6,2.6,3.9,2.4,3.34,3.2,2.6,2.6,3.1,2.9,4.1,0.3,3.8,3.0,2.3,2.65,6.5,3.0,2.7,3.8,4.7,4.14
2303,Andrea Torres Hernández,Ventas,Atención a Clientes,2026-02-23,5.1,4.1,5.2,3.9,1.8,4.2,5.4,4.1,2.5,4.6,4.3,5.5,4.6,3.3,7.2,4.0,4.86,2.8,4.4,3.7,5.2,3.9,3.97
2304,Sofía González Reyes,Recursos Humanos,Reclutamiento,2026-05-31,5.0,7.5,5.0,5.4,6.1,5.85,5.9,4.1,5.6,5.6,5.32,3.4,3.7,4.7,4.1,3.3,3.82,4.6,6.3,4.5,4.2,8.5,5.32
2305,Daniela Rodríguez Reyes,Marketing,Comunicación de Marca,2026-02-01,7.6,8.4,7.6,6.1,6.2,7.36,7.7,7.8,7.3,7.1,7.49,6.6,5.6,8.5,7.6,5.5,6.72,4.7,6.4,5.8,6.9,6.0,5.92
2306,Ana Martínez Pérez,Ventas,Atención a Clientes,2025-11-20,7.4,5.2,8.4,6.3,6.4,6.74,2.0,4.2,4.2,4.1,3.52,4.6,6.3,5.4,4.6,5.1,5.26,1.1,2.1,3.6,2.8,4.7,2.55
2307,Diego Morales Reyes,Tecnología,Desarrollo,2026-05-27,7.7,8.9,7.3,9.4,7.2,8.1,8.3,9.5,7.1,8.0,8.28,8.5,8.8,10.0,9.8,8.7,9.1,5.0,7.4,6.7,6.1,8.6,6.52
2308,José Ortiz Martínez,Finanzas,Tesorería,2026-09-02,6.1,4.0,5.1,4.4,4.4,4.86,1.7,0.9,3.6,1.3,1.78,7.1,5.0,6.0,5.6,5.8,5.94,4.3,3.1,3.3,3.5,2.0,3.41
2309,Juan Cruz Flores,Marketing,Comunicación de Marca,2026-02-07,3.4,5.0,2.8,4.2,2.1,3.6,5.6,4.1,4.3,3.2,4.36,7.1,3.8,5.1,5.4,5.0,5.3,3.1,5.4,4.9,5.2,5.0,4.64
2310,Carlos Ramírez Reyes,Recursos Humanos,Nómina,2026-03-23,8.0,5.9,6.5,6.6,8.1,6.98,4.8,5.9,7.1,5.3,5.66,4.5,5.7,6.2,7.4,5.2,5.68,5.8,5.0,6.9,6.9,7.0,6.16
2311,Laura Morales Jiménez,Ventas,Atención a Clientes,2026-05-14,6.1,6.5,4.3,5.9,5.5,5.72,5.7,6.4,6.6,6.4,6.23,6.8,8.9,7.0,8.4,7.0,7.64,5.9,7.2,5.3,7.5,6.9,6.53
2312,Mariana Jiménez López,Marketing,Marketing Digital,2025-10-15,5.6,5.8,6.9,7.6,5.0,6.12,3.2,6.1,5.9,5.1,4.94,5.4,5.0,6.9,7.5,6.2,6.04,8.5,7.2,8.0,6.7,8.4,7.7
2313,Pedro Morales Castillo,Ventas,Ventas Internacionales,2026-05-24,5.4,6.2,4.3,5.1,5.2,5.31,8.4,7.4,8.2,8.1,8.04,4.2,6.6,5.3,4.8,5.3,5.28,6.0,5.2,5.7,4.7,4.8,5.36
2314,Andrea Ramírez Romero,Marketing,Comunicación de Marca,2025-10-15,3.5,4.9,4.2,4.5,4.1,4.23,3.1,3.3,3.0,3.9,3.33,5.1,5.2,4.1,6.1,3.2,4.79,6.6,2.4,6.2,3.2,2.6,4.39
2315,Roberto López Castillo,Finanzas,Tesorería,2026-06-13,4.6,5.1,6.1,5.3,2.8,4.86,5.6,4.4,5.0,5.4,5.13,4.4,2.9,3.9,2.6,5.8,3.87,5.8,5.3,4.6,5.0,6.9,5.39
2316,María Ramírez Gómez,Finanzas,Tesorería,2026-07-12,1.2,1.5,3.0,3.4,3.3,2.28,5.2,4.5,5.4,4.2,4.82,1.6,2.7,3.3,4.8,5.3,3.25,2.6,0.4,2.2,3.9,2.2,2.19
2317,Roberto Jiménez Sánchez,Finanzas,Contabilidad,2026-02-01,2.8,2.0,1.8,3.0,3.9,2.6,3.8,3.2,4.7,3.9,3.86,3.7,4.2,5.1,5.1,3.9,4.34,4.1,2.1,3.2,2.9,3.3,3.1
2318,Valeria Hernández López,Finanzas,Contabilidad,2026-01-20,8.6,9.1,9.4,7.0,6.7,8.36,10.0,10.0,5.9,7.9,8.65,9.8,8.8,7.9,7.9,9.9,8.9,9.0,8.1,8.8,8.9,9.1,8.72
2319,Pedro Flores Martínez,Tecnología,Infraestructura,2025-10-28,9.0,7.8,5.9,8.3,6.5,7.6,10.0,8.0,7.8,9.3,8.89,8.3,7.0,6.5,8.0,6.2,7.26,2.6,4.0,6.3,6.9,4.6,4.75
2320,Pedro Flores López,Recursos Humanos,Capacitación,2025-09-16,6.0,6.4,5.2,4.2,2.9,5.2,6.9,7.6,6.2,7.2,7.01,5.3,5.5,7.2,5.5,7.6,6.1,7.4,8.0,6.1,6.5,7.2,7.09
2321,Pedro González Ramírez,Ventas,Atención a Clientes,2025-12-12,5.6,6.9,4.9,6.1,4.6,5.71,5.8,5.5,4.6,3.2,4.84,6.5,5.7,3.3,3.6,4.6,4.94,3.9,3.0,4.7,5.6,5.4,4.32
2322,Mariana Flores Cruz,Tecnología,Desarrollo,2026-06-07,1.3,2.2,1.6,3.6,0.3,1.78,1.7,2.6,1.9,5.0,2.79,2.6,2.3,2.4,2.9,1.9,2.43,4.9,1.6,2.2,3.9,1.8,3.02
2323,Sofía González Jiménez,Recursos Humanos,Reclutamiento,2025-11-16,5.9,5.8,4.7,5.4,4.7,5.38,7.7,4.3,6.5,5.7,6.11,4.7,2.7,5.0,5.6,4.9,4.42,4.7,5.5,5.8,3.8,5.0,4.97
2324,Valeria Morales Flores,Finanzas,Auditoría Interna,2026-03-28,8.4,9.9,7.3,7.6,7.9,8.36,8.8,7.7,9.2,9.2,8.7,6.7,7.0,6.8,6.7,5.5,6.62,7.6,8.4,7.8,7.8,7.7,7.89
2325,Valeria Romero Cruz,Finanzas,Contabilidad,2026-03-21,5.2,5.4,7.0,6.0,7.2,6.03,6.7,5.7,8.0,7.2,6.84,9.4,6.5,5.7,6.9,7.4,7.26,7.5,7.2,7.8,7.1,7.8,7.44
2326,Karla González Vázquez,Recursos Humanos,Reclutamiento,2026-03-20,9.8,9.2,8.7,8.6,8.7,9.09,7.4,7.7,8.3,7.9,7.78,8.7,10.0,7.4,9.9,8.6,8.93,8.0,10.0,9.3,10.0,9.4,9.3
2327,Paola Ortiz Romero,Ventas,Atención a Clientes,2026-02-28,5.2,3.8,6.5,3.8,4.8,4.84,5.9,3.3,1.4,2.8,3.57,3.3,3.3,4.4,5.2,4.7,4.02,5.3,4.9,4.4,5.8,4.6,5.05
2328,Mariana Gómez Pérez,Operaciones,Control de Calidad,2025-10-29,7.1,6.9,8.2,9.7,6.4,7.56,10.0,7.7,7.2,8.6,8.52,9.6,6.9,7.7,7.3,8.2,7.99,8.2,7.0,8.7,9.3,8.7,8.27
2329,José Gómez Rodríguez,Ventas,Ventas Internacionales,2026-08-09,6.4,7.1,7.3,6.8,7.4,6.97,4.9,7.8,8.1,7.9,7.02,7.1,6.3,3.8,5.4,4.5,5.6,5.7,4.6,5.1,6.4,4.7,5.34
2330,Karla Rodríguez Ortiz,Tecnología,Desarrollo,2026-08-17,9.9,10.0,9.1,9.6,9.4,9.64,8.5,9.5,8.7,9.6,9.06,7.6,8.3,8.8,7.7,10.0,8.39,9.1,8.5,6.5,8.6,10.0,8.42
2331,Diego Reyes Jiménez,Recursos Humanos,Nómina,2026-05-12,7.4,4.8,6.4,6.9,7.6,6.5,7.3,8.2,7.1,7.7,7.58,10.0,10.0,9.4,9.7,9.6,9.77,6.1,10.0,9.0,9.7,8.7,8.64
2332,Sofía Ortiz Reyes,Ventas,Ventas Nacionales,2025-12-08,7.9,7.9,5.5,6.4,6.3,6.96,8.6,6.5,7.9,8.5,7.91,9.5,8.6,6.3,7.9,6.3,7.92,8.9,7.6,6.9,7.7,5.9,7.64
2333,Ximena García Reyes,Finanzas,Tesorería,2025-11-10,5.4,8.2,5.1,6.9,5.4,6.26,6.8,7.2,6.1,6.2,6.61,4.0,5.3,5.4,5.9,5.6,5.13,6.0,4.9,6.3,3.5,6.6,5.35
2334,Jorge Hernández Vázquez,Tecnología,Desarrollo,2026-04-05,7.5,7.6,8.6,6.2,6.6,7.42,6.9,8.7,7.4,6.2,7.28,6.5,6.5,5.5,6.5,5.3,6.12,7.7,6.9,6.9,8.7,7.1,7.48
2335,Paola Reyes Castillo,Ventas,Ventas Internacionales,2026-07-29,5.6,3.4,6.7,6.6,6.6,5.57,5.2,6.2,7.1,8.0,6.53,3.0,5.1,5.4,6.4,4.9,4.8,7.0,4.3,4.7,5.2,7.4,5.54
2336,Roberto Jiménez Romero,Operaciones,Control de Calidad,2026-01-27,4.0,4.4,4.7,3.1,4.2,4.14,3.0,2.1,2.9,4.1,3.03,1.7,1.4,1.0,2.7,2.4,1.74,4.0,3.8,1.4,3.5,4.3,3.36
2337,Ximena López Vázquez,Finanzas,Auditoría Interna,2026-02-22,9.6,9.0,9.1,9.9,8.0,9.16,9.4,10.0,9.1,8.5,9.26,10.0,8.6,8.2,9.2,8.1,8.88,9.8,8.7,9.1,10.0,8.8,9.33
2338,Sergio Torres Castillo,Finanzas,Contabilidad,2025-10-12,10.0,8.8,10.0,8.9,9.9,9.52,9.9,8.9,6.7,8.4,8.64,8.4,6.7,9.0,7.4,8.8,8.01,9.8,7.9,10.0,9.1,9.5,9.2
2339,Ximena Reyes Ramírez,Tecnología,Soporte Técnico,2026-01-28,9.0,7.8,8.1,8.5,8.1,8.31,8.9,10.0,7.8,10.0,9.23,8.0,7.6,7.4,8.4,8.9,7.98,7.2,9.2,6.9,8.2,9.0,8.02
2340,Alejandro Flores Flores,Recursos Humanos,Capacitación,2026-05-09,4.5,6.8,6.8,6.4,3.3,5.64,6.2,4.7,5.5,5.3,5.46,6.1,3.4,6.0,6.5,5.7,5.4,4.7,7.2,7.4,5.2,6.0,6.1
2341,Karla Castillo Hernández,Finanzas,Tesorería,2026-06-16,9.7,9.6,8.2,10.0,9.9,9.45,9.0,10.0,8.5,8.1,8.92,8.8,8.2,7.6,6.6,8.4,8.02,9.5,7.6,7.1,6.4,10.0,7.98
2342,Roberto Castillo Jiménez,Operaciones,Logística,2026-03-04,9.2,8.2,6.5,9.7,8.3,8.35,7.0,5.8,10.0,9.1,7.82,8.8,10.0,8.0,9.5,8.2,8.96,7.2,5.2,8.7,8.5,6.9,7.23
2343,Roberto Cruz Castillo,Ventas,Ventas Internacionales,2025-12-15,6.0,5.3,5.2,7.3,7.9,6.14,4.9,6.0,6.1,5.6,5.59,5.3,6.8,7.3,8.2,7.5,6.84,5.6,6.0,3.9,5.5,4.9,5.27
2344,Ricardo Reyes Morales,Tecnología,Soporte Técnico,2026-07-11,5.0,6.5,6.5,5.7,3.9,5.61,6.6,3.1,6.0,5.4,5.3,7.3,5.1,6.5,4.5,5.9,5.96,6.5,7.0,8.6,5.8,6.8,6.94
2345,Miguel Cruz Ortiz,Recursos Humanos,Nómina,2026-02-03,4.1,3.4,1.8,3.2,1.5,2.94,5.4,3.0,3.1,6.1,4.52,2.8,1.6,2.5,2.4,3.4,2.47,2.0,2.1,0.2,3.2,5.4,2.24
2346,Ximena Ortiz Martínez,Finanzas,Auditoría Interna,2025-12-15,5.6,6.6,3.8,6.0,4.4,5.37,5.1,7.2,4.7,5.8,5.72,5.1,4.9,3.9,4.9,5.7,4.87,4.2,4.9,5.8,6.3,4.9,5.18
2347,Fernanda Torres Vázquez,Tecnología,Desarrollo,2025-10-04,5.3,6.7,6.1,5.6,6.8,6.08,4.8,6.7,6.6,7.4,6.28,5.6,4.9,3.9,6.3,4.7,5.06,4.4,4.8,5.1,4.1,5.5,4.69
2348,Pedro Rodríguez Cruz,Finanzas,Tesorería,2026-05-06,5.3,4.7,3.2,4.2,6.2,4.7,5.6,4.1,5.3,6.0,5.26,4.3,4.0,2.3,5.1,3.7,3.86,4.4,3.6,2.8,3.9,6.1,3.95
2349,Laura Torres Gómez,Operaciones,Control de Calidad,2025-11-23,1.8,3.6,1.1,2.6,2.7,2.37,1.7,2.1,1.5,1.1,1.61,2.6,2.7,1.2,3.3,3.1,2.52,2.6,2.9,2.4,2.3,3.8,2.7
2350,Daniela Sánchez Gómez,Marketing,Marketing Digital,2026-08-14,8.4,7.7,8.6,7.8,7.1,7.98,5.5,5.1,7.2,3.6,5.26,4.9,6.1,5.1,4.9,4.2,5.14,7.1,3.6,4.7,6.1,6.3,5.46
2351,Fernanda Pérez García,Tecnología,Soporte Técnico,2026-01-20,1.9,2.9,2.2,1.5,2.4,2.22,3.2,1.7,2.5,3.9,2.86,3.3,3.2,3.6,3.1,3.2,3.29,2.0,3.8,1.4,3.6,0.8,2.53
2352,Laura Jiménez García,Marketing,Marketing Digital,2026-05-09,5.3,4.6,5.7,4.3,3.9,4.84,5.8,3.3,3.9,4.2,4.39,4.9,5.7,4.2,4.4,6.0,5.05,7.9,5.3,8.0,5.8,6.0,6.66
2353,Jorge Pérez Sánchez,Recursos Humanos,Nómina,2026-03-29,2.3,3.8,4.9,7.6,5.4,4.46,6.1,5.8,5.7,5.9,5.9,7.4,5.2,6.0,7.1,6.0,6.32,5.5,5.0,4.2,6.9,4.4,5.28
2354,María Torres Morales,Finanzas,Contabilidad,2025-10-10,5.6,4.6,4.0,5.8,4.2,4.85,5.6,4.3,5.0,4.6,4.9,3.6,3.6,7.1,6.6,5.0,4.96,6.6,5.7,3.1,3.6,5.5,4.96
2355,Diego Rodríguez Cruz,Marketing,Investigación de Mercado,2025-11-03,2.9,5.1,3.0,4.7,2.9,3.74,2.8,2.5,1.8,2.9,2.55,3.7,2.5,4.7,4.0,3.4,3.6,3.8,3.2,3.5,5.3,5.6,4.07
2356,Valeria Jiménez Flores,Recursos Humanos,Capacitación,2026-07-10,9.0,8.2,8.4,8.9,9.5,8.74,10.0,8.3,10.0,10.0,9.57,7.6,9.1,8.1,7.5,7.4,8.03,9.9,10.0,10.0,7.9,10.0,9.56
2357,Diego Romero Morales,Ventas,Atención a Clientes,2026-06-06,8.9,8.1,8.1,6.9,7.5,8.03,9.3,10.0,5.9,7.8,8.42,6.8,8.4,9.4,8.7,8.5,8.26,8.2,9.3,10.0,10.0,9.8,9.36
2358,Daniela Torres Romero,Ventas,Atención a Clientes,2026-07-20,7.3,7.9,8.3,8.1,8.4,7.94,5.9,4.5,5.2,5.7,5.36,6.2,6.8,5.3,6.1,6.1,6.14,7.6,8.1,6.2,4.1,9.8,6.97
2359,Ana García Ortiz,Operaciones,Control de Calidad,2026-06-16,5.8,6.8,8.4,8.1,6.7,7.05,7.2,5.8,7.2,4.5,6.18,3.4,4.0,3.5,6.7,3.4,4.07,5.3,5.8,6.2,6.9,7.1,6.1
2360,Pedro Hernández Pérez,Ventas,Ventas Internacionales,2026-02-02,4.9,4.8,6.0,4.6,4.8,5.03,4.6,5.7,4.7,5.8,5.19,6.6,5.1,4.9,6.2,7.2,5.92,4.8,5.6,5.3,4.8,6.5,5.27
2361,Luis Cruz Rodríguez,Operaciones,Producción,2026-05-01,4.7,4.3,7.3,6.7,6.3,5.66,6.8,7.3,6.3,3.9,6.1,5.8,3.5,3.5,3.7,4.1,4.2,7.1,6.8,5.7,4.8,6.1,6.18
2362,Raúl Castillo Ortiz,Marketing,Marketing Digital,2025-09-22,5.1,4.6,7.7,7.8,5.0,5.88,6.5,7.0,4.9,4.2,5.73,5.5,4.6,4.4,6.6,6.5,5.37,8.4,6.7,6.2,6.1,6.6,6.9
2363,Sofía Ramírez Gómez,Operaciones,Producción,2025-09-23,8.5,8.0,5.8,6.3,5.8,7.1,8.4,7.3,6.4,8.0,7.62,6.1,5.6,5.1,6.2,6.4,5.84,8.0,8.7,10.0,9.1,7.6,8.76
2364,Camila Hernández Martínez,Operaciones,Logística,2025-09-08,5.2,7.1,6.6,3.8,5.2,5.75,8.7,6.2,7.9,6.1,7.26,7.6,7.7,6.3,6.3,3.9,6.62,6.2,6.4,6.0,7.2,9.2,6.71
2365,Paola Torres Castillo,Recursos Humanos,Nómina,2026-06-18,9.6,7.7,8.7,10.0,7.3,8.66,9.5,10.0,8.4,9.5,9.4,7.4,8.2,8.9,9.2,6.5,8.04,7.3,6.8,7.6,7.9,6.2,7.24
2366,Raúl Martínez Flores,Ventas,Ventas Nacionales,2026-05-22,4.1,1.8,3.5,2.5,2.2,2.88,1.8,3.8,3.5,3.9,3.16,3.7,5.7,3.5,2.7,3.1,3.92,1.8,3.9,1.7,0.1,3.4,2.12
2367,Alejandro Pérez Ramírez,Finanzas,Contabilidad,2026-05-26,8.2,8.9,6.5,7.5,9.0,8.05,9.6,10.0,8.1,7.7,8.93,7.8,8.6,8.6,9.9,8.0,8.5,9.5,9.7,9.5,8.9,7.8,9.26
2368,Karla Reyes López,Tecnología,Infraestructura,2026-08-17,5.6,3.8,1.8,4.9,3.3,3.94,4.5,7.1,4.4,4.0,5.0,4.9,6.3,5.6,2.5,4.8,5.01,4.5,4.2,4.1,4.7,3.7,4.3
2369,Diego Rodríguez Hernández,Tecnología,Soporte Técnico,2026-08-19,6.0,4.4,7.6,5.4,3.4,5.44,6.3,5.8,4.6,4.1,5.28,5.0,4.9,6.0,5.5,5.9,5.38,5.0,5.1,6.3,6.6,5.9,5.7
2370,Mariana Hernández Gómez,Finanzas,Auditoría Interna,2026-08-01,7.8,5.8,5.7,6.6,7.2,6.61,5.8,6.5,8.6,6.5,6.71,6.9,6.2,6.1,7.7,5.8,6.52,7.9,7.7,7.2,8.5,7.0,7.74
2371,Karla Reyes Pérez,Ventas,Ventas Nacionales,2026-05-24,5.2,7.2,7.0,5.1,4.7,5.97,4.9,4.0,5.1,5.8,4.94,5.9,5.4,3.9,3.8,6.4,5.14,5.8,5.5,6.1,7.0,7.2,6.16
2372,Daniela Romero Sánchez,Recursos Humanos,Reclutamiento,2026-05-07,4.3,8.2,6.3,5.0,6.8,6.15,5.8,7.9,8.1,4.4,6.44,5.8,5.3,5.6,6.6,6.4,5.84,5.6,5.5,5.9,6.5,6.2,5.88
2373,José Jiménez Cruz,Finanzas,Tesorería,2025-12-10,1.5,5.2,3.3,4.4,5.4,3.8,4.6,3.3,4.0,3.6,3.9,3.8,3.0,4.7,3.7,3.9,3.78,3.8,2.8,4.3,3.8,3.5,3.62
2374,Miguel Cruz Hernández,Finanzas,Contabilidad,2026-07-19,5.8,7.5,5.5,7.7,7.8,6.75,5.9,7.6,9.2,7.0,7.26,5.9,6.0,5.9,6.5,5.1,5.9,5.9,5.4,7.8,5.1,8.2,6.22
2375,Carlos López Romero,Operaciones,Logística,2026-08-17,2.3,1.6,2.3,2.3,2.4,2.14,1.6,0.9,3.0,2.8,2.0,4.8,4.4,2.0,2.7,3.4,3.61,1.8,2.5,4.6,4.2,3.1,3.14
2376,Miguel García Jiménez,Finanzas,Auditoría Interna,2025-09-08,5.1,6.9,4.8,7.5,6.5,6.06,8.2,5.7,6.8,6.6,6.9,4.5,8.7,8.2,9.4,7.2,7.43,5.1,4.6,5.9,6.5,8.1,5.72
2377,Juan García Flores,Tecnología,Desarrollo,2026-01-13,5.3,4.6,4.7,3.8,3.6,4.52,6.0,5.4,7.4,4.2,5.68,4.8,4.7,2.5,1.1,3.8,3.61,3.6,2.9,5.2,5.7,3.2,4.12
2378,Paola Pérez Rodríguez,Marketing,Marketing Digital,2025-11-04,9.1,7.2,8.9,10.0,6.9,8.39,6.2,6.8,3.5,6.7,5.94,5.5,6.6,6.8,5.8,6.4,6.22,9.3,7.1,8.3,10.0,8.4,8.6
2379,Andrea Flores Jiménez,Marketing,Comunicación de Marca,2026-09-07,7.2,9.2,6.2,8.9,7.6,7.82,8.8,9.6,10.0,9.8,9.49,6.9,5.9,6.3,7.8,6.4,6.59,9.9,10.0,8.3,8.0,10.0,9.24
2380,José García Cruz,Finanzas,Contabilidad,2025-09-17,8.0,6.3,6.1,6.7,7.3,6.9,6.2,7.0,7.1,8.3,7.1,7.3,6.8,7.6,7.8,7.2,7.3,3.1,4.6,5.4,7.0,5.9,5.0
2381,Karla López Reyes,Recursos Humanos,Capacitación,2026-07-01,10.0,9.7,10.0,7.8,10.0,9.59,7.3,7.4,7.1,8.7,7.64,9.3,8.3,10.0,9.9,7.6,9.02,8.2,8.2,8.9,10.0,10.0,8.88
2382,Pedro Reyes Jiménez,Recursos Humanos,Nómina,2026-02-12,3.7,4.6,4.3,5.5,6.3,4.7,6.7,6.4,5.5,6.8,6.41,6.0,6.4,6.3,5.4,5.3,5.96,5.9,3.9,6.8,6.4,5.7,5.66
2383,Andrea Torres Castillo,Tecnología,Soporte Técnico,2025-10-07,8.9,9.5,8.1,9.2,9.0,8.95,6.6,8.7,7.1,8.1,7.6,7.1,7.5,7.3,7.2,7.1,7.25,8.1,9.2,6.7,6.2,7.9,7.69
2384,Alejandro Hernández López,Marketing,Comunicación de Marca,2026-01-13,10.0,10.0,9.5,10.0,10.0,9.9,9.3,7.8,8.5,8.5,8.57,8.2,7.3,9.0,10.0,8.4,8.44,9.8,9.9,9.8,10.0,8.0,9.69
2385,Karla Flores Ramírez,Marketing,Comunicación de Marca,2025-12-08,5.6,6.9,7.9,9.1,7.1,7.14,4.9,5.3,5.3,7.8,5.8,6.1,5.8,7.3,8.0,6.4,6.6,7.3,3.5,9.5,5.9,6.7,6.45
2386,María López Rodríguez,Operaciones,Producción,2026-03-25,6.5,6.2,8.8,8.8,8.3,7.5,7.6,8.8,9.3,6.1,7.86,6.3,8.7,7.5,10.0,8.0,7.95,4.6,8.4,5.7,6.8,7.4,6.49
2387,Diego González Vázquez,Marketing,Investigación de Mercado,2026-07-19,7.6,6.1,4.7,9.2,8.8,7.06,9.3,6.6,7.2,7.8,7.83,6.2,7.4,7.5,5.8,5.3,6.56,7.6,6.7,5.9,8.3,8.3,7.25
2388,Ana Martínez Hernández,Recursos Humanos,Capacitación,2026-07-31,7.2,5.9,7.8,6.9,6.0,6.77,6.5,4.8,5.7,6.6,5.94,3.7,6.0,5.9,5.5,5.8,5.3,5.4,9.2,6.2,5.1,6.8,6.59
2389,Valeria García García,Finanzas,Contabilidad,2026-06-24,4.8,4.6,5.4,5.2,4.7,4.92,4.4,6.0,6.8,6.8,5.88,6.0,6.4,5.1,6.2,5.0,5.8,8.7,6.3,6.3,5.5,4.1,6.52
2390,Karla López Castillo,Marketing,Comunicación de Marca,2026-04-16,6.1,5.6,5.3,7.4,6.1,6.01,7.0,8.1,5.1,6.4,6.74,7.8,4.2,6.4,5.5,7.1,6.17,6.8,7.7,7.3,8.3,6.0,7.35
2391,José Vázquez Pérez,Ventas,Ventas Internacionales,2025-10-20,4.5,5.1,6.2,4.6,4.6,5.02,7.7,6.9,6.9,5.0,6.66,6.5,6.3,6.7,5.2,7.2,6.4,4.6,4.5,3.7,2.8,5.3,4.11
2392,Alejandro Pérez Rodríguez,Finanzas,Auditoría Interna,2026-09-06,5.0,4.4,4.6,3.9,5.2,4.64,5.8,4.9,4.7,7.2,5.7,5.6,5.0,4.7,7.6,5.6,5.57,2.3,4.9,5.1,6.5,4.1,4.53
2393,Sergio Castillo Ramírez,Finanzas,Tesorería,2025-10-14,7.6,7.2,6.9,6.0,4.2,6.61,5.5,4.5,3.7,6.1,5.04,6.0,6.1,6.9,7.4,5.9,6.4,5.6,7.2,7.3,6.0,7.6,6.62
2394,Ricardo Castillo López,Tecnología,Desarrollo,2026-07-24,7.4,7.9,6.4,4.9,6.6,6.83,3.6,5.2,4.4,4.3,4.34,4.3,6.3,6.2,3.3,3.6,4.92,5.2,3.9,3.0,4.2,3.0,4.01
2395,Mariana Torres Gómez,Recursos Humanos,Capacitación,2026-06-10,5.9,4.8,3.3,5.7,3.8,4.76,5.9,6.6,8.0,4.7,6.19,6.3,6.1,7.4,6.7,6.1,6.5,5.8,6.0,6.1,3.1,7.1,5.5
2396,José Rodríguez Ramírez,Recursos Humanos,Capacitación,2025-09-27,10.0,9.6,10.0,8.5,8.8,9.5,10.0,10.0,9.5,10.0,9.9,10.0,8.7,10.0,10.0,10.0,9.68,10.0,10.0,10.0,10.0,9.9,9.99
2397,Daniela Vázquez López,Recursos Humanos,Capacitación,2025-10-10,3.0,6.2,6.7,6.5,6.7,5.62,5.3,3.2,7.7,6.6,5.58,6.4,4.6,7.1,5.9,3.5,5.58,4.7,5.1,5.3,6.0,6.7,5.38
2398,Daniela Cruz García,Operaciones,Producción,2026-07-14,8.8,8.7,9.0,6.0,7.9,8.26,8.8,9.3,9.8,9.6,9.32,9.2,7.5,7.8,7.5,7.3,7.95,8.6,9.4,9.2,8.3,8.0,8.8
2399,Paola Hernández Rodríguez,Ventas,Atención a Clientes,2026-04-29,5.0,4.9,4.2,5.6,3.3,4.65,1.7,2.0,2.4,2.2,2.04,2.9,2.7,2.0,1.9,4.3,2.73,5.0,2.7,4.9,4.1,2.1,3.94
2400,Sergio Ramírez Rodríguez,Ventas,Atención a Clientes,2026-02-15,4.4,4.2,3.7,3.7,5.5,4.27,4.8,2.2,3.1,3.9,3.59,2.9,4.0,2.7,1.6,3.8,3.08,3.3,5.3,3.5,5.1,5.3,4.4
2401,Diego Hernández Pérez,Ventas,Ventas Internacionales,2026-06-20,6.4,7.9,6.6,7.6,6.9,7.07,4.6,4.7,6.3,6.5,5.44,6.2,8.9,6.1,6.0,7.3,6.99,3.8,4.2,7.1,5.6,3.9,4.93
2402,Diego Romero Gómez,Recursos Humanos,Nómina,2026-04-04,9.5,9.3,9.4,9.7,10.0,9.54,10.0,9.6,7.3,9.2,9.16,10.0,10.0,9.9,7.9,10.0,9.67,10.0,6.4,8.3,8.2,7.6,8.16
2403,Juan Ramírez Hernández,Tecnología,Infraestructura,2026-08-11,5.9,5.9,6.1,4.9,4.6,5.6,2.6,1.5,1.8,3.1,2.29,6.2,5.1,8.6,8.0,5.7,6.6,5.2,6.5,5.5,4.8,5.8,5.56
2404,Ximena Pérez Cruz,Operaciones,Control de Calidad,2026-07-28,8.0,9.6,8.1,9.4,10.0,8.93,8.8,8.7,7.7,6.3,7.93,8.6,8.2,8.6,9.1,7.3,8.38,10.0,8.5,9.3,9.2,8.5,9.17
2405,Sergio López Ramírez,Operaciones,Producción,2025-11-09,1.7,3.3,2.6,1.7,2.7,2.43,3.7,3.8,5.8,2.0,3.72,1.5,2.5,2.7,1.2,4.0,2.32,1.4,0.5,3.4,1.5,1.4,1.6
2406,Mariana García González,Recursos Humanos,Capacitación,2026-05-24,1.8,1.9,3.8,4.1,1.1,2.46,4.5,3.7,3.9,2.6,3.7,1.9,3.3,2.4,1.9,2.4,2.42,5.6,3.7,3.8,3.9,2.8,4.15
2407,José Jiménez Torres,Recursos Humanos,Nómina,2026-02-14,3.7,0.9,3.5,3.4,0.7,2.47,4.4,3.5,3.4,5.6,4.28,2.4,1.7,2.1,2.4,2.8,2.22,3.6,4.0,4.1,4.0,3.2,3.84
2408,Carlos López Martínez,Ventas,Ventas Internacionales,2025-10-18,6.0,7.8,5.4,7.2,6.6,6.6,8.5,7.8,7.1,8.6,8.07,8.8,9.3,9.2,8.0,9.9,9.05,7.4,10.0,10.0,7.3,10.0,8.81
2409,Andrea Castillo García,Tecnología,Desarrollo,2025-11-02,2.4,3.6,2.9,0.0,0.8,2.2,3.4,0.4,3.4,3.9,2.78,0.9,1.4,3.7,2.0,2.6,2.0,0.7,1.2,2.2,1.3,1.5,1.33
2410,Daniela Jiménez Martínez,Marketing,Comunicación de Marca,2026-08-09,3.4,3.2,1.8,2.1,5.0,3.08,3.3,3.0,7.6,4.0,4.26,2.9,2.5,4.2,5.6,3.3,3.53,4.9,6.0,4.8,2.5,4.5,4.64
2411,Fernanda García Ramírez,Ventas,Atención a Clientes,2026-07-07,5.0,6.7,5.3,3.9,6.6,5.56,4.3,7.1,6.3,5.1,5.6,4.1,3.5,6.4,5.7,6.1,4.95,3.7,4.8,6.0,6.9,7.0,5.4
2412,Camila Hernández Jiménez,Recursos Humanos,Capacitación,2025-12-26,6.3,9.1,8.1,9.2,8.9,8.18,9.2,7.8,6.4,7.4,7.84,8.5,8.7,6.5,7.6,9.0,8.09,7.2,7.8,9.2,7.4,6.6,7.73
2413,Luis Morales Ortiz,Recursos Humanos,Reclutamiento,2026-03-29,6.9,6.3,6.2,7.3,7.4,6.74,5.3,6.3,5.8,6.0,5.82,7.6,7.4,7.4,7.7,7.3,7.48,5.9,6.0,8.2,5.8,8.3,6.6
2414,Jorge Cruz Vázquez,Finanzas,Auditoría Interna,2026-07-13,4.4,5.5,5.8,7.9,6.2,5.75,4.0,5.3,2.7,5.7,4.49,6.2,5.2,4.3,3.9,4.7,5.0,6.8,6.7,4.7,5.7,4.0,5.86
2415,Ximena Torres Flores,Finanzas,Auditoría Interna,2026-07-18,7.5,7.4,7.2,7.1,9.3,7.62,7.3,7.0,5.9,6.6,6.77,3.5,5.6,6.8,5.9,5.7,5.38,9.3,7.7,6.6,9.6,8.8,8.37
2416,Carlos González Pérez,Operaciones,Control de Calidad,2025-09-12,8.2,6.5,10.0,7.0,6.8,7.74,8.4,10.0,9.2,8.7,9.04,8.5,8.5,8.7,7.8,8.8,8.48,7.6,9.1,9.7,7.4,7.9,8.39
2417,Fernanda Castillo García,Marketing,Investigación de Mercado,2025-11-03,5.9,6.3,4.2,4.4,7.4,5.66,8.7,5.9,8.1,7.8,7.66,8.4,7.8,6.0,7.6,7.8,7.56,8.3,6.7,6.0,8.5,5.2,7.17
2418,Roberto Reyes Hernández,Ventas,Ventas Nacionales,2026-06-20,10.0,10.0,9.5,10.0,9.6,9.84,9.9,7.4,10.0,7.4,8.67,8.5,9.3,9.8,9.2,9.2,9.17,7.4,8.0,8.3,8.2,10.0,8.15
2419,Daniela Reyes López,Operaciones,Logística,2026-09-04,7.5,7.6,4.8,8.0,8.5,7.21,9.8,6.8,8.1,9.0,8.51,7.0,8.3,8.5,7.5,5.6,7.49,9.1,9.6,9.5,9.9,6.9,9.24
2420,Valeria Flores Flores,Tecnología,Soporte Técnico,2025-10-11,10.0,10.0,9.0,10.0,10.0,9.8,8.6,9.1,7.4,8.8,8.54,10.0,9.2,10.0,9.6,10.0,9.74,9.2,8.6,7.1,7.2,7.3,8.04
2421,Andrea Vázquez Pérez,Ventas,Ventas Internacionales,2025-12-01,9.0,6.9,9.2,6.8,9.3,8.23,8.0,9.0,7.2,6.4,7.69,7.4,8.8,10.0,8.0,10.0,8.75,6.1,10.0,8.0,7.3,8.1,7.9
2422,Karla López García,Finanzas,Contabilidad,2025-11-23,9.5,9.1,10.0,7.9,10.0,9.34,8.9,7.8,8.0,6.7,7.9,10.0,10.0,8.0,9.7,10.0,9.56,9.7,9.6,8.9,10.0,9.9,9.6
2423,María Vázquez Pérez,Tecnología,Soporte Técnico,2026-08-19,4.2,8.0,7.8,7.9,9.1,7.16,6.7,6.4,7.8,5.9,6.64,8.1,8.9,6.8,4.7,7.0,7.36,5.7,4.7,3.4,4.2,4.9,4.61
2424,Sergio Torres García,Marketing,Marketing Digital,2026-08-17,9.3,6.4,7.2,9.8,6.7,7.84,6.5,8.6,9.9,6.8,7.78,7.2,8.0,10.0,7.4,8.5,8.18,6.0,5.9,7.3,6.7,6.3,6.4
2425,Mariana González Gómez,Recursos Humanos,Nómina,2026-08-27,6.0,4.0,6.8,5.4,6.2,5.6,5.8,4.2,4.3,2.7,4.32,3.8,4.6,5.7,6.2,7.4,5.28,5.2,3.7,6.3,6.0,6.4,5.33
2426,Camila López González,Recursos Humanos,Reclutamiento,2026-01-04,8.3,7.5,5.8,5.6,6.6,6.94,8.3,7.4,6.4,6.9,7.35,8.2,6.6,8.2,7.2,7.8,7.59,7.4,8.2,7.2,8.9,7.7,7.89
2427,Pedro Pérez Sánchez,Marketing,Marketing Digital,2026-04-13,3.0,1.0,1.7,3.8,2.9,2.35,4.9,5.3,4.2,5.5,5.01,2.4,2.2,1.5,3.8,4.8,2.74,4.7,4.6,2.9,5.4,6.3,4.62
2428,Sofía Vázquez Cruz,Operaciones,Control de Calidad,2026-06-07,4.5,3.9,3.9,3.8,4.5,4.12,4.1,5.0,2.8,4.7,4.22,5.5,6.8,5.5,4.9,4.4,5.57,1.7,3.0,5.0,2.8,3.0,3.04
2429,José Martínez Reyes,Marketing,Investigación de Mercado,2026-08-21,6.2,4.3,4.0,2.7,2.0,4.13,3.0,3.2,5.8,4.1,3.88,3.1,2.2,2.5,4.9,3.1,3.02,3.4,4.3,4.9,2.8,3.0,3.76
2430,Mariana González Ramírez,Ventas,Atención a Clientes,2026-04-20,4.0,2.6,2.6,2.3,2.2,2.84,0.0,0.8,2.3,1.9,1.13,3.8,3.3,5.0,3.3,5.3,4.06,2.8,3.2,5.1,4.4,4.8,3.88
2431,Sofía Torres Vázquez,Ventas,Ventas Nacionales,2026-06-03,3.7,7.1,6.9,7.5,6.6,6.2,5.9,4.0,4.3,7.2,5.43,5.2,7.3,3.5,6.1,6.3,5.68,7.5,6.7,6.4,6.5,6.1,6.74
2432,Raúl Cruz Flores,Ventas,Ventas Internacionales,2026-09-04,5.4,3.4,4.0,4.7,4.2,4.34,2.1,2.9,4.4,0.9,2.46,3.8,5.7,3.5,3.3,2.8,3.99,5.4,4.1,4.2,2.4,0.0,3.7
2433,Karla Rodríguez Reyes,Operaciones,Producción,2026-05-19,5.4,3.5,5.5,3.7,5.7,4.74,4.5,4.7,3.7,2.9,3.99,6.8,6.1,8.0,5.4,6.1,6.55,5.4,5.5,4.4,5.3,4.2,5.09
2434,Roberto González Flores,Operaciones,Producción,2026-01-05,7.6,8.6,8.3,6.9,6.9,7.78,8.7,8.3,6.6,9.5,8.38,6.9,8.0,7.8,6.7,9.3,7.68,8.6,10.0,9.8,8.8,9.0,9.27
2435,Raúl Flores Romero,Ventas,Atención a Clientes,2025-11-17,6.4,6.6,8.8,6.5,6.9,7.02,5.5,6.7,8.1,5.7,6.37,9.1,8.8,8.6,9.2,8.5,8.85,8.6,7.2,5.6,8.1,6.9,7.38
2436,Gabriela Romero Reyes,Recursos Humanos,Nómina,2025-12-17,7.2,6.2,7.1,7.1,6.4,6.79,6.9,5.5,5.6,6.7,6.24,7.4,5.5,6.1,6.2,4.5,6.05,5.3,4.1,6.7,6.2,8.2,5.75
2437,Ricardo Pérez Ortiz,Finanzas,Auditoría Interna,2025-12-17,5.4,6.9,6.6,5.1,5.1,5.92,5.2,4.3,5.2,2.4,4.27,6.3,4.8,3.8,4.1,4.6,4.84,5.3,5.1,6.1,5.7,6.7,5.63
2438,Juan Ramírez Torres,Marketing,Comunicación de Marca,2026-04-21,6.2,5.1,4.0,2.7,5.5,4.86,5.7,4.1,2.6,5.1,4.53,8.3,7.3,4.6,6.6,6.2,6.74,3.1,3.8,4.7,8.4,4.5,4.8
2439,Daniela Flores Rodríguez,Ventas,Atención a Clientes,2026-07-15,10.0,6.4,7.8,7.1,6.0,7.62,8.0,7.9,6.4,7.1,7.43,6.4,5.5,7.5,7.9,6.5,6.64,7.4,6.4,8.0,9.4,8.5,7.78
2440,Francisco Martínez Vázquez,Operaciones,Producción,2026-02-12,10.0,9.7,9.7,8.5,9.4,9.55,7.2,10.0,10.0,10.0,9.16,5.8,6.8,8.5,7.4,9.5,7.38,7.5,5.6,7.4,7.1,8.7,7.04
2441,Roberto Gómez Jiménez,Tecnología,Soporte Técnico,2026-03-23,5.4,6.1,6.1,5.6,4.7,5.64,3.4,5.8,3.4,3.0,3.9,4.6,5.4,4.2,6.2,5.2,5.05,3.7,5.7,4.1,2.9,5.6,4.31
2442,Ricardo Castillo Pérez,Operaciones,Producción,2026-03-23,4.6,7.1,6.4,6.7,6.1,6.12,6.0,6.0,7.8,5.5,6.24,8.7,5.4,6.6,7.9,7.8,7.2,7.7,10.0,5.6,7.0,7.8,7.72
2443,Roberto Gómez Torres,Marketing,Investigación de Mercado,2025-11-28,9.8,6.5,5.7,7.5,8.1,7.56,6.3,10.0,7.4,7.9,7.85,5.8,8.5,9.1,8.8,7.5,7.84,8.2,7.3,6.1,7.7,8.1,7.44
2444,Miguel Cruz Ortiz,Recursos Humanos,Capacitación,2026-02-27,2.0,2.5,3.7,3.4,2.3,2.72,4.3,4.3,0.9,3.7,3.47,5.0,3.9,4.5,4.4,4.5,4.46,0.0,3.3,1.6,2.1,2.7,1.84
2445,Karla Torres Torres,Finanzas,Contabilidad,2026-06-05,9.0,7.6,6.6,10.0,7.8,8.14,10.0,9.2,9.1,7.9,9.1,6.4,6.4,7.8,9.0,9.9,7.6,7.3,7.7,7.6,7.0,9.1,7.58
2446,Jorge Romero Cruz,Finanzas,Auditoría Interna,2026-04-20,5.2,9.0,7.1,10.0,6.5,7.44,9.1,7.2,9.5,9.5,8.8,8.9,9.6,8.5,10.0,8.9,9.16,7.6,5.6,8.9,9.4,7.7,7.73
2447,Pedro Hernández González,Ventas,Ventas Nacionales,2026-04-23,2.2,1.6,5.9,3.8,3.0,3.15,5.2,3.6,2.5,2.5,3.58,5.4,5.4,2.9,3.9,2.5,4.24,2.5,3.3,3.2,4.0,4.2,3.31
2448,Gabriela Vázquez Martínez,Ventas,Atención a Clientes,2026-06-09,5.9,5.5,5.5,5.4,8.6,6.05,8.3,7.2,6.6,6.7,7.28,4.5,5.1,5.6,6.6,6.0,5.41,5.4,5.7,6.9,4.9,6.4,5.78
2449,Laura García Torres,Finanzas,Tesorería,2026-02-23,6.4,6.8,7.3,5.7,6.5,6.59,6.7,6.6,6.3,5.8,6.37,6.8,7.4,5.2,6.5,5.6,6.4,6.1,6.4,7.3,7.6,6.7,6.78
2450,Ana Ortiz García,Operaciones,Control de Calidad,2025-11-01,8.7,8.0,9.8,8.8,8.3,8.7,6.3,7.9,7.3,5.5,6.7,9.7,9.4,8.5,7.0,8.4,8.78,7.4,9.1,9.1,8.7,8.3,8.52
2451,Daniela Romero Jiménez,Operaciones,Logística,2025-09-08,6.7,6.0,6.8,7.4,5.6,6.48,6.8,6.1,7.3,6.8,6.72,4.4,5.6,5.9,6.0,2.8,5.0,4.7,5.5,6.9,4.9,5.3,5.44
2452,Karla González Cruz,Recursos Humanos,Capacitación,2025-11-05,8.9,6.6,10.0,7.4,7.9,8.17,6.3,6.7,7.1,8.3,7.06,7.2,6.7,7.4,6.1,4.8,6.59,9.0,6.0,9.5,10.0,9.4,8.59
2453,Ricardo Martínez Morales,Tecnología,Soporte Técnico,2026-01-04,6.8,5.4,7.5,6.8,9.9,7.06,8.1,7.9,8.0,10.0,8.5,8.4,9.3,9.2,7.9,7.3,8.55,7.7,6.6,6.8,5.7,6.3,6.71
2454,Pedro Morales Cruz,Operaciones,Control de Calidad,2026-09-02,6.9,5.7,6.9,7.7,7.3,6.78,7.1,6.2,7.0,5.7,6.5,8.1,7.2,5.5,9.3,7.0,7.37,7.0,6.3,10.0,8.3,9.0,7.89
2455,Ana Castillo López,Operaciones,Producción,2026-03-13,8.1,9.4,7.3,8.7,10.0,8.64,7.0,6.7,7.6,8.4,7.4,9.0,7.8,6.3,9.3,9.2,8.24,8.1,8.5,8.2,9.5,9.0,8.59
2456,Ricardo Torres López,Finanzas,Tesorería,2026-08-31,7.2,6.5,7.1,5.0,3.3,6.09,4.6,6.0,7.9,6.4,6.06,6.0,4.7,5.8,5.9,5.2,5.5,7.2,7.5,6.2,4.7,7.5,6.6
2457,Raúl Cruz Castillo,Tecnología,Infraestructura,2026-07-14,6.5,4.4,4.7,3.4,6.0,5.07,7.5,7.6,5.6,4.8,6.47,7.1,6.6,6.0,6.6,5.3,6.41,5.4,6.3,6.5,6.5,5.8,6.1
2458,Carlos García Romero,Recursos Humanos,Capacitación,2026-04-19,5.0,3.1,3.6,4.9,2.9,3.92,1.5,0.3,1.7,1.4,1.21,2.0,2.6,3.8,0.6,2.7,2.41,3.9,2.4,1.3,1.9,1.9,2.4
2459,Andrea Castillo Flores,Recursos Humanos,Reclutamiento,2026-08-25,4.4,5.0,4.4,5.9,4.2,4.74,6.5,6.2,4.9,7.1,6.26,4.7,5.6,5.2,4.8,5.8,5.2,6.2,7.7,6.4,8.3,4.8,6.9
2460,Luis Martínez Morales,Finanzas,Contabilidad,2026-02-04,2.2,4.6,2.3,1.8,2.8,2.85,2.8,3.7,4.2,3.8,3.56,3.1,4.4,3.0,5.5,4.0,3.9,4.1,4.9,4.8,4.6,3.2,4.45
2461,Ximena Castillo Morales,Operaciones,Logística,2026-01-30,9.5,8.6,9.9,7.2,9.1,8.95,9.2,9.9,10.0,10.0,9.74,10.0,10.0,10.0,10.0,8.9,9.84,9.8,10.0,10.0,9.5,10.0,9.85
2462,Sergio Ortiz Martínez,Tecnología,Soporte Técnico,2026-01-17,5.4,5.2,5.8,5.2,7.9,5.78,4.2,3.1,4.4,5.6,4.31,5.4,5.8,5.8,3.1,5.9,5.31,5.8,4.2,5.1,5.3,1.9,4.77
2463,Juan Ortiz Gómez,Finanzas,Contabilidad,2025-11-06,7.0,8.5,8.0,8.5,9.0,8.1,8.8,7.9,6.5,10.0,8.41,8.9,9.6,7.7,10.0,8.8,8.98,6.3,6.4,7.1,8.3,7.8,7.04
2464,Gabriela Rodríguez Gómez,Ventas,Ventas Nacionales,2025-09-29,6.4,2.7,3.2,0.9,3.7,3.61,1.3,1.7,0.6,1.4,1.28,4.3,4.8,3.9,3.7,1.8,3.88,5.3,5.5,4.7,1.7,1.5,4.13
2465,Jorge Vázquez Morales,Operaciones,Logística,2025-10-07,3.7,1.8,3.0,3.4,2.9,2.92,1.0,2.0,5.1,3.5,2.7,2.8,3.3,4.8,4.8,4.0,3.8,3.3,4.0,3.8,0.3,4.7,3.12
2466,Valeria Hernández Pérez,Finanzas,Contabilidad,2026-02-19,7.5,9.0,7.6,6.9,6.7,7.68,8.9,10.0,8.3,7.1,8.6,7.1,7.4,8.4,9.7,7.5,7.88,7.8,10.0,6.9,7.4,6.5,7.96
2467,Ricardo Martínez Martínez,Operaciones,Control de Calidad,2025-12-25,5.5,5.0,5.9,5.8,7.8,5.84,5.5,5.3,5.4,4.3,5.13,7.7,6.3,9.0,5.6,6.0,7.04,6.5,8.4,6.2,7.2,7.7,7.18
2468,Daniela Ramírez Jiménez,Ventas,Atención a Clientes,2026-02-14,4.7,4.0,3.9,2.2,2.5,3.66,4.6,4.9,4.2,3.4,4.3,0.2,4.1,4.6,2.4,3.4,2.86,3.2,2.2,4.9,3.6,3.7,3.42
2469,Diego Morales Cruz,Recursos Humanos,Capacitación,2026-07-17,4.7,5.5,5.9,4.1,7.5,5.47,8.2,7.2,6.7,5.2,6.9,6.2,6.4,8.2,8.5,9.0,7.41,8.1,5.1,4.4,5.2,5.3,5.75
2470,Diego Cruz Hernández,Recursos Humanos,Reclutamiento,2026-01-05,6.6,7.2,3.5,6.0,6.2,5.98,5.5,6.0,6.7,6.8,6.19,6.3,5.8,3.4,6.0,5.2,5.39,4.6,3.8,3.2,4.7,6.1,4.29
2471,Alejandro Flores López,Recursos Humanos,Reclutamiento,2025-12-19,4.2,5.5,2.8,2.4,3.2,3.82,2.8,4.5,3.8,2.9,3.45,4.3,4.0,3.7,8.0,5.6,4.86,4.6,2.9,1.6,3.9,4.9,3.47
2472,Juan Martínez Reyes,Recursos Humanos,Capacitación,2026-07-07,8.6,8.7,9.2,8.0,10.0,8.86,9.9,10.0,9.2,10.0,9.81,7.1,8.3,8.6,8.3,8.7,8.12,8.7,8.0,8.7,9.4,7.3,8.52
2473,Raúl Rodríguez García,Marketing,Investigación de Mercado,2026-06-16,6.0,6.9,7.3,5.5,5.0,6.26,6.9,4.9,7.8,7.2,6.66,6.1,7.1,5.5,5.6,6.9,6.28,4.8,4.6,4.3,5.4,7.2,5.01
2474,Ximena Gómez González,Recursos Humanos,Nómina,2026-03-27,6.8,3.8,7.0,5.3,7.4,5.96,7.7,6.5,5.1,9.4,7.3,6.8,5.0,5.7,5.2,5.6,5.71,8.0,7.6,6.2,4.8,5.7,6.67
2475,Karla Martínez Flores,Operaciones,Producción,2025-12-23,8.3,8.2,7.5,7.5,6.8,7.77,6.5,7.6,6.3,5.9,6.58,7.4,7.0,8.3,6.5,8.0,7.44,8.2,8.9,7.1,8.0,8.5,8.14
2476,Diego Torres Flores,Marketing,Marketing Digital,2026-02-21,6.5,7.5,7.5,7.6,10.0,7.64,7.6,7.4,8.6,6.5,7.48,6.9,8.5,9.0,6.9,7.1,7.75,7.6,8.7,6.6,9.3,7.7,8.02
2477,Miguel Pérez Martínez,Finanzas,Tesorería,2026-08-13,6.7,5.5,5.5,5.3,6.4,5.9,5.6,5.2,5.6,5.9,5.57,5.2,6.2,5.4,4.8,7.2,5.73,6.5,7.6,5.4,6.0,5.7,6.38
2478,Paola Rodríguez Hernández,Ventas,Ventas Internacionales,2025-10-01,2.7,2.3,3.1,1.3,2.7,2.47,1.0,2.3,1.0,3.4,1.92,3.8,3.4,2.5,4.2,2.0,3.23,3.2,3.6,2.6,1.9,2.0,2.8
2479,Roberto Cruz Romero,Tecnología,Infraestructura,2025-10-22,10.0,9.7,9.8,10.0,7.8,9.56,10.0,10.0,9.2,9.8,9.79,9.9,10.0,10.0,10.0,10.0,9.98,6.9,9.8,10.0,9.7,10.0,9.12
2480,Valeria Ramírez García,Finanzas,Contabilidad,2026-08-14,7.3,5.9,6.0,7.2,5.6,6.42,7.3,7.6,7.3,8.3,7.62,6.6,5.7,8.5,7.5,7.7,7.06,5.8,8.5,7.1,8.2,4.8,7.12
2481,Francisco Gómez Ortiz,Marketing,Comunicación de Marca,2026-01-17,5.0,4.8,3.5,5.1,7.3,5.01,5.1,7.9,7.4,4.1,6.01,5.1,4.8,6.4,7.5,4.0,5.48,4.6,4.8,6.2,6.1,3.6,5.17
2482,José Reyes García,Ventas,Ventas Internacionales,2026-01-25,4.7,4.5,4.5,5.2,4.3,4.62,6.6,6.0,3.0,4.4,5.18,4.4,3.0,3.9,6.1,4.7,4.25,5.2,4.7,3.4,6.6,4.6,4.94
2483,Juan Vázquez Hernández,Finanzas,Contabilidad,2025-09-20,7.9,8.9,7.5,8.9,7.7,8.19,9.5,8.9,7.6,9.2,8.9,9.8,9.2,10.0,10.0,10.0,9.75,8.0,8.8,7.4,9.6,9.7,8.57
2484,Gabriela Ortiz Rodríguez,Marketing,Comunicación de Marca,2026-02-18,5.2,5.2,6.7,6.5,5.0,5.66,4.0,6.4,5.1,5.5,5.2,7.1,6.1,4.7,4.9,5.2,5.76,7.7,5.9,5.5,6.3,4.1,6.17
2485,Raúl Ramírez García,Tecnología,Soporte Técnico,2025-09-09,6.8,5.6,7.4,10.0,9.1,7.44,9.9,10.0,9.8,7.7,9.36,7.7,7.7,7.8,8.2,7.8,7.81,7.4,6.6,5.7,6.5,6.1,6.55
2486,Ximena Gómez Hernández,Operaciones,Producción,2026-01-03,8.2,10.0,8.6,9.5,8.8,9.01,7.1,9.1,8.6,8.8,8.32,9.2,7.4,9.1,5.4,9.1,8.15,8.7,10.0,8.2,9.7,8.0,9.06
2487,Ricardo Hernández Torres,Ventas,Atención a Clientes,2026-04-25,4.7,6.5,6.5,5.0,6.3,5.8,5.1,3.1,4.0,5.9,4.58,7.5,5.2,5.0,4.5,8.7,6.15,0.1,6.1,4.1,4.2,4.4,3.65
2488,Fernanda López Romero,Ventas,Ventas Internacionales,2026-04-01,10.0,9.1,8.4,10.0,10.0,9.46,7.2,8.5,7.3,10.0,8.25,8.0,8.0,7.9,7.9,7.5,7.89,10.0,6.4,8.5,8.6,6.7,8.19
2489,Miguel González García,Marketing,Comunicación de Marca,2026-04-29,6.0,6.4,5.8,3.6,5.1,5.56,5.6,5.0,7.1,7.6,6.25,6.4,5.0,6.9,7.3,7.0,6.38,5.3,5.8,5.2,2.7,7.7,5.12
2490,Mariana Sánchez Morales,Finanzas,Tesorería,2026-07-22,8.1,6.9,8.2,4.8,7.3,7.2,6.0,7.9,6.0,5.5,6.35,7.7,6.9,5.9,5.5,6.1,6.57,5.9,5.7,5.6,5.9,6.9,5.89
2491,Sofía Martínez Torres,Finanzas,Tesorería,2026-08-12,7.5,3.7,5.1,5.1,4.9,5.32,6.9,7.2,5.8,7.6,6.93,9.1,7.2,7.1,5.1,7.3,7.36,7.3,7.5,7.3,7.1,8.4,7.42
2492,Paola Reyes López,Recursos Humanos,Reclutamiento,2026-07-21,3.6,4.7,6.1,4.7,4.4,4.66,4.1,4.8,3.8,5.6,4.59,4.9,2.2,3.4,3.5,4.6,3.67,2.8,3.7,3.1,0.7,3.0,2.69
2493,Luis Reyes Ortiz,Tecnología,Soporte Técnico,2025-10-25,9.2,7.9,7.0,6.5,9.0,8.0,7.6,10.0,7.2,7.9,8.2,9.5,9.1,10.0,8.5,9.5,9.35,8.3,9.5,7.3,8.3,9.0,8.47
2494,Daniela Romero Castillo,Ventas,Atención a Clientes,2026-02-04,4.7,4.2,4.5,5.1,4.5,4.56,3.2,4.7,2.2,3.3,3.4,3.0,3.3,3.5,5.0,4.8,3.74,3.0,3.0,3.1,4.5,2.1,3.23
2495,Valeria Gómez Castillo,Ventas,Ventas Internacionales,2025-12-22,7.8,6.0,6.4,5.4,6.7,6.55,6.7,6.2,4.5,6.0,5.96,10.0,7.0,8.8,7.4,5.8,7.99,5.9,6.2,7.9,7.2,6.4,6.68
2496,Fernanda Jiménez García,Recursos Humanos,Reclutamiento,2026-01-31,8.2,4.1,6.1,5.3,6.5,6.06,3.2,5.7,5.7,4.3,4.6,5.9,8.9,6.1,7.5,6.8,7.06,7.8,7.1,6.0,7.0,7.3,7.06
2497,Andrea Jiménez García,Finanzas,Auditoría Interna,2025-11-30,9.5,7.9,10.0,10.0,10.0,9.35,8.7,9.2,8.0,6.4,8.11,6.8,6.9,7.1,8.1,6.1,6.98,7.9,8.5,7.2,7.6,6.8,7.74
2498,Karla García Romero,Marketing,Comunicación de Marca,2026-01-03,8.6,7.5,8.7,10.0,9.6,8.7,6.1,6.2,6.4,8.5,6.78,8.0,7.8,7.8,6.2,7.5,7.56,6.1,7.3,7.9,8.9,8.9,7.6
2499,Andrea Gómez Flores,Recursos Humanos,Reclutamiento,2026-06-12,8.0,6.5,7.1,5.0,5.8,6.66,6.7,5.3,7.1,9.1,7.03,5.3,6.9,5.9,7.6,7.9,6.56,6.3,5.6,6.8,5.9,3.1,5.83
2500,Ximena Vázquez López,Operaciones,Logística,2026-08-01,7.7,10.0,8.8,8.0,9.7,8.84,8.6,8.4,9.2,10.0,9.02,10.0,9.1,8.5,8.8,7.8,8.96,7.4,8.6,8.3,7.8,6.0,7.82
2501,María Gómez Vázquez,Operaciones,Logística,2026-06-18,0.5,3.6,3.9,5.0,2.2,2.88,2.2,3.1,0.3,1.7,1.92,1.3,2.2,3.8,3.8,4.3,2.85,2.1,3.3,1.4,2.9,2.0,2.41
2502,Miguel Ortiz Ortiz,Finanzas,Auditoría Interna,2026-05-19,7.1,6.5,6.6,7.4,5.5,6.66,5.6,5.1,5.3,6.2,5.56,7.1,6.3,8.4,6.6,6.0,6.92,7.4,8.5,7.0,5.9,8.1,7.36
2503,Gabriela Morales Sánchez,Marketing,Comunicación de Marca,2025-10-11,6.7,5.8,7.0,6.9,5.7,6.42,4.6,4.9,6.6,5.2,5.22,5.0,6.9,5.5,5.2,7.6,6.0,3.8,5.6,5.3,6.6,5.9,5.32
2504,Juan Gómez Pérez,Operaciones,Control de Calidad,2025-10-06,5.1,2.6,2.9,2.4,0.0,2.86,4.8,4.1,4.0,4.0,4.26,3.7,6.0,3.8,4.8,5.2,4.68,1.8,2.2,0.0,2.4,3.4,1.82
2505,Laura Rodríguez Martínez,Operaciones,Control de Calidad,2025-09-16,5.0,5.3,7.5,5.9,6.5,5.94,5.1,6.0,5.7,3.5,5.04,5.3,9.0,6.5,7.6,7.7,7.17,8.4,8.4,7.6,6.3,6.9,7.67
2506,Laura Martínez López,Finanzas,Tesorería,2026-08-11,7.1,7.8,8.3,8.4,8.1,7.86,5.4,4.8,7.2,7.6,6.16,5.9,4.7,6.9,8.0,7.3,6.32,5.4,6.5,6.1,6.5,8.0,6.3
2507,Fernanda Martínez Romero,Finanzas,Contabilidad,2026-03-27,6.2,8.8,5.4,7.2,7.6,7.05,6.0,6.5,6.4,6.9,6.43,7.9,5.5,5.5,4.8,8.1,6.38,5.9,6.9,6.5,7.1,5.8,6.5
2508,Andrea Ortiz Vázquez,Marketing,Investigación de Mercado,2025-10-28,7.2,4.6,5.6,5.3,6.8,5.88,5.2,4.7,6.6,4.9,5.28,8.8,9.3,7.4,7.9,7.3,8.29,5.9,6.5,5.5,6.6,7.4,6.26
2509,Valeria Torres Torres,Marketing,Investigación de Mercado,2025-10-31,7.1,7.5,7.3,5.4,5.7,6.78,5.9,6.4,6.9,6.4,6.35,4.3,5.1,6.3,7.5,4.3,5.38,6.6,6.9,9.2,6.8,5.6,7.14
2510,Karla Pérez Morales,Marketing,Marketing Digital,2026-08-18,8.4,7.6,7.8,8.4,9.4,8.23,7.5,9.4,10.0,8.8,8.8,8.0,7.6,8.0,7.7,5.8,7.52,7.7,8.6,8.6,9.1,7.9,8.41
2511,Andrea Flores Castillo,Tecnología,Desarrollo,2026-04-02,5.0,7.7,7.8,8.2,7.0,7.01,8.0,6.2,5.7,6.0,6.59,4.9,8.4,6.2,5.9,4.3,6.1,3.2,4.5,3.1,3.0,5.7,3.72
2512,Miguel Torres Castillo,Operaciones,Logística,2026-06-16,8.5,7.5,8.2,7.0,7.5,7.82,8.6,8.1,8.3,8.2,8.32,6.7,8.5,5.8,7.0,6.1,6.92,7.2,7.4,7.0,8.9,7.3,7.56
2513,María Jiménez Martínez,Recursos Humanos,Nómina,2026-04-08,8.3,10.0,8.1,8.5,9.8,8.94,7.1,8.4,8.9,7.2,7.81,10.0,10.0,9.0,9.2,9.5,9.6,7.3,8.1,7.3,7.9,7.9,7.68
2514,Carlos Pérez Castillo,Tecnología,Desarrollo,2025-12-20,4.4,3.5,4.4,4.2,5.3,4.28,7.2,5.4,4.4,3.1,5.17,6.1,5.8,7.3,4.5,5.1,5.87,5.9,4.1,6.2,4.9,5.3,5.25
2515,Mariana Pérez Torres,Marketing,Marketing Digital,2026-03-31,5.3,7.1,6.2,6.4,5.8,6.17,5.8,8.1,6.0,5.6,6.36,5.7,5.2,3.4,5.4,3.8,4.78,7.3,5.1,5.9,6.4,7.6,6.32
2516,José Pérez Torres,Finanzas,Auditoría Interna,2026-07-28,6.1,3.9,4.4,7.9,4.4,5.22,7.2,6.1,5.4,6.2,6.32,5.3,6.8,6.3,5.6,4.9,5.86,4.4,6.5,4.8,6.8,4.5,5.5
2517,Valeria Gómez González,Marketing,Investigación de Mercado,2025-12-05,10.0,9.5,9.0,8.7,8.5,9.25,9.1,10.0,9.7,8.1,9.2,9.6,8.9,10.0,9.3,10.0,9.52,8.0,9.3,5.9,7.9,8.2,7.91
2518,Miguel Rodríguez Cruz,Operaciones,Producción,2026-02-12,9.7,8.5,7.4,9.2,7.6,8.55,8.2,8.6,8.4,8.6,8.44,8.2,8.5,7.0,7.2,7.5,7.78,6.1,8.7,7.1,9.5,7.5,7.77
2519,Camila García Ramírez,Tecnología,Soporte Técnico,2026-04-05,8.0,8.7,8.2,7.6,7.3,8.05,6.8,8.7,7.3,8.6,7.82,9.1,8.2,6.1,7.3,7.7,7.79,8.9,8.1,7.6,6.4,9.1,7.96
2520,Francisco Flores Romero,Tecnología,Soporte Técnico,2026-04-25,6.2,7.8,6.5,8.3,8.1,7.26,7.4,9.6,7.7,6.9,7.88,6.6,6.8,6.9,8.4,7.2,7.07,5.9,7.4,5.9,8.0,6.3,6.74
2521,José López González,Operaciones,Logística,2026-08-29,3.2,3.2,3.3,3.5,1.4,3.0,2.9,4.3,3.6,5.6,4.06,3.8,8.3,6.9,4.1,6.3,5.97,2.0,2.1,3.8,5.6,2.7,3.18
2522,Camila Torres Pérez,Operaciones,Control de Calidad,2026-03-31,5.2,5.6,6.1,6.6,6.4,5.87,6.7,5.1,6.2,7.6,6.43,7.3,7.7,5.9,6.6,6.2,6.85,5.8,7.9,7.0,7.8,7.4,7.12
2523,María Martínez Castillo,Tecnología,Soporte Técnico,2026-07-22,7.7,8.0,5.7,7.5,7.0,7.24,2.6,4.2,3.1,5.5,3.82,5.0,5.8,6.2,4.1,5.8,5.43,6.7,7.1,5.9,7.8,5.5,6.74
2524,Laura Torres Hernández,Tecnología,Infraestructura,2026-03-16,5.7,3.8,4.7,6.7,5.2,5.1,4.9,4.1,5.7,4.5,4.76,5.5,7.3,3.1,5.7,5.2,5.46,6.4,6.3,5.7,4.3,5.3,5.7
2525,Ana González Castillo,Ventas,Atención a Clientes,2026-03-13,6.1,6.2,5.4,5.8,5.5,5.85,6.9,5.2,4.6,6.7,5.96,6.7,6.8,5.9,5.2,4.5,6.01,7.9,9.5,5.9,6.1,7.8,7.53
2526,Valeria Rodríguez Jiménez,Tecnología,Desarrollo,2025-09-10,9.2,10.0,10.0,8.3,7.5,9.17,8.0,9.9,8.9,9.9,9.13,10.0,10.0,10.0,10.0,10.0,10.0,10.0,8.5,9.0,10.0,10.0,9.43
2527,Daniela Gómez García,Operaciones,Control de Calidad,2026-06-10,4.0,5.2,1.1,1.5,3.6,3.28,4.1,3.2,3.5,3.7,3.66,5.7,2.7,6.4,3.8,5.0,4.7,3.3,1.9,3.8,3.0,2.8,2.94
2528,Gabriela Vázquez López,Marketing,Marketing Digital,2026-01-13,5.5,8.2,6.0,9.5,7.9,7.24,7.5,7.9,8.0,5.5,7.2,6.6,6.7,6.4,5.7,9.5,6.89,8.9,8.3,7.1,9.1,6.7,8.21
2529,Karla Gómez Flores,Recursos Humanos,Nómina,2025-09-16,5.6,4.2,3.0,5.6,4.4,4.55,4.4,1.3,1.5,2.1,2.47,4.6,2.0,5.5,4.0,2.8,3.77,4.1,4.1,3.9,3.5,5.8,4.11
2530,Mariana Sánchez López,Marketing,Investigación de Mercado,2026-04-14,5.4,8.0,4.3,5.7,5.8,5.94,4.4,8.4,5.3,6.3,6.06,6.9,8.3,8.0,7.5,8.4,7.78,6.5,4.4,4.5,3.5,6.2,4.94
2531,Andrea Ramírez Gómez,Finanzas,Auditoría Interna,2025-10-22,6.8,6.3,4.5,6.1,6.2,6.02,7.9,5.1,6.5,4.8,6.14,6.7,8.7,6.2,5.4,8.0,7.1,6.6,8.6,6.2,3.8,7.4,6.54
2532,Luis Reyes Hernández,Tecnología,Infraestructura,2026-06-20,6.9,5.8,4.5,6.9,6.8,6.13,6.0,7.4,7.4,6.3,6.7,5.3,5.8,4.9,7.5,5.8,5.75,3.8,5.1,6.2,5.4,4.6,5.0
2533,Diego Sánchez Vázquez,Finanzas,Contabilidad,2026-06-08,6.9,8.4,9.9,9.3,9.6,8.64,10.0,10.0,7.8,10.0,9.56,9.9,9.2,10.0,7.8,8.5,9.22,7.7,8.5,9.1,8.9,9.4,8.59
2534,Miguel Rodríguez García,Recursos Humanos,Reclutamiento,2025-09-26,4.8,4.7,6.1,4.5,4.0,4.87,4.7,5.9,4.8,5.0,5.1,5.5,4.6,4.1,3.2,5.2,4.6,4.5,5.2,2.1,4.0,4.9,4.14
2535,Raúl Castillo Ortiz,Ventas,Atención a Clientes,2025-12-09,8.3,7.9,8.6,9.3,6.3,8.11,9.5,10.0,9.6,9.1,9.54,6.9,6.6,7.4,7.6,7.3,7.09,6.2,8.0,5.7,6.8,7.5,6.8
2536,Paola Gómez Rodríguez,Finanzas,Contabilidad,2025-11-27,4.9,1.7,6.1,5.7,3.5,4.25,3.1,2.2,2.7,2.3,2.6,2.7,3.3,1.2,2.1,4.4,2.72,6.3,3.9,4.5,6.6,5.5,5.32
2537,Francisco Cruz Jiménez,Marketing,Investigación de Mercado,2026-06-06,7.5,7.0,6.3,8.4,7.7,7.3,7.3,6.6,7.5,7.4,7.19,7.6,4.7,6.4,4.7,5.8,5.93,6.1,5.8,6.8,5.5,3.9,5.82
2538,Alejandro Pérez Gómez,Finanzas,Tesorería,2026-08-01,3.0,4.6,2.0,1.5,0.8,2.64,3.0,3.2,3.2,2.9,3.06,3.4,2.7,3.2,4.9,2.8,3.32,4.2,3.9,3.1,5.1,3.6,4.03
2539,Ricardo Sánchez Gómez,Tecnología,Soporte Técnico,2026-03-12,3.6,2.9,3.3,3.9,4.6,3.56,4.9,3.9,4.2,3.4,4.14,5.0,4.7,3.5,5.8,1.7,4.25,2.5,2.9,2.4,0.9,2.6,2.27
2540,Ana Gómez Romero,Finanzas,Contabilidad,2026-02-20,3.4,4.1,3.0,2.8,1.3,3.09,4.6,4.5,3.6,4.3,4.3,5.9,4.1,4.1,3.7,3.5,4.4,6.0,6.1,6.0,4.9,3.1,5.52
2541,Diego Sánchez Sánchez,Finanzas,Contabilidad,2026-02-22,6.4,6.7,6.8,6.3,7.7,6.74,5.0,8.6,6.7,8.1,7.02,5.8,6.0,6.6,6.6,7.6,6.4,6.2,3.7,6.1,6.1,7.1,5.62
2542,Alejandro Castillo Gómez,Marketing,Marketing Digital,2025-09-25,7.3,8.1,7.3,7.0,7.8,7.53,10.0,4.0,7.7,8.0,7.54,8.1,9.1,9.6,7.6,10.0,8.86,8.8,9.8,9.2,8.5,6.8,8.87
2543,José Sánchez Rodríguez,Marketing,Investigación de Mercado,2025-10-17,7.3,5.4,6.8,6.0,5.0,6.18,2.2,5.9,5.5,4.9,4.46,3.4,3.9,4.7,2.5,4.7,3.84,6.2,3.1,6.3,6.4,6.6,5.52
2544,Laura Flores Ortiz,Tecnología,Infraestructura,2025-11-16,3.5,6.1,5.5,5.1,3.0,4.72,5.9,6.4,4.7,3.6,5.21,5.6,4.1,6.0,4.3,5.7,5.12,3.7,4.6,2.8,3.8,3.1,3.71
2545,Carlos Vázquez Romero,Tecnología,Infraestructura,2025-11-01,7.9,9.0,7.5,7.3,8.8,8.14,8.2,9.0,7.9,9.0,8.54,7.5,6.4,7.1,7.1,8.6,7.25,8.0,7.1,10.0,6.4,8.1,7.86
2546,José Rodríguez Rodríguez,Tecnología,Desarrollo,2025-10-28,3.9,2.4,3.5,3.6,2.7,3.22,5.7,2.9,5.2,5.6,4.88,6.0,4.8,7.0,4.0,3.4,5.21,3.9,3.0,4.9,3.9,4.1,3.9
2547,Miguel Morales Gómez,Marketing,Comunicación de Marca,2026-01-11,8.6,10.0,8.3,9.9,9.6,9.24,10.0,10.0,10.0,10.0,10.0,7.2,7.9,9.8,9.2,7.5,8.24,7.6,7.7,5.8,6.8,7.1,7.06
2548,María Hernández Reyes,Marketing,Marketing Digital,2025-09-27,6.4,6.8,6.5,7.9,8.8,7.1,5.3,7.4,9.5,8.5,7.46,7.9,8.9,8.3,7.9,7.2,8.12,9.2,7.9,6.8,7.8,10.0,8.2
2549,Mariana Flores Reyes,Ventas,Atención a Clientes,2025-12-08,9.9,9.2,7.9,6.7,10.0,8.86,7.1,7.3,6.7,7.2,7.1,8.1,6.7,7.4,9.1,7.0,7.6,7.2,8.8,7.6,8.7,6.1,7.87
2550,Francisco López Flores,Tecnología,Soporte Técnico,2026-04-21,2.3,3.3,2.6,1.0,1.4,2.28,3.9,2.9,4.0,3.1,3.47,2.3,2.4,2.0,3.3,1.7,2.32,3.6,5.3,5.4,6.3,4.5,5.02
2551,Luis Ortiz García,Recursos Humanos,Nómina,2026-06-02,5.5,5.1,4.3,3.8,4.6,4.77,6.4,4.0,5.2,6.8,5.66,4.9,5.0,3.6,3.5,3.6,4.26,3.8,3.1,1.6,4.8,3.6,3.36
2552,Daniela Martínez López,Tecnología,Infraestructura,2026-08-02,6.8,8.3,7.0,6.3,8.2,7.35,6.8,7.9,8.5,10.0,8.22,9.2,9.5,9.2,9.4,6.9,8.96,7.7,8.9,8.5,7.6,8.1,8.18
2553,Raúl Pérez Gómez,Operaciones,Logística,2025-12-04,6.2,4.7,5.3,6.4,6.2,5.68,7.4,6.0,7.4,7.6,7.1,6.3,4.6,5.9,5.8,4.9,5.51,7.2,6.9,6.6,3.4,5.7,6.1
2554,Sergio Castillo Flores,Ventas,Atención a Clientes,2025-12-27,7.5,8.5,7.9,10.0,6.3,8.02,9.9,9.8,8.0,7.3,8.84,9.1,8.8,6.8,6.1,6.6,7.74,7.9,8.4,8.2,8.9,7.6,8.26
2555,Andrea Romero Cruz,Recursos Humanos,Reclutamiento,2025-10-03,1.2,2.5,3.3,2.7,2.7,2.4,3.4,1.0,1.8,2.6,2.28,1.7,0.9,0.8,2.1,0.0,1.12,1.4,2.1,2.9,4.1,0.6,2.34
2556,María Reyes Hernández,Ventas,Ventas Nacionales,2026-05-12,7.6,8.6,8.5,6.9,7.1,7.85,5.6,4.0,4.1,6.2,5.05,4.7,5.1,7.0,4.7,6.8,5.58,4.6,5.7,5.7,7.4,6.3,5.82
2557,Raúl Sánchez Gómez,Marketing,Marketing Digital,2025-10-27,6.9,9.7,8.0,8.2,10.0,8.48,6.5,7.3,8.1,10.0,7.9,7.6,5.5,8.1,8.8,7.4,7.32,9.3,7.8,9.3,7.1,10.0,8.56
2558,Alejandro Romero Morales,Recursos Humanos,Reclutamiento,2025-09-17,9.7,8.9,10.0,8.0,7.8,9.02,7.5,9.0,9.1,8.3,8.4,8.8,8.9,9.1,7.7,8.8,8.72,10.0,9.2,8.2,7.8,9.2,8.92
2559,Francisco Hernández Romero,Ventas,Ventas Internacionales,2025-12-22,8.2,10.0,9.3,10.0,10.0,9.41,7.3,7.1,7.7,9.2,7.8,9.6,10.0,9.2,8.2,9.1,9.33,10.0,8.0,9.3,8.9,6.5,8.79
2560,Laura Hernández Castillo,Marketing,Investigación de Mercado,2026-06-30,9.9,10.0,9.2,10.0,7.9,9.5,10.0,9.3,10.0,10.0,9.82,8.3,8.4,7.1,10.0,10.0,8.6,10.0,10.0,9.1,9.5,8.5,9.57
2561,Camila Vázquez Flores,Recursos Humanos,Capacitación,2026-04-13,5.7,6.2,7.6,5.7,6.8,6.37,5.4,6.1,4.3,4.6,5.15,6.0,6.1,6.5,4.1,6.4,5.9,8.9,6.5,6.8,7.2,5.3,7.18
2562,Ricardo Pérez Sánchez,Finanzas,Auditoría Interna,2026-01-31,4.4,4.9,4.6,4.1,5.3,4.65,5.5,6.3,3.2,6.8,5.56,6.5,5.8,6.6,6.4,5.8,6.22,3.5,3.8,5.0,6.0,6.0,4.62
2563,Carlos Rodríguez Gómez,Recursos Humanos,Capacitación,2025-11-08,8.3,9.4,9.9,9.5,7.8,9.0,7.5,8.3,7.3,10.0,8.28,10.0,10.0,10.0,9.2,8.6,9.67,6.4,8.6,8.8,7.9,8.1,7.9
2564,Ana Sánchez Ortiz,Ventas,Ventas Internacionales,2026-04-19,7.9,6.1,5.9,7.2,6.8,6.78,7.8,9.1,9.4,8.9,8.72,5.7,4.5,4.5,6.6,6.1,5.36,4.5,7.7,6.4,8.2,7.0,6.67
2565,Paola Ortiz Martínez,Marketing,Investigación de Mercado,2026-04-12,7.8,6.3,8.9,9.0,7.8,7.82,7.4,7.5,7.5,9.0,7.85,8.0,7.1,9.2,7.6,6.7,7.76,6.7,7.1,4.7,5.8,6.2,6.17
2566,Alejandro Sánchez García,Recursos Humanos,Capacitación,2026-09-03,6.7,8.8,6.5,7.5,6.9,7.34,6.1,5.8,6.1,7.6,6.4,4.8,4.5,5.3,5.6,5.4,5.04,5.1,5.3,4.6,4.5,6.2,5.04
2567,Sergio López González,Tecnología,Infraestructura,2025-12-16,5.4,5.4,6.3,4.4,5.9,5.5,7.0,5.1,5.7,7.3,6.34,7.6,5.3,6.2,7.3,5.9,6.44,7.5,7.3,5.5,6.5,6.7,6.77
2568,Daniela Flores Vázquez,Marketing,Comunicación de Marca,2026-07-17,5.9,7.1,7.8,4.6,3.7,6.06,5.9,6.4,6.2,2.3,5.18,4.3,5.0,4.1,4.1,3.2,4.24,4.7,6.7,7.1,6.5,4.6,6.03
2569,Ricardo Martínez Jiménez,Recursos Humanos,Reclutamiento,2025-11-23,3.3,3.4,3.9,4.6,5.5,3.97,4.1,4.1,5.4,5.8,4.78,5.2,5.4,3.2,4.7,2.2,4.32,5.2,3.0,4.1,4.0,3.8,4.05
2570,Laura García Romero,Recursos Humanos,Reclutamiento,2025-12-18,3.1,4.0,3.3,3.3,3.1,3.4,2.7,5.3,4.4,3.8,3.96,3.5,3.7,4.0,4.9,4.4,4.0,2.6,5.7,3.9,2.0,2.8,3.54
2571,Raúl Reyes Castillo,Tecnología,Soporte Técnico,2026-03-04,7.1,6.9,4.5,7.2,7.7,6.64,7.9,6.5,9.3,6.8,7.56,4.4,7.2,7.1,6.1,6.6,6.22,5.7,4.1,5.1,6.7,9.2,5.73
2572,Pedro García González,Ventas,Atención a Clientes,2025-09-21,7.2,8.0,9.0,6.8,6.7,7.62,8.4,9.1,8.3,9.6,8.86,9.8,5.9,10.0,8.3,8.1,8.39,9.8,7.1,10.0,8.9,8.1,8.82
2573,Fernanda Gómez López,Ventas,Ventas Internacionales,2025-10-14,6.8,7.0,5.3,6.1,5.9,6.31,7.2,7.9,6.9,5.9,6.99,5.3,8.8,8.0,6.8,7.0,7.19,8.3,6.9,7.2,7.5,5.7,7.31
2574,Daniela López Morales,Operaciones,Producción,2026-06-18,6.1,3.6,4.7,6.3,7.6,5.45,5.7,4.7,8.0,5.8,5.94,4.8,5.9,5.0,5.6,5.4,5.32,3.9,4.8,7.6,7.4,5.9,5.76
2575,Ximena Morales Vázquez,Finanzas,Tesorería,2026-08-17,5.8,3.6,5.1,5.5,6.7,5.2,6.3,4.5,2.4,7.1,5.27,5.6,4.0,9.5,5.5,6.4,6.08,3.5,6.7,7.2,7.0,5.8,5.97
2576,María Reyes García,Operaciones,Producción,2025-09-12,7.0,8.0,6.8,7.4,6.9,7.26,5.3,5.6,4.6,5.6,5.31,2.9,4.8,4.9,3.7,4.5,4.14,8.0,4.8,4.4,5.1,4.0,5.5
2577,Juan Pérez Flores,Operaciones,Producción,2026-06-11,9.8,8.8,8.7,8.3,8.4,8.9,7.2,5.7,7.8,7.4,6.99,6.0,9.1,7.5,8.5,7.6,7.69,5.8,6.7,5.1,7.9,7.8,6.5
2578,Diego Ortiz Castillo,Finanzas,Contabilidad,2026-07-07,6.5,6.6,6.4,6.4,6.5,6.49,6.5,6.1,4.1,6.9,6.02,5.6,6.8,5.3,6.1,6.2,6.0,6.3,6.5,5.4,2.8,6.2,5.46
2579,Luis Sánchez Romero,Tecnología,Infraestructura,2026-08-16,5.5,6.0,6.2,2.7,5.7,5.38,4.7,3.1,5.0,3.2,3.99,5.0,6.2,4.5,7.7,7.2,5.94,4.7,4.9,5.6,4.8,2.3,4.71
2580,Daniela González Rodríguez,Operaciones,Logística,2026-06-09,3.0,6.9,3.2,4.5,6.0,4.69,5.4,6.1,5.2,6.8,5.89,5.6,5.2,6.8,5.7,4.9,5.65,5.1,3.6,7.2,4.5,4.0,4.92
2581,Sofía Sánchez Ortiz,Recursos Humanos,Capacitación,2026-04-23,4.1,5.5,3.6,5.6,4.4,4.62,3.5,2.8,2.5,2.4,2.85,5.2,4.9,2.6,3.1,4.2,4.14,3.5,3.6,3.6,3.2,2.6,3.4
2582,Roberto Cruz García,Recursos Humanos,Nómina,2025-09-20,5.3,6.5,5.7,2.8,5.3,5.3,7.1,6.9,8.1,6.8,7.18,8.0,7.8,8.3,7.7,6.3,7.71,5.6,5.1,5.3,5.8,5.5,5.44
2583,Raúl Castillo López,Tecnología,Soporte Técnico,2025-09-19,7.3,8.4,8.3,8.1,7.2,7.88,7.0,6.3,7.4,6.5,6.78,4.2,6.3,5.6,6.6,4.8,5.46,6.4,8.3,6.3,8.9,6.2,7.34
2584,Valeria Pérez Pérez,Marketing,Marketing Digital,2026-07-27,7.8,7.4,8.0,10.0,8.8,8.22,7.5,7.8,7.3,8.3,7.74,9.6,7.1,8.4,8.6,7.8,8.32,7.7,9.4,7.9,6.6,7.3,7.91
2585,Laura Ortiz Ramírez,Finanzas,Auditoría Interna,2026-04-23,7.2,7.2,6.8,6.6,5.8,6.82,6.6,5.5,5.1,6.3,5.95,8.2,7.1,6.0,6.9,3.7,6.62,7.6,6.9,7.4,7.4,8.1,7.4
2586,Carlos Pérez Martínez,Finanzas,Tesorería,2026-01-22,6.1,6.6,4.7,6.3,5.0,5.81,4.9,5.6,5.9,6.3,5.63,4.0,2.0,7.4,2.9,4.6,4.11,5.1,5.3,4.9,7.1,5.2,5.52
2587,Valeria García García,Marketing,Marketing Digital,2025-10-13,9.2,8.9,9.3,8.4,10.0,9.14,10.0,10.0,7.3,10.0,9.46,8.6,6.6,9.1,8.6,7.7,8.06,7.8,6.8,7.4,7.8,8.1,7.5
2588,Raúl González García,Recursos Humanos,Reclutamiento,2026-07-05,2.5,2.9,2.0,4.7,4.8,3.18,3.2,5.6,6.5,3.8,4.61,3.7,3.4,5.0,7.0,3.9,4.41,4.6,2.9,5.0,4.9,2.8,4.14
2589,Raúl García López,Finanzas,Tesorería,2026-07-06,8.2,5.4,7.7,8.2,7.5,7.29,7.0,6.6,6.9,7.4,6.98,8.8,7.3,8.9,8.8,8.4,8.39,9.8,8.2,8.5,8.3,7.7,8.63
2590,Ricardo Martínez López,Recursos Humanos,Nómina,2026-06-20,2.7,4.1,2.9,0.6,1.7,2.62,2.8,3.6,4.1,3.6,3.46,1.9,3.3,2.7,2.9,2.2,2.6,3.6,5.7,4.0,2.7,3.1,3.98
2591,Luis Romero Romero,Ventas,Atención a Clientes,2025-10-17,4.9,7.4,6.0,6.1,6.5,6.16,4.8,5.4,7.2,6.4,5.83,7.3,5.4,4.1,4.0,5.3,5.39,3.8,6.6,4.8,6.1,3.5,5.13
2592,Karla Rodríguez López,Finanzas,Auditoría Interna,2026-03-14,6.8,6.4,8.4,6.4,5.4,6.75,6.7,5.0,4.9,5.1,5.52,5.1,5.6,6.8,4.9,6.4,5.73,4.6,3.3,4.5,3.1,5.9,4.08
2593,Ricardo Jiménez Castillo,Recursos Humanos,Nómina,2026-06-10,10.0,9.6,10.0,10.0,9.6,9.84,10.0,9.8,9.2,10.0,9.79,10.0,9.0,7.9,9.8,10.0,9.3,10.0,9.0,10.0,10.0,8.8,9.63
2594,Francisco Torres Reyes,Finanzas,Tesorería,2026-01-17,4.1,5.4,6.1,3.2,4.3,4.72,4.9,5.3,3.7,6.4,5.14,7.9,6.1,6.0,4.3,7.4,6.46,4.2,4.8,4.6,3.8,3.0,4.23
2595,Gabriela González Hernández,Finanzas,Tesorería,2025-12-11,9.3,9.3,6.5,9.1,6.6,8.3,9.1,8.8,7.9,8.0,8.51,7.5,6.3,8.9,8.9,8.3,7.81,10.0,8.6,9.5,8.6,9.0,9.17
2596,Sergio Flores Reyes,Marketing,Marketing Digital,2025-12-10,3.8,3.7,4.4,3.7,1.9,3.6,2.9,2.4,0.0,3.2,2.27,3.8,3.9,4.7,3.6,5.0,4.15,4.5,1.8,3.9,3.5,3.2,3.38
2597,Miguel Sánchez Vázquez,Recursos Humanos,Capacitación,2025-12-20,9.3,8.2,9.0,8.9,8.6,8.8,8.5,8.7,9.4,6.5,8.23,9.8,9.8,10.0,9.0,8.9,9.59,8.3,9.2,10.0,8.8,8.1,8.94
2598,Francisco Flores Ortiz,Ventas,Ventas Nacionales,2026-04-18,3.4,2.6,4.0,3.2,1.7,3.03,5.4,3.5,6.4,4.4,4.88,4.9,5.2,4.3,6.0,6.0,5.18,4.5,3.6,4.6,5.4,1.6,4.19
2599,José González Rodríguez,Recursos Humanos,Nómina,2026-01-08,7.9,7.2,7.4,8.4,6.1,7.43,6.4,8.9,4.9,8.1,7.15,9.4,9.0,7.9,9.8,10.0,9.15,7.4,9.8,8.1,7.6,9.9,8.43
2600,Francisco Vázquez Cruz,Tecnología,Desarrollo,2026-07-14,9.2,9.4,8.5,7.8,5.9,8.41,5.8,7.3,8.4,10.0,7.74,10.0,7.9,9.3,7.7,10.0,8.99,10.0,10.0,9.2,8.3,9.3,9.43
2601,Karla Rodríguez Hernández,Recursos Humanos,Nómina,2026-06-15,7.0,7.5,7.1,7.6,5.4,6.99,7.3,5.5,6.6,7.5,6.76,6.1,7.6,6.7,8.9,4.6,6.79,7.1,7.2,7.1,8.1,6.4,7.26
2602,Miguel Torres García,Tecnología,Soporte Técnico,2026-08-16,7.7,7.1,7.7,5.6,6.9,7.12,6.2,6.2,4.8,6.0,5.87,6.9,7.1,6.8,8.7,9.1,7.53,7.8,7.8,7.9,8.5,7.6,7.94
2603,Raúl Morales Martínez,Marketing,Comunicación de Marca,2026-04-16,7.2,8.3,6.8,7.6,6.7,7.38,6.3,6.9,5.4,5.4,6.04,3.4,5.1,4.7,6.0,4.8,4.68,6.8,7.5,5.7,7.6,7.7,7.0
2604,Pedro González Rodríguez,Tecnología,Soporte Técnico,2026-07-10,2.6,4.3,4.7,4.3,3.1,3.78,4.9,1.5,3.7,2.6,3.24,2.6,4.9,3.9,2.5,4.7,3.74,4.1,3.6,3.5,4.2,4.2,3.88
2605,Sofía Ortiz Jiménez,Finanzas,Contabilidad,2025-11-08,9.4,7.6,8.1,7.4,5.5,7.81,7.3,8.8,6.6,8.1,7.74,10.0,8.6,9.4,8.6,6.5,8.8,8.7,10.0,10.0,10.0,9.5,9.62
2606,Karla Flores Vázquez,Recursos Humanos,Nómina,2026-03-09,4.6,7.2,5.8,7.1,4.9,5.91,6.1,4.4,7.6,8.5,6.57,7.0,7.5,7.6,7.7,6.1,7.22,5.7,3.0,5.8,5.3,7.8,5.18
2607,Ricardo Hernández Flores,Operaciones,Logística,2026-04-19,8.1,8.0,8.8,7.7,7.9,8.12,9.7,10.0,8.1,10.0,9.53,8.4,9.3,9.4,10.0,9.8,9.28,7.9,6.5,7.7,9.6,7.8,7.84
2608,María Pérez Cruz,Finanzas,Auditoría Interna,2025-11-25,5.8,7.8,5.6,7.1,6.7,6.59,4.8,4.2,7.6,6.4,5.61,6.0,7.8,4.1,4.9,8.0,6.21,7.1,7.5,6.8,8.3,7.0,7.37
2609,Gabriela Rodríguez Rodríguez,Operaciones,Producción,2026-01-27,10.0,9.7,10.0,10.0,10.0,9.93,10.0,9.5,10.0,10.0,9.88,8.2,9.0,10.0,10.0,8.4,9.06,8.8,10.0,7.5,7.6,9.9,8.71
2610,Sofía Gómez Rodríguez,Operaciones,Logística,2026-06-30,7.7,7.3,6.2,8.5,4.5,6.94,7.1,7.0,4.8,5.2,6.14,6.0,7.6,6.4,8.8,9.4,7.41,8.2,7.8,7.0,7.9,8.1,7.79
2611,Ricardo Cruz Jiménez,Ventas,Ventas Internacionales,2026-01-08,5.8,6.6,6.0,6.3,6.2,6.18,7.2,4.1,5.7,4.4,5.43,3.7,7.3,6.0,5.3,6.4,5.7,3.6,3.7,2.7,1.5,3.2,2.99
2612,Sergio Reyes Castillo,Operaciones,Control de Calidad,2025-10-13,5.8,8.4,8.2,9.5,7.6,7.75,6.5,6.5,6.0,7.4,6.62,4.9,4.3,4.3,6.6,8.2,5.38,3.8,5.2,7.8,6.4,7.6,5.85
2613,Fernanda Ramírez Torres,Tecnología,Desarrollo,2026-08-15,8.0,6.8,6.4,6.9,7.6,7.16,4.0,4.1,5.7,5.4,4.72,5.4,6.8,5.0,5.4,6.1,5.78,4.8,4.4,4.7,6.5,6.3,5.17
2614,María Pérez Vázquez,Finanzas,Auditoría Interna,2025-10-15,6.9,6.1,4.6,4.3,5.6,5.65,4.8,4.7,7.4,5.0,5.35,6.5,4.8,6.5,5.1,6.0,5.79,7.7,9.4,7.2,7.6,7.1,7.95
2615,Jorge García Rodríguez,Tecnología,Infraestructura,2026-06-03,10.0,8.6,10.0,10.0,9.0,9.5,8.3,7.8,8.2,9.9,8.56,9.3,10.0,9.1,10.0,8.4,9.4,7.8,9.7,9.3,6.4,8.1,8.33
2616,José Sánchez Reyes,Tecnología,Soporte Técnico,2025-11-29,4.3,4.4,5.8,6.0,5.2,5.01,2.1,4.5,3.7,3.6,3.4,3.3,3.5,4.2,3.5,3.3,3.56,2.6,2.6,3.0,6.9,4.2,3.7
2617,Ricardo Romero Rodríguez,Tecnología,Soporte Técnico,2026-04-13,9.2,6.7,7.2,6.5,8.2,7.62,9.1,9.5,10.0,10.0,9.6,9.3,10.0,10.0,8.6,10.0,9.62,7.6,9.0,10.0,8.4,10.0,8.83
2618,Sofía García Pérez,Operaciones,Producción,2025-12-01,5.5,5.1,4.8,6.1,5.6,5.36,4.6,5.6,6.2,3.8,4.97,5.7,8.3,5.7,3.1,5.6,5.94,6.4,6.1,5.7,3.1,4.6,5.35
2619,Karla Hernández Pérez,Operaciones,Logística,2025-11-29,8.2,5.9,7.2,4.9,8.3,6.94,4.7,2.0,5.6,4.8,4.23,5.6,2.6,6.1,3.3,6.8,4.78,5.0,4.7,4.2,4.9,6.6,4.9
2620,Francisco Cruz Pérez,Finanzas,Tesorería,2025-10-18,4.0,4.2,3.4,1.6,5.2,3.75,5.3,3.9,5.1,3.7,4.51,4.5,3.1,2.7,1.2,3.5,3.14,4.3,4.5,3.3,2.4,4.0,3.74
2621,Fernanda Ramírez Martínez,Ventas,Atención a Clientes,2026-06-20,6.0,6.1,5.5,7.1,5.7,6.04,4.0,4.1,3.7,3.9,3.94,6.8,5.2,3.9,5.7,6.4,5.6,5.4,5.2,4.9,4.9,5.2,5.13
2622,Fernanda Castillo López,Finanzas,Contabilidad,2026-04-26,9.3,10.0,9.4,9.7,9.3,9.56,6.5,7.5,4.9,7.6,6.7,6.5,7.6,6.2,8.4,6.9,7.06,8.6,7.0,8.2,8.3,8.1,8.01
2623,Andrea Cruz López,Tecnología,Infraestructura,2026-02-19,3.9,3.4,4.7,3.4,3.1,3.74,2.5,2.5,3.8,4.4,3.24,3.2,0.7,2.0,2.4,1.6,1.98,4.2,5.9,5.6,5.8,5.5,5.36
2624,Raúl Romero Sánchez,Tecnología,Desarrollo,2025-10-01,6.1,7.3,7.0,4.9,4.9,6.22,5.5,4.7,5.6,5.7,5.37,8.0,8.7,5.5,6.5,8.3,7.5,7.0,4.8,5.5,4.2,5.4,5.43
2625,Luis Flores Morales,Recursos Humanos,Capacitación,2025-11-02,4.9,6.8,7.2,6.3,5.8,6.18,6.2,5.4,7.8,7.0,6.52,6.5,5.7,6.4,7.1,4.0,5.99,8.6,4.6,8.5,5.1,6.1,6.63
2626,Paola Sánchez Sánchez,Recursos Humanos,Reclutamiento,2026-01-21,7.6,6.2,7.0,6.9,5.4,6.7,6.0,5.5,5.8,7.6,6.24,5.7,4.2,4.6,5.0,4.9,4.88,7.3,4.4,6.1,6.8,5.7,6.08
2627,José Ramírez Castillo,Operaciones,Producción,2026-05-12,5.9,6.8,5.6,4.9,6.3,5.98,5.6,5.1,4.8,6.9,5.64,5.3,6.5,6.5,5.3,8.1,6.26,6.4,3.5,4.8,4.5,5.4,4.88
2628,Pedro Cruz García,Tecnología,Soporte Técnico,2025-09-19,6.5,7.3,6.1,7.7,6.4,6.78,7.8,10.0,9.0,6.9,8.36,7.4,9.1,8.4,10.0,9.9,8.79,7.4,7.2,5.3,6.3,6.8,6.65
2629,Jorge Vázquez Gómez,Finanzas,Auditoría Interna,2025-11-05,2.6,3.6,1.6,1.4,4.1,2.7,4.2,2.9,4.4,2.2,3.42,3.4,3.0,4.0,4.7,4.4,3.77,2.9,5.1,4.1,4.4,2.6,3.96
2630,Sergio Sánchez Morales,Tecnología,Desarrollo,2025-11-10,5.6,6.3,5.7,6.0,3.4,5.52,7.1,4.8,4.2,6.3,5.74,4.7,6.4,6.1,6.8,5.3,5.81,6.6,4.3,5.2,10.0,5.5,6.32
2631,Daniela Castillo Rodríguez,Recursos Humanos,Reclutamiento,2026-04-03,3.2,5.1,1.7,3.3,1.7,3.16,3.5,1.9,0.0,2.9,2.25,2.6,0.8,0.4,2.8,1.0,1.5,5.3,4.3,2.4,3.6,1.6,3.76
2632,Valeria López Ortiz,Tecnología,Desarrollo,2026-01-26,4.5,3.8,4.6,4.8,5.6,4.56,3.4,6.0,2.9,3.1,3.88,6.3,4.2,3.6,5.1,5.7,4.96,3.4,3.5,1.9,3.3,3.2,3.08
2633,Roberto Romero Morales,Operaciones,Producción,2026-09-05,6.1,4.7,6.1,5.9,7.0,5.86,6.5,6.9,4.2,4.6,5.66,4.8,4.1,6.1,4.1,3.1,4.52,4.3,4.2,3.6,5.3,4.0,4.31
2634,Ricardo Sánchez López,Ventas,Ventas Internacionales,2026-02-15,6.1,5.9,6.5,6.3,7.0,6.3,4.7,6.8,6.5,4.6,5.56,8.5,4.2,3.5,3.1,5.1,5.1,4.7,2.6,4.3,6.5,4.7,4.46
2635,Ana Torres Hernández,Tecnología,Infraestructura,2026-07-21,9.6,5.8,6.5,7.2,9.0,7.58,5.2,7.0,8.0,7.6,6.81,6.6,9.0,8.6,8.0,7.6,7.96,7.4,7.2,10.0,7.5,7.7,7.92
2636,Ximena Sánchez Vázquez,Ventas,Ventas Nacionales,2026-02-18,9.9,8.0,9.3,10.0,10.0,9.34,8.4,9.1,8.6,9.9,8.99,9.7,10.0,10.0,10.0,10.0,9.93,7.5,9.0,8.5,9.4,9.0,8.6
2637,Juan Sánchez Ramírez,Tecnología,Desarrollo,2026-02-14,6.2,6.8,7.7,6.5,4.4,6.42,5.4,6.7,6.7,6.1,6.16,6.1,5.4,6.0,8.0,7.0,6.32,4.7,5.7,5.7,5.5,6.1,5.45
2638,Pedro Ramírez Castillo,Tecnología,Soporte Técnico,2026-02-02,4.5,4.1,4.2,4.5,5.1,4.43,6.0,4.7,5.4,7.4,5.9,5.4,6.3,4.3,5.1,6.3,5.5,4.0,3.2,4.5,2.7,4.4,3.68
2639,Carlos Castillo Romero,Ventas,Ventas Internacionales,2025-10-29,7.5,6.7,6.1,5.9,6.1,6.57,5.8,6.8,6.3,6.2,6.25,4.3,5.5,3.9,3.9,3.2,4.3,5.9,5.1,6.7,5.0,5.8,5.67
2640,Jorge González Cruz,Ventas,Ventas Nacionales,2026-07-11,6.5,5.4,5.9,2.4,3.8,5.09,3.9,3.5,2.7,5.1,3.86,0.9,3.1,0.9,4.6,2.6,2.26,5.0,0.9,3.9,3.8,3.5,3.36
2641,Daniela Vázquez Castillo,Recursos Humanos,Reclutamiento,2026-02-02,6.9,6.2,4.5,8.5,8.9,6.79,5.3,5.1,5.3,6.8,5.62,5.0,4.4,5.7,5.8,6.9,5.4,6.4,7.3,8.3,7.7,5.2,7.14
2642,Juan Flores Pérez,Marketing,Comunicación de Marca,2026-02-24,4.5,5.3,5.0,6.5,6.3,5.37,5.2,5.6,5.9,4.6,5.29,5.4,4.9,4.5,3.5,5.5,4.82,4.4,5.3,6.8,6.4,4.3,5.5
2643,Paola Jiménez Pérez,Tecnología,Desarrollo,2025-12-15,2.7,5.9,6.2,3.8,6.2,4.89,2.5,6.0,2.9,5.1,4.11,5.6,6.4,7.2,6.7,6.1,6.36,5.8,6.2,4.2,7.1,5.9,5.85
2644,Juan Vázquez Sánchez,Recursos Humanos,Reclutamiento,2026-06-11,8.1,10.0,8.1,10.0,8.8,8.96,10.0,8.7,8.7,8.3,8.99,10.0,9.8,8.8,10.0,10.0,9.71,10.0,10.0,10.0,10.0,10.0,10.0
2645,Paola Rodríguez Morales,Ventas,Ventas Nacionales,2026-07-16,9.1,7.7,10.0,6.9,6.8,8.26,10.0,8.4,9.7,9.0,9.29,8.0,9.6,8.8,7.9,8.5,8.62,8.3,7.3,6.7,9.4,7.2,7.84
2646,Roberto Morales Rodríguez,Tecnología,Infraestructura,2026-06-12,2.9,2.0,0.1,4.4,3.9,2.49,0.0,3.4,2.5,1.3,1.68,2.5,4.5,0.3,3.3,3.9,2.89,6.4,4.3,4.3,2.7,3.4,4.41
2647,Jorge González García,Finanzas,Auditoría Interna,2026-03-15,6.4,6.5,3.7,5.0,5.7,5.57,5.8,7.3,3.5,7.5,6.14,3.9,5.1,5.4,5.2,4.2,4.74,5.1,5.5,3.6,4.5,5.5,4.82
2648,Andrea Ramírez López,Marketing,Investigación de Mercado,2026-03-01,1.8,3.7,0.8,0.9,2.0,1.97,3.5,2.3,4.0,1.5,2.8,4.5,3.4,3.9,3.7,3.5,3.84,4.3,5.1,3.5,6.1,7.2,4.99
2649,Ximena Hernández Cruz,Operaciones,Producción,2026-06-23,5.9,6.9,8.4,6.0,7.0,6.83,6.9,10.0,8.9,8.2,8.4,8.9,7.1,7.4,8.4,8.9,8.07,6.9,5.2,7.3,8.1,7.4,6.85
2650,Ximena Castillo Ortiz,Operaciones,Control de Calidad,2026-03-07,7.8,6.4,6.7,7.5,7.5,7.14,6.8,5.1,6.0,8.4,6.62,6.1,7.7,6.5,7.7,7.4,7.02,7.0,6.2,4.9,6.8,8.7,6.51
2651,Karla Cruz Ortiz,Operaciones,Logística,2026-05-02,6.0,7.0,8.0,5.6,5.4,6.5,4.3,7.8,3.2,6.1,5.4,6.4,5.5,4.2,5.1,6.0,5.48,4.9,6.1,6.0,3.5,6.7,5.32
2652,Fernanda Ortiz Morales,Operaciones,Control de Calidad,2026-06-22,4.3,5.8,7.3,5.2,5.0,5.52,7.1,7.9,7.9,6.6,7.34,5.1,7.6,6.7,4.1,4.9,5.86,6.6,5.3,6.5,8.5,5.6,6.53
2653,Juan Pérez López,Marketing,Comunicación de Marca,2026-02-03,6.5,4.6,7.0,4.9,5.5,5.74,8.5,8.0,9.2,5.9,7.86,5.2,6.4,5.0,6.9,6.7,5.94,7.7,7.7,7.7,6.8,8.0,7.55
2654,José Reyes Gómez,Ventas,Atención a Clientes,2026-02-10,10.0,7.8,8.8,8.8,8.3,8.78,8.2,9.3,9.5,9.4,9.04,10.0,9.0,10.0,10.0,9.9,9.74,10.0,9.0,9.9,10.0,9.9,9.72
2655,Diego Ramírez González,Marketing,Marketing Digital,2025-12-27,2.0,2.5,4.3,1.9,1.1,2.44,0.7,2.8,3.4,3.1,2.36,3.0,1.9,2.9,3.1,1.1,2.44,0.7,3.2,1.7,2.1,3.5,2.09
2656,Gabriela Vázquez López,Tecnología,Infraestructura,2025-09-21,7.1,7.7,8.2,9.4,9.3,8.14,8.6,7.7,9.9,6.7,8.16,8.4,7.2,6.8,7.5,7.5,7.51,9.3,8.9,10.0,9.1,10.0,9.37
2657,Alejandro Morales Reyes,Operaciones,Logística,2026-07-10,6.5,7.8,6.8,6.8,7.3,7.05,5.3,5.9,7.0,6.0,5.96,7.9,8.1,8.6,4.8,6.2,7.37,8.1,7.1,6.3,5.7,7.7,6.97
2658,Roberto Vázquez Martínez,Finanzas,Tesorería,2026-05-03,5.3,6.7,5.0,2.5,7.0,5.42,3.8,6.8,4.3,5.6,5.1,6.1,5.9,4.7,5.7,5.3,5.59,4.2,6.3,5.3,5.6,4.9,5.3
2659,Luis Cruz Flores,Recursos Humanos,Capacitación,2026-09-06,4.9,4.9,6.5,4.6,4.2,5.07,4.4,3.9,4.9,3.1,4.05,4.0,3.0,4.3,3.0,2.7,3.46,5.9,5.1,5.6,4.8,5.1,5.34
2660,Jorge Cruz Morales,Recursos Humanos,Nómina,2025-09-22,4.2,4.0,4.1,4.9,4.5,4.28,3.1,2.9,3.3,4.4,3.42,4.7,5.6,2.9,3.2,5.5,4.46,4.3,4.2,4.5,4.1,3.2,4.16
2661,José Ramírez Ramírez,Marketing,Comunicación de Marca,2026-02-07,6.7,8.5,8.8,7.2,8.7,7.94,8.9,8.0,6.7,8.7,8.18,7.0,7.8,8.4,9.6,5.9,7.7,10.0,10.0,10.0,10.0,10.0,10.0
2662,Ana Castillo Morales,Marketing,Comunicación de Marca,2026-03-07,3.6,2.3,2.5,2.1,3.7,2.84,3.3,3.0,4.6,2.9,3.38,4.6,4.4,5.0,5.7,5.2,4.89,3.1,2.6,2.1,3.1,3.8,2.84
2663,Sergio Ramírez Rodríguez,Ventas,Ventas Nacionales,2025-11-09,6.1,7.8,4.5,3.9,6.4,5.92,3.5,7.3,9.3,6.5,6.36,7.0,6.2,5.3,7.8,5.4,6.34,6.8,6.6,5.5,5.5,4.3,5.98
2664,María Martínez Morales,Ventas,Atención a Clientes,2025-11-06,5.5,8.2,7.7,6.8,6.9,7.02,7.1,6.0,5.3,6.1,6.22,5.3,6.3,4.2,5.6,3.9,5.16,6.8,7.9,6.9,8.4,10.0,7.74
2665,Paola Reyes Morales,Finanzas,Tesorería,2026-04-04,2.1,4.1,2.9,2.8,3.6,3.09,5.1,5.7,3.6,5.2,4.98,3.9,2.8,3.5,3.8,3.4,3.46,1.7,3.3,3.5,2.5,2.5,2.7
2666,Raúl Ortiz Reyes,Finanzas,Auditoría Interna,2025-12-19,2.5,3.6,3.8,4.9,3.2,3.5,5.6,3.5,5.0,4.6,4.7,4.9,2.3,4.5,3.3,2.1,3.51,4.1,4.2,3.7,5.1,2.7,4.11
2667,Ana López Vázquez,Ventas,Atención a Clientes,2026-03-27,7.1,7.6,6.2,7.0,8.4,7.22,7.6,7.2,5.8,5.9,6.72,5.0,5.8,5.2,5.7,4.6,5.28,7.7,7.2,7.3,8.8,7.5,7.7
2668,Andrea Romero García,Marketing,Marketing Digital,2025-10-19,3.8,4.3,6.3,4.9,2.4,4.38,6.9,4.5,4.9,3.1,4.95,3.8,4.8,3.7,4.6,2.9,4.01,5.8,4.1,4.3,5.6,4.0,4.85
2669,Laura Ramírez Ramírez,Marketing,Marketing Digital,2025-10-16,10.0,8.3,7.7,8.9,6.9,8.48,9.4,9.5,9.8,9.1,9.43,7.1,10.0,9.6,10.0,8.0,8.9,10.0,10.0,9.1,8.3,9.0,9.38
2670,Francisco Cruz Castillo,Ventas,Ventas Internacionales,2026-05-20,7.2,8.9,9.3,8.3,8.3,8.38,8.9,8.2,7.5,5.4,7.57,7.5,6.3,7.9,8.1,6.9,7.28,7.1,6.6,8.5,7.0,6.1,7.14
2671,Carlos Ortiz Vázquez,Recursos Humanos,Capacitación,2026-07-18,7.0,6.4,4.4,8.2,4.3,6.1,4.3,3.8,5.7,5.2,4.68,5.7,6.7,5.4,5.5,5.9,5.89,7.5,5.3,5.1,5.2,6.0,5.86
2672,Alejandro López Torres,Tecnología,Soporte Técnico,2026-04-04,9.3,9.9,10.0,10.0,9.6,9.74,7.4,9.0,8.1,7.8,8.04,8.2,8.5,8.0,7.9,8.9,8.3,10.0,6.8,7.5,8.0,8.2,8.12
2673,Camila Ortiz Sánchez,Finanzas,Contabilidad,2025-11-02,5.5,5.1,4.8,7.2,7.6,5.83,7.2,7.4,6.2,6.5,6.88,6.7,4.9,8.8,7.8,6.1,6.74,7.7,8.3,5.8,7.0,6.8,7.24
2674,Roberto Vázquez Hernández,Finanzas,Contabilidad,2026-01-13,5.8,5.5,7.9,5.9,5.0,6.04,7.3,5.4,5.4,7.9,6.6,6.6,6.8,8.6,6.0,7.6,7.11,4.3,6.5,5.9,8.7,6.9,6.31
2675,Fernanda Gómez Martínez,Tecnología,Desarrollo,2026-01-25,5.8,3.9,6.8,6.3,4.5,5.4,5.1,5.4,3.5,4.3,4.66,3.5,5.8,5.4,5.6,3.5,4.77,4.9,6.0,5.2,4.2,6.9,5.3
2676,Sergio Hernández Hernández,Ventas,Ventas Internacionales,2026-05-25,7.5,9.9,8.2,9.9,8.7,8.78,10.0,10.0,10.0,10.0,10.0,8.9,8.6,7.4,8.3,9.6,8.54,6.5,8.9,7.5,7.6,9.1,7.78
2677,Valeria Pérez Pérez,Tecnología,Soporte Técnico,2025-12-02,5.6,4.2,3.7,5.1,6.4,4.92,6.1,4.2,5.8,6.1,5.56,4.8,4.9,5.3,6.1,4.8,5.12,5.2,4.4,3.9,5.0,6.7,4.85
2678,Laura Ortiz Jiménez,Tecnología,Infraestructura,2025-12-28,7.1,5.6,7.9,7.0,7.1,6.87,5.9,6.2,4.7,6.7,5.94,6.8,6.2,4.9,5.7,7.5,6.21,1.6,6.3,7.8,4.9,5.6,5.08
2679,Mariana Hernández Rodríguez,Tecnología,Soporte Técnico,2026-09-02,3.4,1.6,3.4,2.7,1.3,2.53,5.1,1.9,6.6,3.0,4.08,4.9,4.7,4.3,3.7,5.0,4.57,5.5,4.0,5.3,6.8,6.6,5.46
2680,María Sánchez Flores,Ventas,Ventas Internacionales,2026-01-10,7.0,6.9,8.2,7.1,7.2,7.26,5.5,7.9,4.5,7.0,6.28,9.0,6.9,8.6,8.6,9.4,8.4,8.6,9.0,7.7,10.0,6.6,8.6
2681,Alejandro Torres Morales,Ventas,Ventas Nacionales,2025-09-08,5.9,7.1,4.8,5.4,6.3,5.96,2.6,4.3,4.9,3.8,3.78,3.7,4.6,4.2,4.2,6.0,4.44,6.6,6.7,4.3,4.6,6.3,5.74
2682,Karla Gómez Ramírez,Operaciones,Logística,2026-03-14,3.5,2.5,2.7,4.7,4.3,3.39,1.9,4.8,4.1,3.1,3.36,2.6,3.9,4.8,1.2,2.6,3.16,1.7,2.0,1.3,3.2,2.9,2.12
2683,Andrea Jiménez Sánchez,Recursos Humanos,Reclutamiento,2026-08-07,9.2,6.0,7.4,8.7,8.9,7.92,10.0,10.0,7.9,7.3,8.9,10.0,9.1,7.2,6.3,9.5,8.59,7.6,8.7,9.1,8.4,7.3,8.3
2684,Ricardo García Rodríguez,Operaciones,Control de Calidad,2026-09-01,3.5,5.5,6.4,7.5,5.1,5.42,7.1,4.6,6.9,5.8,6.11,5.6,6.7,6.3,6.1,3.6,5.79,4.7,5.4,6.0,4.8,6.8,5.36
2685,Paola Gómez Hernández,Recursos Humanos,Reclutamiento,2026-04-25,2.8,2.0,2.1,4.9,4.6,3.04,0.0,0.7,3.6,3.6,1.8,3.9,3.6,3.0,2.9,2.9,3.34,3.1,3.9,6.0,5.6,3.1,4.38
2686,María López Vázquez,Ventas,Atención a Clientes,2026-08-05,2.5,2.6,1.7,3.7,4.0,2.77,1.3,5.5,0.6,0.9,2.11,1.7,3.0,3.3,4.4,2.3,2.84,4.0,1.2,1.0,1.3,1.6,1.92
2687,María Pérez Gómez,Marketing,Marketing Digital,2026-03-21,7.2,5.3,7.2,6.4,6.8,6.54,6.3,9.0,10.0,7.0,7.89,8.1,8.3,7.8,8.8,8.9,8.32,9.9,8.2,6.7,9.0,8.5,8.52
2688,Raúl López Castillo,Marketing,Comunicación de Marca,2026-04-30,5.3,6.6,7.1,6.3,4.8,6.06,5.5,5.9,4.2,5.0,5.22,8.2,6.9,6.0,9.0,6.8,7.34,6.1,5.8,7.4,4.8,4.8,5.9
2689,Luis Torres Pérez,Finanzas,Auditoría Interna,2026-01-02,7.2,7.4,7.8,6.8,6.3,7.18,9.0,10.0,7.7,8.1,8.76,7.0,6.3,5.8,6.8,8.3,6.75,8.7,9.1,7.2,6.3,6.8,7.83
2690,Sofía Flores Pérez,Tecnología,Desarrollo,2025-09-30,5.9,3.8,6.1,6.3,6.8,5.61,7.1,6.3,7.7,7.2,7.04,4.8,6.3,6.9,4.4,4.6,5.51,7.7,9.8,5.0,6.3,6.4,7.28
2691,Luis Morales Hernández,Recursos Humanos,Nómina,2026-05-17,7.8,9.4,9.2,10.0,9.4,9.05,7.8,9.4,7.6,10.0,8.71,8.6,6.2,8.8,5.5,6.4,7.25,9.0,8.3,7.5,7.5,6.6,7.98
2692,Sofía Hernández García,Ventas,Ventas Internacionales,2026-05-11,2.0,3.0,5.4,2.7,2.5,3.11,2.3,3.7,1.9,3.6,2.9,1.6,4.0,1.5,2.7,2.7,2.51,4.0,6.4,5.0,4.8,3.6,4.92
2693,Luis López Jiménez,Tecnología,Soporte Técnico,2025-10-04,7.9,7.2,10.0,9.2,5.9,8.04,7.2,7.7,6.6,8.1,7.43,7.5,7.3,7.4,9.2,7.9,7.75,5.1,5.6,6.8,7.8,5.7,6.17
2694,Andrea Jiménez López,Marketing,Investigación de Mercado,2025-11-10,3.6,4.2,4.5,3.9,5.6,4.28,4.5,4.4,3.8,5.1,4.48,5.7,4.9,4.7,1.6,3.3,4.32,3.3,2.4,3.3,4.5,5.4,3.52
2695,Raúl Vázquez Sánchez,Ventas,Ventas Nacionales,2025-11-19,9.7,10.0,10.0,9.7,10.0,9.88,9.4,9.0,10.0,8.5,9.2,8.1,8.5,6.5,6.8,7.2,7.55,9.0,7.1,8.5,8.7,6.6,8.12
2696,Sofía García Vázquez,Tecnología,Infraestructura,2026-07-05,5.8,5.3,4.0,4.9,5.3,5.11,4.4,3.1,2.2,2.2,3.08,7.2,5.3,6.0,6.7,5.5,6.16,6.2,4.4,3.1,5.2,4.2,4.73
2697,Ximena Rodríguez Rodríguez,Marketing,Marketing Digital,2026-07-14,5.3,3.2,5.5,6.3,5.4,4.98,4.7,7.4,6.6,6.5,6.2,5.1,4.8,4.7,5.5,6.5,5.21,3.3,5.7,4.7,4.6,4.4,4.55
2698,Francisco Romero Pérez,Tecnología,Desarrollo,2025-09-12,5.1,4.9,4.7,3.3,5.3,4.73,5.4,7.4,6.2,5.7,6.14,6.0,4.6,5.4,7.3,4.5,5.5,4.5,5.1,4.2,5.0,5.9,4.83
2699,Roberto Cruz Flores,Tecnología,Infraestructura,2025-09-24,4.1,5.7,4.8,3.1,4.4,4.54,2.9,3.8,6.2,3.8,4.01,4.8,3.4,1.5,2.7,3.0,3.2,2.3,2.5,2.3,2.7,2.9,2.49
2700,Roberto López Cruz,Marketing,Investigación de Mercado,2025-10-11,2.0,4.2,3.7,4.9,1.2,3.2,0.9,1.2,1.5,2.9,1.6,4.1,4.7,4.2,6.4,3.6,4.54,1.6,5.5,5.4,4.4,3.5,4.08
2701,Andrea Jiménez Hernández,Ventas,Ventas Internacionales,2026-05-12,8.4,4.7,8.3,5.3,7.6,6.87,6.5,7.1,5.2,8.3,6.84,6.6,6.4,5.6,4.5,2.8,5.46,4.2,4.4,4.8,4.7,5.2,4.57
2702,Sofía Flores López,Finanzas,Contabilidad,2026-03-20,5.4,5.6,3.9,7.6,4.9,5.4,4.9,2.9,5.0,4.0,4.2,5.6,2.4,4.7,3.3,3.8,4.0,4.8,4.2,3.9,4.0,2.6,4.09
2703,Luis García Torres,Operaciones,Control de Calidad,2026-03-13,3.4,7.2,7.9,6.2,5.0,5.91,5.2,5.3,6.2,5.5,5.5,5.2,6.4,5.5,3.5,5.7,5.38,7.5,5.3,5.4,7.3,5.9,6.33
2704,Ana Flores Romero,Operaciones,Producción,2026-06-21,5.4,7.1,6.1,5.8,5.2,6.0,5.3,6.8,6.6,7.6,6.51,5.0,6.5,5.3,5.5,7.1,5.82,6.7,5.6,7.6,6.6,7.7,6.68
2705,Luis Ortiz López,Finanzas,Contabilidad,2026-07-04,7.0,6.4,6.0,6.0,7.6,6.59,7.3,8.2,6.9,6.8,7.32,6.8,5.5,4.2,5.6,6.3,5.7,4.4,4.8,8.0,3.0,4.2,4.92
2706,Ana Rodríguez Ramírez,Finanzas,Contabilidad,2026-06-15,8.0,7.1,7.9,5.5,6.1,7.1,5.7,6.0,7.4,7.5,6.56,6.9,6.4,7.2,6.7,6.9,6.81,6.7,8.0,6.8,8.9,8.4,7.66
2707,Daniela Vázquez Hernández,Operaciones,Logística,2026-05-31,7.1,8.1,5.8,6.9,7.7,7.15,5.0,5.8,5.0,6.9,5.68,6.1,7.5,7.1,4.4,5.4,6.29,4.9,6.3,6.9,5.9,5.5,5.91
2708,Raúl Cruz Gómez,Tecnología,Infraestructura,2026-06-12,5.7,5.8,5.9,6.2,7.2,6.06,8.5,6.6,7.1,9.9,8.09,6.6,6.7,6.8,8.0,6.4,6.85,8.2,8.0,8.9,6.0,8.1,7.84
2709,Mariana Cruz García,Operaciones,Control de Calidad,2026-09-01,3.1,3.0,4.4,2.2,1.9,3.02,3.6,2.8,4.1,2.6,3.25,3.8,3.7,2.5,2.3,1.9,3.0,4.2,4.2,1.9,2.1,2.4,3.14
2710,Sergio Romero Gómez,Recursos Humanos,Reclutamiento,2025-09-18,6.6,4.3,5.2,6.7,2.2,5.1,4.6,2.8,4.6,3.9,3.98,7.6,5.1,8.0,6.1,7.1,6.76,4.2,5.2,3.8,4.7,5.9,4.64
2711,Luis Sánchez Torres,Ventas,Ventas Internacionales,2025-09-22,0.4,1.8,3.9,1.3,0.5,1.6,0.8,1.6,0.5,3.8,1.69,2.4,3.2,2.6,4.4,2.9,3.02,4.2,3.9,3.6,5.1,4.0,4.16
2712,Sergio Martínez Ortiz,Finanzas,Auditoría Interna,2026-01-13,5.1,7.4,7.5,7.1,5.5,6.52,6.2,6.1,10.0,7.6,7.28,6.2,9.0,7.7,7.4,8.3,7.7,10.0,7.4,7.9,8.6,6.9,8.34
2713,María Flores González,Tecnología,Desarrollo,2026-04-10,7.5,6.8,3.6,7.2,6.0,6.28,7.7,5.9,6.0,6.2,6.54,7.9,4.6,6.2,8.1,8.5,6.86,4.9,3.9,4.6,5.3,5.8,4.76
2714,Sergio Jiménez Romero,Operaciones,Control de Calidad,2026-07-19,3.7,5.4,3.8,4.4,4.0,4.3,4.9,5.2,6.5,4.2,5.12,4.4,3.9,3.2,4.6,4.2,4.04,5.9,4.8,6.2,5.2,6.2,5.58
2715,María Vázquez Cruz,Operaciones,Producción,2025-11-17,8.9,5.2,5.7,6.5,6.9,6.68,6.5,5.1,4.0,5.6,5.42,4.4,6.1,6.1,8.2,6.8,6.09,4.8,4.5,5.5,4.4,4.9,4.8
2716,Luis Castillo Ortiz,Operaciones,Control de Calidad,2026-06-11,8.6,10.0,10.0,10.0,9.7,9.6,10.0,10.0,9.8,10.0,9.96,9.8,10.0,9.4,10.0,10.0,9.83,10.0,10.0,10.0,10.0,10.0,10.0
2717,Raúl Romero Ramírez,Ventas,Ventas Internacionales,2026-07-16,6.1,5.5,5.3,3.6,5.4,5.31,6.7,5.9,5.6,5.4,5.96,6.8,3.4,4.2,5.3,4.8,4.9,7.3,7.4,7.1,4.2,5.5,6.48
2718,Miguel García Cruz,Operaciones,Producción,2026-01-21,7.7,8.4,7.1,8.2,8.8,8.0,6.4,9.9,8.1,9.4,8.36,7.8,9.1,7.2,7.2,9.5,8.17,9.4,8.9,8.1,8.5,9.3,8.83
2719,María Pérez Reyes,Ventas,Ventas Internacionales,2026-05-30,6.1,7.3,5.7,4.9,4.6,5.92,3.6,6.9,6.9,5.4,5.54,4.7,7.9,7.1,5.8,6.9,6.48,6.5,7.1,4.0,6.3,5.5,6.01
2720,María Castillo Vázquez,Operaciones,Producción,2025-10-01,3.0,2.2,3.2,3.1,4.4,3.07,3.8,3.7,3.9,3.8,3.8,2.7,1.0,4.6,3.7,1.2,2.58,4.9,2.2,3.1,2.6,4.7,3.39
2721,Jorge Hernández Gómez,Operaciones,Logística,2026-02-21,4.8,3.3,2.3,3.1,2.7,3.35,1.6,2.8,3.3,2.8,2.54,5.5,2.7,5.0,4.6,4.3,4.38,3.5,5.5,4.4,5.0,1.7,4.3
2722,Ana Pérez Morales,Recursos Humanos,Nómina,2026-01-19,8.0,8.8,8.7,10.0,8.1,8.66,9.1,10.0,10.0,8.3,9.3,9.3,6.5,9.1,7.2,8.0,8.05,10.0,9.3,10.0,10.0,8.5,9.67
2723,Diego Flores Torres,Marketing,Marketing Digital,2026-01-30,6.6,7.1,6.0,3.6,5.8,6.04,4.0,5.4,5.1,6.1,5.1,6.1,5.8,4.6,8.1,6.3,6.06,5.6,5.3,3.9,6.1,6.5,5.38
2724,Alejandro Torres Castillo,Finanzas,Contabilidad,2025-10-06,6.7,2.6,4.0,2.2,7.0,4.5,5.5,4.8,2.9,6.3,5.0,6.2,7.1,5.8,7.4,7.3,6.69,5.5,3.8,2.9,4.8,6.1,4.48
2725,Andrea Gómez Torres,Operaciones,Producción,2026-03-07,2.4,2.6,2.5,2.7,0.8,2.28,0.0,0.4,0.5,2.8,0.9,2.1,5.6,5.6,4.2,4.6,4.36,2.4,2.3,3.0,2.0,4.3,2.6
2726,Ximena González Hernández,Marketing,Investigación de Mercado,2026-01-08,5.3,5.4,5.1,5.6,7.4,5.64,5.3,6.6,6.6,5.3,5.88,5.2,4.9,5.4,4.8,4.5,5.0,4.8,2.7,3.9,4.6,5.0,4.08
2727,María Gómez Martínez,Recursos Humanos,Capacitación,2026-02-21,6.3,6.7,7.1,7.1,5.9,6.62,4.9,6.7,6.4,4.5,5.55,4.5,7.8,4.3,4.7,4.3,5.28,6.2,5.6,5.5,5.2,5.5,5.64
2728,Camila Flores Sánchez,Recursos Humanos,Reclutamiento,2025-11-08,7.7,6.2,6.5,6.3,7.8,6.89,4.2,4.1,2.7,4.5,3.95,6.1,6.3,4.5,5.2,8.7,6.08,5.0,5.1,5.0,6.2,4.3,5.2
2729,Miguel Martínez Sánchez,Operaciones,Logística,2025-10-29,5.3,7.8,6.3,5.7,5.8,6.26,3.2,5.3,5.2,5.1,4.6,3.6,3.9,2.7,4.0,2.1,3.33,5.2,5.0,4.3,3.9,4.7,4.66
2730,Mariana Jiménez Sánchez,Ventas,Ventas Nacionales,2025-12-06,6.3,8.5,8.9,7.9,7.0,7.72,10.0,10.0,10.0,10.0,10.0,9.3,10.0,9.4,10.0,8.7,9.51,9.1,6.5,8.8,8.4,7.7,8.11
2731,Gabriela Vázquez Pérez,Operaciones,Producción,2026-02-22,8.4,7.6,8.2,8.9,9.2,8.36,8.8,8.7,7.1,7.4,8.08,7.4,8.1,7.4,6.2,9.4,7.7,8.2,8.0,9.0,9.0,8.5,8.5
2732,Laura Cruz Romero,Marketing,Investigación de Mercado,2026-07-21,7.1,3.5,4.9,6.1,3.8,5.12,3.4,5.4,3.1,5.3,4.32,9.4,7.6,4.9,6.7,5.4,7.04,4.4,5.3,5.9,5.4,6.7,5.36
2733,Andrea Jiménez Morales,Recursos Humanos,Capacitación,2026-02-10,7.3,7.7,8.2,6.7,6.0,7.3,3.9,2.2,4.9,4.4,3.8,4.9,4.9,3.6,6.0,5.9,4.96,6.7,5.1,5.7,4.8,6.7,5.72
2734,Francisco Pérez Cruz,Marketing,Investigación de Mercado,2026-04-22,9.7,8.7,7.4,7.1,8.2,8.38,9.0,6.9,8.0,7.7,7.95,8.5,7.7,8.6,7.7,5.2,7.7,9.6,8.3,9.0,9.8,8.5,9.08
2735,Valeria Ramírez Ortiz,Tecnología,Desarrollo,2026-08-14,4.1,3.5,5.2,3.4,4.3,4.1,4.0,4.6,5.2,6.3,4.96,4.1,4.0,3.0,3.9,3.2,3.69,5.7,7.5,6.4,4.5,5.5,6.03
2736,Luis Flores Rodríguez,Tecnología,Desarrollo,2025-11-21,10.0,8.1,9.2,9.1,8.8,9.05,7.6,8.3,7.0,9.1,8.03,6.6,6.9,8.6,7.9,7.9,7.46,6.5,10.0,8.5,7.9,6.9,8.1
2737,Pedro Hernández Morales,Marketing,Comunicación de Marca,2026-08-12,7.3,8.0,8.1,8.6,7.7,7.89,6.9,9.4,6.6,9.6,8.14,9.5,9.4,10.0,8.4,8.2,9.22,7.0,8.3,7.8,7.7,8.8,7.8
2738,Carlos Cruz Reyes,Tecnología,Desarrollo,2025-10-12,6.4,6.8,6.8,6.6,5.2,6.43,6.8,4.6,4.3,7.5,5.92,4.7,4.8,6.0,7.0,7.8,5.8,6.8,6.5,6.2,7.6,5.4,6.63
2739,Andrea Pérez Sánchez,Ventas,Atención a Clientes,2026-03-07,6.5,6.3,6.9,7.7,6.1,6.65,8.3,8.4,5.9,6.2,7.32,7.4,6.9,5.7,6.5,5.3,6.48,4.5,5.8,6.7,8.1,6.3,6.16
2740,Carlos Morales Castillo,Ventas,Atención a Clientes,2026-08-01,3.1,2.8,2.2,2.7,3.5,2.84,3.9,3.9,2.1,4.5,3.69,4.6,3.6,5.5,3.8,1.9,4.0,1.0,2.6,0.4,0.0,0.5,1.03
2741,Valeria Ramírez Cruz,Ventas,Atención a Clientes,2025-10-24,8.4,9.9,9.2,8.5,8.4,8.95,7.9,8.1,8.2,7.6,7.93,9.0,10.0,9.0,9.4,8.0,9.16,10.0,9.8,7.7,10.0,10.0,9.49
2742,Gabriela Reyes García,Marketing,Marketing Digital,2026-08-29,6.9,4.3,4.8,2.7,3.1,4.63,3.6,3.7,2.1,4.2,3.47,1.1,2.9,2.9,3.6,3.6,2.66,5.8,4.7,6.1,3.0,5.1,4.96
2743,Karla Flores García,Operaciones,Logística,2026-06-24,3.5,1.8,3.3,4.9,2.3,3.06,1.8,4.3,0.1,2.7,2.31,2.7,1.1,0.0,1.3,0.8,1.27,3.0,2.3,2.8,4.9,2.5,3.12
2744,Fernanda Sánchez Reyes,Finanzas,Tesorería,2026-05-30,5.8,4.7,4.4,2.6,1.7,4.15,3.1,4.2,5.0,4.3,4.06,4.7,5.2,5.8,3.4,2.9,4.58,4.7,4.0,2.8,5.1,4.1,4.16
2745,Valeria Morales Pérez,Recursos Humanos,Capacitación,2026-07-30,2.3,1.8,3.7,4.2,1.9,2.68,2.0,2.3,1.9,3.6,2.45,1.7,1.5,0.9,0.5,1.1,1.22,2.6,4.4,1.4,5.2,3.3,3.4
2746,Andrea Romero Sánchez,Ventas,Atención a Clientes,2026-07-19,7.0,6.8,5.9,4.8,5.6,6.19,6.6,4.9,5.3,5.8,5.72,8.8,5.3,5.7,7.1,5.8,6.6,5.3,7.9,9.2,6.2,6.6,7.04
2747,Roberto Romero Morales,Tecnología,Desarrollo,2026-06-10,6.8,8.2,4.4,5.7,5.3,6.28,4.9,4.8,3.2,7.6,5.21,7.9,6.1,6.7,7.2,7.0,6.97,5.8,6.0,7.0,6.9,6.3,6.36
2748,Camila Reyes Morales,Operaciones,Logística,2026-03-02,10.0,10.0,8.7,9.4,9.6,9.59,8.2,7.3,10.0,8.4,8.38,7.1,9.0,10.0,10.0,7.0,8.58,8.0,8.5,7.5,8.9,8.9,8.3
2749,Valeria Gómez Martínez,Operaciones,Control de Calidad,2025-11-27,6.6,6.4,7.7,5.1,6.4,6.52,5.6,5.7,6.6,5.3,5.75,7.2,5.6,5.7,4.7,6.4,6.0,4.1,3.5,4.5,5.1,5.8,4.4
2750,Diego Gómez Morales,Ventas,Ventas Nacionales,2026-08-25,4.7,2.6,3.2,1.8,1.8,3.01,4.5,3.4,3.4,3.7,3.8,3.2,4.0,4.5,2.3,5.4,3.86,2.9,3.3,1.5,4.4,4.3,3.16
2751,María Castillo Cruz,Ventas,Atención a Clientes,2026-07-30,7.2,7.2,6.5,7.8,7.3,7.16,9.4,7.4,9.8,7.3,8.46,9.7,9.6,9.8,8.2,10.0,9.51,10.0,8.7,8.8,9.3,9.1,9.21
2752,Juan López Ramírez,Marketing,Marketing Digital,2026-08-21,9.8,9.5,8.0,8.4,8.5,8.96,6.2,7.1,7.0,8.0,7.04,9.4,8.0,9.2,8.8,7.5,8.64,5.8,9.2,7.9,10.0,8.9,8.22
2753,Luis Sánchez Ortiz,Recursos Humanos,Nómina,2026-03-29,6.7,6.1,5.7,7.9,7.7,6.68,6.7,4.9,6.2,6.6,6.12,6.3,5.2,7.1,7.5,5.7,6.28,6.3,5.1,7.1,3.7,5.9,5.6
2754,Diego Martínez López,Marketing,Investigación de Mercado,2026-08-19,4.8,5.9,4.2,5.6,5.0,5.1,5.5,5.6,5.1,7.2,5.87,5.8,7.8,4.5,5.4,6.5,6.08,5.0,3.3,3.8,6.2,4.6,4.54
2755,Mariana López Torres,Recursos Humanos,Reclutamiento,2025-10-25,9.4,7.2,8.4,7.9,8.9,8.35,8.5,7.9,8.8,6.6,7.94,8.5,7.4,7.7,7.7,8.7,7.98,7.6,10.0,8.9,9.7,9.4,9.06
2756,Juan Morales Ortiz,Marketing,Investigación de Mercado,2026-08-07,8.1,7.8,8.5,8.8,7.0,8.04,8.8,8.7,7.4,8.4,8.4,8.0,9.6,6.7,7.6,9.1,8.24,7.9,8.5,6.8,5.8,8.4,7.46
2757,Paola González Ramírez,Finanzas,Contabilidad,2025-09-17,5.0,5.4,7.7,6.1,5.7,5.91,8.5,7.8,6.8,8.3,7.94,6.8,5.2,4.5,6.2,4.8,5.55,6.6,5.7,3.7,6.7,5.2,5.68
2758,Valeria Gómez Castillo,Marketing,Marketing Digital,2026-06-16,5.6,6.1,7.2,6.8,5.4,6.2,4.8,6.0,6.7,7.7,6.2,5.7,2.9,6.4,5.5,6.0,5.15,5.7,7.1,6.8,7.0,6.6,6.62
2759,Mariana Sánchez Pérez,Marketing,Comunicación de Marca,2025-09-28,7.8,5.2,7.9,8.1,8.5,7.32,6.2,7.3,4.5,4.9,5.81,6.7,6.7,7.1,6.0,7.1,6.74,7.6,6.7,6.8,6.1,8.2,6.98
2760,Karla Vázquez Morales,Marketing,Marketing Digital,2026-03-18,5.5,5.1,6.6,6.1,4.8,5.6,6.9,6.3,6.4,6.4,6.52,4.6,5.5,5.8,5.2,4.8,5.18,5.2,6.5,7.6,5.7,6.2,6.21
2761,Luis Rodríguez Sánchez,Operaciones,Producción,2026-03-10,2.8,2.4,4.4,2.3,3.5,3.05,6.2,3.3,3.2,4.2,4.38,3.0,4.3,3.5,4.9,4.8,3.98,3.6,3.2,3.1,4.0,3.7,3.49
2762,Diego Morales Ortiz,Recursos Humanos,Nómina,2026-03-27,6.2,6.9,7.9,7.5,7.7,7.14,7.3,6.8,6.2,7.7,7.06,6.0,6.8,6.9,5.7,7.3,6.53,5.9,8.2,8.6,7.2,6.3,7.32
2763,Paola Torres Romero,Ventas,Ventas Nacionales,2025-10-12,5.4,5.5,4.7,5.6,5.9,5.39,6.8,6.3,5.6,5.1,6.01,5.9,6.0,5.2,4.8,7.6,5.88,5.4,6.5,6.4,4.8,5.1,5.72
2764,Pedro Romero López,Operaciones,Producción,2026-05-02,9.5,9.7,8.8,10.0,9.2,9.44,10.0,10.0,9.5,10.0,9.9,9.8,10.0,7.5,9.8,8.7,9.22,9.3,8.6,9.8,8.9,10.0,9.22
2765,Paola López Flores,Finanzas,Tesorería,2026-04-10,5.5,4.9,3.8,7.2,6.6,5.43,5.7,4.8,6.4,4.8,5.39,7.0,6.3,7.2,7.0,8.6,7.1,7.0,8.4,7.8,6.9,5.9,7.38
2766,Raúl Torres García,Tecnología,Soporte Técnico,2026-03-23,3.9,6.1,7.1,5.2,5.6,5.54,5.1,2.9,5.2,3.2,4.1,6.2,5.2,6.3,9.7,7.3,6.66,5.2,5.3,4.3,4.4,5.1,4.88
2767,Karla Sánchez Flores,Marketing,Marketing Digital,2026-01-11,7.0,7.7,6.9,7.3,5.5,6.98,5.1,4.0,4.2,5.5,4.74,5.7,6.4,5.6,4.0,3.7,5.3,4.4,6.8,6.3,5.5,5.7,5.73
2768,Laura Torres Cruz,Tecnología,Desarrollo,2026-02-11,2.7,2.6,1.0,2.2,1.3,2.05,6.2,3.9,4.2,5.6,5.07,3.5,6.5,1.8,3.2,5.6,4.18,3.4,5.2,2.5,1.3,4.6,3.37
2769,Miguel Castillo Ramírez,Operaciones,Producción,2026-01-20,4.2,5.9,4.5,5.6,2.2,4.6,3.7,3.0,1.9,2.9,2.97,3.0,4.1,2.8,2.4,1.6,2.93,4.8,4.2,3.5,5.7,4.6,4.55
2770,Miguel Morales Castillo,Marketing,Investigación de Mercado,2025-10-31,7.0,4.5,4.6,5.0,7.4,5.66,5.6,6.1,7.9,6.1,6.31,4.3,6.8,6.5,6.0,5.2,5.76,6.0,4.5,6.0,4.3,5.3,5.22
2771,Ximena Ramírez Morales,Marketing,Investigación de Mercado,2026-02-05,5.4,6.3,5.1,5.1,5.6,5.55,5.3,4.3,4.5,5.4,4.92,6.6,5.4,6.1,6.4,7.9,6.36,8.5,4.8,5.6,8.2,7.4,6.82
2772,Fernanda Hernández Torres,Marketing,Comunicación de Marca,2026-06-19,7.1,7.4,8.1,8.4,8.3,7.75,8.7,8.7,8.1,10.0,8.91,8.8,8.7,7.9,7.1,8.4,8.28,9.0,10.0,8.1,9.6,9.8,9.27
2773,Diego Romero Ortiz,Marketing,Marketing Digital,2026-03-08,1.2,3.2,4.0,3.7,2.6,2.84,4.2,4.3,5.7,3.4,4.32,2.3,2.3,1.2,3.9,3.4,2.48,5.4,2.5,4.2,4.0,2.7,3.88
2774,Roberto Ortiz Romero,Recursos Humanos,Capacitación,2025-09-30,8.4,9.5,8.7,7.9,9.6,8.84,8.7,8.1,9.2,8.5,8.6,7.0,9.1,7.3,7.7,7.9,7.83,6.9,6.8,7.2,8.6,5.1,7.1
2775,Diego Castillo Sánchez,Recursos Humanos,Capacitación,2026-01-12,6.3,8.8,7.5,7.8,7.5,7.57,7.6,7.7,8.6,6.3,7.5,10.0,8.0,9.5,9.9,10.0,9.39,8.6,7.5,6.4,7.8,8.1,7.68
2776,Alejandro Castillo Vázquez,Finanzas,Auditoría Interna,2026-04-06,3.6,5.2,3.2,3.3,4.1,3.95,2.5,1.4,3.4,0.9,2.01,2.7,2.3,2.2,2.8,4.2,2.74,3.4,3.1,4.2,2.1,2.2,3.1
2777,Diego Gómez Rodríguez,Ventas,Ventas Internacionales,2026-03-05,7.7,8.2,6.4,6.8,6.0,7.18,7.4,8.2,6.9,6.7,7.32,4.6,6.8,5.1,6.6,6.5,5.83,7.6,8.7,6.8,6.4,7.3,7.44
2778,Daniela Ortiz Pérez,Marketing,Marketing Digital,2026-05-26,5.4,5.1,4.3,6.7,6.3,5.44,6.1,6.7,5.3,5.6,5.96,5.3,5.8,7.3,7.6,7.6,6.51,6.5,5.8,7.2,6.8,7.3,6.6
2779,Andrea Rodríguez Cruz,Finanzas,Tesorería,2026-07-30,9.9,10.0,10.0,10.0,8.9,9.81,8.3,5.8,7.2,8.9,7.6,10.0,8.5,7.7,9.3,7.8,8.73,9.2,9.2,10.0,7.9,7.8,8.96
2780,Alejandro Gómez Hernández,Recursos Humanos,Reclutamiento,2026-08-27,8.0,6.5,4.2,3.3,6.2,5.89,5.5,6.0,6.9,4.2,5.58,3.8,2.7,3.9,3.2,5.2,3.66,5.5,4.8,6.0,4.7,5.8,5.3
2781,Carlos Castillo López,Marketing,Investigación de Mercado,2026-04-10,6.1,6.3,6.0,5.3,6.8,6.12,5.5,7.2,7.8,7.3,6.84,5.0,6.6,6.6,7.8,7.5,6.52,4.7,3.5,4.8,5.6,3.3,4.46
2782,Juan Romero Gómez,Operaciones,Producción,2026-02-01,3.5,4.0,2.5,2.9,3.8,3.38,3.7,2.9,2.3,3.2,3.1,2.6,1.6,4.0,4.7,1.7,2.81,0.9,1.5,2.4,1.1,3.0,1.6
2783,Pedro García Hernández,Tecnología,Desarrollo,2026-04-01,7.0,6.9,7.7,7.7,7.4,7.28,8.9,7.0,7.1,8.3,7.92,7.8,9.4,6.7,6.7,7.8,7.82,7.8,7.8,8.2,6.7,6.7,7.55
2784,José Torres Rodríguez,Ventas,Ventas Nacionales,2026-08-03,7.7,8.6,7.9,9.1,5.6,7.86,7.4,5.2,7.6,6.5,6.67,7.0,6.5,7.2,7.2,5.6,6.74,5.9,6.5,7.3,7.9,7.0,6.84
2785,Pedro Torres Morales,Marketing,Comunicación de Marca,2026-08-14,3.9,4.3,5.1,4.7,4.7,4.48,7.5,8.0,6.6,6.7,7.24,6.8,7.0,7.4,5.5,7.3,6.85,6.7,6.7,7.4,6.2,5.6,6.63
2786,Karla Morales Vázquez,Operaciones,Control de Calidad,2026-06-23,8.3,6.1,7.2,8.7,7.1,7.41,7.4,6.0,7.5,10.0,7.72,8.2,6.4,8.2,5.3,9.1,7.45,8.1,9.1,7.4,8.1,8.4,8.24
2787,Valeria Castillo Sánchez,Marketing,Investigación de Mercado,2026-01-02,7.2,9.4,6.4,7.0,8.4,7.74,7.6,7.3,7.7,6.4,7.24,8.4,8.4,9.4,8.8,10.0,8.9,8.9,7.7,8.1,8.6,8.2,8.31
2788,Karla Pérez Ortiz,Marketing,Marketing Digital,2026-04-29,2.9,2.0,2.3,1.0,3.7,2.39,6.3,2.3,6.0,4.7,4.84,2.2,2.2,2.1,1.3,3.0,2.16,3.9,4.9,4.9,3.4,3.7,4.23
2789,Jorge Morales Rodríguez,Finanzas,Auditoría Interna,2026-04-21,2.1,2.6,4.2,1.6,2.2,2.58,3.1,2.4,3.9,2.6,2.96,4.4,4.9,6.9,5.0,3.9,5.04,5.5,5.0,3.3,5.9,4.5,4.92
2790,Camila Reyes Castillo,Recursos Humanos,Nómina,2026-02-16,7.5,7.3,5.3,5.0,5.7,6.36,5.2,4.5,4.4,6.5,5.19,5.3,6.9,6.6,5.1,6.4,6.1,5.9,5.5,5.6,6.4,5.8,5.83
2791,Karla Gómez Rodríguez,Tecnología,Desarrollo,2026-08-27,6.0,6.0,9.4,5.6,6.7,6.72,5.4,7.4,9.1,4.5,6.42,7.7,6.7,7.8,7.8,6.4,7.29,7.3,7.5,6.4,6.5,7.5,7.03
2792,Luis Ramírez Ramírez,Ventas,Ventas Nacionales,2025-10-24,5.7,7.7,6.6,8.4,10.0,7.43,5.3,4.6,5.9,4.4,5.02,7.3,4.3,5.7,7.7,6.4,6.16,9.1,5.8,7.1,6.5,6.7,7.11
2793,Pedro Castillo Jiménez,Marketing,Investigación de Mercado,2026-06-20,6.5,5.3,4.9,7.9,8.5,6.39,8.7,7.7,6.9,6.0,7.42,6.6,8.8,5.6,4.8,7.0,6.74,7.2,8.1,7.4,6.7,7.7,7.42
2794,Laura Romero Jiménez,Marketing,Investigación de Mercado,2026-05-12,5.6,6.7,4.7,5.3,4.9,5.55,7.3,5.4,6.7,6.5,6.5,6.0,3.9,4.1,5.4,5.4,4.92,5.2,6.6,7.5,8.7,4.9,6.68
2795,Paola Ramírez Reyes,Marketing,Marketing Digital,2025-10-06,6.3,7.0,6.4,7.1,5.8,6.54,8.7,6.9,7.9,8.6,8.06,10.0,6.6,9.8,10.0,7.2,8.69,7.0,8.7,8.3,8.8,10.0,8.35
2796,Luis Reyes Sánchez,Ventas,Ventas Nacionales,2025-12-06,8.3,7.1,8.2,7.8,7.6,7.8,9.3,6.8,8.3,4.7,7.32,7.1,4.8,6.7,6.6,5.7,6.16,7.3,7.4,6.5,7.5,7.4,7.22
2797,Ana Martínez Ortiz,Finanzas,Contabilidad,2026-05-22,10.0,8.1,7.5,7.4,9.6,8.58,7.6,7.7,8.0,7.8,7.76,8.8,8.6,8.4,8.4,6.5,8.26,9.2,8.8,7.7,10.0,10.0,9.04
2798,Karla Vázquez Romero,Recursos Humanos,Reclutamiento,2026-01-22,3.5,3.4,4.9,4.1,2.8,3.74,4.9,6.1,4.3,3.6,4.76,4.3,6.0,3.8,5.3,6.3,5.08,3.6,6.4,5.2,4.0,4.3,4.77
2799,Paola Jiménez Pérez,Recursos Humanos,Reclutamiento,2026-07-04,5.8,4.1,3.2,4.2,5.7,4.6,4.6,2.7,3.0,2.7,3.33,2.1,2.7,4.4,5.1,3.4,3.35,5.6,4.0,5.9,4.0,6.1,4.99
2800,Karla Cruz Ortiz,Operaciones,Logística,2026-07-22,4.6,6.2,4.4,2.9,3.6,4.56,4.1,3.3,4.3,7.2,4.72,2.2,3.3,3.4,2.4,4.0,3.02,3.1,1.3,2.9,2.4,0.1,2.17
2801,Raúl Reyes García,Operaciones,Logística,2026-08-26,6.1,5.1,4.9,7.1,5.8,5.72,7.1,5.1,6.4,8.0,6.68,5.4,7.5,6.6,6.6,6.4,6.5,4.7,5.6,5.1,3.2,4.7,4.7
2802,Carlos Jiménez Flores,Recursos Humanos,Reclutamiento,2026-05-28,6.4,5.9,7.8,7.0,5.3,6.48,7.8,6.7,7.4,6.4,7.1,4.5,6.5,4.8,3.8,4.2,4.91,6.9,6.6,5.7,6.0,7.8,6.5
2803,Fernanda Flores Flores,Operaciones,Producción,2026-06-12,6.4,5.6,7.9,9.8,8.5,7.32,6.4,9.0,9.5,7.6,7.97,9.1,7.4,7.5,8.2,6.3,7.8,5.7,8.3,6.2,6.3,5.9,6.59
2804,Roberto Pérez Cruz,Marketing,Investigación de Mercado,2026-01-16,6.0,6.4,8.2,4.3,6.5,6.36,8.1,6.4,4.8,6.6,6.64,3.7,5.6,3.8,2.7,6.2,4.42,6.5,6.2,5.2,7.8,6.6,6.44
2805,Paola Rodríguez Gómez,Tecnología,Desarrollo,2026-04-26,6.5,7.6,5.9,5.2,6.4,6.44,6.6,5.2,8.6,5.3,6.32,5.2,7.5,5.2,10.0,7.3,6.81,8.6,7.8,4.9,7.7,6.8,7.3
2806,Sergio Martínez Ortiz,Recursos Humanos,Capacitación,2026-03-03,7.4,5.1,5.1,6.4,4.2,5.74,5.7,5.4,5.6,5.4,5.53,5.7,6.2,5.5,4.2,5.8,5.58,5.8,7.1,5.1,5.9,5.4,5.96
2807,Sofía Rodríguez Ortiz,Finanzas,Tesorería,2026-02-19,8.2,8.0,6.5,6.7,8.1,7.57,8.4,6.7,7.5,9.0,7.94,6.3,5.5,7.6,7.4,7.9,6.76,6.9,6.2,8.0,7.4,5.3,6.89
2808,Sofía Torres López,Finanzas,Auditoría Interna,2026-07-16,3.7,4.0,1.6,4.4,3.4,3.42,4.3,4.7,0.6,3.8,3.54,5.1,5.1,6.4,3.6,6.5,5.34,4.2,3.0,3.5,4.9,2.6,3.74
2809,Carlos Gómez López,Ventas,Atención a Clientes,2025-11-15,8.0,8.3,7.1,6.7,6.6,7.49,4.2,6.9,4.9,5.4,5.32,5.6,6.3,6.2,5.9,5.8,5.97,6.8,6.2,6.1,5.8,4.4,6.07
2810,Paola Ortiz Ramírez,Marketing,Marketing Digital,2025-11-18,6.4,7.7,5.4,5.5,7.0,6.48,6.9,6.3,5.5,6.3,6.32,7.6,5.5,5.4,8.4,6.7,6.62,7.0,8.6,5.5,7.7,5.4,7.08
2811,Carlos Pérez López,Marketing,Investigación de Mercado,2026-05-11,6.3,4.6,4.5,3.8,6.9,5.23,6.9,4.8,5.1,6.2,5.84,7.1,5.0,1.2,3.5,3.3,4.28,4.6,5.1,2.8,5.8,5.2,4.66
2812,Laura Pérez Cruz,Marketing,Comunicación de Marca,2026-05-21,7.3,8.0,6.3,7.2,7.1,7.23,7.4,7.4,7.1,4.3,6.56,8.5,6.5,7.6,6.4,7.8,7.4,6.9,7.1,5.1,5.4,9.1,6.51
2813,Carlos Torres Romero,Operaciones,Producción,2026-04-28,6.7,8.2,8.9,8.4,7.6,7.9,7.2,7.8,7.9,8.4,7.79,9.0,9.0,5.7,6.6,6.5,7.6,8.7,6.3,9.0,7.5,8.2,7.87
2814,Alejandro Gómez González,Ventas,Ventas Internacionales,2026-06-10,8.9,7.2,7.1,7.3,9.3,7.94,8.8,8.0,8.2,7.9,8.26,9.7,10.0,7.5,8.7,6.9,8.76,6.9,6.9,6.8,8.4,7.2,7.21
2815,Karla Torres Romero,Operaciones,Producción,2026-01-14,6.5,6.2,7.4,6.7,6.4,6.62,5.3,5.7,6.3,5.0,5.52,6.7,6.9,6.6,7.8,6.4,6.85,6.7,6.0,7.0,4.3,6.1,6.05
2816,Luis Hernández Flores,Finanzas,Tesorería,2025-11-05,7.5,10.0,8.8,10.0,9.3,9.03,8.0,7.5,8.2,8.8,8.12,7.9,8.1,5.6,7.6,8.2,7.49,8.7,8.4,8.1,8.5,9.4,8.54
2817,Fernanda Hernández Reyes,Finanzas,Contabilidad,2026-05-18,6.9,8.2,8.6,8.7,7.5,7.92,8.4,8.0,7.3,8.5,8.1,6.8,7.6,5.9,7.7,7.3,7.03,7.4,7.2,6.0,7.2,7.0,6.99
2818,María Ortiz Rodríguez,Operaciones,Logística,2025-10-18,6.5,6.4,9.2,5.4,8.5,7.15,7.9,8.8,7.9,7.8,8.1,7.3,7.6,5.6,8.0,8.5,7.32,7.0,7.5,7.1,5.3,6.7,6.78
2819,Alejandro Morales Torres,Tecnología,Soporte Técnico,2026-06-05,9.0,8.3,7.3,6.9,7.0,7.87,7.2,9.2,8.6,8.0,8.18,7.4,8.4,7.2,7.8,9.4,7.97,9.2,8.7,8.2,8.3,9.9,8.76
2820,Sofía Gómez Rodríguez,Tecnología,Desarrollo,2026-07-21,6.8,6.5,4.0,5.4,4.8,5.66,6.0,5.2,4.5,4.3,5.07,4.6,3.2,4.6,3.5,3.0,3.84,4.8,3.9,4.1,4.6,4.8,4.39
2821,Luis López Gómez,Ventas,Ventas Internacionales,2026-08-17,10.0,8.9,10.0,8.5,9.3,9.4,7.2,9.3,8.0,9.8,8.54,9.4,9.9,7.9,8.2,8.6,8.92,6.8,8.2,7.2,6.9,8.5,7.42
2822,Mariana Ramírez Sánchez,Recursos Humanos,Reclutamiento,2026-03-13,5.3,4.5,5.9,4.1,5.2,5.03,8.9,9.2,8.8,7.7,8.66,7.1,5.5,3.9,5.1,5.1,5.46,7.0,5.4,5.2,4.3,5.1,5.51
2823,María Martínez Martínez,Operaciones,Producción,2025-10-25,8.5,6.6,5.8,9.5,6.7,7.36,8.2,7.5,7.1,8.5,7.88,9.5,8.2,8.2,9.6,9.4,8.91,9.1,8.7,8.9,5.1,6.7,7.92
2824,José Reyes González,Marketing,Investigación de Mercado,2026-07-15,6.3,8.0,6.8,6.9,5.9,6.86,4.5,7.2,6.1,5.9,5.85,8.8,5.9,6.4,7.2,7.0,7.08,8.9,6.9,7.5,7.5,5.8,7.53
2825,Miguel López Vázquez,Recursos Humanos,Reclutamiento,2025-09-20,4.8,5.9,6.6,6.6,5.8,5.86,9.5,6.7,7.1,8.5,8.07,6.7,7.9,7.9,6.1,7.6,7.28,8.7,7.0,7.5,8.3,5.4,7.62
2826,Diego Martínez Cruz,Tecnología,Desarrollo,2025-10-14,5.4,6.0,6.2,7.8,7.3,6.36,6.7,6.3,7.6,6.1,6.63,8.3,6.3,5.9,6.2,7.1,6.82,4.7,6.1,5.4,4.8,4.4,5.18
2827,Sofía Pérez Jiménez,Ventas,Ventas Internacionales,2026-01-31,9.0,5.5,7.9,7.6,5.7,7.2,5.2,6.6,6.8,5.7,6.0,7.1,6.6,8.5,6.2,8.6,7.34,8.1,7.2,8.2,7.0,8.2,7.68
2828,Roberto Ramírez Jiménez,Tecnología,Desarrollo,2025-10-14,4.8,3.0,5.1,6.7,6.2,4.9,4.1,5.2,4.2,4.3,4.44,4.5,6.0,3.1,3.6,4.0,4.38,5.5,6.6,5.6,6.5,4.6,5.9
2829,Mariana Jiménez Torres,Ventas,Atención a Clientes,2025-10-28,3.1,4.1,3.1,4.3,4.2,3.7,1.9,3.9,3.1,3.8,3.12,2.4,1.2,0.8,2.8,0.4,1.54,4.3,2.3,4.4,3.0,3.1,3.44
2830,Daniela Flores Martínez,Finanzas,Tesorería,2026-04-21,10.0,10.0,10.0,10.0,10.0,10.0,10.0,8.1,9.7,8.3,9.04,8.6,8.9,9.4,9.0,8.7,8.91,9.5,8.4,7.2,6.6,7.2,7.96
2831,Camila Morales Morales,Marketing,Comunicación de Marca,2026-05-11,2.8,4.0,1.7,4.4,0.0,2.7,3.7,4.8,3.9,2.4,3.69,4.7,5.6,5.0,3.3,3.7,4.62,3.0,0.3,2.6,5.3,3.9,2.8
2832,Sergio Pérez Morales,Recursos Humanos,Nómina,2025-10-28,8.0,7.9,8.6,7.2,7.8,7.94,9.9,10.0,10.0,10.0,9.97,7.5,8.6,8.2,8.3,10.0,8.41,7.6,7.5,8.0,5.9,6.8,7.24
2833,Ximena Sánchez Cruz,Marketing,Marketing Digital,2026-07-09,3.8,6.8,5.7,4.4,5.5,5.28,4.1,5.8,6.9,5.5,5.44,6.8,6.5,6.0,8.2,6.9,6.79,5.4,5.5,7.6,5.8,6.4,6.04
2834,Raúl Ramírez Pérez,Tecnología,Desarrollo,2026-08-09,5.3,3.1,3.3,3.2,3.5,3.76,4.1,4.4,2.9,1.7,3.34,3.4,5.2,1.6,2.3,3.6,3.35,5.1,4.9,0.8,4.0,5.7,4.03
2835,Ximena Martínez Torres,Finanzas,Tesorería,2026-02-04,6.4,5.9,5.0,5.3,5.3,5.66,5.7,6.3,7.7,5.8,6.28,3.6,4.2,4.6,4.0,4.1,4.08,5.6,3.8,5.7,8.3,3.8,5.53
2836,María Pérez Pérez,Recursos Humanos,Reclutamiento,2026-05-05,6.7,8.0,7.5,7.1,5.7,7.1,7.7,8.0,7.1,5.1,7.01,6.3,6.9,5.0,4.4,5.4,5.77,7.1,5.6,6.8,5.6,6.8,6.34
2837,Sergio Sánchez Romero,Marketing,Marketing Digital,2026-03-10,5.4,3.7,7.9,5.4,6.1,5.58,6.7,6.4,7.2,5.5,6.42,5.4,5.0,5.5,6.4,4.8,5.38,5.8,6.7,5.6,1.6,5.0,5.07
2838,Mariana Vázquez Torres,Finanzas,Tesorería,2026-05-24,6.3,5.0,5.3,3.7,5.3,5.24,6.8,5.4,4.5,9.0,6.54,5.4,4.6,4.7,4.0,2.9,4.47,4.1,6.4,6.1,5.7,8.0,5.78
2839,Fernanda Cruz Cruz,Finanzas,Auditoría Interna,2025-11-23,5.9,6.7,6.3,4.5,5.5,5.91,5.5,8.2,5.7,5.0,6.09,6.6,4.0,6.3,4.1,6.8,5.54,8.6,5.7,5.2,6.0,6.6,6.48
2840,Fernanda Martínez Pérez,Ventas,Ventas Internacionales,2026-01-22,4.0,2.1,4.2,3.6,4.7,3.61,5.0,4.4,3.7,4.8,4.54,4.7,6.0,5.1,6.0,3.0,5.04,1.7,4.0,3.0,2.9,3.7,2.98
2841,José Rodríguez Rodríguez,Recursos Humanos,Nómina,2026-03-12,3.9,2.5,3.2,4.6,3.8,3.5,8.1,7.1,6.7,5.5,6.92,4.1,4.6,6.7,5.7,2.0,4.67,5.1,5.3,7.3,6.5,5.4,5.9
2842,Roberto López Martínez,Recursos Humanos,Reclutamiento,2026-01-08,4.0,1.9,3.7,3.2,4.1,3.31,5.0,3.7,3.0,4.6,4.18,3.4,2.6,0.9,2.1,4.0,2.6,4.5,4.0,3.9,4.4,3.7,4.16
2843,Diego Reyes Torres,Finanzas,Contabilidad,2025-09-16,3.6,3.3,5.2,3.8,3.8,3.9,3.2,4.7,4.0,2.2,3.48,1.5,1.7,0.9,1.6,1.0,1.37,3.3,1.1,1.7,3.9,1.6,2.38
2844,Luis Pérez González,Ventas,Atención a Clientes,2025-11-25,6.9,7.6,8.8,6.1,4.9,7.04,5.8,6.5,4.8,6.9,6.05,7.7,8.2,7.1,8.4,6.5,7.63,3.5,6.4,6.0,6.5,4.8,5.46
2845,Francisco Vázquez Gómez,Operaciones,Producción,2026-01-06,0.5,1.5,0.9,1.2,0.6,0.95,2.6,1.9,2.4,1.8,2.18,4.8,3.0,2.7,2.6,1.6,3.12,3.3,2.0,3.0,4.1,1.3,2.88
2846,Sofía Gómez Jiménez,Finanzas,Tesorería,2025-10-15,5.3,4.3,2.7,3.6,3.5,4.0,2.7,0.2,1.3,3.2,1.92,2.2,1.6,3.4,1.7,1.3,2.08,1.9,3.7,0.0,0.0,0.0,1.4
2847,Sofía Hernández Rodríguez,Operaciones,Logística,2026-08-25,6.9,7.5,6.4,7.7,7.8,7.21,8.2,8.9,9.0,8.5,8.61,8.9,8.5,8.9,10.0,7.6,8.77,8.4,8.4,8.9,8.5,7.8,8.46
2848,Fernanda Gómez Hernández,Finanzas,Tesorería,2026-07-14,4.6,8.3,3.2,3.9,5.6,5.29,4.6,4.6,5.5,6.3,5.2,5.0,6.2,5.4,7.1,7.5,6.07,5.2,5.6,8.6,5.5,6.6,6.18
2849,Gabriela Jiménez Jiménez,Tecnología,Infraestructura,2025-11-15,9.8,10.0,8.6,8.2,9.7,9.35,10.0,8.2,10.0,10.0,9.55,9.9,10.0,9.6,8.5,10.0,9.67,9.7,9.5,10.0,9.7,9.6,9.7
2850,Gabriela Ramírez Martínez,Ventas,Atención a Clientes,2025-12-30,9.3,7.6,8.8,8.7,7.3,8.38,6.0,6.8,5.1,7.0,6.27,6.0,5.6,6.4,8.0,6.2,6.31,5.2,5.8,7.1,7.3,5.7,6.2
2851,Miguel Jiménez García,Finanzas,Tesorería,2026-05-15,5.7,7.5,7.6,7.1,7.3,6.98,7.0,6.8,8.6,7.1,7.3,7.2,7.7,8.1,7.2,7.5,7.55,7.4,8.7,4.7,6.9,7.2,7.06
2852,Roberto Gómez Torres,Tecnología,Desarrollo,2026-04-20,7.0,8.7,7.3,8.1,6.8,7.62,6.9,6.3,8.8,10.0,7.9,8.5,7.3,7.9,7.6,6.4,7.63,10.0,9.7,8.9,6.9,6.6,8.75
2853,Karla Gómez García,Tecnología,Infraestructura,2026-03-20,6.9,5.0,4.2,4.5,5.8,5.36,3.6,7.8,5.5,7.0,5.88,5.6,5.8,5.3,3.8,5.1,5.24,4.9,5.6,4.5,5.6,5.6,5.2
2854,Alejandro González Gómez,Recursos Humanos,Reclutamiento,2025-11-21,6.1,5.0,5.5,4.0,4.3,5.12,5.4,7.2,8.4,7.4,6.95,6.7,4.1,6.6,6.5,4.4,5.66,5.9,4.7,6.0,4.0,5.4,5.19
2855,Alejandro Sánchez González,Ventas,Atención a Clientes,2026-01-03,7.1,4.7,6.4,5.1,5.1,5.76,6.0,3.2,5.6,4.7,4.89,5.4,5.2,5.0,5.9,3.3,5.03,4.6,7.4,8.1,7.3,6.7,6.75
2856,Andrea López González,Recursos Humanos,Reclutamiento,2026-03-04,7.5,6.5,6.9,7.5,9.1,7.37,9.7,9.6,10.0,9.2,9.61,9.6,10.0,9.7,10.0,10.0,9.84,10.0,10.0,9.5,8.8,9.5,9.61
2857,Laura Ramírez Reyes,Ventas,Ventas Nacionales,2025-09-25,7.5,6.4,6.7,8.1,7.2,7.11,7.1,6.9,10.0,10.0,8.36,9.0,7.4,7.7,7.5,10.0,8.26,8.0,8.5,9.3,8.3,8.3,8.48
2858,Ximena Vázquez Romero,Operaciones,Producción,2025-11-23,3.1,4.9,6.1,5.3,4.9,4.75,7.3,5.8,6.2,6.5,6.5,7.5,6.7,6.0,7.5,7.7,7.03,7.6,7.4,6.7,7.0,7.0,7.19
2859,Mariana González Ortiz,Recursos Humanos,Reclutamiento,2026-01-18,1.5,5.6,3.7,3.8,4.2,3.72,2.8,4.3,4.0,3.5,3.59,2.9,2.2,1.3,3.0,1.8,2.26,2.3,4.2,2.6,1.0,1.0,2.45
2860,Juan Castillo Cruz,Tecnología,Desarrollo,2026-04-22,6.9,8.5,6.5,7.8,6.9,7.36,5.3,6.8,7.4,5.2,6.07,10.0,8.7,8.4,9.0,7.8,8.88,9.6,9.1,8.6,10.0,9.2,9.32
2861,Laura Ortiz Pérez,Marketing,Comunicación de Marca,2025-09-17,7.2,7.2,7.4,7.8,6.5,7.22,7.1,7.8,8.3,6.7,7.42,7.2,5.6,7.9,6.6,7.0,6.82,5.0,5.7,5.3,7.0,8.5,5.98
2862,Carlos Rodríguez Torres,Marketing,Comunicación de Marca,2026-07-06,6.4,6.8,6.2,5.9,5.3,6.22,2.2,2.9,2.9,4.4,3.06,5.5,4.2,6.5,6.0,5.3,5.42,3.2,3.8,3.9,3.8,5.8,3.87
2863,Karla Hernández González,Marketing,Investigación de Mercado,2026-05-13,6.0,5.6,7.1,8.9,6.4,6.62,8.6,7.4,9.0,6.9,7.96,7.9,7.1,7.6,8.0,6.3,7.42,6.5,6.9,8.0,7.4,5.5,6.98
2864,Jorge Gómez Rodríguez,Finanzas,Auditoría Interna,2026-03-15,5.0,5.3,2.7,3.9,4.7,4.4,2.6,3.6,0.1,2.9,2.43,3.3,1.7,4.2,3.3,2.1,2.9,1.9,5.8,4.3,4.0,3.6,3.94
2865,Pedro López Pérez,Marketing,Comunicación de Marca,2026-08-05,6.1,7.2,7.5,6.5,5.2,6.58,3.1,4.8,3.5,4.8,4.03,5.3,5.0,6.8,5.1,5.1,5.46,5.5,6.3,5.8,5.6,5.9,5.82
2866,Daniela Reyes García,Operaciones,Producción,2026-03-13,6.8,7.3,8.5,7.7,5.7,7.24,4.6,6.7,5.9,7.1,6.01,7.3,7.0,7.5,7.7,8.9,7.56,5.4,6.0,6.9,9.5,7.2,6.85
2867,Pedro Hernández Romero,Marketing,Investigación de Mercado,2026-02-09,10.0,8.1,8.0,10.0,9.2,9.0,8.9,7.0,10.0,8.2,8.47,8.6,9.9,8.5,10.0,8.0,9.02,8.4,9.5,9.1,8.2,9.6,8.9
2868,Jorge Ortiz Vázquez,Operaciones,Producción,2026-06-03,5.4,7.1,6.1,5.5,4.6,5.86,5.4,4.1,3.9,6.2,4.97,6.4,6.9,7.1,7.3,7.7,7.0,8.7,6.7,5.5,6.9,7.3,7.06
2869,Fernanda Reyes Flores,Operaciones,Control de Calidad,2026-02-06,8.7,7.3,8.0,6.1,8.2,7.74,6.6,8.2,7.7,8.7,7.74,7.3,10.0,7.4,8.6,10.0,8.6,7.7,9.2,7.8,8.9,9.1,8.48
2870,Pedro Sánchez Martínez,Marketing,Comunicación de Marca,2026-03-07,1.7,5.2,4.8,2.2,5.1,3.78,5.0,3.5,4.8,3.4,4.18,3.5,2.3,3.0,4.5,4.2,3.35,5.3,4.1,3.6,5.2,3.9,4.5
2871,Carlos Vázquez Sánchez,Ventas,Atención a Clientes,2026-07-30,5.2,4.9,4.5,4.4,3.2,4.56,2.6,4.6,6.1,4.1,4.18,1.6,1.0,0.8,3.3,2.0,1.6,2.3,4.8,1.5,2.2,4.9,3.01
2872,Gabriela Romero Pérez,Ventas,Atención a Clientes,2026-07-07,7.3,7.0,5.6,7.0,9.3,7.14,7.6,7.2,7.4,7.8,7.51,7.3,7.2,8.6,9.2,8.2,7.95,8.5,9.6,6.8,10.0,9.9,8.88
2873,Ana Gómez García,Recursos Humanos,Nómina,2026-03-23,5.4,6.8,5.5,5.2,5.6,5.77,5.9,7.2,8.0,7.3,7.0,6.8,7.6,4.2,5.6,6.9,6.32,7.9,5.4,5.8,6.5,8.4,6.62
2874,Luis López Vázquez,Ventas,Ventas Internacionales,2026-03-02,3.8,6.3,6.3,5.9,7.7,5.82,6.1,4.1,6.9,7.2,6.03,6.4,7.6,5.3,7.3,5.1,6.42,4.9,6.2,6.3,5.0,5.5,5.58
2875,Sofía González Vázquez,Operaciones,Control de Calidad,2026-07-02,8.9,8.4,6.5,9.0,6.7,7.98,6.5,7.3,7.3,6.9,6.96,9.0,7.4,8.1,7.9,7.6,8.04,9.4,7.8,8.2,9.2,8.1,8.59
2876,Raúl Gómez Ortiz,Operaciones,Control de Calidad,2025-12-15,2.5,5.6,4.0,4.2,4.2,4.08,7.0,7.6,6.6,7.1,7.1,5.4,7.0,3.9,5.5,7.2,5.78,7.7,5.7,7.6,5.9,8.1,6.86
2877,Juan Pérez Sánchez,Operaciones,Control de Calidad,2026-04-14,7.2,5.0,5.4,6.0,5.7,5.88,7.8,9.6,5.4,7.5,7.7,6.5,8.6,7.2,8.7,8.4,7.78,7.2,8.4,8.5,6.4,8.4,7.72
2878,Miguel Martínez González,Finanzas,Auditoría Interna,2025-12-09,3.6,5.6,4.5,4.1,3.2,4.3,6.5,4.2,3.5,5.2,5.0,2.9,1.3,2.4,1.1,2.8,2.12,1.5,4.5,4.4,5.1,2.0,3.6
2879,Carlos Vázquez Vázquez,Finanzas,Tesorería,2025-12-26,5.6,4.5,6.3,6.2,6.8,5.74,4.3,4.8,3.9,4.7,4.44,3.1,4.6,4.6,3.9,4.3,4.07,6.5,5.1,5.1,7.0,5.9,5.91
2880,Mariana Romero Vázquez,Finanzas,Tesorería,2026-06-21,7.7,7.4,7.2,7.5,9.3,7.74,4.6,6.5,4.5,5.7,5.33,5.1,4.0,4.9,6.9,4.3,4.93,6.3,4.6,4.4,5.0,5.3,5.14
2881,Luis Cruz Flores,Operaciones,Control de Calidad,2026-01-21,8.2,7.8,7.2,9.8,9.4,8.32,5.9,7.4,7.1,4.8,6.24,7.6,7.4,7.8,8.2,7.1,7.6,5.9,8.1,8.1,7.0,8.1,7.33
2882,Luis Hernández Jiménez,Operaciones,Control de Calidad,2026-06-07,3.8,5.6,2.4,4.6,5.6,4.36,4.6,3.2,2.5,2.7,3.35,2.9,0.8,2.7,3.0,1.7,2.17,0.0,4.8,5.3,4.0,4.1,3.47
2883,José Cruz Hernández,Recursos Humanos,Nómina,2025-12-02,2.9,1.7,2.7,3.9,2.6,2.66,2.7,2.7,0.7,2.5,2.25,2.8,2.2,0.1,2.6,1.3,1.86,2.7,3.1,4.0,2.7,2.9,3.08
2884,Ana Vázquez Flores,Finanzas,Tesorería,2026-04-05,7.1,6.5,7.5,7.7,9.3,7.45,9.7,7.0,7.0,9.1,8.34,8.5,7.9,6.4,7.8,8.5,7.82,8.5,8.1,6.4,7.2,7.8,7.65
2885,Pedro Flores Jiménez,Marketing,Marketing Digital,2026-08-01,3.6,3.8,1.4,3.9,3.0,3.16,2.0,6.1,4.9,2.4,3.7,5.4,4.3,5.0,5.8,4.0,4.89,4.5,3.6,5.3,4.5,5.6,4.54
2886,Luis Torres Ramírez,Ventas,Atención a Clientes,2026-08-10,2.3,4.6,4.4,3.0,2.7,3.46,5.3,4.3,8.2,5.6,5.7,3.2,1.7,4.5,3.2,4.6,3.3,5.4,6.5,4.3,6.8,6.7,5.86
2887,Gabriela Cruz Cruz,Recursos Humanos,Reclutamiento,2026-01-13,3.8,3.0,2.1,3.6,3.1,3.12,3.7,3.1,4.4,2.6,3.42,3.1,1.5,1.7,4.3,2.7,2.54,2.0,2.9,2.8,5.5,3.5,3.24
2888,Miguel Pérez Martínez,Ventas,Ventas Internacionales,2025-09-13,2.1,4.8,2.2,4.0,2.1,3.08,3.9,3.8,2.8,0.6,2.83,3.7,2.7,4.3,3.1,2.2,3.26,0.7,4.2,3.6,3.7,5.3,3.22
2889,Pedro García Reyes,Recursos Humanos,Nómina,2025-11-27,6.4,8.7,10.0,9.5,10.0,8.7,8.1,7.9,8.0,7.4,7.85,5.7,6.2,6.3,4.6,7.8,6.1,9.6,9.6,6.1,9.1,8.4,8.68
2890,Sergio Sánchez Vázquez,Operaciones,Control de Calidad,2025-12-19,7.4,5.8,7.0,5.6,7.9,6.72,4.1,5.6,5.7,3.4,4.62,7.0,5.9,7.9,5.7,9.2,7.04,5.1,6.2,6.8,7.1,7.8,6.39
2891,Carlos Morales Gómez,Recursos Humanos,Reclutamiento,2026-06-02,7.9,5.4,6.2,6.0,5.0,6.22,4.9,5.2,3.9,6.0,5.05,6.9,6.9,6.0,5.8,5.9,6.4,7.3,8.6,7.8,5.7,8.1,7.49
2892,Miguel Romero López,Recursos Humanos,Nómina,2026-05-21,6.3,6.3,5.8,7.9,6.3,6.44,5.1,7.8,6.6,7.5,6.68,6.6,8.9,8.4,7.5,7.9,7.86,5.2,7.1,7.3,7.7,6.3,6.7
2893,Carlos Reyes López,Recursos Humanos,Capacitación,2026-06-07,10.0,8.6,9.1,9.9,8.1,9.17,6.6,9.2,8.5,8.5,8.1,10.0,10.0,10.0,9.9,10.0,9.98,8.6,10.0,7.2,7.0,6.8,8.17
2894,Sofía Rodríguez Torres,Finanzas,Tesorería,2026-05-27,8.4,8.6,9.0,6.0,7.1,8.01,8.1,10.0,8.8,7.2,8.49,8.3,9.3,9.9,9.2,8.5,9.04,9.6,4.5,6.8,9.1,7.3,7.44
2895,Sofía García Ramírez,Recursos Humanos,Reclutamiento,2025-12-11,4.8,3.0,4.0,3.7,3.5,3.83,4.7,6.3,1.5,3.1,4.06,1.6,2.5,1.9,2.8,3.0,2.27,3.2,3.6,4.4,1.6,4.5,3.35
2896,Sergio López López,Ventas,Ventas Internacionales,2025-11-26,6.1,5.8,7.1,4.4,6.0,5.96,5.6,6.0,6.8,4.9,5.76,8.2,5.7,6.4,7.0,7.0,6.86,3.5,4.9,6.2,5.5,4.8,4.92
2897,Karla Rodríguez Flores,Tecnología,Infraestructura,2025-10-12,5.2,3.9,4.8,5.4,4.3,4.69,5.2,2.8,4.8,5.3,4.54,5.2,5.8,4.2,5.9,4.9,5.21,6.2,6.7,6.7,5.6,6.0,6.28
2898,José Cruz Pérez,Ventas,Ventas Nacionales,2025-09-10,3.2,0.9,1.1,2.4,2.1,1.92,4.0,3.9,2.5,4.5,3.8,3.6,5.4,3.3,6.1,3.4,4.34,7.1,5.6,2.1,4.1,5.5,4.96
2899,Daniela Vázquez Romero,Recursos Humanos,Reclutamiento,2026-01-17,5.8,6.1,8.7,7.4,5.3,6.62,7.3,8.3,5.8,7.5,7.3,6.3,7.1,7.2,5.8,8.5,6.94,6.6,5.7,6.6,6.3,6.8,6.34
2900,Daniela Sánchez Torres,Marketing,Comunicación de Marca,2026-08-12,8.4,10.0,10.0,10.0,10.0,9.6,10.0,6.2,10.0,7.6,8.45,8.3,6.2,6.7,9.1,8.3,7.58,8.9,8.9,8.9,7.1,7.8,8.43
2901,Juan López Gómez,Recursos Humanos,Reclutamiento,2026-02-07,0.8,0.1,1.9,1.3,1.1,0.97,2.1,1.2,3.4,2.0,2.11,1.8,1.8,1.6,2.8,2.3,1.98,2.8,4.4,2.9,3.3,2.7,3.31
2902,Roberto Cruz Vázquez,Marketing,Marketing Digital,2025-12-07,5.2,3.5,3.8,7.5,5.8,4.93,5.4,8.8,8.3,6.2,7.03,5.3,7.1,5.6,6.1,6.3,6.08,6.0,5.6,6.3,7.9,5.5,6.29
2903,Gabriela Ramírez López,Marketing,Comunicación de Marca,2026-02-13,5.9,5.8,4.0,5.6,4.7,5.27,4.2,3.8,2.9,6.2,4.34,5.7,6.3,7.8,8.4,5.5,6.64,8.6,5.0,6.2,7.5,6.1,6.75
2904,Jorge Morales Vázquez,Finanzas,Contabilidad,2026-02-13,7.5,6.6,6.1,7.8,8.1,7.13,6.3,6.1,5.9,5.8,6.05,3.8,3.4,6.1,5.3,5.9,4.7,1.6,5.0,4.1,6.7,4.2,4.23
2905,Ricardo González Hernández,Finanzas,Tesorería,2026-03-04,3.2,2.9,3.3,4.1,5.9,3.68,4.1,3.8,4.4,3.8,4.01,5.0,3.9,4.1,5.0,4.1,4.41,6.2,6.9,6.1,5.7,6.0,6.24
2906,Valeria Gómez Gómez,Finanzas,Auditoría Interna,2026-07-30,7.4,9.3,8.0,6.9,7.4,7.92,8.6,7.8,6.8,9.5,8.26,6.0,9.4,10.0,8.2,9.4,8.49,9.3,6.5,6.6,8.4,9.0,7.85
2907,María Ramírez Flores,Operaciones,Producción,2025-10-25,2.6,4.0,1.6,3.1,2.4,2.8,1.7,3.4,1.7,2.3,2.28,3.2,5.1,2.6,3.7,2.0,3.45,3.5,4.2,2.2,3.3,2.7,3.3
2908,Ximena Torres Pérez,Recursos Humanos,Nómina,2026-09-03,8.7,7.7,8.5,9.3,6.1,8.11,6.6,8.3,5.8,8.9,7.44,7.1,7.8,8.1,9.5,7.9,7.96,6.7,6.5,7.5,6.5,7.1,6.81
2909,Daniela Jiménez Rodríguez,Ventas,Ventas Internacionales,2025-09-24,6.2,7.9,6.7,7.4,10.0,7.48,8.8,8.1,6.2,8.3,7.98,5.2,4.9,6.8,8.8,5.0,5.96,8.6,7.3,8.7,9.4,9.5,8.54
2910,Sergio González García,Tecnología,Desarrollo,2026-06-02,5.6,9.1,7.6,8.5,9.5,7.9,9.6,7.7,9.4,9.7,9.11,7.9,8.2,6.4,7.9,7.4,7.6,6.9,9.6,7.3,9.1,9.9,8.4
2911,Jorge Vázquez Pérez,Recursos Humanos,Capacitación,2026-04-10,4.8,4.4,2.6,3.7,4.5,4.05,3.9,5.9,4.6,3.4,4.42,3.9,5.0,4.5,3.2,4.0,4.2,4.7,3.9,5.1,7.4,4.6,5.11
2912,Pedro Pérez Cruz,Finanzas,Tesorería,2026-08-21,5.3,5.0,6.1,3.8,5.6,5.2,5.6,4.9,5.3,5.0,5.22,7.0,7.2,7.0,5.3,5.9,6.63,6.6,6.7,7.6,7.3,7.6,7.06
2913,Sergio López Martínez,Finanzas,Tesorería,2026-06-01,4.3,3.5,3.1,3.3,3.6,3.61,2.2,2.5,4.7,3.8,3.18,3.0,2.6,2.9,1.0,2.7,2.54,2.0,2.7,0.8,4.8,2.4,2.54
2914,José García Castillo,Operaciones,Logística,2025-09-25,2.3,4.3,1.7,4.5,1.9,2.95,4.3,2.6,2.7,4.6,3.63,0.9,2.6,3.1,1.6,0.5,1.81,1.6,0.5,2.9,3.4,2.4,2.03
2915,María Jiménez García,Marketing,Marketing Digital,2026-03-31,6.8,7.5,6.0,8.4,4.6,6.72,6.3,4.4,3.8,5.0,5.0,6.1,6.4,6.9,4.8,3.9,5.81,5.1,5.7,5.2,5.7,4.6,5.34
2916,Paola López López,Tecnología,Desarrollo,2025-10-17,7.8,8.2,7.3,7.9,6.8,7.66,8.7,7.1,7.5,7.6,7.78,5.0,8.0,6.3,8.6,7.6,6.94,8.3,7.6,7.9,7.9,10.0,8.14
2917,Francisco Flores López,Operaciones,Logística,2026-06-15,8.9,9.5,8.8,8.5,8.2,8.86,9.0,9.9,9.1,10.0,9.5,7.7,6.4,7.3,7.8,7.9,7.34,10.0,9.0,9.2,9.7,7.3,9.26
2918,José Ortiz López,Marketing,Comunicación de Marca,2025-10-30,8.2,6.6,7.7,6.6,7.5,7.36,6.5,8.7,7.9,7.9,7.68,8.0,9.0,8.8,10.0,8.5,8.78,6.4,6.8,8.0,6.6,5.2,6.74
2919,Pedro Castillo Reyes,Finanzas,Contabilidad,2026-01-05,9.6,7.9,8.7,8.6,7.6,8.54,9.3,9.5,9.0,7.9,8.94,7.4,8.5,7.5,7.1,9.7,7.99,7.9,6.0,5.8,8.2,6.3,6.9
2920,Ricardo Rodríguez González,Operaciones,Producción,2026-02-05,8.1,4.8,7.4,3.9,5.5,6.12,3.2,3.5,5.2,5.5,4.25,4.5,2.9,5.1,3.4,3.3,3.88,4.8,5.5,3.4,4.2,3.1,4.41
2921,Raúl Gómez Reyes,Marketing,Comunicación de Marca,2026-03-07,9.3,9.9,6.8,10.0,9.4,9.07,7.8,9.2,7.3,8.9,8.32,10.0,8.7,9.8,8.2,8.0,9.06,8.1,8.9,7.4,7.3,7.5,7.94
2922,Laura Reyes Ramírez,Ventas,Atención a Clientes,2026-06-03,6.1,6.9,4.8,7.5,3.9,5.92,7.2,3.2,5.5,5.2,5.36,4.5,6.7,6.0,5.3,6.6,5.78,8.0,8.3,9.0,4.9,4.2,7.28
2923,Pedro Cruz López,Finanzas,Contabilidad,2025-11-15,8.9,10.0,7.7,9.6,8.2,8.94,10.0,8.6,8.1,9.2,9.07,8.6,10.0,9.0,9.7,10.0,9.41,8.4,8.9,8.3,8.2,8.1,8.44
2924,Camila Flores González,Tecnología,Desarrollo,2025-10-09,4.3,3.7,3.9,4.4,5.3,4.24,5.3,5.2,3.1,6.1,5.04,3.4,3.9,2.8,2.7,2.6,3.18,4.8,3.9,0.3,3.5,1.3,3.06
2925,Luis Morales Romero,Recursos Humanos,Reclutamiento,2025-09-30,9.0,8.8,5.8,6.3,5.2,7.34,8.0,10.0,6.4,6.5,7.81,7.4,6.9,6.0,7.1,7.3,6.94,8.7,5.4,6.8,5.7,4.1,6.44
2926,Miguel Rodríguez Pérez,Tecnología,Desarrollo,2025-11-25,7.5,7.1,8.8,9.1,8.8,8.1,8.6,7.3,7.0,6.0,7.3,4.7,5.7,4.4,7.6,5.1,5.38,7.8,7.7,7.7,5.6,7.4,7.28
2927,Daniela Morales López,Operaciones,Producción,2026-07-10,7.5,5.4,7.0,9.0,6.3,6.92,8.5,8.0,8.5,7.0,8.0,6.0,5.0,10.0,6.1,8.1,6.88,9.3,7.7,7.4,9.0,7.1,8.24
2928,Fernanda Castillo Ramírez,Operaciones,Producción,2026-09-07,6.8,4.9,5.0,6.8,5.6,5.78,6.9,5.3,6.0,7.5,6.47,5.8,6.4,5.5,7.1,6.5,6.19,6.2,8.1,6.1,4.5,7.0,6.4
2929,Miguel Hernández Ortiz,Ventas,Ventas Internacionales,2026-08-30,5.4,3.4,4.6,3.1,3.5,4.11,4.3,5.8,5.1,5.4,5.11,5.7,5.9,6.6,5.8,5.7,5.94,4.8,4.2,5.2,6.6,5.9,5.2
2930,Valeria Rodríguez Flores,Marketing,Investigación de Mercado,2025-10-19,4.7,6.2,5.5,7.5,4.2,5.58,6.0,6.7,8.1,6.9,6.82,6.1,6.3,7.6,7.4,9.2,7.11,6.7,4.8,5.2,6.6,5.7,5.81
2931,Roberto Reyes Jiménez,Ventas,Ventas Internacionales,2025-12-06,9.0,8.8,10.0,10.0,8.1,9.16,8.1,3.9,6.7,8.5,6.87,7.4,8.9,10.0,8.6,9.2,8.75,6.4,9.3,8.0,7.2,8.9,7.86
2932,Sergio Romero Pérez,Ventas,Ventas Nacionales,2026-05-11,9.6,10.0,10.0,10.0,8.5,9.68,10.0,6.9,8.4,9.3,8.73,7.5,9.5,10.0,10.0,9.4,9.16,9.2,7.1,8.3,8.6,7.5,8.2
2933,Juan Torres Cruz,Recursos Humanos,Nómina,2026-08-24,4.1,4.4,3.3,3.3,3.7,3.84,4.3,4.3,5.3,3.4,4.27,2.8,6.7,6.7,3.8,4.3,4.93,3.0,4.4,3.9,4.3,4.3,3.92
2934,Jorge López Torres,Recursos Humanos,Reclutamiento,2026-01-09,10.0,10.0,7.5,8.3,9.7,9.2,9.0,9.5,8.8,7.5,8.71,7.1,8.1,10.0,6.3,8.4,8.01,7.8,10.0,8.8,10.0,10.0,9.21
2935,Francisco Cruz Martínez,Ventas,Atención a Clientes,2025-10-09,7.4,5.9,7.0,5.9,7.0,6.66,7.3,7.5,6.3,8.2,7.37,9.4,7.1,7.7,9.0,8.1,8.23,5.8,5.2,6.7,5.7,5.4,5.77
2936,Carlos López Hernández,Finanzas,Tesorería,2026-03-28,4.0,4.3,2.7,2.1,4.7,3.64,6.0,6.3,5.3,3.8,5.39,4.5,3.7,3.2,2.5,2.7,3.47,3.9,3.4,4.3,2.5,4.5,3.64
2937,Luis López Rodríguez,Finanzas,Tesorería,2026-05-27,7.3,5.8,5.4,6.9,5.0,6.14,4.1,6.8,5.0,6.3,5.5,6.3,3.3,3.9,5.2,4.6,4.65,4.5,5.5,4.1,7.2,5.8,5.34
2938,Daniela Torres Gómez,Tecnología,Infraestructura,2026-02-05,2.0,1.9,3.4,4.2,6.2,3.22,5.4,4.7,4.6,3.3,4.54,3.0,5.0,3.2,5.6,3.5,4.0,4.0,4.5,6.2,4.1,3.7,4.56
2939,Francisco Castillo Morales,Marketing,Investigación de Mercado,2026-05-13,6.1,6.3,4.6,6.0,5.9,5.8,5.6,5.4,5.6,5.1,5.43,4.9,5.6,4.0,3.7,6.5,4.96,5.3,8.8,6.7,6.0,4.7,6.54
2940,Andrea Martínez Castillo,Marketing,Investigación de Mercado,2026-01-10,9.2,4.3,9.1,7.5,7.4,7.43,6.3,6.7,6.4,7.8,6.8,6.9,6.4,8.9,7.9,6.9,7.33,7.6,7.0,6.7,6.6,5.1,6.82
2941,Miguel Torres Flores,Tecnología,Soporte Técnico,2026-07-19,5.9,5.3,5.6,6.4,5.4,5.69,7.7,4.7,5.8,5.7,6.07,7.7,4.8,6.4,4.1,4.1,5.64,6.2,6.6,6.0,4.7,6.9,6.03
2942,Gabriela Torres Flores,Ventas,Ventas Internacionales,2026-03-15,7.4,9.1,6.4,7.8,7.1,7.64,9.4,7.5,9.3,7.5,8.43,8.0,8.9,8.6,7.9,8.3,8.38,7.9,8.3,7.4,9.0,5.9,7.92
2943,Karla González Martínez,Operaciones,Control de Calidad,2026-08-17,6.7,7.1,7.5,5.2,4.4,6.39,6.5,6.8,5.4,7.5,6.6,6.9,6.0,8.0,6.6,7.1,6.88,3.9,5.9,6.3,4.8,4.0,5.07
2944,María Sánchez Morales,Operaciones,Control de Calidad,2026-05-05,6.5,7.2,8.2,6.7,5.3,6.86,5.6,5.5,4.1,3.9,4.85,6.6,6.0,6.2,5.6,8.6,6.52,5.4,6.2,4.1,7.4,7.8,5.98
2945,Valeria Romero Reyes,Marketing,Marketing Digital,2025-12-17,5.9,6.3,5.4,4.8,5.4,5.66,3.2,4.0,4.0,1.6,3.16,5.1,6.6,4.1,5.9,5.6,5.47,2.9,3.4,2.8,2.4,3.1,2.92
2946,Laura García Flores,Operaciones,Control de Calidad,2026-05-02,9.6,7.6,9.5,8.6,8.0,8.69,8.5,7.6,6.9,7.4,7.68,8.1,8.2,9.4,9.0,9.3,8.7,8.9,6.8,9.3,7.6,9.0,8.2
2947,María Martínez Jiménez,Operaciones,Logística,2026-05-10,7.7,9.3,8.7,9.4,7.3,8.5,10.0,8.1,8.6,5.9,8.22,9.5,8.8,8.6,6.5,6.8,8.29,8.9,10.0,10.0,9.4,9.9,9.6
2948,Ricardo Reyes Ramírez,Ventas,Ventas Nacionales,2025-12-08,5.9,6.3,5.4,5.9,6.6,6.0,5.0,4.8,8.1,5.3,5.64,6.1,6.7,5.0,5.2,5.8,5.85,6.9,7.1,4.8,7.7,5.2,6.52
2949,Raúl Castillo González,Marketing,Comunicación de Marca,2026-01-11,6.5,9.3,7.1,8.6,9.1,8.02,9.4,7.3,5.5,9.6,8.14,7.3,7.7,7.8,9.7,9.3,8.16,4.4,7.0,7.2,6.3,7.2,6.27
2950,Carlos Martínez Hernández,Operaciones,Control de Calidad,2026-05-28,3.7,4.7,3.3,4.8,3.0,3.93,2.0,3.3,0.3,3.0,2.24,2.6,3.1,5.9,2.6,4.5,3.67,2.9,0.7,2.5,3.9,3.0,2.48
2951,Sofía Ortiz Rodríguez,Marketing,Marketing Digital,2026-08-17,1.5,3.8,5.7,5.8,5.2,4.12,6.6,5.0,5.9,7.7,6.34,5.8,6.7,7.0,6.2,7.4,6.56,5.1,5.1,7.2,6.5,4.6,5.75
2952,Sofía Cruz Vázquez,Tecnología,Soporte Técnico,2025-10-21,5.8,6.2,8.0,6.2,7.3,6.62,4.3,2.8,5.1,5.2,4.31,6.4,3.7,3.3,4.5,4.0,4.46,2.7,4.2,4.5,4.4,4.0,3.9
2953,Roberto Gómez Romero,Recursos Humanos,Capacitación,2026-05-15,8.5,9.2,9.3,9.9,9.4,9.18,9.7,8.6,7.4,9.4,8.89,9.6,9.5,7.8,7.8,9.7,8.96,8.3,10.0,10.0,9.0,10.0,9.38
2954,Francisco Castillo Rodríguez,Finanzas,Auditoría Interna,2026-07-21,10.0,9.9,10.0,7.8,8.3,9.39,9.9,9.1,9.4,10.0,9.62,7.6,6.4,6.8,9.0,7.7,7.36,5.1,7.0,7.0,7.0,7.3,6.56
2955,Alejandro Gómez López,Marketing,Investigación de Mercado,2026-04-04,6.8,5.4,6.6,5.2,7.4,6.26,4.3,5.3,3.7,5.0,4.61,7.4,6.7,6.0,6.6,6.0,6.62,4.2,2.9,4.1,3.6,4.7,3.78
2956,Miguel Castillo Ortiz,Finanzas,Auditoría Interna,2026-01-27,8.6,10.0,8.4,9.1,9.9,9.18,9.2,9.8,9.8,8.2,9.22,8.4,10.0,8.4,9.9,10.0,9.26,9.1,8.7,7.9,8.8,7.6,8.55
2957,Daniela Jiménez Morales,Ventas,Ventas Nacionales,2025-09-11,9.3,7.3,10.0,8.8,8.3,8.72,7.9,9.5,8.6,7.0,8.22,7.8,8.8,9.7,8.6,10.0,8.88,7.3,8.9,7.6,7.1,7.1,7.7
2958,Ricardo Rodríguez Hernández,Ventas,Atención a Clientes,2026-02-18,10.0,9.9,10.0,10.0,8.3,9.72,8.6,8.7,9.0,9.7,8.98,10.0,9.6,9.0,10.0,9.1,9.56,9.4,7.8,9.5,6.6,7.8,8.3
2959,Paola Vázquez Reyes,Operaciones,Logística,2026-01-28,10.0,9.1,9.2,9.2,8.4,9.26,9.3,7.1,7.2,8.4,8.1,8.2,8.0,9.0,9.6,10.0,8.79,8.9,6.8,9.5,7.9,7.0,8.1
2960,Diego López Ramírez,Finanzas,Tesorería,2026-05-24,2.6,2.9,4.3,3.4,2.6,3.14,3.5,1.2,1.3,3.3,2.44,3.9,5.2,3.5,3.2,2.9,3.89,4.1,4.4,3.1,2.3,2.3,3.44
2961,Roberto Hernández Romero,Ventas,Ventas Nacionales,2025-11-17,6.5,8.7,7.3,8.6,9.3,7.94,6.4,5.5,5.8,5.6,5.86,8.1,6.5,4.4,7.2,6.8,6.63,5.0,7.1,5.5,6.9,5.9,6.1
2962,Diego Torres Morales,Operaciones,Control de Calidad,2026-02-07,5.0,6.4,7.0,6.8,4.7,5.98,6.0,6.6,5.1,7.4,6.32,3.9,5.6,5.7,4.4,5.1,4.94,5.3,6.2,4.8,6.3,7.7,5.86
2963,Andrea Ramírez González,Recursos Humanos,Capacitación,2025-12-12,0.7,5.2,5.2,3.1,3.0,3.43,0.7,1.4,1.9,0.5,1.06,3.2,2.8,2.8,3.5,3.8,3.16,3.8,2.5,4.7,2.7,3.1,3.36
2964,Ximena Gómez Reyes,Tecnología,Desarrollo,2026-08-17,5.8,4.7,6.6,8.9,7.8,6.45,6.8,4.7,4.1,3.4,4.88,5.4,5.6,6.1,5.5,5.1,5.56,4.4,3.4,4.6,6.3,4.9,4.62
2965,Karla López Jiménez,Tecnología,Soporte Técnico,2026-02-05,7.5,7.1,7.5,7.2,6.5,7.2,7.6,6.7,5.3,6.2,6.56,6.9,7.1,4.3,4.7,5.8,5.94,5.3,5.0,4.3,6.8,7.7,5.56
2966,Miguel López Hernández,Tecnología,Infraestructura,2026-06-28,3.2,2.5,4.7,3.3,3.8,3.43,4.9,3.9,3.9,6.2,4.77,2.6,2.7,4.9,4.1,4.4,3.58,1.2,0.9,1.9,3.5,3.5,1.96
2967,María Romero González,Tecnología,Desarrollo,2026-08-26,3.5,6.8,5.4,5.3,5.9,5.34,4.9,5.4,5.7,4.3,5.04,6.4,5.5,8.1,5.0,6.9,6.38,5.5,6.1,7.6,5.4,7.1,6.21
2968,Luis Cruz Ortiz,Recursos Humanos,Reclutamiento,2025-11-16,7.1,8.8,7.6,7.5,7.4,7.73,7.7,7.0,5.9,8.5,7.36,7.0,6.0,6.0,9.0,7.6,6.94,6.6,7.9,7.7,9.0,8.2,7.78
2969,Luis Rodríguez Romero,Operaciones,Control de Calidad,2026-08-12,6.7,8.5,8.1,5.2,5.1,6.96,6.9,7.3,5.1,7.3,6.74,5.0,5.5,4.9,4.0,4.6,4.89,6.0,7.3,5.8,7.1,7.5,6.66
2970,Paola Cruz Torres,Recursos Humanos,Capacitación,2026-05-10,8.1,6.7,7.8,6.4,4.9,6.96,8.2,5.2,7.5,7.4,7.11,8.3,8.6,8.7,7.5,8.2,8.32,9.1,8.2,9.6,8.3,7.6,8.66
2971,Luis Torres Jiménez,Operaciones,Producción,2026-05-26,5.5,5.3,5.0,4.7,4.3,5.05,6.6,3.9,4.7,8.6,6.04,6.3,5.3,2.8,5.3,5.0,5.0,4.6,5.6,5.3,7.2,5.2,5.57
2972,Roberto Pérez Hernández,Marketing,Comunicación de Marca,2025-10-05,5.8,4.8,5.5,4.0,6.8,5.37,8.0,6.6,5.9,8.4,7.33,7.5,7.1,6.6,6.7,8.7,7.28,3.6,4.9,5.2,5.7,4.0,4.7
2973,Camila Torres Sánchez,Finanzas,Contabilidad,2026-05-09,10.0,10.0,9.3,10.0,8.9,9.7,6.7,8.1,8.0,7.1,7.41,6.1,8.6,9.6,8.2,7.1,7.89,10.0,8.7,8.2,8.5,10.0,9.02
2974,Carlos González Gómez,Ventas,Atención a Clientes,2026-09-05,4.8,5.1,5.3,5.7,4.7,5.1,7.2,9.2,8.0,6.9,7.78,6.5,3.8,6.1,4.8,5.1,5.28,7.2,6.8,7.4,6.7,7.4,7.06
2975,Sofía Romero Cruz,Marketing,Marketing Digital,2026-02-26,2.6,1.6,2.1,1.8,3.1,2.2,2.1,3.8,2.5,1.8,2.53,5.8,1.5,1.4,3.2,3.7,3.14,1.8,1.1,2.9,4.4,3.9,2.58
2976,Andrea Ortiz Flores,Ventas,Ventas Internacionales,2025-12-26,4.4,7.0,4.0,5.1,6.0,5.32,6.9,6.8,6.4,8.0,7.05,7.4,5.1,6.3,5.9,4.8,5.99,4.0,5.9,6.4,5.0,7.3,5.49
2977,Sofía Hernández Hernández,Recursos Humanos,Capacitación,2025-12-12,10.0,10.0,8.4,9.5,9.2,9.48,7.4,7.6,7.6,8.2,7.69,8.3,8.1,8.9,8.3,8.9,8.46,9.1,8.8,10.0,9.3,7.5,9.09
2978,Diego Flores García,Operaciones,Producción,2026-04-25,7.2,6.6,8.2,4.7,7.2,6.88,6.0,4.8,6.7,6.4,5.94,4.7,5.5,5.6,5.1,6.3,5.38,4.4,5.1,4.7,5.0,6.0,4.91
2979,Ricardo García Rodríguez,Ventas,Ventas Internacionales,2026-05-19,7.7,7.8,6.2,6.4,4.4,6.74,6.3,4.3,2.2,4.3,4.48,5.9,6.5,3.8,6.3,5.2,5.59,5.4,7.2,5.5,5.2,6.6,5.95
2980,Miguel Martínez Hernández,Tecnología,Soporte Técnico,2026-01-09,4.9,4.3,5.0,3.8,3.1,4.34,3.5,2.1,5.5,3.4,3.53,4.1,3.6,4.7,2.0,2.0,3.46,1.9,4.7,3.1,2.7,2.3,3.04
2981,Sergio Castillo Flores,Operaciones,Logística,2026-07-10,2.9,0.5,1.5,4.6,3.3,2.34,4.1,2.0,3.0,2.7,3.0,4.5,6.0,3.7,4.4,4.1,4.64,3.7,3.2,2.7,1.9,4.2,3.06
2982,Pedro Cruz Romero,Recursos Humanos,Capacitación,2026-02-13,10.0,6.9,7.9,8.4,7.5,8.19,6.2,2.6,5.1,6.9,5.26,5.8,6.3,3.3,5.5,6.2,5.44,7.9,8.9,6.9,8.3,7.7,8.01
2983,Mariana Torres Morales,Marketing,Investigación de Mercado,2026-01-14,4.6,4.1,5.1,4.8,3.8,4.49,6.6,7.0,8.0,5.5,6.7,4.7,6.6,6.1,5.8,3.9,5.5,6.4,5.7,6.8,6.6,5.6,6.26
2984,Luis Morales Vázquez,Recursos Humanos,Reclutamiento,2025-10-13,6.2,4.8,6.5,5.9,5.2,5.72,5.1,4.8,4.3,6.2,5.14,4.6,6.7,7.6,6.3,5.4,6.1,4.8,6.9,7.3,6.2,6.8,6.3
2985,Jorge Ramírez Castillo,Tecnología,Infraestructura,2026-08-22,7.3,8.3,6.1,7.3,6.1,7.13,5.9,7.1,7.0,6.9,6.67,6.4,6.6,3.7,6.4,7.2,6.03,6.1,5.0,6.4,7.0,7.0,6.16
2986,José Torres González,Recursos Humanos,Nómina,2026-08-06,7.5,6.8,8.1,6.4,9.4,7.56,6.1,8.4,6.4,6.4,6.81,9.3,9.1,9.2,8.5,8.9,9.05,6.6,6.9,8.3,5.5,7.2,6.86
2987,Diego Torres Pérez,Tecnología,Infraestructura,2026-02-19,3.2,4.1,3.9,3.5,3.9,3.72,4.6,2.7,2.2,4.4,3.6,2.7,3.6,2.8,4.3,3.3,3.28,5.8,2.4,1.9,3.8,4.0,3.59
2988,Ricardo Morales Hernández,Tecnología,Soporte Técnico,2026-04-17,2.7,3.9,2.5,3.7,3.3,3.2,1.4,2.8,3.7,4.5,2.98,3.1,3.2,1.1,3.0,1.6,2.49,3.5,1.8,2.9,2.3,2.0,2.56
2989,Karla Jiménez Ortiz,Finanzas,Tesorería,2026-01-13,4.6,5.1,3.8,2.8,6.7,4.61,6.9,7.5,6.4,5.3,6.55,5.9,5.5,5.0,6.7,6.0,5.76,6.5,8.0,6.5,6.6,6.8,6.92
2990,Mariana Jiménez García,Marketing,Investigación de Mercado,2026-02-02,6.1,5.6,4.7,7.1,6.8,5.95,8.4,6.6,6.3,10.0,7.93,8.7,7.2,6.6,6.2,5.8,7.1,8.6,8.9,6.3,4.5,7.8,7.32
2991,Ana Gómez Vázquez,Recursos Humanos,Reclutamiento,2026-04-14,9.7,8.2,10.0,8.5,7.7,8.9,10.0,10.0,10.0,9.5,9.88,8.6,10.0,10.0,10.0,7.2,9.23,9.6,8.1,8.1,9.3,7.5,8.66
2992,Ricardo Reyes Castillo,Tecnología,Desarrollo,2025-11-14,7.8,9.2,10.0,8.9,9.9,9.07,8.1,10.0,8.6,9.0,8.9,8.9,7.9,8.2,7.3,8.0,8.14,8.1,8.7,5.8,7.2,9.7,7.77
2993,Valeria López Morales,Operaciones,Producción,2026-01-14,8.9,9.9,8.6,9.8,8.5,9.16,9.3,7.7,9.4,8.1,8.62,8.1,9.1,8.6,7.1,6.9,8.12,9.1,7.2,7.1,8.1,7.5,7.86
2994,Juan González Rodríguez,Marketing,Marketing Digital,2025-12-28,2.3,2.6,2.6,2.8,2.9,2.6,4.0,4.4,3.9,3.6,3.98,4.8,5.2,5.3,3.4,3.5,4.6,1.8,2.9,3.1,2.5,1.9,2.48
2995,Laura Castillo Morales,Marketing,Investigación de Mercado,2026-04-24,5.2,5.9,5.2,6.7,5.1,5.58,5.6,5.8,7.3,6.5,6.22,4.3,6.1,5.5,6.5,7.1,5.74,5.4,6.1,6.1,6.8,5.2,5.98
2996,Daniela García Cruz,Marketing,Investigación de Mercado,2026-05-13,6.0,7.4,6.3,5.7,6.4,6.42,9.4,6.8,7.8,8.4,8.18,4.9,6.3,6.1,8.7,7.5,6.45,4.1,7.3,6.5,3.6,4.2,5.29
2997,Carlos Torres Reyes,Operaciones,Producción,2026-03-08,3.7,3.7,4.7,6.4,3.4,4.26,6.3,7.2,7.2,7.4,6.98,4.4,6.5,5.2,6.1,4.0,5.28,5.1,4.9,4.5,4.3,5.3,4.79
2998,Andrea Flores Vázquez,Tecnología,Desarrollo,2025-10-07,5.5,3.8,4.9,5.2,5.8,4.96,7.6,6.2,8.8,5.7,7.02,8.8,5.0,7.3,5.8,6.0,6.68,4.9,5.0,5.1,4.7,4.7,4.9
2999,Karla Gómez López,Recursos Humanos,Reclutamiento,2026-02-08,6.7,7.1,8.1,7.8,8.6,7.53,6.8,5.8,7.5,5.4,6.34,7.9,10.0,8.1,9.0,8.4,8.7,8.3,7.0,9.1,7.4,9.9,8.12
3000,Pedro Sánchez Rodríguez,Marketing,Investigación de Mercado,2026-07-21,6.0,5.4,6.8,3.7,4.9,5.5,7.8,6.0,5.8,8.1,7.02,3.9,6.1,5.3,4.8,6.7,5.28,6.7,7.1,6.6,4.4,5.6,6.21
3001,Karla Jiménez Cruz,Finanzas,Auditoría Interna,2026-03-19,7.0,6.4,5.8,9.5,6.6,6.92,9.4,9.4,7.8,8.3,8.8,9.6,9.2,10.0,10.0,9.0,9.55,8.6,6.3,9.2,8.3,7.9,8.02
3002,Sofía Pérez Vázquez,Finanzas,Contabilidad,2026-03-18,3.4,3.5,2.6,1.6,2.1,2.8,4.3,4.0,5.5,3.8,4.34,3.4,2.3,2.4,4.5,3.8,3.15,5.8,5.4,4.0,4.2,4.8,4.92
3003,Francisco Jiménez Romero,Operaciones,Control de Calidad,2025-12-30,6.7,5.0,6.6,6.4,4.7,5.91,3.8,5.6,4.6,5.7,4.88,4.7,6.3,4.2,6.2,6.2,5.45,5.0,5.5,4.4,6.5,3.7,5.18
3004,Raúl Ramírez Morales,Ventas,Ventas Internacionales,2025-11-16,6.8,5.6,7.1,6.8,5.4,6.35,6.4,7.5,7.1,8.0,7.22,8.9,6.9,5.7,6.5,6.4,7.02,5.6,6.1,6.7,6.3,6.7,6.19
3005,Ximena López Cruz,Tecnología,Soporte Técnico,2026-04-24,4.5,5.7,5.7,5.6,7.2,5.61,7.5,5.8,7.0,6.0,6.6,4.3,5.8,5.5,4.3,4.6,4.96,6.0,7.8,8.0,5.8,6.0,6.81
3006,Fernanda Ramírez López,Tecnología,Desarrollo,2026-05-07,4.1,4.9,5.6,5.1,4.4,4.8,7.3,6.3,3.8,5.6,5.92,6.3,4.3,6.7,5.4,5.6,5.64,4.8,4.7,3.7,6.0,5.7,4.89
3007,Roberto Vázquez Sánchez,Operaciones,Producción,2026-03-01,4.8,5.3,3.9,4.4,4.7,4.67,7.7,5.8,6.9,5.8,6.59,8.4,5.2,7.5,6.5,6.4,6.84,5.8,6.3,5.7,5.6,6.0,5.88
3008,Laura Jiménez Rodríguez,Ventas,Ventas Internacionales,2026-07-05,8.4,7.6,7.8,9.7,9.5,8.44,9.8,9.2,10.0,9.7,9.66,8.1,8.1,6.6,8.3,10.0,8.12,6.6,6.8,6.7,6.9,6.2,6.69
3009,Miguel Ramírez Martínez,Ventas,Ventas Nacionales,2025-10-27,6.6,6.6,5.1,7.2,6.0,6.3,4.9,5.4,4.3,5.3,5.0,4.7,4.9,6.6,6.1,5.1,5.4,6.7,6.8,7.5,9.3,6.5,7.39
3010,Francisco Pérez Reyes,Tecnología,Soporte Técnico,2026-08-03,5.5,3.9,2.6,4.9,3.5,4.13,5.2,3.3,0.7,4.3,3.6,3.3,3.0,3.0,3.6,4.3,3.36,4.2,4.7,4.9,3.9,1.7,4.16
3011,María Martínez Jiménez,Tecnología,Soporte Técnico,2025-11-23,4.0,1.9,2.2,3.2,5.1,3.16,6.6,4.7,5.4,5.4,5.58,5.7,6.4,6.7,4.9,7.2,6.18,4.6,4.1,6.2,5.2,5.9,5.04
3012,Alejandro Castillo Gómez,Operaciones,Producción,2026-04-24,8.7,8.6,8.9,8.3,8.3,8.59,9.7,8.2,8.4,5.8,8.09,10.0,8.3,8.6,8.4,7.6,8.7,7.7,8.1,10.0,8.0,10.0,8.55
3013,Fernanda Rodríguez Torres,Finanzas,Tesorería,2026-06-11,2.7,3.1,5.9,6.1,5.4,4.36,4.5,6.5,5.2,5.4,5.36,7.2,8.3,6.7,6.1,6.1,7.04,7.3,6.5,5.7,6.8,6.0,6.55
3014,Diego González Martínez,Marketing,Investigación de Mercado,2026-08-19,9.0,8.8,7.3,8.9,10.0,8.75,6.0,8.0,8.7,7.1,7.32,8.4,7.4,8.0,8.5,6.6,7.82,9.4,10.0,10.0,9.8,8.4,9.65
3015,Camila Morales Reyes,Finanzas,Auditoría Interna,2026-01-19,8.4,8.4,7.4,7.2,6.8,7.78,7.1,9.2,9.5,7.6,8.23,5.3,4.3,6.2,6.2,6.8,5.59,6.7,7.2,10.0,7.2,6.9,7.6
3016,Karla Flores Flores,Ventas,Ventas Nacionales,2026-06-01,5.2,7.4,8.3,7.2,5.7,6.75,8.3,8.7,8.2,8.8,8.5,7.8,6.4,6.9,7.6,6.3,7.02,4.8,7.5,5.1,7.7,5.4,6.18
3017,Laura Gómez López,Tecnología,Desarrollo,2025-11-07,8.1,10.0,9.2,9.3,9.1,9.12,9.8,10.0,10.0,9.1,9.72,9.1,9.1,9.0,9.4,7.0,8.81,8.3,6.9,9.6,10.0,8.0,8.52
3018,Raúl González Gómez,Tecnología,Soporte Técnico,2026-06-06,7.9,7.0,5.8,6.0,8.6,7.08,5.7,8.8,7.3,8.2,7.42,8.0,5.3,8.3,9.6,8.1,7.64,8.5,6.7,6.2,8.6,6.7,7.43
3019,Jorge Gómez Romero,Recursos Humanos,Capacitación,2026-01-20,5.4,7.2,3.7,4.5,7.1,5.63,6.8,7.6,7.3,7.1,7.18,8.1,6.6,5.9,7.1,7.3,7.02,4.8,6.6,7.0,5.0,5.6,5.81
3020,Paola Cruz Hernández,Ventas,Atención a Clientes,2026-08-22,6.4,6.8,7.5,7.6,4.1,6.56,7.1,7.6,4.6,7.9,6.92,6.8,7.5,8.8,6.9,6.7,7.38,6.9,8.7,7.0,8.8,6.3,7.69
3021,Laura Cruz Rodríguez,Recursos Humanos,Capacitación,2026-06-13,5.3,4.7,7.3,6.0,4.6,5.55,4.9,6.9,5.9,5.2,5.68,7.5,6.0,6.4,6.3,4.7,6.31,7.1,4.6,6.7,6.7,6.6,6.26
3022,Camila Castillo Jiménez,Recursos Humanos,Reclutamiento,2026-02-14,4.2,4.8,5.8,5.4,4.5,4.9,4.5,4.4,5.0,3.8,4.4,6.2,4.2,4.3,6.0,5.4,5.17,7.4,5.5,6.4,4.0,5.6,5.86
3023,Juan Ortiz Hernández,Marketing,Comunicación de Marca,2026-03-23,5.4,8.6,4.5,5.0,6.8,6.17,7.1,9.2,5.8,5.8,7.04,4.8,6.0,4.6,4.4,5.9,5.16,5.3,5.1,7.8,5.6,6.5,5.93
3024,Alejandro Sánchez Flores,Recursos Humanos,Nómina,2025-09-14,4.5,3.5,3.1,5.1,4.8,4.1,3.7,4.4,3.4,5.6,4.29,2.2,2.1,5.7,2.1,2.1,2.84,5.1,5.2,3.8,6.9,3.9,5.1
3025,Daniela Sánchez Jiménez,Finanzas,Contabilidad,2026-01-05,6.5,5.1,4.2,7.5,6.9,5.9,5.4,4.3,5.2,6.4,5.34,5.5,7.6,7.2,8.2,6.9,6.98,7.0,7.5,7.1,9.1,7.5,7.62
3026,Gabriela Ortiz López,Finanzas,Auditoría Interna,2025-11-13,7.7,7.1,8.3,5.9,6.6,7.24,5.8,7.4,5.6,5.6,6.11,6.1,4.7,6.0,7.3,6.7,6.0,3.9,5.4,5.0,3.7,4.7,4.54
3027,Ricardo Hernández Vázquez,Ventas,Ventas Nacionales,2025-10-19,3.2,5.8,5.0,3.8,5.0,4.57,7.1,5.1,5.3,5.9,5.94,3.1,3.3,5.1,5.6,3.6,4.0,6.1,3.9,4.9,7.1,6.9,5.59
3028,Gabriela Cruz González,Tecnología,Infraestructura,2026-04-15,9.4,8.2,9.5,9.4,7.7,8.86,9.3,8.1,10.0,9.4,9.16,8.0,7.1,9.3,9.1,8.8,8.32,7.0,6.3,6.7,9.0,9.1,7.38
3029,Miguel González Jiménez,Ventas,Atención a Clientes,2025-12-14,1.8,4.1,3.4,4.1,1.5,2.99,4.3,3.3,5.3,5.2,4.47,5.1,5.4,5.7,6.1,7.4,5.79,5.7,4.0,5.8,5.2,5.3,5.16
3030,Jorge Reyes Martínez,Ventas,Ventas Nacionales,2026-06-04,8.2,9.0,8.0,8.1,8.4,8.38,7.3,10.0,8.8,9.0,8.7,8.5,7.7,6.9,7.9,6.3,7.56,8.1,7.8,9.5,9.5,10.0,8.78
3031,Carlos Castillo Torres,Recursos Humanos,Reclutamiento,2025-10-29,5.0,5.1,6.0,5.3,5.2,5.3,5.7,4.3,5.0,5.4,5.14,7.5,6.6,6.1,8.2,6.4,6.94,6.6,6.4,6.7,9.2,5.9,7.02
3032,Gabriela Morales Castillo,Tecnología,Desarrollo,2025-10-02,5.8,8.1,7.4,7.9,7.2,7.22,6.0,5.6,4.9,6.5,5.8,6.4,6.5,6.3,7.0,6.7,6.54,5.6,5.4,6.1,6.3,5.2,5.75
3033,Jorge Castillo Rodríguez,Tecnología,Soporte Técnico,2026-01-08,5.3,3.8,3.9,4.5,6.3,4.68,7.1,6.4,8.2,6.6,7.02,5.1,3.4,5.8,6.3,6.3,5.18,4.8,6.0,6.0,5.7,5.3,5.57
3034,Diego Hernández Vázquez,Finanzas,Contabilidad,2025-09-28,7.4,5.3,3.7,4.8,6.3,5.58,8.4,7.2,8.6,8.6,8.19,8.0,9.0,9.1,7.6,9.6,8.65,8.4,7.7,7.5,8.8,6.0,7.88
3035,Paola Torres Castillo,Tecnología,Infraestructura,2026-01-31,7.9,6.0,6.6,7.1,5.9,6.74,7.9,8.4,9.2,6.8,8.01,7.5,8.1,6.6,8.0,6.3,7.36,6.9,10.0,7.6,9.6,9.3,8.59
3036,Luis Rodríguez Ortiz,Finanzas,Tesorería,2026-03-03,4.1,3.4,1.6,3.2,2.8,3.1,4.9,1.2,3.4,5.0,3.7,3.0,4.7,3.7,3.2,3.9,3.73,4.5,4.6,3.0,3.5,3.5,3.92
3037,Camila González Gómez,Marketing,Marketing Digital,2026-03-30,6.9,8.0,6.2,7.3,6.0,6.96,9.8,9.2,8.9,6.3,8.6,8.5,7.7,7.8,8.8,9.9,8.41,7.8,5.7,7.2,6.7,7.2,6.88
3038,Roberto Hernández Sánchez,Recursos Humanos,Capacitación,2026-04-14,3.8,4.5,4.0,1.8,5.7,4.0,3.7,4.9,7.0,6.2,5.28,3.5,6.2,5.6,4.6,5.9,5.12,7.0,5.7,6.1,5.6,6.0,6.12
3039,Miguel Cruz Pérez,Tecnología,Infraestructura,2026-04-17,4.5,3.5,5.6,3.9,2.2,4.04,3.7,4.0,4.8,4.6,4.22,2.9,2.1,1.6,2.7,0.7,2.08,3.7,1.7,1.9,5.4,4.4,3.25
3040,Diego Jiménez Morales,Recursos Humanos,Reclutamiento,2025-10-24,7.2,9.5,9.1,6.5,8.6,8.26,7.2,6.7,6.6,6.8,6.86,10.0,8.8,8.6,8.5,6.8,8.72,7.8,10.0,10.0,8.9,9.0,9.13
3041,José Ortiz López,Finanzas,Contabilidad,2026-01-31,4.7,5.1,4.9,6.2,5.8,5.23,5.1,6.9,6.1,5.1,5.75,6.1,6.7,7.7,7.1,8.6,7.1,4.7,7.5,3.1,4.8,3.2,4.95
3042,Ricardo Vázquez González,Ventas,Atención a Clientes,2026-02-18,10.0,8.7,9.9,10.0,8.1,9.37,7.3,7.9,7.7,7.4,7.56,9.2,8.5,9.3,8.6,6.8,8.6,10.0,9.9,9.4,7.7,9.9,9.38
3043,Ana Hernández Vázquez,Tecnología,Infraestructura,2025-09-09,5.6,5.7,7.3,7.8,5.8,6.32,8.2,7.2,7.6,8.6,7.93,8.4,7.2,6.9,7.6,8.0,7.62,7.2,7.7,5.6,7.1,7.6,7.02
3044,Juan Pérez Romero,Marketing,Investigación de Mercado,2025-10-14,5.0,6.6,5.1,9.0,3.3,5.76,6.5,7.6,5.4,7.6,6.83,3.5,5.4,6.6,7.3,6.4,5.6,4.4,5.5,4.7,5.3,4.2,4.89
3045,Andrea Ramírez Flores,Tecnología,Infraestructura,2026-01-15,8.1,8.2,9.2,9.7,6.7,8.38,6.0,6.6,6.0,6.0,6.15,5.0,4.8,7.2,5.8,5.9,5.64,4.5,5.2,4.8,4.8,5.4,4.88
3046,Camila Castillo Sánchez,Ventas,Ventas Internacionales,2026-05-07,4.6,5.7,6.1,6.1,4.2,5.34,6.5,5.8,5.0,6.9,6.12,6.7,6.7,6.6,7.4,6.5,6.76,5.9,5.1,5.3,4.0,5.7,5.18
3047,Ana Torres Jiménez,Finanzas,Contabilidad,2026-03-08,8.5,9.3,8.0,7.7,10.0,8.71,8.8,9.5,8.4,9.3,9.02,8.1,7.9,9.4,7.8,10.0,8.55,8.8,8.0,8.0,9.2,9.5,8.59
3048,Camila Jiménez García,Tecnología,Infraestructura,2026-09-06,7.6,9.1,7.5,8.4,9.1,8.3,8.1,6.3,7.2,8.8,7.64,7.0,8.1,6.3,6.4,7.9,7.18,8.6,8.3,7.5,7.3,8.1,7.99
3049,Roberto García Torres,Ventas,Ventas Internacionales,2026-03-13,6.7,6.4,7.1,6.8,4.8,6.44,7.6,7.9,7.3,8.8,7.92,6.6,6.0,4.2,5.8,6.8,5.88,8.5,8.8,7.6,8.7,9.3,8.52
3050,Alejandro Rodríguez Romero,Ventas,Atención a Clientes,2026-02-01,3.8,2.1,0.0,0.0,2.0,1.78,1.5,2.1,1.4,2.3,1.83,1.5,1.1,1.8,3.0,1.6,1.7,2.8,3.7,1.1,0.8,2.5,2.26
3051,Ana Sánchez González,Ventas,Ventas Nacionales,2025-10-13,3.3,3.4,2.7,3.2,4.1,3.31,5.5,3.5,2.6,4.1,4.07,3.9,3.5,4.3,4.0,2.3,3.66,3.2,1.7,2.4,3.4,0.4,2.43
3052,Diego Morales Ramírez,Ventas,Ventas Nacionales,2026-02-08,7.2,5.1,5.0,5.6,4.8,5.64,5.1,7.1,3.0,5.8,5.36,3.9,5.9,3.7,6.3,6.2,5.07,5.6,5.5,4.6,6.9,6.4,5.72
3053,Gabriela Gómez Castillo,Finanzas,Contabilidad,2025-12-02,6.3,8.1,6.5,6.6,6.5,6.86,7.0,3.6,5.9,4.4,5.28,6.4,6.5,6.0,5.5,4.8,5.97,6.9,7.9,6.9,6.8,8.2,7.26
3054,Andrea Martínez Hernández,Operaciones,Control de Calidad,2026-04-19,4.1,3.3,4.2,3.6,5.2,4.01,2.7,3.0,3.4,2.0,2.74,2.6,3.3,3.8,2.7,2.7,3.05,4.6,4.0,5.0,5.5,5.8,4.83
3055,Paola López Flores,Ventas,Ventas Nacionales,2026-04-19,5.0,2.8,4.8,3.6,3.6,3.99,4.2,0.9,0.6,1.1,1.88,2.8,5.6,3.7,2.2,4.2,3.8,5.4,3.6,5.1,5.7,6.9,5.1
3056,Andrea Martínez Sánchez,Tecnología,Infraestructura,2026-09-02,3.1,1.8,1.4,4.5,3.4,2.69,2.3,3.1,4.7,3.0,3.16,2.8,6.8,3.2,4.1,6.8,4.68,3.1,1.3,1.6,2.1,2.3,2.07
3057,Ricardo López Sánchez,Finanzas,Auditoría Interna,2026-06-14,7.8,9.3,8.3,7.3,8.7,8.34,7.1,8.7,9.6,10.0,8.72,9.6,7.5,7.5,7.3,8.9,8.2,6.9,5.6,7.6,8.4,8.8,7.2
3058,Luis Pérez Torres,Ventas,Atención a Clientes,2026-05-19,0.5,4.2,4.3,3.9,4.9,3.36,3.6,2.9,4.3,3.7,3.59,1.5,4.8,3.0,4.5,4.5,3.52,2.6,4.4,3.2,2.3,3.0,3.15
3059,José Romero Romero,Tecnología,Soporte Técnico,2025-09-17,4.0,4.8,3.4,5.5,4.8,4.42,3.2,5.9,4.5,4.6,4.48,3.2,5.2,5.5,5.9,3.4,4.6,5.9,2.9,3.3,3.4,3.2,3.86
3060,Gabriela Cruz Jiménez,Operaciones,Producción,2025-12-09,6.8,5.1,5.2,5.1,4.8,5.5,6.0,5.9,3.5,5.8,5.42,4.9,4.0,5.0,3.3,5.1,4.49,6.1,7.6,5.3,7.0,5.4,6.42
3061,Camila López Ortiz,Tecnología,Desarrollo,2025-10-19,6.4,7.0,4.4,5.8,6.7,6.1,2.3,4.6,4.4,4.5,3.84,5.3,7.3,5.0,6.7,5.0,5.9,4.7,5.9,5.1,5.6,7.8,5.57
3062,Karla Ortiz Reyes,Ventas,Ventas Nacionales,2025-11-22,7.3,7.3,6.4,5.9,6.1,6.73,7.4,5.3,7.9,7.7,7.05,5.0,6.6,5.0,7.1,7.7,6.12,9.1,5.9,5.9,6.2,6.3,6.8
3063,Paola Morales Rodríguez,Tecnología,Soporte Técnico,2025-11-12,9.9,9.9,8.4,6.7,8.6,8.93,8.5,8.0,8.1,6.7,7.84,8.9,6.5,8.9,6.0,7.1,7.6,8.8,5.9,7.9,6.8,7.0,7.32
3064,Fernanda Torres Rodríguez,Tecnología,Soporte Técnico,2025-12-22,5.4,5.8,6.0,5.5,5.4,5.64,6.9,7.7,8.9,4.7,6.95,5.7,5.6,2.2,8.7,6.4,5.53,6.6,5.9,3.6,5.4,4.1,5.34
3065,Diego Vázquez Gómez,Operaciones,Control de Calidad,2026-08-14,8.8,7.3,7.0,8.7,7.8,7.9,7.8,6.9,7.2,7.8,7.46,8.6,7.9,10.0,8.4,7.6,8.52,9.2,8.2,8.7,8.1,6.9,8.4
3066,Juan Romero López,Marketing,Comunicación de Marca,2025-10-18,6.4,7.7,8.7,8.3,4.9,7.25,9.7,6.7,6.7,7.4,7.78,7.3,7.6,6.3,8.2,7.7,7.37,7.1,7.2,5.8,8.1,7.0,7.06
3067,Karla Ortiz Reyes,Operaciones,Producción,2026-03-12,3.4,4.7,0.8,4.7,3.2,3.37,5.0,4.9,5.3,3.7,4.71,3.2,5.7,2.7,6.5,4.7,4.44,5.4,4.3,3.2,4.8,1.4,4.16
3068,Sergio López Sánchez,Tecnología,Soporte Técnico,2026-07-20,9.2,8.0,10.0,10.0,9.1,9.16,7.6,7.9,8.0,8.2,7.9,7.1,9.3,8.0,9.0,6.7,8.06,6.1,5.2,5.9,7.5,6.8,6.18
3069,Laura Ramírez Ramírez,Marketing,Comunicación de Marca,2026-05-07,6.9,6.6,6.9,6.8,6.3,6.72,6.3,5.9,4.8,4.7,5.5,7.0,5.6,6.8,4.2,5.3,5.94,6.6,7.2,6.3,7.5,5.7,6.78
3070,Sofía Gómez Romero,Finanzas,Tesorería,2025-12-12,6.2,7.3,7.9,7.5,7.1,7.14,3.8,6.9,3.4,5.5,4.92,7.2,6.7,4.7,3.9,6.0,5.9,8.5,8.3,9.6,9.9,7.5,8.85
3071,Ricardo Pérez Pérez,Tecnología,Soporte Técnico,2026-08-06,10.0,10.0,9.2,9.3,7.7,9.39,8.8,9.6,8.8,10.0,9.3,8.0,7.6,9.3,10.0,7.9,8.44,8.2,8.0,10.0,7.6,5.5,8.12
3072,Ricardo Romero Castillo,Recursos Humanos,Nómina,2025-12-10,5.1,4.4,5.0,6.5,7.0,5.4,3.9,7.1,3.2,5.1,4.86,7.9,5.5,7.3,4.9,5.8,6.42,4.0,3.1,4.5,5.1,5.1,4.2
3073,Ximena Martínez Ortiz,Marketing,Investigación de Mercado,2025-10-01,4.0,4.0,4.2,2.9,3.0,3.72,5.8,5.5,3.3,3.1,4.55,2.5,3.6,3.6,3.0,4.3,3.34,2.6,2.7,2.6,2.9,4.5,2.88
3074,Diego López Vázquez,Finanzas,Contabilidad,2026-07-16,6.5,5.8,7.3,6.3,6.7,6.48,3.4,4.6,5.3,4.3,4.3,4.3,6.7,2.8,6.6,5.0,5.05,4.8,7.5,4.7,7.3,5.7,6.05
3075,Ricardo Reyes García,Marketing,Comunicación de Marca,2026-04-19,7.4,4.4,6.6,7.3,5.4,6.18,6.8,8.6,4.9,5.0,6.42,9.3,8.8,8.7,10.0,8.3,9.01,8.1,7.4,8.5,7.9,7.4,7.9
3076,Juan Romero Reyes,Marketing,Investigación de Mercado,2026-02-17,4.8,4.0,4.0,3.1,2.6,3.86,4.3,4.7,3.7,3.3,4.03,3.8,5.3,3.1,4.3,2.9,3.98,5.1,2.4,4.3,4.5,2.8,3.91
3077,Andrea González Sánchez,Finanzas,Tesorería,2026-05-07,5.9,8.5,7.7,6.7,6.6,7.14,8.9,10.0,9.6,9.0,9.34,10.0,10.0,9.8,9.4,8.5,9.64,8.6,10.0,10.0,10.0,10.0,9.65
3078,Ximena Ramírez Hernández,Ventas,Ventas Internacionales,2025-09-12,5.4,8.0,4.3,4.7,6.4,5.88,4.8,5.0,4.5,4.8,4.79,5.7,4.5,5.9,6.4,4.8,5.41,4.2,5.8,5.1,4.9,7.2,5.22
3079,Juan Hernández Castillo,Recursos Humanos,Capacitación,2025-11-01,4.3,4.1,3.9,2.5,4.3,3.9,6.2,5.6,4.9,4.6,5.39,5.4,5.3,4.3,5.9,6.0,5.32,5.6,6.5,6.1,5.7,3.6,5.74
3080,Paola Ramírez López,Marketing,Investigación de Mercado,2025-12-16,4.5,5.8,6.4,5.1,4.3,5.26,6.7,6.3,7.6,5.4,6.46,4.8,3.3,3.6,5.6,5.2,4.36,7.6,5.1,6.2,5.6,7.1,6.24
3081,Juan Pérez Romero,Ventas,Ventas Internacionales,2026-04-12,5.3,6.0,7.5,6.3,5.9,6.16,6.3,4.5,6.8,4.2,5.42,6.1,7.3,7.5,6.2,6.8,6.8,5.4,5.4,5.3,4.9,6.3,5.37
3082,Ana Castillo García,Finanzas,Auditoría Interna,2026-08-05,10.0,9.1,9.3,10.0,8.1,9.35,8.6,8.4,9.3,8.3,8.62,9.8,9.8,9.2,7.2,9.7,9.28,7.5,10.0,9.6,9.8,8.6,9.12
3083,Laura Martínez Rodríguez,Finanzas,Contabilidad,2026-04-15,6.5,5.5,3.7,4.8,5.7,5.32,6.1,6.3,7.3,4.6,6.02,3.6,6.1,4.8,3.5,3.1,4.38,5.2,5.3,5.3,5.8,4.8,5.32
3084,Laura Morales López,Marketing,Investigación de Mercado,2026-03-26,6.8,6.7,7.6,6.6,7.3,6.98,5.3,6.5,9.0,6.1,6.54,8.0,7.9,7.6,5.6,8.1,7.55,9.6,7.8,9.4,8.2,9.3,8.8
3085,Juan Sánchez Romero,Operaciones,Logística,2025-12-07,7.4,6.7,8.9,9.6,9.7,8.2,7.4,8.2,9.0,6.9,7.8,9.7,8.5,8.3,10.0,7.5,8.84,8.4,7.4,9.3,10.0,8.6,8.67
3086,Diego Castillo Flores,Tecnología,Soporte Técnico,2025-09-08,3.3,3.0,3.0,3.4,3.7,3.24,5.6,5.1,3.8,6.6,5.36,3.7,4.3,3.5,4.5,4.7,4.08,5.5,5.1,5.2,5.0,6.8,5.37
3087,Luis López González,Operaciones,Producción,2026-07-26,7.7,6.8,5.3,5.0,7.2,6.52,5.7,3.8,6.4,6.3,5.52,5.9,5.0,4.9,6.4,6.5,5.64,5.1,6.2,5.7,4.7,5.9,5.5
3088,Carlos Pérez Vázquez,Finanzas,Tesorería,2025-11-14,7.0,6.5,5.6,6.4,6.9,6.49,6.2,5.6,6.6,4.6,5.73,7.3,8.4,7.5,8.9,8.0,7.96,6.6,7.3,5.8,6.6,7.8,6.74
3089,José Torres Vázquez,Ventas,Atención a Clientes,2025-10-09,5.0,6.7,6.9,5.9,7.3,6.28,5.4,7.0,6.7,4.8,5.91,3.7,5.9,8.1,6.5,5.4,5.8,4.7,3.8,4.8,7.0,4.2,4.9
3090,Karla Jiménez Gómez,Ventas,Atención a Clientes,2025-10-05,4.6,4.9,5.8,6.0,5.2,5.22,5.5,8.8,9.1,5.7,7.1,4.7,5.5,5.9,3.5,4.3,4.9,6.3,5.1,5.3,6.1,6.6,5.79
3091,Raúl García Morales,Marketing,Comunicación de Marca,2026-04-06,7.8,6.5,6.9,8.8,7.2,7.36,8.2,7.3,6.6,4.4,6.7,7.0,7.6,7.1,7.7,7.2,7.31,5.6,5.9,6.6,6.9,6.2,6.2
3092,Ana López Jiménez,Ventas,Ventas Internacionales,2025-09-13,8.7,5.3,7.0,10.0,6.7,7.4,6.5,9.5,6.6,8.9,7.87,5.6,6.3,10.0,7.9,6.7,7.16,9.4,8.9,8.9,7.4,7.5,8.59
3093,Andrea Cruz Jiménez,Operaciones,Control de Calidad,2026-08-16,4.5,4.7,5.0,4.8,4.7,4.72,1.2,3.8,3.5,3.4,2.86,5.8,3.3,2.5,4.3,4.7,4.12,0.4,3.0,3.6,4.4,4.1,2.86
3094,Sofía Jiménez Flores,Operaciones,Producción,2026-04-27,2.1,2.4,0.8,2.4,1.2,1.82,4.6,1.7,3.0,2.6,3.06,1.1,2.7,3.8,2.7,0.5,2.19,2.2,1.8,0.8,1.8,1.9,1.71
3095,Juan Romero Torres,Tecnología,Desarrollo,2026-05-10,5.6,5.7,5.4,6.8,7.1,5.99,8.2,8.0,7.0,8.7,8.04,4.2,4.9,6.1,7.3,6.7,5.6,8.6,7.7,5.2,7.5,7.8,7.4
3096,Daniela Sánchez Reyes,Tecnología,Infraestructura,2026-06-23,2.7,3.6,2.5,2.7,2.3,2.82,3.0,3.9,2.9,2.6,3.1,1.7,3.3,4.6,2.8,5.2,3.37,3.6,3.4,3.1,4.1,3.1,3.5
3097,Francisco Rodríguez López,Operaciones,Producción,2025-10-11,6.5,5.9,5.8,6.7,7.1,6.33,5.4,4.6,4.7,4.1,4.73,4.1,5.4,3.9,4.7,4.1,4.48,5.3,6.5,7.9,5.3,6.1,6.2
3098,Mariana Martínez Ramírez,Finanzas,Auditoría Interna,2026-03-24,6.0,7.0,5.8,7.7,4.8,6.28,2.8,6.0,5.3,5.7,4.82,6.5,6.8,6.0,6.8,6.5,6.52,5.8,5.9,5.9,6.5,4.7,5.88
3099,Sergio Jiménez Reyes,Tecnología,Soporte Técnico,2026-06-08,5.4,5.5,5.1,5.4,6.5,5.53,4.9,6.3,6.3,7.8,6.26,5.1,7.9,7.9,5.6,6.6,6.66,6.4,6.6,6.0,4.6,6.9,6.06
3100,Carlos González Gómez,Finanzas,Tesorería,2025-10-31,5.5,3.7,4.6,4.7,1.9,4.21,3.5,3.0,1.8,3.0,2.91,2.7,5.1,4.1,4.8,4.7,4.2,4.3,7.9,4.1,6.8,2.5,5.48
3101,Miguel Reyes Rodríguez,Tecnología,Desarrollo,2026-02-05,4.9,4.6,6.3,5.5,4.0,5.06,2.0,4.4,5.2,5.9,4.22,6.6,5.3,4.7,5.4,5.8,5.6,2.4,3.3,2.7,2.9,3.4,2.88
3102,Miguel Morales García,Finanzas,Tesorería,2026-02-02,4.3,5.5,4.9,4.4,2.7,4.5,2.4,5.9,3.0,4.9,4.02,5.1,6.2,5.7,5.5,5.7,5.64,5.0,5.7,3.4,5.0,4.2,4.78
3103,Sergio Ortiz Flores,Operaciones,Producción,2026-03-09,5.8,4.6,3.9,5.7,5.3,5.03,6.8,6.5,7.2,4.1,6.13,4.7,5.2,6.3,6.2,4.6,5.36,4.6,4.6,5.2,5.2,7.2,5.1
3104,Andrea Pérez Ramírez,Ventas,Ventas Nacionales,2026-01-04,4.5,6.2,6.8,6.4,8.6,6.28,8.8,8.2,5.7,8.9,8.06,6.0,7.5,7.0,4.9,6.9,6.55,5.3,5.5,5.9,6.2,7.0,5.82
3105,Ana Torres Castillo,Tecnología,Desarrollo,2025-10-30,8.3,7.2,9.6,8.4,7.6,8.2,6.7,7.1,6.6,8.3,7.18,6.8,8.8,6.9,6.4,7.4,7.35,8.4,9.7,7.3,7.4,7.9,8.26
3106,Carlos Castillo Pérez,Operaciones,Logística,2025-09-18,3.2,0.0,1.9,1.8,1.7,1.7,4.3,2.9,2.1,2.6,3.08,1.7,4.1,3.0,5.5,3.1,3.34,2.9,1.7,3.6,4.1,2.8,2.97
3107,Ricardo Cruz Pérez,Ventas,Ventas Internacionales,2025-11-09,7.4,9.4,6.8,7.1,8.9,7.96,7.0,7.4,5.8,7.9,7.09,6.1,6.9,7.1,7.3,8.1,6.98,4.6,4.4,5.1,5.5,5.5,4.92
3108,Carlos Reyes Morales,Tecnología,Soporte Técnico,2026-03-10,8.9,7.0,6.7,6.8,8.5,7.61,5.1,7.2,5.3,5.8,5.84,6.9,8.0,5.9,7.0,6.8,6.98,5.2,7.1,5.2,5.8,5.8,5.86
3109,Paola Cruz Reyes,Operaciones,Producción,2026-02-19,6.5,4.9,5.8,6.2,7.4,6.05,8.2,8.6,9.8,7.9,8.54,6.5,7.3,7.8,5.9,5.8,6.76,8.8,8.9,8.2,7.2,10.0,8.51
3110,Sofía Romero Romero,Finanzas,Tesorería,2026-03-27,7.5,8.0,8.5,7.6,8.4,7.98,8.7,8.7,10.0,8.2,8.84,10.0,9.4,10.0,9.5,10.0,9.78,8.4,9.7,8.1,9.2,8.5,8.84
3111,Pedro Flores Vázquez,Ventas,Ventas Internacionales,2026-02-07,3.8,4.5,4.8,5.5,6.4,4.82,4.7,2.2,5.1,4.3,4.06,1.2,2.9,3.3,4.8,2.0,2.7,3.0,4.1,3.8,5.5,3.7,4.0
3112,Diego Cruz García,Ventas,Atención a Clientes,2025-12-23,5.0,5.5,4.5,3.0,1.8,4.24,3.2,3.7,4.1,3.3,3.53,1.4,3.2,3.8,4.6,2.3,2.94,3.4,2.0,1.8,1.4,4.8,2.47
3113,Pedro Pérez Vázquez,Recursos Humanos,Reclutamiento,2026-02-19,5.4,4.7,4.6,4.4,4.4,4.77,7.6,9.0,6.3,4.0,6.79,3.4,7.2,4.7,6.1,5.3,5.3,6.0,4.4,4.3,5.3,4.5,4.97
3114,Roberto Vázquez Ortiz,Ventas,Ventas Internacionales,2025-12-09,5.1,6.3,6.7,6.7,8.1,6.41,6.8,5.6,7.3,6.0,6.4,6.2,5.8,6.0,8.9,7.7,6.69,6.9,6.2,7.8,7.8,7.2,7.12
3115,Ana Martínez Jiménez,Finanzas,Tesorería,2025-10-11,6.7,5.0,4.8,5.3,6.2,5.61,6.1,7.8,7.2,7.5,7.1,5.8,7.5,5.4,4.7,6.1,6.02,7.4,6.5,5.5,7.8,7.5,6.88
3116,Mariana Hernández Castillo,Marketing,Marketing Digital,2026-02-02,7.3,7.8,6.6,7.8,9.6,7.7,7.7,9.4,8.6,10.0,8.88,10.0,9.7,10.0,10.0,9.7,9.88,9.7,9.2,8.8,10.0,8.8,9.36
3117,Ximena Gómez Flores,Recursos Humanos,Capacitación,2025-09-26,6.4,6.3,7.9,6.3,7.2,6.78,2.9,4.5,6.3,5.3,4.58,5.3,5.0,5.1,4.1,6.0,5.11,7.3,9.0,5.8,6.5,6.0,7.14
3118,Miguel Hernández Vázquez,Marketing,Marketing Digital,2025-12-31,4.7,3.5,6.4,4.4,5.2,4.77,5.1,5.4,5.6,3.6,4.9,7.1,6.5,5.3,8.0,5.7,6.52,4.9,5.2,5.5,5.5,5.9,5.32
3119,José Morales Jiménez,Operaciones,Control de Calidad,2026-05-22,3.7,2.6,3.6,4.3,3.1,3.4,4.2,2.4,2.2,1.4,2.65,3.1,3.7,3.5,2.2,1.3,2.92,1.5,0.5,2.5,3.4,3.0,1.98
3120,Ana Castillo Ramírez,Recursos Humanos,Nómina,2026-06-08,5.3,4.7,5.2,5.2,6.7,5.32,6.6,5.6,6.8,4.2,5.79,7.2,4.5,4.1,5.9,6.1,5.54,6.6,6.6,5.3,5.1,5.1,5.89
3121,Ricardo Hernández Vázquez,Ventas,Ventas Internacionales,2025-11-22,5.4,4.9,3.9,1.5,3.9,4.17,6.4,6.2,7.0,6.7,6.54,5.6,5.4,6.1,5.5,5.9,5.68,4.9,5.6,4.7,5.0,7.5,5.32
3122,Andrea Jiménez Castillo,Recursos Humanos,Reclutamiento,2026-04-10,10.0,10.0,10.0,10.0,10.0,10.0,8.4,7.5,9.8,6.5,7.98,10.0,10.0,9.7,8.6,10.0,9.73,10.0,8.2,10.0,10.0,9.0,9.45
3123,Karla López Vázquez,Tecnología,Desarrollo,2026-05-24,5.2,5.0,5.0,5.8,3.5,4.94,3.3,2.5,3.7,3.5,3.23,6.6,4.0,5.1,4.0,6.1,5.18,1.9,5.7,4.8,4.7,5.1,4.31
3124,Ana Ortiz Morales,Operaciones,Producción,2025-10-09,8.3,7.7,7.2,9.9,9.7,8.38,7.5,8.6,7.8,6.4,7.56,5.6,8.2,7.3,8.5,8.4,7.44,9.1,9.2,9.0,7.2,9.6,8.77
3125,Karla García Torres,Tecnología,Infraestructura,2025-11-18,7.6,6.3,4.9,6.7,5.7,6.32,5.5,6.9,7.2,5.6,6.22,6.6,5.4,6.2,4.8,4.1,5.58,4.9,6.3,7.9,5.1,6.2,6.02
3126,Francisco Gómez Martínez,Ventas,Ventas Nacionales,2026-06-03,7.7,7.6,6.4,6.4,7.7,7.22,8.3,5.2,6.1,6.8,6.71,7.3,5.2,7.0,6.1,6.8,6.46,7.9,5.1,5.3,6.4,6.2,6.21
3127,Paola Torres Sánchez,Finanzas,Contabilidad,2026-07-17,6.4,8.4,7.1,7.4,7.1,7.3,8.0,8.6,6.9,9.1,8.2,9.5,7.3,10.0,8.6,8.6,8.78,8.8,5.6,6.9,7.6,8.6,7.36
3128,Valeria González González,Ventas,Ventas Internacionales,2026-01-09,7.9,8.3,8.5,9.0,8.7,8.41,8.9,10.0,10.0,8.1,9.2,8.8,8.3,5.7,8.1,9.9,8.12,9.2,7.3,9.1,8.5,10.0,8.64
3129,Paola Gómez Pérez,Tecnología,Soporte Técnico,2026-06-08,7.7,6.5,8.3,5.3,6.3,6.95,6.9,6.7,6.6,6.4,6.67,6.6,7.5,8.4,6.6,6.8,7.22,8.1,7.2,5.6,8.0,8.1,7.36
3130,Jorge Flores Castillo,Recursos Humanos,Capacitación,2025-10-05,5.9,8.2,6.7,7.8,8.5,7.31,6.7,10.0,8.8,9.8,8.72,6.6,7.8,6.5,6.8,6.5,6.9,10.0,9.5,9.7,9.4,9.4,9.64
3131,Raúl Ramírez Sánchez,Tecnología,Desarrollo,2026-07-12,10.0,9.7,9.3,10.0,8.6,9.57,8.6,10.0,10.0,10.0,9.58,10.0,8.8,9.8,9.2,9.4,9.45,9.5,9.7,10.0,10.0,10.0,9.8
3132,Fernanda Hernández Rodríguez,Finanzas,Contabilidad,2025-09-14,7.5,7.2,5.9,6.7,8.0,7.06,8.8,7.2,8.1,4.7,7.24,8.4,4.3,8.6,6.2,6.5,6.8,7.8,5.8,7.9,5.4,5.4,6.6
3133,Paola Ramírez Ortiz,Ventas,Ventas Internacionales,2026-01-19,8.3,8.6,7.6,8.4,8.1,8.22,10.0,9.2,10.0,7.4,9.15,8.7,10.0,7.1,9.7,10.0,9.05,8.9,7.1,7.2,8.0,6.2,7.66
3134,Valeria Reyes Gómez,Ventas,Ventas Internacionales,2025-10-15,5.9,6.6,6.6,6.2,2.9,5.81,6.6,6.1,5.5,5.3,5.93,7.6,6.9,6.6,6.6,7.7,7.09,6.8,7.8,6.6,8.0,6.5,7.22
3135,Juan Vázquez Gómez,Recursos Humanos,Reclutamiento,2025-10-22,2.3,5.4,3.7,2.5,5.6,3.88,1.9,4.2,2.3,2.4,2.68,2.7,3.5,4.9,4.9,4.8,3.99,2.8,0.7,3.7,3.6,2.1,2.55
3136,Juan García Martínez,Ventas,Atención a Clientes,2025-10-02,10.0,7.7,7.4,9.6,7.3,8.44,10.0,8.2,9.0,9.4,9.2,8.7,10.0,8.2,9.4,7.8,8.9,10.0,9.5,9.5,9.7,8.3,9.54
3137,Ximena Reyes Martínez,Recursos Humanos,Nómina,2026-07-08,8.2,7.9,8.7,8.9,7.1,8.17,7.5,10.0,9.3,9.6,9.01,8.9,8.4,8.7,9.7,9.9,9.01,9.2,9.5,9.4,10.0,10.0,9.56
3138,Gabriela Reyes Rodríguez,Marketing,Marketing Digital,2026-05-02,5.6,5.1,3.5,5.4,5.5,5.01,5.0,5.8,4.7,4.1,4.92,4.9,7.5,7.2,4.8,6.2,6.19,6.8,6.7,6.6,5.5,6.7,6.46
3139,Roberto Rodríguez Romero,Finanzas,Contabilidad,2026-05-18,5.0,6.5,5.4,7.1,6.3,5.96,4.4,6.6,7.5,5.5,5.84,6.3,4.9,6.0,6.3,4.6,5.64,6.1,2.3,4.8,5.3,6.4,4.76
3140,Sofía López Jiménez,Marketing,Investigación de Mercado,2026-04-13,9.1,9.6,10.0,9.2,9.9,9.54,7.9,9.0,8.5,8.6,8.47,7.6,9.2,10.0,7.5,8.0,8.52,10.0,7.1,8.2,9.6,9.1,8.74
3141,Francisco Flores Ramírez,Finanzas,Auditoría Interna,2026-02-22,3.0,2.4,5.3,5.3,4.2,3.84,3.0,2.5,2.0,2.5,2.55,2.5,1.0,3.2,1.6,4.1,2.37,2.6,4.0,5.8,4.4,3.4,4.03
3142,Camila García Sánchez,Operaciones,Control de Calidad,2025-10-15,10.0,7.4,8.0,10.0,8.9,8.78,10.0,9.6,10.0,9.2,9.7,9.4,10.0,9.3,10.0,10.0,9.71,9.7,8.4,8.7,7.5,10.0,8.76
3143,Miguel Reyes Hernández,Marketing,Comunicación de Marca,2026-02-09,7.2,6.5,7.4,8.3,6.1,7.06,10.0,7.3,8.0,7.8,8.38,8.5,7.4,5.9,6.4,5.9,7.0,3.7,6.9,6.5,6.0,6.4,5.79
3144,Valeria Hernández Reyes,Operaciones,Control de Calidad,2026-06-20,7.8,7.6,8.0,5.7,7.8,7.48,7.8,8.9,9.9,10.0,9.04,10.0,8.5,6.4,7.5,6.5,8.01,8.4,8.1,10.0,10.0,9.1,9.04
3145,Valeria Flores Rodríguez,Tecnología,Infraestructura,2026-06-16,3.4,4.2,4.2,4.7,5.9,4.33,3.2,4.0,3.2,4.5,3.72,7.9,5.4,4.6,4.9,7.5,6.1,3.1,2.8,2.8,5.2,4.2,3.5
3146,Roberto González Jiménez,Ventas,Atención a Clientes,2026-07-10,6.6,6.6,5.4,4.3,7.2,6.1,6.6,5.3,3.9,5.1,5.36,4.3,4.8,5.1,5.9,7.1,5.24,6.4,6.0,5.3,5.0,4.0,5.56
3147,Camila Flores Romero,Finanzas,Auditoría Interna,2026-02-05,6.2,5.6,7.0,4.7,5.7,5.91,9.5,6.0,7.7,4.8,7.09,6.9,6.6,5.3,6.7,4.6,6.13,6.1,7.9,8.4,4.8,6.6,6.8
3148,Jorge Rodríguez Cruz,Marketing,Investigación de Mercado,2026-08-01,7.8,7.4,6.9,7.1,5.9,7.13,5.0,4.7,6.6,6.9,5.72,7.9,7.1,6.5,8.7,6.7,7.36,6.5,6.0,7.9,6.5,6.2,6.62
3149,Luis Morales Morales,Finanzas,Tesorería,2025-10-15,10.0,8.6,10.0,10.0,7.0,9.2,8.7,8.9,9.6,9.7,9.18,9.3,7.9,6.6,7.9,9.3,8.2,8.1,8.4,7.8,8.3,5.7,7.92
3150,Carlos Torres López,Tecnología,Infraestructura,2025-09-11,2.9,2.8,2.2,1.6,3.2,2.58,6.5,3.5,5.5,4.4,5.03,4.2,3.8,4.4,4.8,3.9,4.18,5.0,3.2,4.3,5.0,4.9,4.4
3151,Ana López Ortiz,Operaciones,Control de Calidad,2026-07-29,6.2,7.1,6.9,6.5,5.7,6.54,6.9,7.7,7.8,5.1,6.83,5.6,5.4,6.0,3.4,5.3,5.26,5.8,5.8,8.4,6.4,5.6,6.42
3152,José Vázquez Jiménez,Finanzas,Contabilidad,2026-04-26,6.3,7.0,7.5,8.3,6.3,7.02,6.4,6.1,6.1,6.0,6.16,4.9,6.4,4.9,7.0,5.7,5.71,7.2,6.8,5.8,7.8,6.1,6.83
3153,Diego García Vázquez,Operaciones,Producción,2026-08-24,10.0,7.8,8.0,7.6,9.6,8.63,8.3,7.3,8.3,10.0,8.48,8.2,8.5,9.4,7.3,7.2,8.23,9.9,6.8,7.6,7.2,7.0,7.84
3154,José Cruz Sánchez,Finanzas,Contabilidad,2025-11-09,8.8,7.2,7.8,7.9,8.8,8.07,7.0,8.3,8.3,9.8,8.28,9.3,10.0,9.7,8.7,10.0,9.57,8.5,7.6,6.4,8.6,8.8,7.9
3155,José Gómez Ortiz,Operaciones,Producción,2025-11-29,7.4,10.0,9.7,9.6,8.8,9.05,10.0,10.0,9.9,10.0,9.98,7.3,8.9,8.8,9.5,9.7,8.69,8.6,9.7,8.3,9.5,8.3,8.96
3156,Jorge Hernández Rodríguez,Tecnología,Infraestructura,2026-01-07,6.6,5.7,6.4,6.5,7.0,6.38,4.1,4.3,4.8,5.8,4.72,9.3,6.2,5.3,6.5,6.9,6.94,5.6,4.4,6.6,6.5,5.5,5.67
3157,Jorge Ortiz Gómez,Operaciones,Producción,2026-04-24,6.5,4.2,6.1,5.6,4.5,5.41,6.4,9.8,6.3,7.9,7.6,8.1,6.6,6.0,7.5,5.9,6.88,6.7,7.6,8.7,7.2,7.1,7.47
3158,Camila Ortiz Gómez,Marketing,Comunicación de Marca,2026-08-21,5.7,5.1,5.5,6.0,5.6,5.54,4.6,5.4,5.5,6.4,5.43,6.5,4.3,4.8,5.2,4.8,5.16,6.5,8.4,6.3,7.0,7.2,7.1
3159,Francisco Gómez Gómez,Marketing,Marketing Digital,2025-09-12,2.4,4.8,3.8,3.9,1.5,3.37,1.4,2.5,4.1,3.4,2.72,2.5,3.5,4.6,0.7,4.0,3.12,2.8,1.5,2.0,0.2,1.8,1.7
3160,María González González,Marketing,Marketing Digital,2025-12-26,5.3,6.9,5.9,5.9,4.8,5.84,6.1,6.2,4.8,4.8,5.54,5.9,2.8,4.9,4.7,5.8,4.73,6.4,6.1,7.8,5.3,6.3,6.38
3161,Ricardo López Morales,Ventas,Ventas Nacionales,2026-02-25,7.7,6.1,6.6,6.2,5.9,6.58,5.3,5.7,6.7,6.8,6.06,6.4,6.2,7.2,5.2,3.7,5.93,6.7,7.3,6.6,5.7,4.6,6.42
3162,Carlos Cruz Hernández,Operaciones,Control de Calidad,2026-03-29,2.7,3.3,2.2,1.8,3.5,2.74,3.6,3.0,0.3,3.2,2.69,3.7,4.0,2.7,4.8,2.8,3.6,2.3,2.8,3.6,0.1,1.1,2.12
3163,Valeria Torres Pérez,Operaciones,Control de Calidad,2026-05-24,6.5,8.9,8.9,6.8,7.1,7.72,5.5,6.7,5.4,6.4,6.01,4.7,3.6,4.3,4.8,6.3,4.6,6.0,3.9,4.0,6.0,6.2,5.1
3164,Carlos Torres Hernández,Tecnología,Desarrollo,2026-05-06,4.0,7.8,7.1,6.6,5.4,6.17,5.3,6.6,8.0,7.4,6.69,6.3,6.3,8.4,7.7,7.3,7.08,4.4,6.3,5.9,4.9,5.7,5.4
3165,Jorge Rodríguez García,Recursos Humanos,Nómina,2026-01-25,10.0,8.0,8.6,9.2,6.4,8.56,8.4,9.4,7.4,9.2,8.65,10.0,7.6,8.7,8.8,9.7,8.92,8.0,9.3,8.7,8.5,8.9,8.66
3166,Andrea Reyes Cruz,Operaciones,Producción,2026-07-05,4.7,3.6,4.3,5.8,4.8,4.53,3.4,3.4,1.8,3.4,3.08,2.9,6.3,5.3,4.1,4.0,4.57,4.1,1.7,2.7,3.9,3.9,3.16
3167,Ximena Morales Morales,Tecnología,Infraestructura,2025-11-06,7.6,9.0,8.0,7.5,9.9,8.36,8.1,10.0,8.5,10.0,9.13,9.9,9.6,8.8,9.5,8.6,9.35,8.6,7.9,8.3,9.5,10.0,8.68
3168,Jorge Ortiz Ortiz,Ventas,Atención a Clientes,2025-11-20,6.5,5.8,7.3,6.3,7.2,6.56,7.5,6.7,8.5,8.3,7.7,7.4,7.4,4.6,7.6,6.6,6.75,6.2,8.0,7.1,6.7,7.2,7.03
3169,Carlos González Sánchez,Marketing,Comunicación de Marca,2026-06-18,4.0,7.1,6.1,5.9,3.4,5.39,4.8,5.6,6.4,5.9,5.6,6.3,5.6,5.3,4.8,6.9,5.79,5.4,5.2,4.7,7.7,6.2,5.75
3170,Camila Morales Romero,Finanzas,Contabilidad,2025-09-17,6.7,5.3,4.4,4.8,4.7,5.3,6.6,7.4,8.0,6.3,7.0,6.1,6.6,6.1,5.2,6.2,6.1,9.1,6.2,7.2,5.0,6.7,6.94
3171,Daniela Rodríguez Ramírez,Operaciones,Control de Calidad,2025-09-25,1.6,2.1,3.7,1.0,3.9,2.4,3.2,3.4,3.0,5.0,3.66,3.2,2.3,5.2,3.8,3.6,3.52,4.6,2.6,3.7,4.3,3.7,3.77
3172,Alejandro Jiménez Castillo,Recursos Humanos,Reclutamiento,2025-10-19,4.3,5.0,4.9,3.7,3.8,4.43,5.2,3.0,3.4,3.1,3.76,4.1,3.7,3.0,2.6,3.8,3.51,5.0,3.2,5.5,4.4,4.2,4.45
3173,Mariana Hernández García,Ventas,Ventas Internacionales,2026-07-23,3.7,3.4,4.0,3.7,3.4,3.64,1.2,5.2,3.6,1.8,2.83,3.6,1.8,3.5,1.4,1.3,2.46,0.7,0.7,0.3,2.8,0.7,1.04
3174,Pedro Pérez Hernández,Ventas,Ventas Nacionales,2026-03-09,6.3,4.8,5.4,5.3,4.6,5.34,6.6,6.4,5.9,8.3,6.84,5.6,5.1,6.9,6.2,5.9,5.87,7.4,8.3,5.9,5.6,8.4,7.06
3175,Carlos Sánchez García,Tecnología,Infraestructura,2026-01-28,5.1,4.1,4.8,6.3,4.1,4.82,4.7,4.0,4.0,4.3,4.28,4.7,4.9,6.3,3.6,5.0,4.95,4.2,4.1,2.8,4.3,4.7,3.97
3176,Ana Gómez González,Ventas,Ventas Internacionales,2025-09-13,5.1,4.8,6.5,7.9,4.2,5.59,5.3,6.0,3.6,2.1,4.34,5.3,3.5,7.2,6.2,5.3,5.36,5.0,5.6,6.1,5.9,6.6,5.71
3177,Sofía Hernández Reyes,Operaciones,Producción,2025-09-19,2.4,4.9,2.7,6.8,5.2,4.16,6.0,5.3,3.8,4.0,4.88,4.9,5.7,6.6,4.2,5.2,5.38,2.4,4.4,3.1,4.8,4.4,3.72
3178,Juan Flores Sánchez,Marketing,Marketing Digital,2026-04-29,5.3,7.0,5.4,5.7,6.3,5.96,6.1,6.1,7.2,8.4,6.9,7.8,6.8,6.5,7.4,8.8,7.38,4.9,5.0,5.8,5.6,7.6,5.52
3179,Pedro Cruz Morales,Recursos Humanos,Reclutamiento,2026-01-30,7.4,6.1,5.9,6.0,6.1,6.37,5.1,4.8,5.3,6.5,5.41,6.6,7.4,9.8,8.9,9.9,8.28,6.0,8.0,6.3,6.1,9.6,6.94
3180,Laura Sánchez Castillo,Recursos Humanos,Reclutamiento,2026-01-10,7.1,9.3,8.0,9.2,8.5,8.35,5.9,6.0,8.6,6.0,6.49,8.4,6.0,9.5,6.9,7.4,7.64,7.1,7.8,6.6,9.7,7.4,7.72
3181,Valeria Ortiz Gómez,Tecnología,Desarrollo,2025-11-16,5.9,5.7,4.1,5.6,5.4,5.37,6.9,6.0,7.0,8.7,7.14,5.4,4.9,6.5,5.3,4.7,5.38,5.2,7.5,7.5,5.1,7.7,6.46
3182,María Reyes Gómez,Finanzas,Tesorería,2026-03-09,4.2,5.0,4.9,3.6,3.5,4.34,1.6,7.3,3.6,2.6,3.68,6.1,2.9,7.3,5.2,5.0,5.24,5.3,3.5,3.3,3.5,5.6,4.12
3183,Gabriela Gómez Torres,Recursos Humanos,Reclutamiento,2025-12-30,3.8,4.0,3.0,3.1,5.4,3.82,3.4,2.8,0.0,5.2,3.02,5.3,4.0,2.6,4.1,2.5,3.84,4.2,4.0,3.2,1.6,3.6,3.37
3184,Miguel García Pérez,Tecnología,Soporte Técnico,2025-12-19,3.7,3.9,4.2,3.7,3.3,3.79,3.3,5.8,4.3,5.0,4.55,4.1,3.4,4.1,2.5,2.7,3.47,4.0,2.1,2.7,5.6,2.8,3.46
3185,Sofía Morales Cruz,Recursos Humanos,Capacitación,2026-06-20,5.5,7.8,6.1,7.6,7.1,6.75,9.5,9.5,10.0,9.2,9.52,8.2,7.7,10.0,6.9,7.6,8.15,9.7,9.8,9.2,9.3,8.1,9.38
3186,Francisco Castillo González,Operaciones,Producción,2026-06-20,3.4,4.8,3.7,5.4,3.4,4.11,3.7,4.0,3.7,5.9,4.33,4.0,5.0,3.6,2.5,3.1,3.81,3.8,4.6,4.0,5.1,3.1,4.23
3187,Ximena Jiménez Hernández,Tecnología,Soporte Técnico,2026-04-28,8.8,6.6,8.8,6.9,5.9,7.53,8.9,7.7,7.1,8.7,8.19,8.3,7.1,6.3,7.4,8.7,7.52,7.4,6.8,6.7,7.1,6.4,6.95
3188,Andrea Romero Torres,Marketing,Marketing Digital,2026-06-18,3.7,3.8,3.1,2.9,4.2,3.56,3.3,3.9,4.0,6.2,4.31,1.9,2.3,1.7,1.4,1.3,1.8,4.2,4.3,2.4,1.7,2.6,3.2
3189,Roberto López Martínez,Ventas,Ventas Internacionales,2026-04-19,6.1,6.0,5.6,3.4,6.3,5.6,7.3,6.5,5.6,7.0,6.68,7.0,7.3,6.8,6.9,8.5,7.25,7.2,6.7,8.3,6.9,5.4,7.06
3190,Daniela Torres Torres,Recursos Humanos,Nómina,2025-10-24,3.3,1.8,1.3,3.6,1.7,2.33,0.0,0.0,1.1,0.6,0.37,2.0,3.1,2.2,0.5,1.8,2.06,0.0,1.2,1.1,2.7,3.2,1.38
3191,Juan Hernández Rodríguez,Operaciones,Producción,2026-01-13,7.1,6.2,8.1,6.6,8.0,7.14,7.8,6.6,5.8,5.6,6.55,4.0,5.0,5.2,5.9,4.4,4.84,7.2,8.1,5.6,9.4,7.9,7.62
3192,Carlos Romero Rodríguez,Finanzas,Auditoría Interna,2026-01-30,8.7,7.5,6.9,8.7,6.7,7.74,7.8,9.0,7.0,8.7,8.16,5.7,6.9,9.9,8.0,9.0,7.68,9.8,6.9,9.5,8.6,7.8,8.58
3193,Sergio Ramírez Sánchez,Marketing,Marketing Digital,2026-06-21,7.4,9.2,5.5,6.3,8.7,7.5,5.1,4.1,4.0,6.1,4.88,6.2,7.9,7.5,8.0,6.5,7.2,4.2,6.4,4.7,4.4,7.2,5.19
3194,Sofía Rodríguez García,Ventas,Atención a Clientes,2026-04-17,2.9,1.5,1.1,1.8,2.9,2.02,2.5,1.9,5.8,6.3,3.96,4.4,3.4,2.9,4.0,2.1,3.44,2.2,4.7,2.9,4.4,3.6,3.55
3195,Roberto González Ramírez,Ventas,Ventas Nacionales,2025-09-18,6.9,10.0,10.0,8.3,8.0,8.67,8.3,5.6,8.5,8.3,7.66,9.2,10.0,8.8,10.0,10.0,9.56,10.0,7.7,10.0,10.0,8.1,9.24
3196,Daniela González López,Operaciones,Logística,2026-03-20,5.0,6.2,4.2,4.7,6.3,5.29,5.1,3.7,6.9,5.9,5.31,7.7,7.5,4.8,5.0,2.5,5.88,6.0,5.3,3.9,7.6,6.3,5.76
3197,Laura Jiménez Flores,Marketing,Comunicación de Marca,2026-03-28,4.8,5.8,4.3,6.3,4.8,5.18,3.1,3.2,4.1,6.1,4.07,4.1,4.0,4.5,5.9,4.0,4.41,5.5,3.0,4.5,4.8,5.7,4.56
3198,José Sánchez Sánchez,Finanzas,Tesorería,2026-08-06,8.9,9.3,8.6,10.0,7.5,8.9,7.9,9.9,9.2,9.7,9.11,8.0,8.4,7.9,8.0,7.8,8.05,8.1,8.8,9.9,7.7,6.6,8.4
3199,Laura Jiménez Ramírez,Recursos Humanos,Nómina,2025-10-10,5.8,7.7,7.6,8.5,8.8,7.49,5.9,6.1,9.2,9.0,7.38,7.5,6.9,8.2,5.9,7.8,7.3,6.0,8.7,8.6,6.6,9.3,7.64
3200,Miguel Sánchez Jiménez,Operaciones,Producción,2026-08-03,7.0,6.9,4.0,7.9,7.2,6.54,4.8,2.9,4.5,2.9,3.79,4.2,5.5,5.7,4.5,3.6,4.78,8.1,6.2,5.9,6.6,7.4,6.82
3201,Alejandro Rodríguez González,Ventas,Ventas Nacionales,2026-07-18,7.3,6.1,7.1,7.4,7.1,6.94,7.9,5.3,8.7,7.2,7.24,5.7,5.5,7.2,5.1,7.3,6.1,5.9,6.2,5.4,5.8,7.4,6.01
3202,José Pérez Cruz,Ventas,Ventas Nacionales,2026-04-14,7.8,7.7,6.8,7.1,6.5,7.28,7.9,5.9,7.1,8.9,7.49,7.7,8.2,9.1,8.6,7.8,8.25,9.0,8.2,8.1,8.4,10.0,8.6
3203,Raúl Rodríguez Rodríguez,Ventas,Ventas Internacionales,2026-03-27,7.1,4.8,7.0,7.4,6.8,6.51,5.6,6.3,4.7,4.1,5.22,7.5,7.7,7.5,7.2,6.9,7.42,6.4,7.6,7.5,8.0,6.7,7.27
3204,Luis Ortiz Pérez,Marketing,Comunicación de Marca,2026-07-01,5.4,4.3,4.0,4.1,4.2,4.47,5.3,3.4,4.2,6.5,4.9,3.1,7.2,2.6,2.1,3.9,4.0,4.8,5.0,2.0,4.9,5.1,4.34
3205,Luis Cruz Cruz,Operaciones,Logística,2026-03-27,7.1,5.6,4.1,6.1,6.3,5.86,6.1,7.2,5.7,5.1,6.04,4.7,7.2,4.5,6.8,5.6,5.74,3.9,4.7,5.0,5.0,3.9,4.54
3206,Luis Pérez Cruz,Operaciones,Producción,2025-10-07,8.2,6.4,8.9,9.2,10.0,8.31,7.5,7.0,6.7,6.7,7.02,6.6,7.5,8.5,7.5,9.7,7.8,10.0,8.6,8.5,9.8,7.5,9.06
3207,Carlos Hernández López,Recursos Humanos,Reclutamiento,2026-05-08,8.5,8.5,9.0,8.3,8.5,8.57,6.4,5.9,4.5,7.6,6.2,5.3,6.3,5.6,5.3,8.7,6.12,6.5,8.8,7.1,6.6,7.5,7.32
3208,Laura López Gómez,Finanzas,Tesorería,2026-03-11,4.4,3.9,3.9,3.8,3.5,3.95,5.2,2.8,1.3,5.3,3.84,1.5,4.9,4.1,2.2,3.6,3.29,4.2,1.2,2.6,5.6,2.9,3.28
3209,María Vázquez García,Recursos Humanos,Capacitación,2026-08-16,5.4,4.6,6.6,2.5,5.1,4.96,5.3,6.4,5.7,3.5,5.2,5.7,5.0,5.7,2.2,6.4,5.1,5.8,6.4,5.2,4.3,5.0,5.45
3210,Valeria González Cruz,Tecnología,Soporte Técnico,2025-12-21,7.8,7.7,6.7,6.4,5.3,6.97,10.0,6.8,8.7,8.1,8.46,9.1,8.7,9.1,7.1,7.5,8.46,7.0,6.4,5.4,6.5,7.9,6.52
3211,Miguel Hernández Ortiz,Recursos Humanos,Nómina,2026-06-14,3.4,3.8,3.6,5.2,3.4,3.81,4.9,2.6,3.3,3.0,3.53,4.3,4.5,1.9,1.2,2.9,3.2,3.4,5.1,4.5,3.7,4.0,4.16
3212,Paola Romero Rodríguez,Operaciones,Producción,2025-09-19,7.6,6.9,5.8,8.9,7.7,7.28,7.0,6.7,9.8,9.0,7.98,8.9,9.1,10.0,8.0,9.3,9.1,9.3,10.0,7.9,6.7,8.9,8.64
3213,Ximena Cruz Reyes,Finanzas,Tesorería,2025-10-01,9.6,8.3,9.8,8.2,10.0,9.16,9.7,7.8,8.9,7.8,8.59,9.1,9.9,8.8,8.0,7.2,8.79,7.7,5.4,9.6,9.0,7.7,7.76
3214,Juan Ramírez López,Tecnología,Infraestructura,2026-02-23,5.9,6.4,4.6,6.8,5.8,5.89,5.6,3.3,3.3,5.2,4.46,3.7,5.1,3.0,3.6,3.9,3.92,5.5,5.6,4.4,5.2,5.4,5.24
3215,José Sánchez Gómez,Tecnología,Infraestructura,2026-04-13,6.6,5.3,6.3,3.8,4.9,5.54,3.9,6.8,6.5,7.0,5.92,7.2,4.5,1.9,5.0,5.1,4.82,4.7,6.2,6.1,4.1,4.2,5.18
3216,Ximena González Sánchez,Operaciones,Producción,2025-09-29,4.3,7.1,5.1,4.7,4.7,5.28,6.1,7.0,5.1,6.6,6.25,6.6,6.6,5.8,3.5,6.6,5.98,6.5,5.1,6.8,4.9,7.3,5.97
3217,Roberto García Flores,Marketing,Marketing Digital,2025-12-26,5.9,4.4,5.7,5.7,4.6,5.26,6.0,5.9,4.9,4.4,5.36,5.9,6.6,5.6,4.8,4.9,5.7,5.8,4.5,5.5,4.8,5.0,5.14
3218,Laura Cruz Romero,Recursos Humanos,Nómina,2025-11-29,6.7,6.4,3.7,4.3,6.6,5.65,7.5,6.4,9.0,7.2,7.45,7.0,6.2,6.2,7.8,8.6,7.0,7.1,9.3,8.6,5.3,4.9,7.37
3219,Diego García Ramírez,Marketing,Comunicación de Marca,2025-10-24,5.3,6.1,6.7,6.4,4.6,5.84,6.6,6.0,6.8,6.1,6.36,7.2,6.0,7.4,6.2,3.8,6.28,6.0,5.8,6.5,7.3,5.1,6.22
3220,Fernanda Martínez García,Ventas,Ventas Internacionales,2025-12-26,7.2,5.4,6.3,6.2,5.3,6.14,5.8,5.4,5.7,4.6,5.38,4.7,6.5,5.4,4.5,3.6,5.1,2.4,2.4,6.2,5.6,2.5,3.81
3221,Sofía Flores Ramírez,Finanzas,Tesorería,2025-11-19,6.3,8.9,8.0,5.7,5.4,7.07,6.2,5.9,6.8,7.2,6.5,7.3,6.4,8.4,7.2,4.4,6.85,6.9,6.6,5.8,6.0,5.4,6.28
3222,Ximena García Morales,Tecnología,Desarrollo,2026-06-02,7.8,8.6,6.5,10.0,9.4,8.31,8.2,6.0,7.7,8.1,7.52,5.4,9.1,8.8,6.7,9.2,7.77,8.0,9.8,7.7,9.2,10.0,8.83
3223,Ricardo Martínez López,Marketing,Marketing Digital,2026-07-03,4.5,4.8,5.1,6.7,5.5,5.18,8.0,6.0,6.4,6.3,6.76,6.2,7.3,8.9,6.7,7.9,7.35,4.3,4.6,4.7,5.3,3.8,4.6
3224,Karla Rodríguez Flores,Ventas,Ventas Internacionales,2026-07-05,8.5,7.5,10.0,7.1,9.0,8.41,10.0,9.9,10.0,10.0,9.98,8.5,10.0,8.6,9.8,10.0,9.32,9.7,9.3,8.9,9.0,9.2,9.25
3225,Jorge Morales Gómez,Recursos Humanos,Nómina,2026-01-21,10.0,7.9,9.1,10.0,6.6,8.78,8.1,8.6,8.1,10.0,8.7,10.0,9.5,8.0,10.0,9.4,9.38,7.1,10.0,7.3,8.0,8.1,8.15
3226,Camila Cruz Sánchez,Ventas,Ventas Nacionales,2026-04-09,6.9,6.9,6.8,6.4,8.0,6.97,9.3,7.9,7.7,6.6,7.96,7.5,7.0,9.4,6.7,6.6,7.5,6.2,3.9,8.5,5.9,5.1,5.91
3227,Ana Ortiz Jiménez,Operaciones,Logística,2025-10-13,3.8,5.4,5.6,3.3,4.7,4.62,3.1,5.2,3.3,4.9,4.12,2.6,2.6,1.1,3.0,2.0,2.27,5.2,1.6,3.6,4.0,4.8,3.7
3228,Carlos Ramírez Jiménez,Recursos Humanos,Capacitación,2026-01-29,7.3,6.4,8.4,7.3,6.4,7.16,5.0,4.4,6.1,4.3,4.9,6.4,7.0,4.2,6.5,6.6,6.16,4.3,4.8,6.0,8.0,5.1,5.58
3229,Diego Rodríguez Sánchez,Marketing,Investigación de Mercado,2025-11-21,6.9,6.4,5.4,6.9,6.7,6.44,6.1,6.8,6.7,5.0,6.12,5.9,5.7,6.6,4.2,5.8,5.72,4.8,7.4,6.7,6.4,9.3,6.6
3230,Paola Flores Rodríguez,Ventas,Ventas Nacionales,2025-09-19,8.1,6.6,6.5,5.5,5.5,6.62,6.0,6.4,6.4,4.7,5.86,5.2,3.4,3.6,5.1,4.0,4.23,8.6,6.8,6.2,8.3,5.9,7.34
3231,Ximena Rodríguez Cruz,Ventas,Ventas Internacionales,2026-03-19,4.2,4.9,4.0,3.2,4.8,4.28,4.3,5.5,3.7,4.7,4.58,5.9,3.2,3.8,4.7,5.1,4.5,6.5,8.2,5.0,6.1,7.1,6.6
3232,Francisco Vázquez Flores,Recursos Humanos,Nómina,2026-03-31,6.1,6.1,6.2,6.0,5.7,6.04,4.0,3.7,5.9,7.6,5.2,7.9,9.7,5.5,9.3,8.0,8.09,8.7,9.2,10.0,9.1,9.7,9.26
3233,Miguel Flores Pérez,Tecnología,Desarrollo,2026-07-13,7.3,6.7,7.8,7.9,9.3,7.64,5.3,7.3,6.8,7.6,6.68,5.6,7.0,8.4,4.5,6.7,6.51,8.2,7.0,7.4,7.0,8.3,7.51
3234,Alejandro Gómez Jiménez,Finanzas,Contabilidad,2025-12-05,9.7,10.0,9.6,8.5,8.0,9.32,7.2,7.5,6.6,7.2,7.16,6.6,8.9,8.2,10.0,10.0,8.52,6.8,7.4,7.9,8.6,8.6,7.71
3235,Diego Reyes Cruz,Ventas,Ventas Internacionales,2025-10-18,6.8,6.1,3.6,6.0,3.4,5.36,5.2,5.1,3.6,2.1,4.08,3.5,6.6,3.5,5.2,4.4,4.66,3.8,3.2,3.1,4.6,2.7,3.56
3236,Paola Ortiz García,Finanzas,Contabilidad,2026-05-17,4.5,5.2,4.3,4.0,3.0,4.34,5.7,2.8,2.2,3.3,3.68,3.7,4.3,1.9,5.1,4.0,3.74,7.0,4.1,3.5,2.9,3.1,4.36
3237,Francisco Flores Sánchez,Ventas,Atención a Clientes,2026-01-25,7.3,7.7,6.1,7.4,5.8,6.95,6.1,10.0,6.5,7.8,7.58,6.5,8.1,7.3,7.7,7.3,7.36,7.6,6.6,8.4,9.5,9.3,8.06
3238,Pedro Sánchez Vázquez,Finanzas,Auditoría Interna,2026-05-10,7.9,9.9,9.2,8.4,8.4,8.81,8.8,8.3,7.7,7.7,8.18,9.6,9.8,7.7,10.0,7.7,9.04,9.6,7.6,8.5,9.5,10.0,8.9
3239,Sofía Ortiz Vázquez,Ventas,Atención a Clientes,2026-04-24,5.9,5.1,7.8,6.4,5.3,6.06,7.3,6.4,8.5,8.6,7.64,4.3,3.8,2.9,4.7,6.3,4.26,7.1,8.9,7.9,7.4,7.0,7.76
3240,María Gómez Vázquez,Ventas,Ventas Nacionales,2026-01-01,2.8,3.9,2.9,4.6,2.4,3.3,1.8,3.4,3.4,2.6,2.72,1.9,0.6,2.6,2.9,3.2,2.06,3.6,5.2,4.4,3.2,4.2,4.14
3241,Ana García Vázquez,Tecnología,Soporte Técnico,2026-06-18,7.0,8.4,9.9,7.5,7.2,8.04,8.8,10.0,9.9,8.0,9.12,6.8,7.2,7.5,7.2,7.3,7.18,5.7,8.6,9.6,10.0,8.8,8.38
3242,Ricardo Reyes López,Operaciones,Logística,2026-03-21,7.5,6.5,6.0,5.9,6.4,6.54,6.2,5.7,4.5,6.1,5.71,5.0,4.9,4.6,5.5,5.9,5.1,4.7,2.8,6.3,5.0,8.2,4.96
3243,Gabriela Rodríguez Gómez,Operaciones,Producción,2026-06-13,7.9,6.1,7.3,7.6,10.0,7.6,7.2,7.2,7.2,5.8,6.85,6.1,9.7,9.6,9.1,8.4,8.49,8.9,8.7,9.1,8.8,9.1,8.89
3244,Paola Reyes Hernández,Tecnología,Soporte Técnico,2026-01-30,6.8,7.3,5.6,5.8,6.9,6.55,5.9,7.4,7.0,6.7,6.7,8.7,6.2,7.5,6.2,7.9,7.34,5.6,4.4,4.1,4.4,4.5,4.65
3245,Daniela Hernández Torres,Ventas,Atención a Clientes,2025-09-21,7.6,7.6,8.7,9.2,8.5,8.2,6.3,4.1,4.0,6.6,5.36,5.7,5.1,6.6,5.8,4.9,5.63,6.0,6.3,4.0,5.7,5.1,5.52
3246,Camila Torres García,Operaciones,Control de Calidad,2026-02-05,7.7,8.1,7.6,8.1,8.1,7.9,8.1,8.0,9.5,7.8,8.28,7.8,6.1,6.2,8.2,7.3,7.04,7.4,9.3,10.0,10.0,7.3,8.91
3247,Carlos Torres Castillo,Ventas,Atención a Clientes,2026-06-14,4.9,5.8,4.2,5.2,5.1,5.06,6.7,6.7,6.5,9.2,7.28,5.0,6.1,6.6,6.9,7.8,6.3,6.3,6.2,7.9,7.4,6.8,6.86
3248,Roberto López López,Finanzas,Contabilidad,2026-06-09,4.2,5.1,4.7,3.3,4.6,4.45,2.7,2.2,3.0,4.0,2.96,5.6,2.4,3.8,4.5,3.3,3.93,3.1,2.3,3.5,4.0,4.0,3.25
3249,Paola Vázquez Pérez,Finanzas,Auditoría Interna,2026-08-31,3.9,4.4,3.8,4.6,4.8,4.24,4.8,4.7,4.1,4.6,4.58,2.3,0.8,6.1,4.1,2.0,2.91,4.4,4.2,6.0,4.3,1.9,4.4
3250,Alejandro Torres Romero,Operaciones,Producción,2025-12-31,5.2,3.7,5.7,2.6,4.6,4.44,5.6,3.0,4.1,5.6,4.65,4.6,7.0,5.7,5.8,4.5,5.58,6.7,6.0,5.6,5.4,5.9,5.96
3251,Sofía Flores Castillo,Operaciones,Logística,2025-12-23,5.6,5.4,4.1,1.7,5.2,4.6,6.6,7.1,5.9,5.2,6.24,4.2,3.7,4.6,5.9,5.1,4.54,6.5,6.0,7.8,7.3,7.0,6.85
3252,Karla Sánchez González,Operaciones,Control de Calidad,2026-05-22,6.4,7.3,7.2,8.4,8.3,7.37,6.7,7.1,7.5,7.4,7.14,5.8,7.2,6.9,5.1,4.8,6.11,8.6,10.0,9.3,10.0,9.4,9.45
3253,Andrea López Ortiz,Finanzas,Auditoría Interna,2026-01-10,1.9,0.0,4.4,2.7,1.7,2.02,2.5,5.0,4.2,4.9,4.06,3.0,3.7,0.6,2.5,2.4,2.53,3.2,4.4,3.8,3.2,2.9,3.59
3254,Pedro Pérez Hernández,Tecnología,Infraestructura,2026-04-24,6.7,5.9,5.0,6.4,4.7,5.82,5.2,7.3,8.4,6.7,6.74,9.2,7.9,8.9,6.5,7.9,8.22,9.0,9.5,6.1,9.2,7.3,8.41
3255,Sergio Vázquez Vázquez,Marketing,Investigación de Mercado,2026-03-17,8.1,6.0,6.6,5.4,4.9,6.39,6.3,6.5,7.2,7.0,6.7,4.4,3.1,7.3,6.5,6.8,5.33,5.5,7.3,7.8,4.6,6.6,6.34
3256,Alejandro Rodríguez Ortiz,Operaciones,Control de Calidad,2025-12-14,3.9,5.7,3.5,6.0,5.8,4.87,7.1,5.0,5.0,4.7,5.56,4.1,3.5,5.7,5.6,5.8,4.75,5.2,6.7,3.9,6.5,7.1,5.76
3257,Alejandro Flores Ortiz,Marketing,Comunicación de Marca,2026-05-08,6.6,6.5,6.7,6.6,5.7,6.46,3.6,5.0,6.4,4.7,4.78,5.7,4.9,3.5,3.7,3.9,4.49,5.8,4.9,7.3,6.6,6.3,6.08
3258,Mariana Ortiz Romero,Operaciones,Producción,2025-12-10,7.4,5.9,7.6,8.7,9.2,7.53,5.9,5.2,5.5,7.0,5.92,7.8,6.6,6.5,7.5,7.6,7.16,6.0,7.9,6.1,6.2,6.4,6.58
3259,Ximena Reyes Torres,Operaciones,Logística,2026-05-15,7.3,9.4,8.7,9.4,7.5,8.45,10.0,9.6,10.0,9.0,9.65,7.8,9.9,10.0,8.9,8.6,9.05,7.6,8.5,9.2,7.6,7.6,8.14
3260,Laura Pérez López,Recursos Humanos,Reclutamiento,2025-11-21,9.2,7.7,9.5,8.4,9.8,8.86,4.8,6.1,5.2,4.4,5.11,8.0,7.2,7.3,8.4,7.9,7.7,7.4,7.7,5.7,8.5,7.9,7.41
3261,Roberto Pérez Flores,Ventas,Ventas Internacionales,2026-01-19,5.6,6.4,4.1,5.3,6.4,5.58,7.0,4.8,6.7,6.7,6.32,7.6,7.1,5.8,6.5,5.5,6.64,6.6,8.4,5.7,6.1,4.5,6.56
3262,Raúl Ortiz Ortiz,Ventas,Ventas Nacionales,2026-06-01,6.0,6.6,6.3,7.4,4.6,6.21,6.4,5.5,9.0,6.3,6.67,5.0,6.2,7.7,5.9,4.9,5.96,6.3,7.7,6.5,5.7,4.5,6.39
3263,Diego García Pérez,Tecnología,Soporte Técnico,2026-01-13,6.8,6.9,10.0,7.3,7.4,7.63,8.3,9.2,8.4,8.4,8.57,10.0,9.5,8.2,7.3,7.7,8.76,7.9,10.0,8.6,7.1,8.8,8.49
3264,Diego Flores Ortiz,Tecnología,Soporte Técnico,2025-11-25,6.4,5.2,7.2,5.6,6.1,6.1,5.1,3.6,5.3,6.0,4.99,7.8,5.9,5.4,6.0,8.8,6.72,4.1,5.3,6.4,5.9,6.9,5.5
3265,Miguel Romero Pérez,Finanzas,Contabilidad,2026-04-13,8.3,9.4,7.3,7.4,8.6,8.28,9.1,8.1,9.9,7.6,8.64,8.3,8.7,10.0,7.5,9.5,8.8,9.4,10.0,8.6,7.0,8.1,8.78
3266,Miguel Vázquez Rodríguez,Operaciones,Logística,2025-10-21,4.7,7.3,6.3,4.3,4.3,5.55,1.4,3.4,3.8,2.4,2.63,6.3,2.3,3.1,3.8,4.9,4.08,4.9,6.3,3.6,5.7,3.5,5.01
3267,Francisco Gómez Vázquez,Finanzas,Auditoría Interna,2026-03-10,5.7,5.1,5.9,3.8,3.6,4.99,6.0,6.1,4.6,3.7,5.17,10.0,8.0,5.1,7.1,4.7,7.29,6.0,6.2,5.2,5.6,5.5,5.76
3268,Camila Martínez Flores,Operaciones,Logística,2025-09-13,3.3,5.9,5.2,5.4,4.9,4.89,5.7,6.1,5.7,6.1,5.9,4.6,4.7,6.9,3.4,3.8,4.78,3.3,2.8,5.0,4.4,5.9,4.0
3269,María Pérez Rodríguez,Marketing,Comunicación de Marca,2025-11-16,3.1,2.8,3.1,1.5,5.7,3.18,3.2,2.4,2.6,3.3,2.9,3.5,0.7,4.7,5.8,2.8,3.28,2.8,3.2,3.2,2.0,1.9,2.73
3270,Karla Vázquez Flores,Tecnología,Infraestructura,2026-04-06,7.8,8.3,7.1,9.4,8.7,8.16,6.9,7.3,9.2,8.0,7.74,8.9,9.6,8.8,7.6,10.0,9.02,8.1,7.1,8.8,9.6,9.7,8.45
3271,Andrea Martínez Martínez,Finanzas,Contabilidad,2025-09-15,7.3,9.5,9.9,8.3,8.3,8.67,8.2,6.1,10.0,7.2,7.78,8.5,9.9,8.4,9.3,9.0,9.02,6.5,8.7,8.1,9.0,8.8,8.1
3272,Laura Torres Reyes,Tecnología,Desarrollo,2026-04-01,7.4,2.8,7.0,3.4,6.4,5.42,9.3,8.4,8.8,8.0,8.65,7.2,8.1,4.8,6.2,6.4,6.68,4.3,3.6,5.7,7.4,5.5,5.14
3273,Raúl Hernández López,Operaciones,Logística,2025-10-26,3.3,5.6,3.7,2.9,3.6,3.94,3.6,1.4,4.1,2.4,2.85,4.3,2.7,5.0,2.5,3.9,3.71,3.7,2.6,1.6,1.6,3.8,2.6
3274,Luis Pérez Pérez,Recursos Humanos,Capacitación,2026-04-04,4.9,7.4,8.4,6.9,7.2,6.87,7.4,7.6,8.9,7.9,7.88,7.4,8.9,9.3,10.0,8.7,8.74,7.6,8.3,6.9,4.6,6.1,6.89
3275,Pedro Ortiz Martínez,Marketing,Investigación de Mercado,2026-04-12,9.2,10.0,9.6,8.4,10.0,9.48,6.8,8.2,8.0,6.9,7.41,7.5,7.5,7.1,8.5,6.6,7.44,7.5,8.6,9.2,9.1,9.4,8.62
3276,Daniela Hernández Gómez,Tecnología,Infraestructura,2026-08-28,4.1,3.1,4.6,4.8,4.7,4.14,3.1,2.0,3.9,2.2,2.76,3.0,2.0,5.3,3.0,4.5,3.43,3.3,5.1,2.6,4.2,4.3,3.89
3277,Raúl Flores Martínez,Operaciones,Logística,2026-06-30,6.5,7.0,6.3,7.3,7.9,6.91,8.4,5.3,7.4,8.5,7.45,9.4,7.7,8.2,8.3,5.0,7.91,8.1,8.9,8.2,10.0,7.5,8.64
3278,Camila Romero López,Recursos Humanos,Reclutamiento,2025-09-30,6.5,6.1,4.6,7.0,6.1,6.04,6.3,5.1,9.1,7.7,6.91,7.0,9.5,6.7,5.7,6.5,7.3,6.0,9.0,5.6,4.9,5.3,6.38
3279,Jorge Torres Cruz,Ventas,Ventas Nacionales,2026-06-29,8.1,8.0,9.4,8.9,9.1,8.6,9.0,7.1,6.9,9.1,8.13,10.0,7.9,9.0,10.0,8.8,9.09,8.8,9.8,9.4,8.2,7.1,8.88
3280,Diego Rodríguez Reyes,Tecnología,Infraestructura,2026-03-29,7.5,10.0,7.6,9.6,8.1,8.55,7.9,9.3,9.8,8.7,8.83,7.3,8.9,8.0,7.9,6.3,7.78,7.6,9.7,9.6,7.2,8.3,8.52
3281,María Romero Romero,Ventas,Atención a Clientes,2026-07-07,8.2,10.0,10.0,9.4,10.0,9.46,10.0,9.1,10.0,10.0,9.78,9.2,7.4,6.9,7.9,9.0,8.06,10.0,10.0,9.1,9.7,9.6,9.72
3282,Miguel Romero García,Finanzas,Tesorería,2025-12-02,4.8,6.0,5.9,6.5,7.3,5.95,6.5,4.2,6.6,5.5,5.7,4.1,3.1,4.8,5.1,5.3,4.32,8.7,6.8,6.0,7.4,4.3,6.98
3283,Fernanda Cruz Sánchez,Recursos Humanos,Reclutamiento,2025-10-20,5.3,6.6,5.6,6.0,6.6,5.98,3.9,5.8,6.8,4.4,5.08,6.6,3.8,6.0,4.6,4.8,5.21,6.7,6.1,5.9,7.4,4.5,6.31
3284,Karla Martínez Pérez,Recursos Humanos,Reclutamiento,2026-08-22,6.5,5.1,7.5,8.4,6.0,6.56,6.1,7.2,7.2,6.9,6.8,5.7,3.6,4.7,4.7,3.1,4.44,5.3,6.8,5.6,6.2,6.8,6.06
3285,Camila Castillo Reyes,Finanzas,Auditoría Interna,2026-08-19,7.6,10.0,9.2,9.4,9.2,9.03,9.0,8.1,8.7,5.4,7.82,10.0,8.7,9.5,10.0,7.6,9.22,9.8,9.1,9.4,7.4,8.8,8.96
3286,Gabriela Sánchez Pérez,Marketing,Marketing Digital,2026-02-20,6.3,6.2,6.1,4.8,5.1,5.83,7.3,6.6,7.8,5.8,6.85,8.0,7.0,7.0,2.8,4.3,6.22,4.8,4.8,6.5,6.9,7.6,5.84
3287,Karla Ortiz Ramírez,Ventas,Ventas Internacionales,2026-06-24,2.0,2.0,1.6,5.9,3.3,2.7,4.6,3.9,4.3,4.6,4.36,2.5,4.7,5.3,4.9,5.8,4.46,4.6,4.0,4.2,3.7,4.4,4.17
3288,Jorge Martínez López,Recursos Humanos,Reclutamiento,2026-06-01,4.2,4.0,4.1,5.6,4.2,4.34,2.6,1.1,3.6,2.9,2.5,3.6,1.5,4.1,3.1,2.5,2.93,4.3,3.9,5.9,5.4,3.6,4.67
3289,María Rodríguez Martínez,Operaciones,Logística,2026-07-20,7.7,6.2,7.0,7.0,7.4,7.04,8.4,6.9,5.4,8.4,7.43,8.4,8.0,6.7,7.3,6.2,7.46,7.4,8.3,6.1,6.1,4.9,6.86
3290,Diego Reyes Morales,Recursos Humanos,Capacitación,2026-02-21,7.7,9.1,5.7,9.8,7.7,7.96,9.9,9.5,9.1,7.4,9.02,8.7,9.2,9.6,6.8,8.9,8.75,6.5,4.8,6.7,5.7,6.3,5.94
3291,Alejandro Martínez Jiménez,Operaciones,Producción,2026-04-20,3.7,2.8,2.1,6.4,1.5,3.23,1.8,2.6,1.6,2.7,2.18,5.3,4.6,3.4,4.7,5.2,4.64,4.2,4.4,3.9,2.3,3.5,3.74
3292,Ximena Ramírez Torres,Operaciones,Producción,2025-11-29,3.8,4.3,3.7,1.7,2.9,3.46,3.2,2.3,4.4,2.8,3.12,4.1,2.1,4.4,2.3,1.6,3.01,2.0,3.7,2.5,2.8,1.5,2.64
3293,Juan González Ortiz,Tecnología,Desarrollo,2026-06-23,6.3,7.3,5.1,5.6,4.9,6.0,8.8,8.1,5.6,5.0,7.04,5.3,8.0,5.9,7.3,5.6,6.44,6.7,6.5,5.5,5.9,5.7,6.15
3294,José Jiménez Ortiz,Recursos Humanos,Reclutamiento,2025-11-21,5.2,5.8,4.6,5.5,4.6,5.18,2.8,6.1,3.7,4.3,4.18,4.2,4.1,3.2,4.7,4.4,4.08,5.4,5.7,6.2,5.4,6.6,5.76
3295,Francisco Martínez Reyes,Tecnología,Infraestructura,2026-05-08,2.8,1.3,2.5,2.2,3.4,2.37,6.5,6.0,5.1,4.8,5.67,2.6,3.9,3.6,4.4,3.2,3.49,4.1,4.4,4.5,4.6,4.0,4.34
3296,Camila López González,Recursos Humanos,Capacitación,2026-05-09,7.4,6.1,6.5,5.4,4.8,6.2,7.9,6.8,8.2,5.9,7.18,7.0,7.5,7.2,10.0,6.6,7.56,7.9,7.3,5.0,5.1,7.8,6.6
3297,Pedro Torres Vázquez,Ventas,Atención a Clientes,2026-05-31,5.0,5.4,3.9,6.5,5.7,5.21,7.2,6.1,6.2,5.5,6.3,6.8,7.2,7.5,8.3,5.3,7.04,6.2,6.8,6.2,7.9,5.6,6.63
3298,Diego Martínez Castillo,Finanzas,Auditoría Interna,2026-06-13,9.6,9.6,10.0,10.0,7.9,9.49,6.3,8.3,6.6,8.7,7.46,6.4,5.8,7.2,6.7,8.2,6.72,9.1,8.2,7.9,6.4,5.8,7.76
3299,Roberto Flores Ramírez,Operaciones,Control de Calidad,2026-03-21,10.0,10.0,9.4,10.0,9.4,9.79,7.0,6.7,5.9,6.3,6.53,7.9,7.7,9.1,7.7,8.9,8.21,7.7,8.8,10.0,8.9,8.8,8.78
3300,Miguel Sánchez Ramírez,Marketing,Marketing Digital,2025-10-29,8.2,7.0,7.9,7.5,7.8,7.68,6.4,6.9,6.4,7.2,6.72,9.6,4.6,6.6,6.6,7.9,7.04,7.4,7.4,6.5,5.2,5.9,6.63
3301,Gabriela López Ortiz,Ventas,Ventas Internacionales,2026-03-28,8.9,8.1,7.3,6.5,6.7,7.69,7.6,8.6,7.4,7.7,7.84,5.7,9.1,7.0,8.1,6.8,7.34,8.2,6.4,8.8,6.9,5.9,7.38
3302,Carlos Rodríguez Martínez,Marketing,Marketing Digital,2026-02-11,10.0,10.0,8.5,10.0,10.0,9.7,6.2,5.9,8.0,7.8,6.89,6.8,7.6,8.1,7.8,6.3,7.34,10.0,10.0,7.8,8.7,8.1,9.11
3303,Daniela García Ramírez,Ventas,Atención a Clientes,2026-01-28,7.5,5.1,5.2,6.4,6.8,6.17,4.7,2.5,2.9,3.9,3.59,4.4,3.2,1.7,4.2,1.0,3.02,5.0,5.1,4.0,4.6,2.6,4.5
3304,Jorge Torres Gómez,Marketing,Investigación de Mercado,2026-03-18,1.7,3.9,2.2,3.7,3.7,2.95,3.9,5.6,4.4,4.3,4.53,1.4,1.2,2.5,1.3,0.0,1.34,1.6,2.7,4.4,1.7,5.1,2.81
3305,Laura Hernández Sánchez,Finanzas,Tesorería,2026-04-29,8.0,8.4,7.6,9.7,8.4,8.33,9.0,9.1,5.9,6.8,7.86,9.6,8.2,10.0,10.0,10.0,9.45,4.5,6.0,5.1,5.3,7.1,5.42
3306,Gabriela Rodríguez Flores,Finanzas,Tesorería,2026-01-21,5.4,5.5,6.2,5.0,6.1,5.63,8.1,7.2,8.8,8.5,8.12,7.3,6.2,7.9,6.5,7.8,7.1,7.8,7.3,8.3,6.2,7.7,7.44
3307,José Martínez Ramírez,Operaciones,Producción,2025-12-16,4.8,5.3,3.9,4.4,2.2,4.3,2.8,3.8,3.7,2.4,3.13,5.8,6.3,7.2,5.5,4.7,6.0,2.1,4.5,4.1,4.0,6.8,3.95
3308,Mariana Sánchez Vázquez,Recursos Humanos,Capacitación,2025-09-29,5.0,3.5,3.1,5.5,2.9,4.0,4.8,5.6,6.1,4.0,5.06,4.6,6.2,6.3,6.6,3.9,5.54,2.2,1.9,3.0,2.9,3.3,2.54
3309,Daniela Gómez Sánchez,Operaciones,Control de Calidad,2026-08-12,1.9,5.1,4.3,4.1,5.2,4.0,3.4,2.3,2.2,3.7,2.96,2.6,2.2,3.9,3.7,3.3,3.03,2.9,4.1,3.0,3.4,5.2,3.55
3310,Juan Morales Morales,Recursos Humanos,Reclutamiento,2026-02-25,5.6,5.9,6.8,4.8,4.1,5.57,5.9,6.3,7.5,5.4,6.2,6.4,6.6,6.0,7.7,5.1,6.37,6.7,7.1,7.9,7.7,5.0,7.07
3311,Carlos Ramírez Jiménez,Operaciones,Control de Calidad,2025-11-07,8.5,7.1,6.2,8.3,6.6,7.38,6.3,5.0,6.5,4.4,5.54,6.1,6.1,7.0,4.1,6.0,5.96,6.2,3.6,5.5,3.8,3.1,4.62
3312,Andrea Pérez González,Recursos Humanos,Nómina,2026-02-08,1.5,2.1,4.0,2.9,3.3,2.63,4.4,3.3,2.9,3.0,3.48,2.9,1.2,2.8,2.7,1.6,2.23,2.9,4.4,3.5,4.0,2.9,3.62
3313,Fernanda Martínez Morales,Marketing,Investigación de Mercado,2026-03-23,7.0,5.2,8.5,6.6,7.3,6.84,6.4,6.2,8.5,8.2,7.22,4.6,5.2,6.9,6.7,6.8,5.86,4.2,5.5,5.5,5.8,4.6,5.14
3314,Luis Ortiz García,Recursos Humanos,Capacitación,2026-07-17,4.4,5.2,4.4,5.4,7.2,5.17,5.7,5.3,6.1,7.1,6.03,6.2,6.0,7.1,4.8,5.5,6.02,7.1,5.9,4.7,4.0,4.4,5.43
3315,Sofía Castillo Pérez,Operaciones,Logística,2025-09-10,7.8,6.1,4.9,6.9,6.8,6.51,6.7,7.4,7.5,6.0,6.86,6.4,7.7,6.0,4.7,4.6,6.12,4.8,6.9,5.1,6.4,5.7,5.8
3316,Gabriela Castillo Vázquez,Recursos Humanos,Capacitación,2026-02-09,5.7,2.6,4.0,5.3,4.2,4.3,2.2,3.8,2.1,3.5,2.9,4.1,3.8,3.2,4.6,3.9,3.89,5.2,5.4,4.0,4.6,3.8,4.75
3317,Daniela Torres Jiménez,Ventas,Atención a Clientes,2026-03-22,10.0,9.2,10.0,10.0,10.0,9.8,5.9,6.7,8.7,7.3,7.01,9.7,7.4,10.0,7.2,7.7,8.51,9.7,7.2,8.7,7.6,7.6,8.24
3318,Sofía Reyes Flores,Finanzas,Contabilidad,2025-11-21,6.7,5.7,6.4,4.8,6.3,6.05,6.8,6.3,7.2,4.6,6.2,3.6,6.3,3.9,6.8,6.7,5.28,5.1,4.7,5.1,4.4,3.9,4.74
3319,Jorge Vázquez Castillo,Operaciones,Logística,2026-07-26,4.0,2.7,1.4,3.6,3.2,2.98,4.4,4.3,2.7,2.9,3.66,4.4,2.4,2.2,5.1,3.2,3.38,3.5,2.2,1.4,4.2,5.0,3.04
3320,Gabriela Pérez Vázquez,Operaciones,Control de Calidad,2026-07-26,6.1,4.4,5.3,4.2,4.6,5.01,8.9,7.0,6.9,9.0,8.05,4.7,6.0,5.0,4.0,6.3,5.22,4.4,5.0,3.6,6.5,6.4,5.01
3321,Pedro González Cruz,Marketing,Marketing Digital,2026-02-18,9.1,9.2,8.7,10.0,7.8,8.98,9.7,9.6,8.9,8.9,9.32,7.9,8.2,9.8,8.0,8.8,8.51,10.0,9.1,10.0,6.7,6.4,8.76
3322,Pedro Morales Jiménez,Finanzas,Tesorería,2026-04-26,5.3,5.1,4.9,3.2,5.8,4.93,7.3,4.9,6.1,7.3,6.46,7.2,7.4,7.0,5.7,5.7,6.76,6.1,6.9,7.4,4.9,5.4,6.25
3323,María Rodríguez Morales,Operaciones,Producción,2026-04-30,5.3,6.3,6.1,5.3,5.9,5.8,4.0,7.1,3.9,6.3,5.33,6.3,4.2,7.0,4.8,4.0,5.34,4.5,3.4,5.9,2.5,5.8,4.24
3324,Camila Romero Castillo,Marketing,Comunicación de Marca,2025-10-03,3.2,4.1,3.7,2.9,2.0,3.3,5.2,6.1,4.3,4.3,5.02,0.8,2.0,2.4,2.9,2.6,2.0,6.0,5.0,3.3,2.5,2.9,4.2
3325,María Romero López,Tecnología,Desarrollo,2026-07-13,3.7,4.1,4.7,6.2,4.3,4.46,4.1,3.7,3.7,2.1,3.42,3.4,3.2,5.5,1.8,3.1,3.48,1.7,4.2,1.8,3.8,2.8,2.88
3326,José García Flores,Ventas,Ventas Internacionales,2026-02-24,9.5,8.9,8.3,9.4,8.7,8.98,10.0,8.5,9.7,10.0,9.56,9.3,9.5,8.9,8.1,10.0,9.2,10.0,10.0,10.0,9.6,10.0,9.92
3327,Gabriela Reyes Pérez,Recursos Humanos,Capacitación,2026-08-16,7.6,10.0,10.0,8.6,10.0,9.19,7.8,9.3,9.0,8.0,8.46,10.0,10.0,8.1,9.2,10.0,9.5,8.2,9.9,10.0,9.6,10.0,9.44
3328,Sergio Martínez Vázquez,Ventas,Atención a Clientes,2026-04-06,4.0,4.7,4.0,5.3,3.2,4.25,1.4,5.0,3.3,3.0,3.08,3.8,3.5,4.9,4.1,6.5,4.39,7.0,5.0,3.5,5.7,6.2,5.46
3329,Francisco Gómez Torres,Operaciones,Producción,2026-02-26,9.0,10.0,10.0,9.0,9.8,9.57,9.2,10.0,9.4,9.8,9.59,8.6,8.6,8.0,8.2,8.1,8.34,10.0,9.0,9.0,7.4,8.9,8.92
3330,Diego Rodríguez García,Finanzas,Contabilidad,2026-04-05,2.4,3.2,2.0,3.9,3.5,2.91,4.7,1.9,2.0,3.3,3.11,5.0,3.1,2.5,4.4,2.5,3.56,1.2,2.0,2.5,2.4,5.3,2.31
3331,Ricardo Reyes González,Finanzas,Auditoría Interna,2026-02-22,4.4,5.3,5.4,5.4,4.1,4.93,4.3,2.5,3.8,2.7,3.35,7.8,5.3,5.4,6.8,6.1,6.29,1.9,5.2,3.3,3.8,3.8,3.58
3332,Andrea Ramírez López,Recursos Humanos,Nómina,2026-04-25,5.3,6.0,5.9,6.2,5.1,5.7,8.7,6.2,7.4,7.3,7.47,6.4,4.7,4.2,5.4,7.2,5.51,8.7,7.6,8.6,6.4,5.2,7.59
3333,Raúl Martínez Reyes,Tecnología,Infraestructura,2026-08-10,7.6,7.6,5.3,7.7,6.1,6.93,6.5,4.1,9.2,7.9,6.79,5.7,6.3,5.5,6.5,7.1,6.14,7.5,7.2,7.5,8.9,6.2,7.58
3334,Diego Sánchez Pérez,Operaciones,Control de Calidad,2026-03-01,8.0,7.0,8.3,7.8,6.1,7.5,9.7,7.0,8.3,7.8,8.27,9.1,8.0,7.4,6.8,8.6,8.06,7.5,7.3,8.6,9.2,8.3,8.09
3335,Alejandro Hernández Flores,Finanzas,Auditoría Interna,2026-03-19,0.8,3.1,3.6,3.3,3.7,2.75,4.5,4.4,3.1,4.7,4.24,4.5,3.3,6.5,3.8,3.8,4.39,2.3,4.1,2.9,3.4,1.4,3.0
3336,Valeria Romero Castillo,Ventas,Atención a Clientes,2026-05-25,7.0,4.9,6.4,4.5,6.8,5.95,5.8,6.3,3.5,7.7,5.94,6.5,3.7,5.7,7.1,7.1,5.82,6.8,6.0,6.6,4.8,2.9,5.77
3337,Paola Castillo López,Recursos Humanos,Reclutamiento,2026-04-18,10.0,9.3,9.1,9.2,8.6,9.32,9.9,7.6,7.9,7.2,8.25,8.4,10.0,9.8,10.0,8.9,9.4,10.0,10.0,10.0,9.7,9.7,9.91
3338,Ricardo Ortiz Romero,Finanzas,Tesorería,2026-04-09,9.6,8.7,9.4,6.7,8.9,8.79,6.0,8.5,7.6,6.0,6.94,8.9,6.9,8.2,7.8,6.1,7.68,8.0,7.6,6.6,7.7,8.1,7.57
3339,Alejandro Rodríguez Morales,Operaciones,Logística,2026-01-18,3.8,5.5,3.6,6.0,3.7,4.5,6.0,4.2,5.0,4.0,4.85,5.8,8.1,7.2,5.3,6.5,6.68,6.6,8.0,7.2,7.9,7.3,7.4
3340,Daniela Reyes González,Tecnología,Desarrollo,2026-08-28,3.8,3.3,2.9,3.0,1.5,3.03,2.8,2.5,3.3,4.5,3.25,4.1,2.3,4.3,3.9,1.3,3.24,0.8,2.1,1.0,3.0,0.4,1.57
3341,Sofía Torres Castillo,Operaciones,Logística,2025-12-03,2.7,1.8,1.8,0.4,0.9,1.68,3.2,5.4,5.6,3.4,4.28,3.7,4.9,3.9,2.8,4.8,4.07,1.7,3.7,4.2,3.6,1.2,3.03
3342,Ana Sánchez Castillo,Tecnología,Infraestructura,2025-09-21,8.2,6.7,7.0,7.8,7.9,7.48,9.9,7.2,7.0,9.3,8.5,7.9,6.9,6.1,7.1,7.4,7.1,7.9,8.1,9.6,8.5,8.5,8.47
3343,Carlos Hernández Hernández,Ventas,Ventas Nacionales,2026-07-02,6.0,6.8,6.4,3.6,5.6,5.86,7.1,6.2,6.1,6.8,6.6,6.4,7.1,7.9,10.0,8.1,7.67,6.8,6.5,7.3,7.9,8.2,7.18
3344,Ricardo Morales Rodríguez,Ventas,Atención a Clientes,2026-05-18,5.6,5.2,6.2,5.3,5.4,5.54,6.1,6.2,6.9,4.5,5.88,6.8,6.8,9.2,6.7,7.1,7.31,6.6,6.5,5.2,5.9,6.3,6.12
3345,Sofía González Rodríguez,Recursos Humanos,Reclutamiento,2026-04-21,5.7,5.2,4.7,6.5,7.4,5.75,3.7,4.2,4.7,6.5,4.72,4.3,6.5,6.0,6.4,7.1,5.93,7.1,7.0,6.8,7.4,8.3,7.2
3346,Fernanda Ortiz Gómez,Finanzas,Contabilidad,2026-01-05,7.4,7.7,5.6,6.0,5.4,6.6,5.3,3.9,5.2,6.0,5.11,6.2,7.2,5.8,5.0,7.1,6.32,8.1,7.9,7.2,9.1,7.9,8.05
3347,Ximena Sánchez Romero,Ventas,Atención a Clientes,2026-08-12,7.0,4.5,4.3,5.6,6.9,5.61,5.1,5.4,5.6,4.8,5.2,3.3,2.7,4.5,2.6,4.0,3.39,5.8,4.1,4.3,4.6,5.3,4.78
3348,Andrea Jiménez González,Operaciones,Logística,2025-11-25,3.0,4.3,3.4,1.3,3.6,3.24,3.2,1.0,2.2,1.6,2.05,0.9,4.0,2.4,3.1,3.3,2.66,1.7,3.9,3.5,3.1,2.1,2.93
3349,Laura Flores Hernández,Operaciones,Producción,2025-10-04,6.0,4.9,5.2,5.3,8.7,5.86,6.6,6.0,6.0,6.7,6.36,5.1,6.1,6.9,6.9,6.2,6.14,4.4,7.3,7.0,5.4,5.7,5.98
3350,María Torres Martínez,Tecnología,Soporte Técnico,2026-05-17,5.4,5.3,5.8,2.6,2.2,4.56,4.8,1.1,3.7,6.0,3.96,2.9,1.0,3.6,3.5,2.9,2.66,5.9,4.4,3.3,4.0,3.6,4.4
3351,Valeria Ortiz Rodríguez,Finanzas,Auditoría Interna,2026-05-01,7.8,7.9,6.0,5.0,4.7,6.58,4.8,4.8,6.2,5.3,5.2,5.0,5.5,6.7,6.2,6.1,5.81,5.9,6.0,8.1,7.8,7.7,6.93
3352,Daniela Torres González,Tecnología,Soporte Técnico,2026-02-20,5.1,5.0,3.6,0.8,3.7,3.92,4.1,3.0,4.7,2.5,3.54,4.1,1.8,4.4,2.6,4.6,3.44,2.7,2.3,3.1,3.4,2.6,2.81
3353,Alejandro Reyes Reyes,Ventas,Atención a Clientes,2025-09-20,4.0,3.5,4.0,5.0,5.0,4.18,2.3,4.2,2.3,3.8,3.15,3.2,2.1,2.7,4.5,4.0,3.14,2.3,2.7,3.2,2.3,1.9,2.54
3354,María Morales González,Operaciones,Control de Calidad,2026-07-17,3.6,0.6,3.9,2.4,1.2,2.37,2.7,0.8,3.0,0.4,1.71,4.7,2.9,2.5,4.0,2.1,3.32,3.4,2.9,2.1,1.1,1.2,2.34
3355,Sofía Gómez Reyes,Ventas,Ventas Internacionales,2026-05-21,5.1,7.9,7.9,6.7,5.2,6.62,7.5,4.9,4.6,5.5,5.77,7.6,7.3,6.2,5.6,9.5,7.23,5.2,4.5,5.1,4.6,6.3,5.0
3356,Karla Castillo López,Operaciones,Producción,2025-09-19,5.0,4.8,2.7,7.0,4.2,4.67,8.7,6.2,5.5,8.8,7.46,4.2,6.5,4.4,5.1,5.9,5.2,5.6,4.5,5.5,7.0,3.7,5.4
3357,Valeria Morales Romero,Operaciones,Logística,2026-01-22,8.3,7.5,7.5,7.1,7.8,7.68,5.2,6.0,5.8,7.0,5.97,5.0,5.9,3.3,4.7,3.1,4.56,3.9,4.2,5.4,4.1,3.6,4.28
3358,Daniela Ramírez Vázquez,Operaciones,Producción,2026-06-07,7.9,7.6,7.8,8.2,10.0,8.16,6.1,8.9,7.8,8.4,7.72,5.1,7.9,7.2,7.7,5.6,6.68,8.6,7.6,7.0,7.0,7.5,7.6
3359,Ricardo García Hernández,Finanzas,Tesorería,2026-02-16,5.4,5.0,4.9,5.6,6.0,5.32,3.9,6.4,4.5,4.6,4.82,5.9,4.6,6.9,7.4,4.6,5.8,4.2,4.9,2.3,4.3,4.6,4.06
3360,Gabriela Flores Sánchez,Recursos Humanos,Capacitación,2026-08-09,9.5,8.8,10.0,10.0,10.0,9.57,10.0,9.7,10.0,9.1,9.7,9.6,9.3,7.6,6.9,8.0,8.48,7.8,7.8,7.6,8.7,9.6,8.12
3361,María Rodríguez Hernández,Marketing,Marketing Digital,2025-10-01,3.0,5.3,4.9,6.9,6.9,5.12,6.5,5.2,4.0,2.2,4.6,4.8,5.8,4.9,5.7,6.1,5.4,6.5,7.5,9.0,5.6,7.3,7.15
3362,Sergio Gómez Sánchez,Recursos Humanos,Capacitación,2026-02-22,9.1,7.2,7.3,6.2,6.0,7.36,6.4,5.9,6.2,8.2,6.68,5.0,6.1,5.0,4.5,5.1,5.22,5.9,7.2,6.0,4.2,5.1,5.82
3363,Laura Sánchez Castillo,Marketing,Investigación de Mercado,2026-07-29,6.0,7.9,6.6,5.4,8.2,6.84,8.5,8.5,5.4,8.5,7.88,6.4,5.6,6.4,7.2,7.0,6.41,8.0,7.1,9.5,8.3,7.8,8.12
3364,Gabriela Ortiz Cruz,Ventas,Atención a Clientes,2026-05-29,6.2,8.6,5.8,7.8,7.5,7.16,6.1,6.2,7.5,6.1,6.4,7.7,8.9,5.5,6.4,7.6,7.35,5.6,6.2,5.3,4.5,6.7,5.58
3365,Jorge Morales Ortiz,Operaciones,Producción,2025-12-13,3.4,4.7,6.0,5.8,5.9,4.98,4.7,3.7,4.6,5.0,4.5,4.6,5.9,7.2,2.8,4.9,5.22,5.2,6.2,3.8,5.4,4.8,5.17
3366,Fernanda Martínez Flores,Recursos Humanos,Capacitación,2026-02-14,5.7,7.7,5.1,6.6,6.3,6.31,4.8,5.1,6.9,5.6,5.49,3.3,2.8,3.6,2.8,3.7,3.22,4.4,7.2,6.0,2.9,5.5,5.23
3367,Roberto López Morales,Marketing,Comunicación de Marca,2025-12-20,1.8,1.1,1.6,0.9,0.3,1.23,2.2,3.5,3.9,1.9,2.79,2.1,2.5,4.2,2.6,2.9,2.82,2.7,2.9,3.8,2.4,3.0,2.94
3368,Diego Vázquez López,Tecnología,Soporte Técnico,2026-02-03,6.6,8.4,8.0,7.1,7.0,7.46,8.7,9.5,8.1,7.8,8.56,7.6,9.2,9.9,7.2,8.1,8.48,9.7,6.7,8.2,6.6,9.4,8.0
3369,Camila Gómez Pérez,Operaciones,Producción,2026-08-25,5.1,5.3,4.8,3.5,3.8,4.66,7.9,4.1,5.2,5.5,5.81,4.3,3.4,4.8,5.2,4.3,4.31,5.7,3.5,4.7,2.2,1.3,3.81
3370,María López Rodríguez,Ventas,Atención a Clientes,2025-10-07,3.6,3.1,6.2,4.8,4.4,4.3,6.0,7.1,5.4,6.0,6.15,3.6,5.1,4.9,5.1,6.3,4.86,3.9,6.6,7.1,7.2,4.4,5.93
3371,Roberto Martínez Romero,Marketing,Investigación de Mercado,2025-11-08,5.5,4.5,5.5,6.7,6.6,5.6,7.6,8.0,5.8,7.3,7.26,6.3,8.1,6.3,6.6,7.4,6.96,6.4,7.2,4.2,6.2,6.6,6.14
3372,María López Reyes,Finanzas,Tesorería,2025-10-30,8.4,8.6,8.5,9.3,8.5,8.62,7.3,8.6,10.0,8.7,8.52,6.4,8.1,6.7,7.7,7.0,7.17,9.0,9.5,9.1,9.0,8.6,9.1
3373,Juan Rodríguez Ramírez,Ventas,Atención a Clientes,2025-11-16,6.1,4.9,4.3,5.3,4.8,5.12,4.9,4.0,3.4,4.3,4.22,6.7,6.4,8.1,8.1,9.6,7.55,5.1,5.1,5.8,4.8,4.2,5.09
3374,Pedro Reyes Pérez,Recursos Humanos,Nómina,2025-12-14,6.7,4.9,6.2,4.8,6.3,5.81,5.5,5.5,8.1,6.1,6.17,7.8,7.2,8.4,6.4,4.5,7.06,8.0,6.5,7.0,8.2,7.6,7.42
3375,Karla Romero Martínez,Ventas,Ventas Internacionales,2026-04-26,4.7,5.3,5.9,6.9,6.4,5.68,7.8,5.2,5.8,6.2,6.35,4.9,5.8,6.5,5.3,6.0,5.67,4.2,6.0,5.8,4.9,4.9,5.18
3376,Francisco Reyes González,Marketing,Investigación de Mercado,2025-11-28,4.9,6.6,5.3,6.2,4.9,5.6,6.3,4.0,5.7,6.6,5.68,6.6,5.9,7.7,4.4,6.8,6.35,4.4,4.6,5.7,5.7,4.4,4.97
3377,Diego García Sánchez,Recursos Humanos,Capacitación,2026-08-16,4.8,7.0,6.3,7.7,6.0,6.26,5.5,4.1,5.1,6.4,5.3,4.2,7.1,5.5,7.6,5.8,5.94,6.0,5.8,6.2,6.1,6.3,6.04
3378,José Jiménez Gómez,Marketing,Comunicación de Marca,2026-02-14,2.8,2.2,2.1,3.2,5.4,2.96,3.5,5.0,3.1,2.3,3.5,3.6,2.3,0.6,1.5,3.9,2.41,3.9,2.4,3.0,2.4,3.2,2.97
3379,Ximena Romero Ortiz,Marketing,Comunicación de Marca,2025-10-30,4.1,7.1,6.1,4.8,5.1,5.5,6.5,6.7,7.4,6.7,6.78,5.2,7.4,6.3,7.8,7.5,6.7,5.0,4.5,4.2,5.1,5.3,4.76
3380,Gabriela Jiménez López,Finanzas,Contabilidad,2026-01-03,5.4,3.1,3.4,4.1,2.6,3.81,5.5,3.0,2.5,2.8,3.6,5.6,3.0,4.4,3.2,1.2,3.69,1.7,4.0,2.9,3.6,6.1,3.34
3381,Ana Morales Pérez,Operaciones,Producción,2026-07-03,9.4,9.3,10.0,10.0,10.0,9.68,9.0,9.0,7.0,8.1,8.38,10.0,10.0,10.0,10.0,6.6,9.49,10.0,10.0,10.0,9.9,10.0,9.98
3382,Roberto Martínez Martínez,Finanzas,Tesorería,2026-02-17,3.9,5.7,6.3,5.1,5.3,5.22,5.6,6.4,5.3,3.0,5.09,4.0,2.9,3.4,3.8,4.2,3.6,3.0,4.7,5.9,6.3,3.5,4.72
3383,Daniela González González,Operaciones,Logística,2026-07-02,4.8,3.8,5.0,5.4,7.5,5.08,8.2,6.3,5.1,8.6,7.2,7.1,4.8,4.2,6.7,7.2,5.9,6.4,5.1,4.9,6.8,4.4,5.66
3384,Ana Reyes Rodríguez,Tecnología,Infraestructura,2026-07-15,4.0,4.6,6.9,6.5,5.4,5.32,3.9,5.4,2.8,3.9,4.06,5.2,5.6,6.5,4.6,3.9,5.28,4.3,4.5,5.7,7.0,4.4,5.18
3385,Laura Torres Vázquez,Marketing,Marketing Digital,2026-02-16,6.0,6.7,5.7,7.4,8.1,6.64,5.9,6.8,5.6,6.6,6.24,3.9,5.6,3.9,6.1,3.3,4.57,7.2,6.7,4.8,7.2,7.8,6.66
3386,Ricardo Flores Martínez,Recursos Humanos,Capacitación,2025-10-17,6.0,3.8,4.4,4.2,5.3,4.76,5.4,6.4,3.8,4.2,5.03,6.3,6.4,7.2,4.7,8.0,6.52,6.4,3.9,5.8,5.1,7.3,5.49
3387,Diego Gómez Vázquez,Ventas,Ventas Nacionales,2026-04-16,5.5,5.3,4.9,3.9,4.5,4.94,3.7,5.8,5.4,6.4,5.24,4.7,2.4,4.4,3.3,4.0,3.75,6.1,6.2,4.4,6.7,4.6,5.76
3388,Daniela Cruz Hernández,Operaciones,Control de Calidad,2026-07-19,4.1,4.9,3.8,4.3,3.3,4.15,8.6,7.2,6.1,6.3,7.18,5.2,5.2,4.8,5.9,3.7,5.0,6.2,5.2,3.7,3.9,3.7,4.74
3389,José Pérez Pérez,Marketing,Comunicación de Marca,2025-09-09,3.4,5.9,7.0,5.9,6.7,5.62,5.0,7.4,7.2,6.0,6.29,5.6,6.7,6.6,5.9,6.6,6.27,6.1,7.2,5.9,6.6,6.9,6.52
3390,Andrea Castillo Flores,Marketing,Marketing Digital,2025-11-04,7.1,7.3,6.1,6.5,6.8,6.82,4.5,4.3,8.3,7.7,6.01,7.6,5.7,6.3,4.3,7.5,6.36,4.4,7.2,7.0,6.7,4.8,6.12
3391,Paola Gómez González,Operaciones,Producción,2026-03-14,5.7,5.8,4.5,6.3,4.4,5.38,7.0,4.6,6.8,5.8,6.06,4.6,7.3,5.5,8.1,5.4,6.1,5.2,8.5,4.5,5.8,5.7,6.06
3392,Fernanda Morales Reyes,Recursos Humanos,Reclutamiento,2026-02-22,5.7,6.2,5.2,5.7,5.9,5.76,7.1,4.9,6.1,4.9,5.8,5.7,4.7,4.3,6.5,6.0,5.33,4.5,5.2,4.4,5.0,5.9,4.89
3393,Ricardo Vázquez González,Tecnología,Soporte Técnico,2026-08-30,9.5,9.2,8.6,7.2,6.9,8.51,7.3,9.3,5.3,8.0,7.58,8.6,9.0,10.0,9.3,8.2,9.02,7.9,8.4,9.1,8.6,8.7,8.48
3394,José Vázquez Ortiz,Recursos Humanos,Nómina,2026-02-20,7.2,5.6,7.2,7.2,5.3,6.52,5.5,6.4,5.2,7.4,6.14,5.7,7.1,5.8,5.6,8.9,6.54,8.4,7.6,8.0,5.6,6.8,7.4
3395,Alejandro Hernández Gómez,Marketing,Comunicación de Marca,2026-01-31,9.3,7.3,7.1,9.7,7.2,8.1,7.5,5.7,8.7,6.2,6.96,9.2,6.7,6.6,5.9,8.3,7.42,8.2,8.7,7.7,7.7,8.7,8.17
3396,Alejandro López López,Marketing,Investigación de Mercado,2026-03-18,2.6,3.9,5.1,3.5,2.8,3.59,2.6,2.5,3.5,5.2,3.4,5.1,4.0,5.0,3.2,5.9,4.64,4.7,2.9,3.7,3.1,5.2,3.78
3397,Camila Hernández Jiménez,Recursos Humanos,Capacitación,2026-03-13,4.0,4.4,4.2,3.2,2.4,3.78,4.4,5.0,4.5,4.9,4.7,6.0,6.3,6.7,7.8,5.9,6.47,3.9,4.3,4.8,5.1,7.4,4.77
3398,Daniela Romero Jiménez,Finanzas,Contabilidad,2026-07-03,0.6,5.5,3.9,3.6,4.6,3.53,3.7,5.6,3.3,5.5,4.54,3.7,3.9,5.8,3.4,6.4,4.53,3.1,5.9,7.3,5.1,2.8,5.01
3399,Jorge Sánchez Ramírez,Finanzas,Contabilidad,2026-02-15,7.6,10.0,8.7,9.5,8.8,8.88,9.4,9.1,8.8,10.0,9.36,7.9,6.7,8.5,6.3,9.0,7.64,9.4,8.7,8.1,9.9,10.0,9.12
3400,María González Castillo,Ventas,Ventas Nacionales,2026-05-21,5.9,5.9,5.7,5.5,7.0,5.96,5.6,4.9,4.8,5.1,5.14,7.4,8.8,7.1,5.5,7.2,7.38,7.3,6.4,5.6,3.7,5.1,5.8
3401,Diego Hernández Cruz,Ventas,Ventas Nacionales,2026-05-20,10.0,10.0,9.0,9.2,9.9,9.66,7.7,6.4,7.5,8.3,7.48,8.7,8.1,7.5,8.4,6.4,7.92,7.3,9.5,9.2,7.9,7.3,8.35
3402,Gabriela Martínez Rodríguez,Tecnología,Desarrollo,2025-12-07,5.2,3.5,3.4,5.4,4.2,4.3,6.4,6.5,7.1,7.7,6.89,5.9,5.6,7.8,8.2,6.4,6.62,5.8,4.1,6.5,3.7,6.0,5.12
3403,Diego Ramírez Flores,Tecnología,Infraestructura,2026-05-17,4.8,6.5,6.9,6.2,6.6,6.12,10.0,10.0,8.2,8.6,9.29,4.9,8.0,8.1,7.0,7.8,7.06,8.3,7.3,8.5,6.7,6.5,7.59
3404,Andrea Hernández Pérez,Recursos Humanos,Reclutamiento,2026-01-25,4.7,4.5,4.5,6.2,3.0,4.58,5.3,5.6,6.6,5.3,5.64,6.9,5.2,4.7,4.9,4.7,5.4,6.6,5.8,6.3,6.8,6.4,6.36
3405,Valeria Reyes González,Operaciones,Logística,2026-04-10,5.7,5.8,5.6,6.3,5.5,5.76,6.3,4.8,7.9,7.5,6.54,5.9,4.5,5.5,5.8,5.3,5.36,5.2,6.9,5.4,10.0,6.7,6.78
3406,Jorge González Morales,Operaciones,Control de Calidad,2025-10-06,10.0,7.6,8.1,7.8,8.8,8.51,9.5,9.8,10.0,9.5,9.68,9.2,10.0,10.0,9.4,9.4,9.62,6.9,7.8,8.3,6.5,10.0,7.64
3407,Francisco Romero Martínez,Finanzas,Contabilidad,2026-02-07,3.7,4.3,6.3,1.9,3.0,4.0,5.3,4.9,3.9,4.3,4.67,5.3,3.8,6.0,6.2,6.5,5.38,7.4,5.9,8.5,5.3,5.6,6.64
3408,José Gómez Reyes,Tecnología,Desarrollo,2026-08-20,6.5,7.0,8.3,6.2,7.6,7.1,5.3,4.2,4.2,3.6,4.38,3.3,6.2,5.5,5.3,6.6,5.26,5.8,6.4,6.8,7.2,5.7,6.42
3409,Francisco Castillo Martínez,Recursos Humanos,Nómina,2026-07-01,8.2,7.9,7.9,7.3,7.8,7.87,5.4,5.5,5.8,6.3,5.73,6.9,6.8,4.5,7.1,5.4,6.2,7.2,7.9,8.4,9.7,7.4,8.14
3410,Roberto Morales Torres,Recursos Humanos,Reclutamiento,2026-07-17,4.9,5.8,5.7,6.0,6.8,5.74,5.9,7.3,7.0,5.1,6.27,8.0,6.2,5.9,6.5,5.2,6.48,4.2,6.6,5.1,6.1,5.5,5.49
3411,Daniela Morales Jiménez,Finanzas,Auditoría Interna,2026-06-21,5.8,5.9,6.1,6.5,6.0,6.02,4.8,6.3,7.7,5.0,5.8,4.8,6.7,5.7,6.4,4.7,5.68,7.0,5.8,5.7,7.0,6.0,6.34
3412,Luis Cruz García,Ventas,Ventas Internacionales,2026-02-09,8.4,6.5,6.5,9.4,8.0,7.64,10.0,8.5,8.4,4.5,7.93,10.0,10.0,10.0,10.0,10.0,10.0,8.7,8.8,7.3,8.0,8.4,8.28
3413,Ximena Rodríguez Ortiz,Operaciones,Logística,2026-07-30,7.3,7.8,8.7,6.8,6.3,7.48,6.7,7.3,7.2,4.8,6.48,8.1,8.2,6.2,7.4,6.4,7.38,7.9,8.6,10.0,8.4,7.7,8.57
3414,Sergio Castillo Gómez,Finanzas,Contabilidad,2026-08-22,7.2,8.8,7.8,7.9,10.0,8.25,9.6,9.2,10.0,8.5,9.3,9.9,8.6,9.9,7.3,7.6,8.84,7.5,6.7,8.5,7.5,9.1,7.66
3415,Luis Torres López,Ventas,Ventas Nacionales,2025-11-20,5.3,4.2,5.0,5.3,4.5,4.84,3.5,7.8,4.3,6.0,5.36,5.3,6.5,7.4,5.8,4.4,5.96,4.2,5.6,4.9,5.6,4.6,5.01
3416,Ana Vázquez Flores,Ventas,Ventas Internacionales,2025-12-06,6.2,7.0,6.8,5.9,7.5,6.67,6.0,7.1,7.8,5.5,6.51,5.1,5.1,7.2,5.2,7.7,5.93,5.6,7.1,5.0,6.1,5.7,5.96
3417,Diego González Castillo,Marketing,Investigación de Mercado,2025-12-10,7.1,7.5,6.2,8.2,5.9,7.0,5.5,6.5,7.9,6.2,6.4,7.0,6.3,6.2,6.3,7.0,6.56,7.0,3.2,6.6,8.7,4.7,6.08
3418,Sofía González Sánchez,Ventas,Ventas Internacionales,2026-08-13,9.7,8.8,7.6,7.0,7.5,8.32,7.2,9.5,7.2,6.2,7.52,9.7,8.3,9.7,9.3,9.3,9.23,8.2,8.8,9.3,8.2,8.8,8.63
3419,Paola Pérez Flores,Tecnología,Infraestructura,2026-04-29,2.1,4.2,2.8,4.2,1.8,3.04,0.9,3.8,1.5,1.0,1.77,2.5,1.5,1.0,2.3,3.3,2.04,4.0,4.5,4.7,1.8,3.4,3.76
3420,Daniela Rodríguez Rodríguez,Operaciones,Producción,2026-08-04,9.5,9.2,9.6,8.9,10.0,9.43,8.2,7.7,5.6,8.1,7.53,8.5,8.8,10.0,9.7,9.8,9.25,7.1,10.0,7.3,8.9,8.4,8.36
3421,Sergio Reyes Gómez,Recursos Humanos,Nómina,2026-06-27,2.5,5.2,3.7,2.9,2.7,3.5,3.8,4.5,2.9,3.6,3.74,3.0,1.7,5.7,4.8,5.8,3.9,2.6,1.2,3.6,4.1,4.1,2.9
3422,Jorge Torres Cruz,Finanzas,Tesorería,2026-01-27,7.0,5.9,6.8,5.9,7.5,6.6,5.4,3.0,5.6,6.1,5.02,6.3,6.7,6.3,6.5,6.9,6.52,5.7,5.5,4.8,4.6,6.2,5.3
3423,Carlos Morales Jiménez,Recursos Humanos,Nómina,2025-12-19,7.5,9.1,9.8,8.6,7.3,8.5,6.4,6.5,9.2,6.8,7.08,7.2,7.8,6.9,7.8,5.5,7.12,4.7,6.5,4.9,4.6,5.0,5.2
3424,Carlos Ramírez Torres,Ventas,Ventas Nacionales,2026-01-08,6.2,7.1,4.7,6.3,6.6,6.2,5.9,4.4,4.3,6.2,5.28,7.3,7.8,6.4,4.2,3.6,6.22,2.8,3.1,4.4,3.1,4.6,3.44
3425,Fernanda López Reyes,Marketing,Marketing Digital,2026-02-17,6.3,5.5,5.5,5.2,5.4,5.64,7.5,4.7,4.3,4.7,5.46,6.3,3.7,6.6,6.9,7.9,6.04,5.9,3.6,4.6,4.8,5.6,4.81
3426,Diego Flores López,Marketing,Marketing Digital,2025-12-25,10.0,8.6,7.4,9.5,8.6,8.85,9.4,8.0,8.1,8.8,8.64,7.2,6.5,7.8,7.1,7.9,7.24,10.0,10.0,10.0,10.0,9.9,9.99
3427,Ricardo López Hernández,Operaciones,Control de Calidad,2026-07-26,6.4,7.7,10.0,6.0,7.7,7.58,9.7,9.6,10.0,10.0,9.81,7.1,6.7,7.8,4.7,5.9,6.6,8.5,7.8,7.1,7.4,8.1,7.78
3428,Camila Cruz Jiménez,Finanzas,Contabilidad,2026-04-09,7.1,6.6,8.7,6.5,6.0,7.04,7.4,8.5,6.8,7.5,7.58,7.1,9.8,8.0,9.0,6.6,8.16,9.4,10.0,8.5,8.0,6.9,8.84
3429,Pedro Reyes Torres,Tecnología,Soporte Técnico,2025-10-20,2.8,2.9,4.6,2.6,2.0,3.03,5.5,2.9,3.3,6.8,4.74,2.9,4.0,4.0,3.0,4.6,3.67,2.2,3.8,1.7,3.4,1.2,2.64
3430,Ximena Reyes Ortiz,Ventas,Ventas Nacionales,2026-04-22,2.8,2.7,1.4,2.1,2.9,2.4,3.8,1.1,3.5,2.3,2.69,2.0,2.4,2.2,3.0,1.5,2.22,4.4,4.7,3.3,4.6,5.7,4.43
3431,Carlos González González,Operaciones,Control de Calidad,2026-07-27,6.7,6.1,7.8,6.7,7.2,6.84,4.9,8.4,7.3,5.0,6.28,8.1,6.3,7.6,7.1,7.6,7.32,6.9,6.2,5.3,7.5,6.7,6.51
3432,Sergio Castillo Gómez,Ventas,Ventas Nacionales,2026-05-04,9.0,10.0,7.9,10.0,7.6,8.97,9.4,9.0,9.3,9.3,9.26,8.3,5.5,7.0,6.3,7.1,6.86,6.9,5.8,5.2,5.9,5.7,5.96
3433,Ximena Cruz Romero,Tecnología,Soporte Técnico,2026-07-29,8.5,9.3,8.0,9.0,8.9,8.74,9.0,9.8,7.9,10.0,9.23,10.0,10.0,10.0,10.0,10.0,10.0,6.6,8.2,7.5,9.1,8.3,7.85
3434,Pedro Ramírez Torres,Recursos Humanos,Nómina,2026-08-02,6.2,4.8,6.2,5.7,6.7,5.85,6.5,6.5,9.6,5.3,6.82,5.3,5.2,4.9,4.5,6.0,5.18,3.5,6.4,6.6,6.2,6.6,5.7
3435,Laura Rodríguez González,Recursos Humanos,Nómina,2025-10-18,4.4,4.2,3.9,6.5,4.7,4.61,4.6,4.7,6.6,6.6,5.52,5.2,6.2,5.2,5.6,4.1,5.35,7.8,8.2,5.0,5.3,7.1,6.77
3436,Laura Flores Gómez,Operaciones,Logística,2026-06-14,4.7,4.6,3.7,6.5,6.0,4.94,5.2,4.5,8.9,5.7,5.89,5.8,5.9,6.0,4.9,3.3,5.36,7.0,6.8,7.4,7.7,7.9,7.26
3437,Raúl García Romero,Tecnología,Infraestructura,2026-01-04,7.3,7.2,8.1,9.4,7.7,7.81,7.1,7.0,4.5,6.3,6.36,8.7,8.0,8.0,7.3,8.8,8.19,8.2,7.4,7.0,5.9,7.0,7.18
3438,Karla Castillo Jiménez,Ventas,Atención a Clientes,2026-02-04,7.5,8.8,7.0,7.1,8.0,7.74,9.1,7.0,9.1,9.7,8.73,6.9,7.6,7.1,6.8,6.4,7.02,8.7,5.2,7.9,7.5,6.9,7.24
3439,Ana Torres Sánchez,Tecnología,Soporte Técnico,2025-10-07,6.7,6.4,6.8,6.3,6.1,6.5,4.5,4.9,7.0,5.4,5.33,4.9,4.5,7.0,5.1,6.7,5.52,6.8,6.6,6.0,6.2,6.6,6.45
3440,Jorge Sánchez Torres,Finanzas,Auditoría Interna,2026-03-29,4.4,6.0,4.1,4.1,2.0,4.34,2.1,0.0,1.1,0.0,0.85,4.6,2.1,4.2,3.9,5.8,3.97,1.7,3.7,3.1,1.0,2.4,2.41
3441,Andrea González Ortiz,Ventas,Ventas Internacionales,2026-05-27,5.4,4.3,6.1,6.8,5.1,5.43,4.7,4.7,4.2,4.1,4.45,7.7,5.4,7.5,7.1,6.9,6.88,4.9,5.9,5.8,5.8,4.8,5.5
3442,Roberto Gómez Cruz,Tecnología,Desarrollo,2025-11-07,8.4,8.2,8.3,6.5,7.5,7.91,7.0,5.4,6.3,7.0,6.46,6.2,6.7,4.7,7.0,6.5,6.19,6.1,6.0,5.1,6.2,5.4,5.82
3443,Gabriela Jiménez Gómez,Marketing,Marketing Digital,2025-09-23,1.2,2.9,4.4,5.8,1.3,2.97,2.0,2.0,1.9,2.2,2.03,2.8,2.5,4.1,2.1,3.6,3.0,4.6,2.4,0.7,1.6,2.9,2.5
3444,Karla Pérez Vázquez,Ventas,Ventas Nacionales,2026-08-07,7.3,7.2,6.3,6.1,7.2,6.88,7.8,6.9,7.2,7.4,7.36,8.2,8.1,7.1,6.5,5.8,7.34,7.9,6.1,5.4,4.0,7.2,6.1
3445,Ricardo Pérez Flores,Tecnología,Infraestructura,2026-08-03,5.4,7.5,5.2,4.6,6.0,5.86,6.5,5.3,5.0,7.3,6.1,7.1,6.2,7.2,6.2,8.5,6.97,5.1,7.7,7.4,4.5,6.2,6.2
3446,Ximena López Cruz,Tecnología,Desarrollo,2026-08-11,5.9,4.9,6.5,6.3,5.7,5.8,5.9,6.5,6.8,6.6,6.4,8.1,5.5,8.2,5.8,7.5,7.04,8.6,6.3,9.3,9.3,6.0,8.04
3447,Ana Ramírez Castillo,Operaciones,Logística,2026-06-24,8.4,6.8,8.0,5.2,8.0,7.38,8.1,6.8,8.0,7.6,7.63,8.1,6.0,8.8,7.7,8.1,7.66,7.6,8.6,8.4,7.7,8.5,8.12
3448,Fernanda García Sánchez,Finanzas,Tesorería,2025-11-23,6.8,6.6,7.9,6.5,8.3,7.15,6.0,7.3,4.5,7.0,6.28,7.9,4.1,4.8,5.6,8.0,6.0,6.6,7.4,6.8,6.7,6.2,6.82
3449,Laura Flores García,Marketing,Marketing Digital,2026-03-27,9.5,8.9,7.1,8.4,6.9,8.32,9.8,10.0,9.7,9.7,9.8,6.9,6.0,7.8,8.1,8.5,7.28,7.3,8.4,10.0,8.7,9.4,8.6
3450,Gabriela Pérez Morales,Finanzas,Tesorería,2026-06-07,5.8,5.0,5.2,6.1,7.5,5.78,2.8,5.7,6.4,7.4,5.4,6.2,4.8,6.5,6.4,3.8,5.58,6.1,5.7,4.1,4.7,5.5,5.26
3451,Mariana Cruz Castillo,Operaciones,Control de Calidad,2026-06-21,6.2,6.8,4.8,3.7,3.8,5.34,4.4,4.6,5.1,4.1,4.51,4.9,6.1,4.3,5.9,2.9,4.93,3.5,4.4,3.6,7.2,3.6,4.5
3452,Jorge Morales Torres,Ventas,Ventas Nacionales,2026-06-04,5.8,6.0,7.5,5.5,5.5,6.1,4.9,7.0,5.8,8.0,6.38,4.6,5.3,1.8,6.7,4.8,4.56,6.8,3.7,4.0,3.5,5.8,4.7
3453,Ana Reyes Vázquez,Finanzas,Auditoría Interna,2026-04-07,8.8,8.5,8.5,7.0,9.6,8.52,8.0,10.0,9.6,9.2,9.12,8.0,9.4,8.9,8.7,8.6,8.72,9.5,9.9,7.2,8.0,9.2,8.81
3454,Paola Pérez Ramírez,Finanzas,Contabilidad,2025-12-10,3.8,5.2,6.8,3.6,3.6,4.69,6.9,4.5,5.9,4.9,5.6,4.8,6.6,5.7,4.2,6.4,5.58,8.1,5.3,5.3,6.1,6.2,6.25
3455,Daniela Martínez Pérez,Finanzas,Contabilidad,2026-06-14,6.6,6.5,6.8,6.0,7.2,6.62,3.4,4.2,4.6,5.5,4.36,5.3,4.3,4.8,5.2,3.6,4.68,3.2,4.0,5.7,4.1,4.9,4.25
3456,Karla Sánchez González,Marketing,Marketing Digital,2025-11-29,6.4,5.7,5.8,2.9,6.1,5.54,7.4,5.6,9.5,6.5,7.14,3.6,5.3,6.9,5.2,4.1,5.0,7.8,4.8,5.4,6.0,4.5,5.88
3457,Valeria Rodríguez Castillo,Ventas,Ventas Nacionales,2026-01-05,8.0,10.0,9.5,7.3,7.6,8.64,9.2,5.9,7.8,10.0,8.3,6.3,9.2,6.8,9.4,7.0,7.7,10.0,9.1,9.5,9.5,7.9,9.37
3458,Camila Ramírez González,Operaciones,Logística,2025-10-17,3.4,2.1,4.4,4.5,2.2,3.26,3.8,5.2,5.7,1.7,4.0,3.1,0.2,4.2,2.9,3.8,2.67,2.0,3.8,3.6,2.5,4.2,3.09
3459,Juan Jiménez Gómez,Operaciones,Producción,2026-02-26,6.4,5.8,6.1,3.2,4.8,5.47,4.4,7.1,6.8,8.1,6.48,7.7,5.7,8.5,6.1,6.6,6.96,6.0,5.7,6.6,7.6,6.7,6.44
3460,Sergio Hernández Romero,Tecnología,Soporte Técnico,2025-09-28,3.2,1.7,3.8,3.5,4.6,3.2,2.2,1.5,3.5,4.6,2.88,3.0,4.6,4.0,4.1,3.1,3.78,2.1,2.7,1.9,3.5,0.5,2.33
3461,Andrea Torres Ortiz,Ventas,Ventas Nacionales,2025-11-26,9.6,8.9,9.7,7.9,7.6,8.89,9.5,7.9,6.8,7.3,8.01,8.5,8.1,8.0,9.5,6.3,8.12,7.7,8.6,8.2,9.1,9.1,8.44
3462,José Rodríguez Castillo,Tecnología,Desarrollo,2025-12-01,7.1,7.0,8.3,7.9,6.0,7.27,9.0,8.1,5.2,6.7,7.44,10.0,10.0,7.6,8.6,9.0,9.16,6.7,8.0,7.4,7.2,7.7,7.36
3463,Karla Ramírez Reyes,Tecnología,Desarrollo,2026-04-07,6.3,8.5,7.6,5.4,5.8,6.9,5.0,9.8,7.7,8.5,7.62,2.2,5.5,6.2,6.4,7.1,5.19,6.5,7.5,6.1,7.7,6.8,6.94
3464,Valeria Jiménez Jiménez,Ventas,Ventas Internacionales,2026-06-16,7.5,9.0,7.6,10.0,10.0,8.64,6.0,6.5,7.0,7.9,6.8,10.0,8.8,9.7,10.0,9.8,9.61,8.4,10.0,8.4,10.0,8.5,9.13
3465,Raúl Martínez Ramírez,Ventas,Atención a Clientes,2025-10-01,7.6,9.0,8.9,10.0,8.5,8.7,6.4,6.3,7.7,8.8,7.24,8.8,9.5,7.0,9.2,7.7,8.51,7.4,10.0,9.1,8.4,8.5,8.7
3466,Andrea Gómez Gómez,Tecnología,Soporte Técnico,2026-02-21,4.1,5.1,5.0,6.9,4.5,5.01,5.9,4.8,4.2,3.5,4.68,5.1,4.8,5.7,3.8,3.4,4.69,6.6,5.2,3.5,6.4,5.8,5.51
3467,Sergio Jiménez Romero,Recursos Humanos,Capacitación,2026-03-04,4.3,4.4,6.8,7.1,5.3,5.4,6.7,5.8,5.5,7.4,6.41,3.5,6.1,5.3,4.6,4.0,4.75,7.2,5.8,4.0,4.5,7.2,5.67
3468,Sergio Ortiz Romero,Operaciones,Producción,2026-02-07,8.3,10.0,9.2,8.4,10.0,9.18,9.1,9.4,8.4,8.6,8.91,10.0,7.6,9.8,10.0,10.0,9.36,8.2,10.0,7.0,9.0,8.6,8.61
3469,María Rodríguez Castillo,Recursos Humanos,Nómina,2026-09-06,2.6,4.1,4.2,5.6,3.6,3.89,1.7,2.4,3.6,2.5,2.46,2.4,3.5,3.8,2.2,3.5,3.09,6.1,3.9,5.2,5.3,3.8,4.98
3470,Ana López Martínez,Marketing,Marketing Digital,2025-11-05,9.3,10.0,8.7,8.1,7.3,8.88,6.1,7.5,7.2,8.9,7.37,6.0,6.7,6.0,8.5,6.4,6.61,6.5,5.4,5.0,6.4,6.3,5.89
3471,Jorge Pérez Pérez,Finanzas,Auditoría Interna,2025-11-20,7.7,7.9,7.1,8.1,7.8,7.7,6.8,6.2,8.5,7.8,7.24,6.4,6.8,6.9,7.7,6.4,6.8,6.1,7.6,8.4,8.4,7.7,7.56
3472,Gabriela López González,Recursos Humanos,Capacitación,2026-02-18,5.7,4.9,4.2,4.8,3.6,4.75,3.4,5.2,4.9,5.2,4.6,4.8,5.6,5.0,6.8,3.9,5.2,4.7,4.7,3.6,6.4,4.1,4.76
3473,Roberto Jiménez Hernández,Recursos Humanos,Capacitación,2025-09-22,4.1,4.8,4.9,5.5,4.9,4.76,5.9,7.9,7.6,6.4,6.86,4.6,6.4,5.5,5.8,4.2,5.35,6.7,9.5,7.2,8.1,8.2,7.93
3474,Roberto Cruz García,Tecnología,Desarrollo,2025-12-03,6.9,7.0,6.0,5.9,6.6,6.55,10.0,8.2,9.5,10.0,9.45,8.0,7.7,6.4,5.1,5.9,6.86,7.2,6.3,5.6,7.8,6.8,6.74
3475,Luis Hernández Cruz,Finanzas,Auditoría Interna,2026-03-25,4.8,5.1,6.2,5.6,4.4,5.22,8.4,6.4,5.5,7.3,7.05,6.7,6.3,8.5,8.7,6.0,7.15,8.4,4.7,9.5,7.1,5.3,7.13
3476,Paola Ortiz Morales,Finanzas,Tesorería,2026-01-01,6.7,4.9,5.3,8.4,4.8,5.94,3.1,4.6,2.7,4.6,3.77,6.2,3.9,4.5,4.4,2.9,4.52,4.1,3.3,3.0,5.1,3.9,3.86
3477,Sergio Sánchez García,Tecnología,Desarrollo,2026-05-19,3.3,3.2,1.2,4.5,4.5,3.22,5.2,4.0,2.6,3.5,3.96,4.6,2.8,4.9,3.0,2.9,3.72,2.7,3.0,5.9,3.7,5.9,3.94
3478,José Reyes Ramírez,Operaciones,Logística,2025-11-04,8.2,7.3,7.8,6.2,9.6,7.8,8.2,7.3,8.4,10.0,8.46,6.8,10.0,7.8,8.4,7.3,8.12,7.7,8.6,9.1,9.5,10.0,8.8
3479,Roberto Pérez Pérez,Tecnología,Infraestructura,2026-01-08,7.4,7.5,8.1,9.1,6.9,7.75,8.8,6.6,6.6,5.4,6.96,7.6,4.1,7.1,7.1,6.2,6.34,8.3,8.8,6.3,9.1,7.9,8.14
3480,Daniela Morales Rodríguez,Recursos Humanos,Capacitación,2025-11-26,5.3,3.6,5.2,3.3,4.1,4.38,4.0,2.3,3.9,4.0,3.56,3.6,3.2,1.5,2.1,3.5,2.84,5.7,4.0,4.3,3.0,2.6,4.14
3481,Juan González González,Ventas,Ventas Nacionales,2025-11-06,4.7,6.0,5.2,5.0,6.8,5.48,4.3,5.6,5.0,4.3,4.76,3.3,4.9,4.3,3.2,4.3,4.03,5.7,3.4,5.2,4.5,5.1,4.72
3482,Ana Ortiz Ortiz,Operaciones,Logística,2025-10-05,9.4,6.5,6.6,4.0,7.6,7.03,6.8,4.5,4.1,7.3,5.81,5.6,6.1,8.2,5.9,5.4,6.26,6.6,6.1,6.8,4.9,6.5,6.17
3483,Luis López Torres,Marketing,Marketing Digital,2026-05-12,4.1,3.4,3.9,1.5,1.9,3.17,2.7,2.9,3.6,3.6,3.16,3.3,4.1,3.9,5.3,6.2,4.35,2.5,1.4,3.9,2.3,1.2,2.34
3484,Camila Sánchez Torres,Ventas,Ventas Internacionales,2026-05-30,8.6,10.0,8.4,9.6,9.0,9.12,7.2,9.5,9.1,5.8,7.81,7.3,7.6,9.6,7.5,9.2,8.15,7.3,7.4,7.4,9.2,7.5,7.74
3485,Gabriela Rodríguez Cruz,Finanzas,Contabilidad,2025-09-16,7.0,8.7,6.5,5.8,5.4,6.9,6.3,6.5,8.0,5.9,6.59,4.6,5.0,3.2,5.6,7.6,5.02,6.2,2.7,5.4,3.0,3.2,4.23
3486,Alejandro Flores Martínez,Finanzas,Tesorería,2025-12-23,5.6,6.3,8.3,7.1,6.6,6.69,5.5,6.8,5.3,5.3,5.74,5.2,6.4,8.2,5.4,6.8,6.37,4.8,6.4,4.7,4.5,6.2,5.26
3487,Jorge Hernández Ortiz,Operaciones,Producción,2026-05-23,10.0,8.6,8.5,9.1,9.4,9.12,10.0,10.0,9.0,10.0,9.8,9.5,9.6,7.7,9.5,9.9,9.22,10.0,10.0,10.0,8.7,9.6,9.7
3488,Camila Castillo Cruz,Tecnología,Soporte Técnico,2025-11-04,8.3,8.9,7.5,9.3,9.8,8.67,7.3,8.9,9.6,7.8,8.28,5.6,6.5,7.9,6.3,6.7,6.56,6.6,5.6,5.4,3.4,3.9,5.2
3489,Luis Ortiz Morales,Finanzas,Tesorería,2026-07-31,6.0,3.5,6.7,6.5,6.6,5.68,3.4,4.6,5.5,5.4,4.62,6.5,5.3,5.1,6.3,3.6,5.46,6.9,8.8,7.2,4.8,6.2,6.94
3490,Sofía Castillo Flores,Ventas,Atención a Clientes,2026-07-19,3.3,1.6,3.9,1.9,2.5,2.66,4.3,5.0,4.1,4.7,4.54,4.2,4.7,5.2,2.8,8.1,4.9,2.2,3.1,3.4,2.4,2.3,2.72
3491,Paola Ramírez González,Operaciones,Control de Calidad,2026-07-12,6.8,7.5,7.6,7.4,6.8,7.23,6.7,7.1,6.2,5.8,6.48,4.8,5.4,6.8,3.0,5.5,5.18,5.4,6.7,6.3,6.0,5.6,6.04
3492,Raúl Ortiz Romero,Operaciones,Logística,2026-08-08,4.0,5.1,5.3,4.5,4.4,4.67,3.5,2.7,4.4,2.1,3.13,3.7,2.8,3.3,2.8,1.7,2.96,3.5,5.6,4.3,2.4,2.7,3.88
3493,Laura Ortiz Reyes,Recursos Humanos,Reclutamiento,2026-05-21,7.1,4.9,7.8,7.4,6.8,6.69,6.4,6.2,6.4,6.8,6.45,6.5,5.2,6.0,7.7,5.5,6.1,5.0,7.1,5.4,8.3,7.6,6.52
3494,Fernanda Romero Flores,Operaciones,Control de Calidad,2026-04-28,5.4,4.0,5.4,3.0,4.6,4.57,8.3,6.2,6.2,8.3,7.36,7.2,6.7,6.4,9.0,6.5,7.08,5.0,7.6,5.7,7.7,8.1,6.64
3495,Sergio Sánchez González,Operaciones,Logística,2026-07-12,8.2,9.3,7.9,9.3,9.4,8.76,7.0,9.4,5.3,10.0,8.01,8.2,9.4,9.4,7.5,10.0,8.91,5.3,7.6,8.6,8.0,9.4,7.48
3496,Francisco Morales Jiménez,Operaciones,Control de Calidad,2026-02-25,5.0,5.6,4.8,5.7,6.8,5.48,5.4,5.9,5.2,5.9,5.61,3.8,6.3,6.1,5.6,8.3,5.83,7.1,5.3,5.8,6.9,6.5,6.29
3497,Roberto Hernández Rodríguez,Ventas,Ventas Nacionales,2026-05-11,3.0,3.5,5.8,2.4,5.8,4.01,5.4,3.8,6.7,6.2,5.46,6.5,5.3,6.6,6.8,4.2,5.92,4.5,6.7,6.9,2.5,6.8,5.36
3498,Juan García Pérez,Marketing,Marketing Digital,2025-11-29,5.0,4.2,4.3,4.9,5.5,4.72,3.8,2.8,5.1,2.3,3.43,5.5,5.6,6.8,6.0,5.3,5.83,4.8,4.8,5.3,3.5,3.9,4.55
3499,Camila Romero Romero,Operaciones,Control de Calidad,2026-06-04,9.6,7.8,8.1,7.7,8.9,8.46,6.2,6.9,7.5,9.4,7.44,7.4,8.6,8.7,10.0,9.0,8.59,8.8,9.1,8.6,9.0,8.5,8.84
3500,Mariana Romero Castillo,Ventas,Ventas Internacionales,2026-05-25,6.3,6.6,4.0,5.8,5.1,5.66,5.4,4.5,3.3,5.8,4.86,7.2,7.1,7.6,5.1,6.9,6.9,7.9,6.4,8.4,5.8,5.6,6.98
3501,Jorge Castillo Reyes,Recursos Humanos,Nómina,2026-04-20,9.2,7.0,5.3,6.1,7.7,7.18,7.1,6.3,5.4,5.5,6.16,7.7,7.5,8.5,9.2,6.7,7.88,6.1,6.1,7.1,4.6,8.4,6.23
3502,Juan Vázquez Rodríguez,Ventas,Atención a Clientes,2026-02-23,5.6,5.2,5.2,5.0,4.4,5.15,5.8,5.3,4.5,4.3,5.04,5.6,4.0,6.6,5.5,6.3,5.49,5.1,3.5,5.2,5.4,3.5,4.62
3503,María Ramírez Cruz,Marketing,Marketing Digital,2025-11-05,9.6,7.9,8.0,9.8,10.0,8.94,10.0,7.8,9.9,9.5,9.3,7.5,6.6,8.2,6.8,7.7,7.34,8.2,8.8,10.0,9.4,10.0,9.13
3504,Ana Pérez Hernández,Ventas,Ventas Nacionales,2025-12-20,7.7,6.4,5.6,8.3,7.2,6.97,7.9,7.4,6.6,8.5,7.67,9.2,8.9,7.8,10.0,10.0,9.09,9.4,7.6,6.7,8.6,6.7,7.98
3505,Gabriela Ortiz Pérez,Recursos Humanos,Reclutamiento,2026-01-05,3.6,6.3,5.6,4.6,5.0,5.04,6.8,4.5,5.4,3.0,5.0,4.0,7.2,5.4,6.2,3.5,5.34,4.8,4.2,4.2,5.4,3.1,4.48
3506,Camila García González,Marketing,Comunicación de Marca,2026-08-25,7.1,7.4,8.1,7.9,7.2,7.51,7.9,8.6,5.2,4.9,6.78,7.5,7.5,9.0,7.8,7.6,7.86,7.4,3.9,5.3,7.1,3.9,5.69
3507,Sofía Martínez Torres,Finanzas,Contabilidad,2026-07-30,7.3,8.2,8.2,8.6,8.5,8.08,6.9,8.9,8.5,7.2,7.8,9.3,9.5,8.4,8.4,9.0,8.99,8.6,10.0,9.2,10.0,9.9,9.48
3508,Juan González González,Recursos Humanos,Nómina,2026-03-23,6.5,4.1,6.9,5.3,6.0,5.72,5.1,7.7,5.5,7.6,6.46,7.9,7.1,7.4,7.0,7.7,7.44,7.6,5.8,7.0,4.6,7.8,6.45
3509,María Romero Morales,Recursos Humanos,Nómina,2026-05-03,8.1,8.4,7.9,9.4,7.0,8.17,5.9,5.9,8.9,7.4,6.88,9.6,8.2,8.5,10.0,9.8,9.12,6.8,9.1,6.3,6.3,7.9,7.28
3510,Jorge Flores Romero,Operaciones,Producción,2025-11-25,7.2,7.5,9.5,8.2,8.1,8.02,10.0,9.9,9.2,10.0,9.82,10.0,10.0,10.0,10.0,7.9,9.68,10.0,10.0,10.0,10.0,8.4,9.84
3511,Karla García Reyes,Operaciones,Logística,2026-06-28,8.9,8.3,7.2,6.9,8.3,8.02,7.3,8.1,5.6,6.9,7.06,8.9,6.2,8.3,6.9,7.3,7.56,6.8,9.9,8.0,8.0,5.6,7.94
3512,Sofía Rodríguez Pérez,Operaciones,Control de Calidad,2026-08-15,7.7,6.3,7.1,6.0,6.3,6.76,6.9,6.4,7.6,6.6,6.84,7.1,7.7,6.4,6.1,8.7,7.2,5.8,6.0,6.4,5.3,6.5,5.94
3513,Ricardo Cruz Jiménez,Operaciones,Producción,2025-09-21,8.0,8.3,8.2,8.9,6.4,8.01,8.1,8.0,8.2,7.6,7.97,9.2,6.5,9.8,9.4,9.6,8.74,10.0,8.1,10.0,10.0,10.0,9.52
3514,Francisco García Reyes,Ventas,Ventas Nacionales,2026-06-07,6.6,6.4,7.2,7.0,4.8,6.46,7.9,4.6,5.3,7.8,6.53,6.5,6.4,6.8,9.7,6.4,7.0,5.3,6.7,6.1,5.0,5.3,5.75
3515,Miguel Castillo Castillo,Recursos Humanos,Capacitación,2026-02-06,6.1,7.3,7.3,6.3,5.5,6.58,5.4,6.4,7.4,6.7,6.38,6.1,6.0,6.4,7.9,6.5,6.46,7.6,9.5,6.8,6.8,9.4,7.94
3516,Jorge López Torres,Operaciones,Producción,2026-08-30,7.3,8.2,6.5,7.2,8.9,7.59,10.0,8.9,10.0,7.9,9.2,9.0,6.8,9.7,6.3,5.8,7.71,10.0,9.9,10.0,5.8,6.2,8.75
3517,Ricardo Morales Rodríguez,Ventas,Atención a Clientes,2026-07-19,6.7,5.7,7.0,5.1,6.1,6.18,7.4,6.9,7.8,6.5,7.13,7.0,6.1,6.1,6.0,7.1,6.46,3.5,6.3,6.6,4.1,5.2,5.11
3518,Sergio Vázquez Martínez,Recursos Humanos,Reclutamiento,2026-03-29,7.7,7.5,6.5,6.5,7.7,7.23,6.9,6.3,6.0,5.6,6.24,5.4,5.5,6.8,5.8,4.8,5.68,5.6,7.4,6.0,8.0,5.5,6.6
3519,María Sánchez Flores,Recursos Humanos,Reclutamiento,2026-07-29,6.1,4.7,4.5,5.4,5.2,5.19,5.2,3.2,4.4,3.2,4.04,2.8,1.7,2.6,2.7,5.1,2.81,3.9,3.8,5.0,7.0,4.7,4.8
3520,Diego Ramírez Reyes,Marketing,Investigación de Mercado,2025-10-24,6.2,7.0,8.1,5.4,6.1,6.64,5.1,3.6,4.2,3.3,4.1,6.5,6.6,5.8,4.6,3.8,5.7,6.8,6.3,6.6,6.1,7.4,6.56
3521,José Flores Romero,Ventas,Atención a Clientes,2026-07-22,6.4,7.1,6.6,6.1,8.4,6.87,8.0,7.6,8.9,9.8,8.53,8.9,6.1,6.5,6.6,8.3,7.28,8.7,6.6,8.5,9.1,7.2,8.07
3522,Andrea Pérez Morales,Ventas,Ventas Nacionales,2026-03-11,2.9,5.8,4.5,6.3,6.2,4.95,5.5,6.0,5.0,5.5,5.52,6.4,6.5,5.4,5.3,6.4,6.06,4.2,6.6,5.5,5.0,6.5,5.45
3523,Carlos Vázquez Castillo,Ventas,Ventas Internacionales,2025-11-21,8.6,5.7,8.0,6.7,7.2,7.26,6.3,5.9,6.2,8.7,6.78,6.6,7.5,8.7,6.0,7.2,7.24,7.5,5.7,6.8,5.7,5.5,6.35
3524,Diego Castillo Ramírez,Tecnología,Desarrollo,2026-08-07,4.8,6.7,6.9,4.9,5.8,5.86,6.8,5.0,3.7,5.8,5.48,5.6,5.5,3.8,4.8,7.1,5.32,5.7,3.7,6.1,5.9,7.1,5.46
3525,Sofía Rodríguez Gómez,Operaciones,Control de Calidad,2026-06-22,10.0,8.7,8.7,10.0,9.6,9.36,9.1,6.8,6.8,9.4,8.14,7.9,6.5,9.1,7.4,8.3,7.78,9.2,7.5,8.1,9.1,6.4,8.26
3526,Fernanda Pérez Martínez,Finanzas,Auditoría Interna,2025-12-08,4.7,4.7,3.0,5.8,3.8,4.39,4.9,3.4,3.5,6.9,4.74,2.1,3.7,3.7,2.1,3.3,3.0,3.5,6.6,3.0,6.2,3.8,4.74
3527,Juan Pérez Vázquez,Finanzas,Tesorería,2025-10-19,5.4,6.1,5.9,7.2,6.9,6.17,8.3,7.7,9.9,7.4,8.25,5.7,7.3,8.2,8.7,5.8,7.06,8.2,7.8,8.4,8.4,6.5,8.01
3528,Gabriela Ortiz Cruz,Recursos Humanos,Capacitación,2025-10-04,6.4,8.8,9.0,9.5,8.9,8.36,5.9,6.7,6.6,9.8,7.22,8.6,7.4,8.0,9.5,9.6,8.46,3.5,7.0,6.9,6.7,6.8,6.02
3529,José Gómez Torres,Recursos Humanos,Nómina,2026-08-09,9.9,9.8,8.2,10.0,10.0,9.57,9.1,8.6,9.6,9.4,9.15,8.8,9.3,9.9,7.6,7.9,8.83,10.0,6.3,7.4,7.8,5.6,7.68
3530,Sofía Cruz García,Tecnología,Desarrollo,2026-01-18,1.7,3.8,3.9,2.0,2.1,2.77,2.3,2.9,3.3,3.2,2.88,5.3,2.6,2.9,2.2,2.2,3.22,3.5,4.8,3.9,2.9,3.6,3.8
3531,Alejandro Romero Martínez,Operaciones,Control de Calidad,2026-02-11,6.2,4.0,3.7,6.7,5.7,5.15,4.7,4.7,5.2,4.6,4.78,3.8,2.8,4.9,3.4,2.4,3.5,3.9,4.5,6.3,2.9,4.1,4.35
3532,Sofía Flores Ramírez,Ventas,Ventas Nacionales,2026-03-29,5.1,6.1,5.0,6.7,5.5,5.63,6.2,6.0,5.1,8.9,6.6,8.1,6.2,5.4,5.1,6.6,6.41,4.6,5.1,6.1,7.4,7.0,5.82
3533,Alejandro Gómez Ramírez,Finanzas,Auditoría Interna,2026-08-20,5.1,6.7,6.3,5.5,6.0,5.94,6.3,7.7,5.8,5.3,6.3,5.4,6.4,3.6,4.4,5.9,5.22,3.6,4.6,4.6,5.4,4.7,4.52
3534,Paola Pérez Gómez,Tecnología,Soporte Técnico,2026-06-24,9.5,6.4,9.5,6.4,6.1,7.75,7.8,7.2,8.0,6.3,7.32,8.3,10.0,7.0,8.5,9.0,8.6,7.7,10.0,8.8,10.0,10.0,9.18
3535,Daniela Cruz Jiménez,Recursos Humanos,Capacitación,2026-02-27,5.3,4.4,4.3,4.4,4.5,4.62,3.8,4.5,5.5,6.6,5.01,5.1,7.2,6.2,6.5,6.5,6.26,6.3,7.9,7.2,3.0,4.9,6.08
3536,Ximena Rodríguez Romero,Operaciones,Logística,2026-01-04,7.5,6.8,6.7,5.8,5.2,6.56,6.7,6.8,6.0,10.0,7.41,4.6,7.0,7.3,7.6,5.4,6.31,7.7,7.7,3.3,7.2,5.8,6.53
3537,Daniela Vázquez Ortiz,Recursos Humanos,Capacitación,2026-01-30,9.1,8.8,8.0,8.4,10.0,8.83,9.7,8.5,7.0,6.8,8.14,7.1,6.1,8.7,7.9,8.0,7.42,7.1,8.0,7.1,7.7,8.7,7.6
3538,Karla Sánchez Hernández,Tecnología,Desarrollo,2025-09-18,1.4,0.9,0.3,2.9,3.2,1.55,4.3,1.6,0.9,2.2,2.42,0.8,0.3,0.7,2.1,2.5,1.1,2.2,2.7,2.0,2.4,0.7,2.17
3539,Valeria Morales Pérez,Ventas,Ventas Nacionales,2026-04-08,6.6,7.1,7.2,7.8,5.4,6.85,4.2,5.8,8.3,5.5,5.74,5.9,6.0,6.0,4.5,6.2,5.78,7.5,9.0,8.3,9.1,8.0,8.41
3540,Mariana Martínez Torres,Tecnología,Desarrollo,2025-10-14,5.7,5.9,7.9,4.2,6.3,6.06,7.0,8.6,5.8,6.6,7.06,7.0,7.6,6.2,5.2,7.4,6.78,5.3,6.1,2.7,6.1,5.5,5.16
3541,Juan Gómez Cruz,Recursos Humanos,Nómina,2026-05-15,4.3,6.3,5.1,6.8,6.1,5.6,4.1,6.4,4.4,3.7,4.64,1.9,4.2,2.7,2.1,1.7,2.64,3.7,4.1,2.6,3.3,4.1,3.54
3542,Gabriela García Ramírez,Operaciones,Control de Calidad,2026-01-10,5.9,5.3,6.0,7.1,5.5,5.89,2.7,4.8,4.4,5.0,4.14,2.1,3.1,4.0,4.4,3.0,3.21,3.9,2.9,3.6,3.0,0.3,3.05
3543,Alejandro López Gómez,Ventas,Atención a Clientes,2025-11-29,7.3,7.2,5.4,7.4,8.6,7.1,4.9,8.0,6.5,7.4,6.62,7.7,7.1,5.5,7.4,4.6,6.6,6.1,4.9,5.3,3.2,4.8,4.93
3544,Fernanda Pérez García,Tecnología,Infraestructura,2026-04-08,3.0,3.1,3.9,4.5,2.4,3.34,3.1,3.9,3.2,4.5,3.67,4.3,4.4,4.4,5.0,4.1,4.42,5.2,2.9,3.0,3.4,3.1,3.62
3545,Juan Flores Gómez,Ventas,Ventas Nacionales,2026-06-26,6.2,7.6,8.1,8.1,8.5,7.56,6.3,6.2,6.7,7.0,6.53,5.3,5.5,7.6,6.1,7.3,6.23,9.3,8.6,7.0,8.7,6.4,8.26
3546,Paola López Vázquez,Tecnología,Desarrollo,2026-04-14,3.8,4.7,3.9,4.0,4.9,4.24,5.7,4.1,5.7,4.9,5.1,6.4,5.8,5.8,4.7,5.1,5.68,5.5,5.6,5.7,4.5,5.8,5.4
3547,José Gómez Hernández,Tecnología,Desarrollo,2025-09-21,5.5,4.4,5.9,6.6,5.5,5.47,5.3,6.1,4.5,5.0,5.26,6.8,3.5,5.3,4.6,3.1,4.79,4.9,5.8,3.6,5.9,6.7,5.24
3548,Roberto Hernández Jiménez,Tecnología,Soporte Técnico,2026-04-06,8.1,6.7,6.0,7.4,5.2,6.79,9.1,8.7,8.2,10.0,9.04,7.0,6.1,3.6,6.2,6.9,5.96,5.7,5.4,6.0,5.4,5.5,5.6
3549,Alejandro Ortiz Romero,Recursos Humanos,Nómina,2025-12-27,6.5,6.8,8.1,8.6,7.1,7.3,7.6,7.0,6.2,8.6,7.42,7.8,8.6,9.4,8.4,6.8,8.26,6.5,8.1,7.2,8.1,9.0,7.61
3550,Carlos Reyes Romero,Ventas,Ventas Nacionales,2026-04-23,4.1,5.3,3.4,4.3,3.8,4.24,5.6,7.9,6.5,7.8,6.9,6.2,5.3,6.8,5.1,6.1,5.92,4.4,6.6,7.4,8.1,9.9,6.84
3551,Valeria Ramírez Jiménez,Tecnología,Soporte Técnico,2026-04-08,4.2,3.3,3.1,2.2,2.7,3.23,2.7,5.4,4.1,3.1,3.76,3.5,3.0,4.4,3.7,2.5,3.44,3.8,3.9,4.9,5.1,2.4,4.16
3552,María García Morales,Recursos Humanos,Capacitación,2026-08-31,4.6,5.4,4.0,4.5,6.4,4.93,7.2,5.4,6.0,4.6,5.86,6.1,6.2,4.9,7.1,6.4,6.08,4.9,5.0,6.1,4.7,6.5,5.29
3553,Valeria Hernández Flores,Ventas,Ventas Internacionales,2025-10-09,4.6,4.1,5.7,6.4,2.1,4.59,7.0,5.3,5.9,5.8,6.06,3.8,3.2,3.9,4.0,4.7,3.84,3.6,4.0,3.3,6.1,6.1,4.39
3554,Juan Ortiz Sánchez,Marketing,Marketing Digital,2025-12-31,8.5,9.0,8.2,8.6,7.7,8.46,10.0,7.2,8.2,10.0,8.94,10.0,7.8,9.2,9.4,7.6,8.84,6.4,7.7,9.6,7.3,7.0,7.6
3555,Camila González Hernández,Tecnología,Desarrollo,2026-09-05,7.6,8.9,8.9,7.5,8.1,8.25,9.9,7.4,8.2,8.5,8.59,9.8,9.7,7.5,6.0,7.7,8.43,8.9,10.0,8.3,8.0,7.9,8.77
3556,Juan Reyes González,Recursos Humanos,Capacitación,2026-01-24,6.6,4.5,5.6,7.2,7.4,6.08,10.0,8.2,7.8,7.5,8.48,8.9,8.3,7.3,8.5,8.8,8.36,6.0,9.0,6.2,7.3,7.5,7.2
3557,Valeria López Sánchez,Recursos Humanos,Nómina,2026-03-13,3.4,2.5,2.6,2.8,4.7,3.12,1.5,3.5,2.6,4.3,2.92,1.7,2.9,3.4,2.7,2.5,2.61,3.0,1.9,4.6,2.3,3.1,2.92
3558,María Sánchez Ramírez,Operaciones,Control de Calidad,2025-11-12,6.5,4.3,4.8,5.6,6.1,5.42,5.6,4.3,4.2,4.8,4.8,4.2,2.3,5.1,4.2,2.8,3.7,6.0,3.8,6.5,5.4,4.7,5.3
3559,Fernanda Castillo García,Operaciones,Logística,2026-01-01,9.1,6.7,7.3,7.5,8.1,7.75,8.3,8.5,6.8,8.9,8.2,6.7,9.7,9.0,9.1,10.0,8.76,9.7,9.1,7.0,8.4,8.0,8.58
3560,Pedro Rodríguez Vázquez,Recursos Humanos,Nómina,2026-07-24,7.5,8.3,8.7,6.6,5.2,7.46,8.1,8.3,9.9,10.0,8.98,9.3,9.2,9.8,9.3,9.8,9.45,10.0,9.6,10.0,9.9,8.8,9.76
3561,Ximena Sánchez Castillo,Tecnología,Desarrollo,2026-01-26,5.9,4.6,7.3,6.9,7.6,6.26,5.5,6.4,6.7,6.9,6.32,4.3,4.6,6.5,5.3,6.5,5.29,6.3,5.9,4.6,3.5,4.1,5.08
3562,Laura Jiménez Jiménez,Ventas,Ventas Nacionales,2026-05-06,4.8,3.3,4.2,4.8,5.8,4.46,3.4,5.0,4.7,3.7,4.14,1.5,4.1,1.7,2.2,1.4,2.28,2.2,1.7,3.7,3.6,5.6,3.0
3563,Mariana Sánchez Ortiz,Finanzas,Contabilidad,2026-07-27,8.6,7.8,8.8,8.8,7.2,8.26,10.0,8.1,9.1,8.4,8.94,10.0,6.9,9.7,9.4,9.7,9.03,5.4,7.5,6.4,6.3,3.5,6.12
3564,Camila Cruz Romero,Recursos Humanos,Nómina,2026-06-19,0.0,1.4,0.4,0.7,0.0,0.54,2.4,4.7,3.9,3.5,3.55,2.7,3.3,1.1,1.1,0.3,1.93,2.6,3.7,1.8,0.9,2.3,2.35
3565,Francisco Martínez Gómez,Tecnología,Desarrollo,2026-06-19,7.4,8.8,9.2,9.3,8.6,8.57,8.3,7.4,9.1,8.9,8.38,9.3,7.0,8.4,8.0,7.2,8.04,9.3,10.0,10.0,8.3,7.4,9.22
3566,José Martínez Ramírez,Tecnología,Desarrollo,2026-06-18,5.6,5.4,4.3,3.7,3.8,4.74,7.2,6.2,6.9,6.9,6.82,2.0,4.2,4.8,3.9,3.4,3.6,6.6,5.6,6.5,6.5,5.6,6.21
3567,Andrea González Morales,Recursos Humanos,Capacitación,2025-11-28,10.0,10.0,9.5,10.0,9.9,9.88,10.0,8.3,9.7,9.0,9.26,5.3,7.6,8.6,7.8,7.6,7.25,9.7,7.3,10.0,8.5,8.6,8.81
3568,Raúl Gómez Ortiz,Operaciones,Control de Calidad,2025-09-26,7.7,7.4,8.2,8.8,8.7,8.04,7.8,7.9,8.6,8.2,8.08,4.4,5.7,3.4,6.2,5.8,5.01,5.9,6.1,7.5,7.4,5.2,6.5
3569,Paola Pérez González,Finanzas,Tesorería,2026-05-25,0.7,4.3,1.0,1.3,1.8,1.92,3.1,4.6,5.2,4.3,4.2,0.5,1.7,2.7,4.1,3.5,2.23,3.7,1.9,3.2,3.4,3.1,3.03
3570,Gabriela Gómez Ramírez,Finanzas,Contabilidad,2025-11-28,4.7,5.8,1.4,4.0,4.9,4.24,6.0,8.2,8.4,4.7,6.7,4.3,2.7,3.7,5.9,4.0,3.98,6.2,5.1,5.3,7.5,8.0,6.18
3571,Miguel Pérez Martínez,Ventas,Ventas Internacionales,2026-08-13,6.9,7.5,7.3,6.1,7.4,7.09,7.6,6.4,6.9,5.3,6.58,5.9,5.7,6.9,7.0,7.4,6.44,6.1,7.0,9.6,6.9,8.9,7.46
3572,Gabriela Sánchez Martínez,Operaciones,Logística,2026-03-14,3.9,4.7,3.7,5.2,5.6,4.51,4.9,5.7,7.5,5.7,5.82,6.4,3.6,3.8,3.0,4.6,4.4,2.4,3.5,4.3,3.9,2.6,3.38
3573,Karla Ramírez Reyes,Finanzas,Tesorería,2026-08-19,7.8,8.9,7.8,7.3,9.2,8.21,6.1,6.4,8.2,7.6,6.97,6.6,5.5,7.4,6.3,5.8,6.32,7.7,8.8,7.3,8.8,7.1,8.06
3574,Andrea Morales Pérez,Ventas,Ventas Internacionales,2025-09-12,6.2,6.3,2.9,4.9,3.3,4.94,4.4,5.3,3.9,5.1,4.7,4.7,5.5,3.6,5.0,6.9,5.06,4.1,3.3,1.6,3.6,6.3,3.52
3575,Ana Pérez López,Operaciones,Logística,2025-10-16,7.6,8.1,8.2,6.8,6.6,7.57,5.5,6.6,7.2,5.0,5.99,6.9,5.4,5.1,6.9,7.1,6.2,6.0,5.0,6.0,7.0,6.6,6.01
3576,Luis González Martínez,Recursos Humanos,Nómina,2025-11-04,5.8,6.5,5.3,6.7,6.1,6.06,4.8,7.2,7.1,8.0,6.66,7.3,6.7,7.4,5.3,5.8,6.64,7.1,8.6,4.5,8.5,8.7,7.4
3577,Valeria Flores González,Finanzas,Contabilidad,2026-02-13,9.1,9.4,8.7,7.9,9.7,9.01,7.9,7.6,7.2,7.6,7.61,9.1,7.2,8.8,8.6,8.8,8.44,5.3,8.0,9.5,9.5,5.9,7.72
3578,Daniela Gómez Pérez,Recursos Humanos,Reclutamiento,2026-01-16,4.7,5.7,3.5,4.4,4.9,4.7,6.6,5.3,8.0,6.3,6.48,7.1,5.9,6.2,4.7,7.0,6.24,5.7,5.5,7.0,8.7,6.0,6.54
3579,Sergio Gómez Jiménez,Tecnología,Desarrollo,2025-10-18,8.3,6.3,9.2,6.7,6.7,7.5,3.6,5.8,5.2,6.0,5.07,5.4,7.3,4.5,7.5,4.2,5.83,6.1,9.4,7.0,6.8,7.1,7.35
3580,Paola Morales Flores,Operaciones,Control de Calidad,2026-08-02,6.5,5.6,4.2,5.5,5.3,5.48,5.7,5.5,5.7,5.4,5.57,5.5,6.5,7.8,7.6,6.1,6.62,3.3,5.7,5.2,5.4,4.0,4.77
3581,Daniela Vázquez Reyes,Recursos Humanos,Capacitación,2026-06-08,9.5,10.0,9.2,10.0,7.7,9.37,7.1,9.0,7.5,8.2,7.93,9.3,10.0,7.5,7.7,7.3,8.58,9.6,7.6,9.1,9.9,8.2,8.92
3582,Camila Jiménez Jiménez,Recursos Humanos,Reclutamiento,2026-02-25,6.6,5.8,7.7,8.3,5.6,6.72,7.3,5.1,6.7,5.1,6.08,6.4,6.7,7.3,7.3,7.0,6.88,4.2,6.7,6.3,5.5,3.8,5.47
3583,Karla Cruz García,Finanzas,Tesorería,2025-09-18,3.5,2.6,3.1,1.8,3.2,2.9,2.9,4.6,3.9,2.4,3.4,7.8,4.4,4.9,5.7,4.8,5.6,3.5,4.1,3.4,2.6,1.7,3.27
3584,Andrea Vázquez Flores,Marketing,Investigación de Mercado,2025-11-20,7.2,8.9,7.2,6.5,6.1,7.36,10.0,10.0,7.3,9.5,9.34,6.8,6.1,6.3,6.4,6.5,6.42,7.6,5.5,7.4,6.5,7.6,6.82
3585,Sofía Hernández Flores,Ventas,Ventas Internacionales,2026-08-01,3.4,6.5,7.1,5.2,6.4,5.64,8.0,5.3,5.4,6.2,6.36,6.8,5.4,6.4,5.4,3.0,5.59,6.3,4.6,5.8,3.3,5.7,5.12
3586,Karla Romero Vázquez,Recursos Humanos,Nómina,2026-07-26,4.8,3.0,1.4,4.3,2.0,3.18,4.6,3.8,5.3,4.7,4.57,2.9,3.2,4.0,2.6,4.0,3.32,3.0,4.6,4.6,3.6,3.9,3.93
3587,Sofía Romero Rodríguez,Ventas,Ventas Internacionales,2025-12-26,9.5,9.0,6.8,8.3,7.1,8.3,9.1,8.0,9.0,10.0,9.03,8.2,9.8,9.3,8.4,6.6,8.61,7.1,9.4,8.1,10.0,7.2,8.46
3588,Sofía Rodríguez Castillo,Marketing,Investigación de Mercado,2026-05-29,4.9,6.7,7.5,5.0,6.7,6.16,7.8,6.6,7.0,6.4,6.99,4.5,6.2,4.1,6.0,4.9,5.13,6.2,7.3,8.1,8.3,6.5,7.31
3589,José Sánchez Pérez,Ventas,Atención a Clientes,2026-05-20,1.1,4.0,1.4,3.2,4.1,2.65,3.0,2.7,2.1,0.5,2.12,3.6,3.1,3.6,4.0,5.4,3.8,2.5,4.2,4.3,2.8,5.5,3.65
3590,Mariana Gómez Vázquez,Tecnología,Desarrollo,2025-09-12,7.2,6.1,6.2,5.2,6.2,6.28,5.8,5.6,4.6,5.2,5.36,5.0,3.5,4.3,3.0,4.4,4.1,4.9,4.5,4.1,4.6,5.1,4.6
3591,Andrea Ortiz López,Finanzas,Contabilidad,2026-06-18,6.9,5.2,5.0,5.6,4.2,5.5,7.2,5.9,7.4,6.0,6.62,6.7,7.0,5.2,6.0,4.5,6.04,5.4,4.4,6.0,5.4,4.5,5.18
3592,Gabriela Flores Sánchez,Recursos Humanos,Reclutamiento,2025-09-18,3.8,5.1,6.7,7.2,6.1,5.56,2.6,5.4,3.2,4.3,3.84,4.7,5.5,5.7,4.6,4.3,5.02,3.9,6.0,5.3,6.0,6.3,5.36
3593,Karla Jiménez Flores,Recursos Humanos,Capacitación,2025-11-20,8.7,6.9,6.4,7.7,6.2,7.26,6.8,8.0,7.0,6.9,7.17,5.3,6.5,4.9,5.5,4.8,5.48,6.2,7.0,6.1,5.3,5.5,6.13
3594,Gabriela Morales López,Ventas,Ventas Internacionales,2025-09-08,10.0,10.0,9.3,10.0,8.2,9.59,10.0,10.0,8.3,8.4,9.26,7.9,8.9,8.7,9.2,9.7,8.78,9.1,9.5,7.9,9.9,8.0,9.01
3595,Daniela Pérez Rodríguez,Tecnología,Infraestructura,2025-10-30,10.0,6.9,8.0,9.4,9.0,8.58,8.1,10.0,9.0,9.0,8.98,6.1,9.7,7.8,7.1,6.3,7.52,8.3,8.9,5.7,8.2,8.0,7.88
3596,Roberto Torres Castillo,Marketing,Comunicación de Marca,2025-12-02,2.2,4.5,3.6,3.9,6.1,3.9,4.2,3.4,4.7,7.8,5.0,4.3,2.8,4.2,3.9,3.6,3.74,4.9,3.8,2.7,4.2,4.6,4.01
3597,Diego Jiménez Jiménez,Recursos Humanos,Capacitación,2026-09-01,5.8,8.5,5.9,5.8,7.4,6.74,6.7,5.3,6.9,5.5,6.09,5.7,7.0,5.4,6.2,5.6,6.02,6.6,8.0,9.5,6.2,8.7,7.66
3598,María Ortiz Castillo,Marketing,Comunicación de Marca,2026-07-02,7.6,6.7,9.1,6.6,6.8,7.41,4.4,5.9,5.9,6.2,5.52,5.5,8.1,4.8,4.5,5.5,5.86,6.3,7.7,6.5,6.6,7.4,6.86
3599,Sergio González Martínez,Recursos Humanos,Nómina,2025-10-26,7.5,7.0,4.6,5.3,7.5,6.46,7.0,8.6,8.3,8.3,7.98,6.6,4.4,6.2,4.6,7.1,5.74,5.8,5.8,7.0,8.2,7.9,6.73
3600,Jorge Jiménez Ramírez,Operaciones,Logística,2025-09-22,5.9,4.5,6.0,3.2,6.1,5.2,5.8,5.1,4.4,4.4,4.99,7.0,7.0,8.0,5.4,7.5,7.04,8.3,6.6,5.1,7.5,6.0,6.85
3601,Ana Romero García,Operaciones,Producción,2026-09-04,2.7,3.3,3.2,5.1,1.4,3.12,4.7,3.8,4.8,3.2,4.12,5.2,4.9,4.7,5.2,2.2,4.58,2.6,2.8,2.6,2.0,2.3,2.5
3602,Mariana Flores Pérez,Finanzas,Tesorería,2026-03-30,7.6,6.6,7.9,5.1,7.8,7.06,5.8,4.3,4.6,8.0,5.74,8.2,7.7,6.1,7.9,6.9,7.41,8.5,7.0,9.5,8.1,6.4,8.04
3603,Pedro Sánchez Morales,Tecnología,Infraestructura,2025-11-05,9.2,10.0,9.2,9.6,7.7,9.24,9.4,8.6,8.9,8.0,8.75,7.8,10.0,9.3,8.9,8.8,8.96,8.4,7.1,7.1,6.8,7.8,7.44
3604,Ricardo Flores Flores,Tecnología,Infraestructura,2026-03-17,4.0,2.1,2.6,2.2,1.5,2.6,3.2,4.6,4.1,2.8,3.63,1.7,2.1,3.4,0.5,1.9,1.99,3.6,1.1,0.7,0.6,2.1,1.64
3605,Pedro Morales Torres,Recursos Humanos,Capacitación,2025-12-01,0.9,2.4,2.4,2.6,3.5,2.22,2.3,3.1,4.3,3.7,3.25,3.0,2.9,4.0,3.0,2.7,3.13,1.6,2.7,1.1,1.8,1.1,1.77
3606,Miguel Gómez Romero,Operaciones,Producción,2026-01-19,7.6,6.9,6.4,8.8,7.8,7.4,6.1,5.2,6.3,6.7,6.06,6.9,4.3,3.7,5.6,7.3,5.48,9.1,6.5,7.1,7.2,7.6,7.52
3607,Paola Rodríguez Morales,Finanzas,Tesorería,2026-07-27,6.1,6.9,5.0,6.3,4.4,5.86,5.6,3.7,5.1,4.4,4.72,7.2,6.0,6.9,8.0,10.0,7.38,7.9,5.6,7.4,6.7,5.2,6.72
3608,Camila Sánchez Sánchez,Marketing,Marketing Digital,2026-04-18,9.2,9.3,7.9,8.0,7.9,8.59,9.2,7.6,8.3,6.8,8.02,8.0,10.0,8.0,9.8,9.9,9.06,9.0,8.4,7.8,6.5,8.4,8.05
3609,Roberto Cruz Jiménez,Tecnología,Soporte Técnico,2026-06-12,5.9,6.6,5.2,5.3,6.1,5.88,5.7,4.6,3.9,3.4,4.49,3.9,5.8,7.0,4.7,3.9,5.12,5.1,4.9,3.5,6.1,4.7,4.89
3610,Laura Rodríguez Jiménez,Ventas,Atención a Clientes,2025-10-26,5.8,6.2,4.9,6.8,5.4,5.81,3.3,6.0,4.9,3.3,4.3,6.3,4.4,4.1,3.2,6.1,4.89,3.4,5.1,4.5,6.2,5.8,4.85
3611,Ximena Jiménez Ortiz,Tecnología,Infraestructura,2026-04-28,6.8,7.0,7.0,6.2,8.9,7.12,7.9,5.9,6.3,5.7,6.53,5.2,8.4,6.7,6.9,6.1,6.69,7.6,5.0,6.4,8.2,5.9,6.66
3612,Laura Hernández Romero,Marketing,Investigación de Mercado,2026-06-25,5.6,3.3,4.9,5.1,3.9,4.56,6.0,5.0,6.1,7.3,6.1,4.7,4.7,5.0,5.6,4.3,4.84,4.7,2.4,5.8,6.8,6.3,4.92
3613,Diego López Rodríguez,Marketing,Marketing Digital,2025-10-26,8.9,7.4,7.1,7.1,7.4,7.67,8.3,8.2,6.0,4.9,6.96,8.9,6.3,8.1,8.6,5.3,7.5,7.5,6.2,6.2,6.4,6.8,6.62
3614,Gabriela Pérez Jiménez,Ventas,Atención a Clientes,2025-10-15,4.5,3.9,4.1,4.0,4.0,4.12,6.2,7.8,7.1,6.3,6.8,6.0,5.5,5.4,7.1,7.2,6.1,5.2,2.4,5.8,5.3,3.8,4.5
3615,Sofía Sánchez Flores,Tecnología,Soporte Técnico,2026-03-25,10.0,7.7,9.3,9.1,7.8,8.82,9.2,6.2,10.0,10.0,8.81,8.4,8.1,9.2,7.9,5.9,8.04,8.6,8.2,8.2,5.6,7.5,7.71
3616,Pedro Cruz Flores,Tecnología,Soporte Técnico,2026-04-26,4.1,7.4,3.1,5.2,6.6,5.26,4.9,4.5,4.0,4.1,4.42,3.6,2.9,1.9,0.9,2.3,2.48,3.2,1.9,3.1,4.9,3.1,3.18
3617,Camila Vázquez Rodríguez,Ventas,Ventas Nacionales,2026-05-25,8.3,7.6,8.5,10.0,8.8,8.5,9.5,8.2,8.2,7.1,8.32,7.3,7.6,7.5,7.9,6.6,7.4,9.5,9.5,10.0,10.0,10.0,9.75
3618,Roberto García García,Finanzas,Contabilidad,2025-10-14,1.8,4.2,3.4,4.4,3.3,3.34,2.9,3.7,4.1,4.1,3.64,4.3,4.4,5.6,4.1,2.8,4.33,4.6,2.4,5.6,5.0,5.2,4.39
3619,María Ramírez Pérez,Marketing,Marketing Digital,2025-12-05,7.3,5.8,6.5,7.1,4.3,6.28,3.9,4.6,3.3,6.6,4.63,6.8,6.9,8.9,7.9,6.7,7.4,6.7,3.2,7.1,4.6,5.3,5.34
3620,Ximena García Rodríguez,Recursos Humanos,Capacitación,2026-02-18,7.6,5.7,6.6,6.1,6.7,6.56,7.0,2.4,4.0,7.2,5.3,5.1,6.1,5.5,5.7,6.3,5.7,4.8,5.0,5.4,5.6,6.2,5.27
3621,Andrea Flores Morales,Marketing,Comunicación de Marca,2026-03-05,2.8,3.1,4.9,2.5,2.9,3.26,5.5,3.2,2.6,3.1,3.74,2.8,1.4,4.0,3.4,2.7,2.76,4.4,2.7,6.1,3.5,3.5,4.04
3622,Laura Flores Rodríguez,Tecnología,Desarrollo,2026-07-19,4.0,3.5,3.1,3.5,3.2,3.5,4.1,4.8,5.0,5.0,4.68,1.9,2.1,2.8,3.5,4.0,2.68,3.8,1.1,3.3,2.7,2.7,2.7
3623,Gabriela Vázquez Pérez,Recursos Humanos,Reclutamiento,2026-02-01,4.3,2.4,2.7,0.9,3.9,2.93,2.9,2.6,3.2,2.7,2.84,0.8,1.1,1.1,2.4,0.9,1.19,2.6,1.8,2.3,2.8,3.1,2.43
3624,Sergio Sánchez Martínez,Ventas,Ventas Nacionales,2026-02-02,7.3,7.1,5.8,5.6,5.9,6.48,6.3,6.5,3.0,5.4,5.46,6.3,5.7,8.5,8.0,6.8,6.92,7.7,6.1,5.9,6.6,8.3,6.78
3625,Laura Castillo Ramírez,Ventas,Ventas Internacionales,2026-03-08,4.0,4.0,2.5,3.5,2.6,3.42,4.1,4.7,2.3,3.3,3.69,2.4,4.0,3.8,3.5,1.5,3.11,4.4,4.0,4.0,4.3,4.3,4.19
3626,Luis Gómez Martínez,Operaciones,Producción,2026-06-25,3.1,4.5,2.7,3.3,3.7,3.49,3.7,2.6,4.8,1.9,3.2,2.7,0.7,3.9,2.7,1.6,2.28,4.2,5.4,5.8,5.4,5.2,5.16
3627,Carlos Reyes García,Recursos Humanos,Reclutamiento,2026-05-14,7.0,5.0,7.5,4.9,6.4,6.2,6.0,7.5,4.2,4.7,5.69,6.1,4.8,5.3,8.1,6.5,5.98,5.3,6.4,5.6,3.6,7.1,5.48
3628,Miguel Gómez Flores,Operaciones,Control de Calidad,2026-07-11,7.5,5.7,6.1,8.0,7.3,6.82,6.1,7.6,6.8,5.4,6.44,5.2,7.6,6.3,5.4,6.8,6.29,5.2,4.5,8.3,7.1,4.4,5.94
3629,Alejandro Flores Morales,Finanzas,Tesorería,2026-02-05,5.5,5.7,6.4,5.0,6.1,5.74,3.6,5.0,3.5,5.2,4.33,5.6,7.5,5.4,7.1,7.2,6.5,7.8,6.3,4.3,5.2,4.4,5.86
3630,Camila González Vázquez,Marketing,Investigación de Mercado,2026-04-29,2.1,3.2,2.7,3.9,2.9,2.88,1.5,3.9,3.1,2.6,2.7,3.4,3.2,2.9,3.9,3.1,3.28,2.9,1.3,3.2,4.9,1.7,2.84
3631,Karla Jiménez Ortiz,Ventas,Ventas Nacionales,2026-09-02,6.9,7.7,8.2,6.7,8.5,7.57,7.2,9.2,7.2,7.9,7.88,7.4,7.5,8.1,6.9,5.8,7.25,6.2,4.8,6.2,7.2,8.7,6.3
3632,Sofía Reyes Hernández,Recursos Humanos,Capacitación,2026-01-21,6.0,4.8,5.6,2.7,4.1,4.84,2.0,3.1,1.7,2.8,2.42,5.7,5.1,5.7,6.5,5.4,5.62,4.5,4.1,6.6,5.6,3.5,4.94
3633,Mariana Sánchez Pérez,Operaciones,Logística,2025-12-12,4.4,1.6,3.3,4.9,3.7,3.45,5.3,2.8,5.7,3.6,4.33,0.9,0.7,1.1,4.1,1.8,1.5,6.4,5.1,5.3,4.3,5.3,5.32
3634,Pedro Rodríguez Martínez,Finanzas,Tesorería,2026-05-19,8.4,8.3,9.2,8.4,9.1,8.64,8.5,9.1,8.2,8.9,8.69,7.5,8.2,9.3,6.7,9.5,8.22,9.7,9.9,8.5,9.3,7.7,9.23
3635,Francisco Sánchez López,Tecnología,Desarrollo,2025-12-21,8.7,10.0,8.8,9.0,9.4,9.2,7.0,10.0,10.0,7.2,8.4,8.8,10.0,7.8,8.5,9.5,8.96,10.0,8.3,10.0,7.1,10.0,9.0
3636,Juan López Pérez,Marketing,Investigación de Mercado,2026-02-08,6.2,9.4,7.9,5.8,6.2,7.28,7.8,6.1,10.0,9.3,8.19,10.0,7.6,6.2,9.3,8.7,8.34,7.0,7.1,7.2,9.8,9.5,7.88
3637,Sergio Torres Jiménez,Recursos Humanos,Nómina,2025-09-10,8.2,9.0,6.9,7.1,7.0,7.79,8.3,7.9,9.1,8.8,8.48,7.2,8.9,8.0,7.0,7.8,7.84,5.5,8.3,8.6,5.4,8.1,7.06
3638,Juan López Gómez,Recursos Humanos,Reclutamiento,2025-10-01,8.0,9.5,7.7,8.2,8.3,8.39,8.8,9.5,9.1,9.7,9.26,7.7,8.3,7.0,7.9,10.0,8.09,8.2,8.9,10.0,8.8,9.3,8.96
3639,Francisco Morales Sánchez,Ventas,Ventas Internacionales,2026-08-19,8.7,7.4,8.4,9.3,8.1,8.32,7.5,7.1,5.6,7.7,7.07,7.2,10.0,9.3,9.3,8.4,8.82,6.5,5.7,6.4,3.9,4.9,5.6
3640,José Vázquez Cruz,Recursos Humanos,Nómina,2026-08-16,4.6,4.6,7.2,4.9,5.7,5.33,5.4,3.3,6.4,3.9,4.7,9.2,8.3,6.5,7.3,7.6,7.91,5.6,5.8,4.3,3.9,5.6,5.05
3641,Andrea Vázquez González,Finanzas,Auditoría Interna,2026-08-10,3.2,3.6,0.5,3.0,3.2,2.73,3.7,6.4,4.3,4.5,4.7,2.8,4.1,1.9,1.2,4.7,2.99,3.9,1.0,1.7,2.4,0.1,2.05
3642,Roberto López Hernández,Marketing,Investigación de Mercado,2026-08-02,7.6,6.9,8.1,7.9,7.6,7.57,7.6,8.3,10.0,7.8,8.3,7.3,7.3,8.5,10.0,7.5,7.98,8.6,9.2,7.9,7.4,8.1,8.32
3643,Carlos Pérez Castillo,Marketing,Marketing Digital,2025-12-11,6.9,6.3,4.4,6.2,6.7,6.11,6.6,9.2,6.7,8.9,7.84,6.3,6.3,8.4,7.2,5.3,6.7,8.6,8.4,9.5,7.4,6.5,8.28
3644,Karla Gómez Torres,Finanzas,Tesorería,2025-10-05,6.0,4.4,5.5,4.5,7.7,5.53,5.7,4.5,5.7,5.8,5.42,6.9,6.3,7.1,7.0,7.8,6.94,8.3,8.3,6.4,7.5,5.0,7.43
3645,Miguel Vázquez Castillo,Tecnología,Desarrollo,2026-06-24,7.4,9.1,9.3,9.9,9.4,8.88,9.5,9.6,10.0,8.6,9.4,7.4,7.8,5.2,6.8,5.8,6.73,10.0,9.6,10.0,7.7,10.0,9.44
3646,Miguel Pérez Gómez,Finanzas,Auditoría Interna,2025-12-12,6.1,7.6,8.3,7.5,7.3,7.3,9.5,7.8,7.9,8.5,8.5,9.0,10.0,10.0,7.2,7.9,9.02,8.0,6.8,9.2,8.1,8.0,7.96
3647,Camila Pérez Torres,Operaciones,Control de Calidad,2025-11-15,7.2,9.8,9.5,10.0,8.9,8.98,7.1,9.7,10.0,8.4,8.65,10.0,8.5,8.8,10.0,10.0,9.38,7.1,10.0,8.3,8.3,9.8,8.58
3648,Alejandro Morales Ramírez,Marketing,Investigación de Mercado,2026-06-27,4.1,5.4,6.7,6.5,6.9,5.72,5.6,4.3,5.3,4.0,4.81,7.7,5.7,7.2,7.4,6.5,6.88,5.1,6.7,6.6,7.7,6.6,6.47
3649,Roberto Morales Flores,Marketing,Comunicación de Marca,2025-10-30,6.5,7.3,8.0,8.1,7.4,7.38,8.2,8.9,9.0,10.0,8.98,8.9,8.0,8.5,8.3,7.2,8.25,10.0,9.8,8.3,9.8,9.4,9.51
3650,María Ramírez Flores,Ventas,Atención a Clientes,2026-07-08,4.4,3.4,4.5,2.3,3.9,3.78,2.2,6.0,4.4,4.8,4.24,6.2,5.0,5.0,6.8,8.1,6.04,4.4,5.3,3.3,4.7,4.4,4.47
3651,Sofía Torres Rodríguez,Operaciones,Control de Calidad,2026-02-21,7.4,5.2,5.7,5.6,4.2,5.76,5.6,5.1,5.5,5.9,5.53,8.2,7.1,7.9,8.6,7.8,7.86,7.1,6.7,5.9,9.3,6.8,7.17
3652,Ana Martínez Romero,Ventas,Ventas Internacionales,2025-12-07,7.9,8.3,8.9,6.1,7.7,7.9,6.6,5.1,6.3,7.0,6.26,7.1,9.6,8.2,7.2,7.9,8.08,9.4,8.3,8.6,9.8,7.5,8.86
3653,Luis García Vázquez,Ventas,Ventas Internacionales,2025-10-19,4.4,5.2,6.4,5.8,6.6,5.54,7.2,9.0,9.1,6.6,7.88,5.9,6.2,5.4,6.8,6.2,6.06,6.7,7.1,6.7,5.6,8.1,6.72
3654,Daniela Romero Pérez,Marketing,Comunicación de Marca,2026-03-29,4.9,7.4,5.3,5.3,7.0,5.98,5.1,5.4,4.7,6.2,5.37,4.4,4.9,5.8,7.0,4.0,5.14,5.3,5.6,7.3,7.3,6.8,6.32
3655,Camila Cruz Reyes,Marketing,Comunicación de Marca,2026-01-23,6.4,6.2,6.0,6.8,5.4,6.18,6.4,7.5,5.9,6.8,6.68,6.6,7.7,6.8,7.9,6.4,7.08,9.1,6.6,5.9,9.2,9.4,7.89
3656,Daniela López Gómez,Ventas,Atención a Clientes,2026-03-01,10.0,9.6,9.1,8.9,10.0,9.56,7.8,6.6,7.2,7.9,7.4,6.2,8.1,4.9,7.2,9.0,6.98,9.3,7.5,6.6,7.4,8.3,7.83
3657,Jorge Ramírez López,Recursos Humanos,Nómina,2026-09-05,6.4,6.9,4.7,3.4,5.2,5.56,7.1,6.2,5.1,7.1,6.48,5.4,6.0,7.1,5.9,4.5,5.83,8.2,7.7,6.9,7.1,7.7,7.54
3658,Luis Morales Vázquez,Marketing,Investigación de Mercado,2026-04-14,10.0,9.5,10.0,10.0,10.0,9.88,7.7,8.6,10.0,9.8,8.91,8.5,9.9,8.7,10.0,9.1,9.2,7.9,8.4,9.4,10.0,9.4,8.9
3659,Ana Romero Ortiz,Ventas,Atención a Clientes,2026-02-09,2.9,3.3,3.9,3.8,3.4,3.41,5.1,5.1,7.2,5.8,5.7,3.7,5.1,3.1,4.5,3.5,4.02,6.1,4.5,2.7,3.3,4.7,4.32
3660,Miguel Romero García,Finanzas,Contabilidad,2026-04-16,7.1,7.7,6.5,7.5,6.7,7.13,5.2,3.8,5.9,5.2,4.99,4.5,3.1,5.7,5.3,5.2,4.62,7.3,6.6,6.1,5.8,5.5,6.4
3661,José Reyes Hernández,Operaciones,Logística,2026-02-08,5.9,6.4,5.3,7.2,7.2,6.3,5.8,5.0,5.5,5.8,5.54,6.6,7.0,7.5,6.6,8.0,7.09,6.7,8.5,6.8,7.3,6.9,7.31
3662,Laura Hernández Reyes,Tecnología,Desarrollo,2026-06-30,7.4,5.2,6.9,6.5,5.8,6.38,6.5,6.1,7.3,6.6,6.58,3.9,7.8,6.0,7.2,6.4,6.16,7.6,4.5,5.0,5.5,7.0,5.82
3663,Sergio Jiménez Cruz,Tecnología,Soporte Técnico,2026-06-29,7.8,8.9,9.0,6.8,7.3,8.09,8.6,9.4,9.6,9.9,9.32,7.7,10.0,7.7,7.5,7.0,8.14,6.8,7.9,7.7,7.4,7.6,7.46
3664,Juan Torres Pérez,Marketing,Comunicación de Marca,2026-07-28,5.4,4.1,3.2,3.0,3.9,4.05,2.9,3.2,2.8,1.4,2.58,5.1,3.5,2.0,2.8,4.6,3.66,3.4,3.6,1.8,3.5,2.4,3.05
3665,Roberto Gómez González,Operaciones,Control de Calidad,2026-02-24,7.8,4.8,6.8,7.6,6.9,6.68,6.5,7.3,5.4,5.4,6.2,7.3,9.4,9.4,10.0,8.4,8.82,6.7,8.1,5.5,6.9,5.8,6.76
3666,Miguel Torres García,Marketing,Marketing Digital,2025-12-11,4.8,6.8,6.2,5.4,6.6,5.94,5.8,4.9,4.8,4.7,5.1,5.6,6.5,6.7,8.1,7.2,6.66,7.1,7.0,5.2,7.1,8.4,6.82
3667,Raúl Pérez Cruz,Finanzas,Tesorería,2026-05-16,7.4,4.4,6.6,7.5,6.2,6.32,5.3,9.3,5.4,6.3,6.57,10.0,7.6,9.3,6.8,7.9,8.47,6.1,8.8,5.5,8.1,5.6,7.0
3668,Alejandro Romero Martínez,Marketing,Comunicación de Marca,2026-07-04,6.5,5.4,7.5,6.0,8.0,6.58,8.1,6.9,5.1,6.3,6.75,6.3,8.5,8.7,8.3,7.5,7.81,4.9,4.5,8.3,5.8,5.7,5.74
3669,Carlos Martínez Pérez,Marketing,Comunicación de Marca,2026-04-18,7.8,6.5,7.7,5.0,6.0,6.76,6.7,8.8,7.9,6.9,7.52,5.9,6.8,6.7,5.6,5.6,6.19,4.4,6.6,5.1,4.7,5.7,5.28
3670,Sergio Castillo Martínez,Marketing,Comunicación de Marca,2025-09-18,5.4,5.9,5.5,4.2,6.0,5.46,6.0,6.5,3.8,6.3,5.76,6.3,8.0,6.1,5.6,6.7,6.64,6.7,5.6,6.0,4.7,5.1,5.72
3671,Laura Vázquez García,Tecnología,Desarrollo,2026-07-15,4.8,5.3,5.1,5.3,6.7,5.34,5.8,5.9,4.6,7.6,6.04,4.9,4.5,6.3,5.1,6.0,5.28,5.2,5.4,6.9,4.3,5.2,5.41
3672,José Flores Morales,Recursos Humanos,Capacitación,2026-07-08,10.0,5.9,8.6,7.1,9.9,8.24,8.2,7.1,6.9,7.9,7.59,6.4,7.7,7.0,6.6,8.4,7.18,5.4,7.1,6.2,7.4,7.3,6.58
3673,Miguel Flores Jiménez,Operaciones,Producción,2026-04-23,8.1,8.6,10.0,9.5,10.0,9.1,10.0,8.5,9.8,8.8,9.28,9.6,6.8,9.0,7.5,9.8,8.49,10.0,9.5,10.0,10.0,10.0,9.88
3674,Paola López González,Marketing,Comunicación de Marca,2026-01-14,7.8,5.8,6.5,6.2,7.5,6.76,7.3,6.9,6.4,7.8,7.14,4.5,7.0,6.2,6.7,5.0,5.87,6.0,6.0,6.9,7.0,7.8,6.56
3675,Diego Flores González,Ventas,Ventas Nacionales,2025-10-15,7.6,6.8,6.9,6.8,7.1,7.06,9.7,10.0,8.9,7.7,9.12,8.4,5.4,7.6,5.9,6.1,6.77,4.3,5.1,5.2,6.8,5.9,5.34
3676,María Jiménez Hernández,Finanzas,Tesorería,2026-01-08,4.9,5.2,4.8,6.3,2.1,4.75,3.7,4.1,4.1,7.6,4.85,7.2,5.2,5.7,5.2,5.0,5.77,6.0,7.6,6.4,5.2,6.3,6.35
3677,Alejandro Ramírez Vázquez,Tecnología,Desarrollo,2026-01-18,7.3,6.0,7.3,8.4,7.2,7.12,8.2,5.5,4.2,5.9,6.15,8.5,8.6,8.7,8.0,9.1,8.58,6.0,5.9,5.6,9.4,4.6,6.44
3678,María Jiménez González,Ventas,Atención a Clientes,2025-12-08,2.0,3.7,3.9,3.0,4.0,3.26,4.2,5.1,3.6,4.7,4.43,3.5,4.5,3.8,1.8,4.2,3.66,3.2,3.7,1.6,1.6,2.6,2.62
3679,Jorge Ortiz Jiménez,Ventas,Ventas Nacionales,2026-04-11,5.7,6.4,5.9,6.8,7.2,6.3,7.3,7.5,5.2,6.8,6.8,5.7,4.8,3.0,6.0,5.4,4.94,5.4,7.1,5.3,8.7,6.2,6.55
3680,Alejandro Ramírez Cruz,Ventas,Atención a Clientes,2026-08-17,2.7,2.4,3.3,1.5,2.7,2.57,4.3,2.9,2.8,4.2,3.62,7.3,3.9,3.6,3.1,5.6,4.82,1.3,3.8,2.0,3.1,2.1,2.5
3681,Gabriela Hernández Ortiz,Operaciones,Logística,2026-09-05,5.1,4.5,4.5,5.9,1.9,4.47,7.5,5.1,6.2,7.0,6.52,5.7,4.9,6.6,4.8,6.3,5.64,7.4,6.8,7.9,7.2,4.0,6.97
3682,Pedro Sánchez Ramírez,Ventas,Ventas Nacionales,2026-06-13,3.4,4.5,2.9,4.3,3.4,3.71,4.1,4.5,7.3,5.1,5.09,4.6,5.3,7.2,5.6,5.3,5.55,4.6,4.5,4.2,4.2,6.3,4.58
3683,María Ramírez Romero,Tecnología,Soporte Técnico,2026-06-12,4.8,4.4,7.1,5.4,4.7,5.24,3.9,5.8,6.2,5.8,5.31,7.7,6.1,8.7,7.4,8.2,7.53,6.6,5.9,8.3,4.8,7.6,6.5
3684,Camila Castillo Flores,Tecnología,Soporte Técnico,2025-12-17,3.8,4.5,4.1,4.9,4.3,4.27,4.4,4.0,3.9,6.4,4.7,4.5,4.4,3.5,2.9,3.4,3.87,5.6,6.6,5.5,5.8,6.0,5.91
3685,Sergio Torres Flores,Tecnología,Infraestructura,2026-06-07,7.8,7.7,8.0,7.8,6.7,7.65,6.6,9.1,7.4,9.8,8.18,6.0,7.1,6.2,5.1,3.8,5.85,7.4,8.0,4.0,4.9,7.1,6.34
3686,Andrea Sánchez Castillo,Marketing,Marketing Digital,2026-07-25,4.8,6.8,5.0,5.8,5.2,5.55,7.1,6.3,6.0,4.1,5.93,4.0,3.7,8.5,4.7,4.4,4.99,7.1,7.2,8.6,5.5,5.0,6.9
3687,Sergio Romero Reyes,Tecnología,Desarrollo,2026-03-10,3.6,2.8,3.0,2.6,1.8,2.86,1.9,3.3,3.7,4.4,3.24,2.3,3.2,1.2,2.3,1.4,2.17,5.1,2.3,6.1,4.4,4.7,4.42
3688,Alejandro Castillo Reyes,Marketing,Marketing Digital,2025-09-30,7.8,6.1,5.3,6.3,6.3,6.43,9.9,10.0,8.9,7.2,9.05,7.5,6.1,5.4,5.6,6.3,6.26,6.0,6.2,8.7,6.6,6.5,6.76
3689,Carlos Gómez García,Operaciones,Control de Calidad,2026-06-24,6.3,5.5,9.3,9.4,7.1,7.28,8.7,9.0,7.7,7.9,8.38,4.9,8.3,7.7,7.7,6.9,7.03,9.0,7.1,6.7,6.8,7.6,7.48
3690,Jorge González Torres,Marketing,Marketing Digital,2026-05-04,6.3,6.5,8.5,6.7,7.1,6.97,5.7,8.6,7.3,6.0,6.82,6.4,6.2,4.3,8.3,5.5,6.08,6.8,5.1,6.9,7.3,5.6,6.37
3691,Ximena Sánchez Martínez,Finanzas,Auditoría Interna,2026-08-15,5.3,5.3,4.7,6.4,5.9,5.44,6.1,4.0,3.9,4.6,4.76,3.5,5.1,4.3,7.0,6.6,5.05,6.9,5.2,6.5,6.7,5.6,6.22
3692,Pedro García López,Operaciones,Control de Calidad,2026-03-28,5.5,6.0,5.6,6.2,5.7,5.78,7.9,6.6,6.9,7.5,7.28,5.6,5.5,7.9,5.7,6.4,6.17,4.6,1.9,5.8,6.1,6.6,4.66
3693,Jorge Gómez Ortiz,Recursos Humanos,Capacitación,2026-03-19,6.7,6.6,8.5,6.8,6.8,7.06,5.5,8.3,8.4,6.1,6.93,5.4,6.3,6.0,6.5,7.9,6.28,7.2,6.6,5.2,6.1,7.3,6.44
3694,Karla Gómez Cruz,Operaciones,Producción,2026-06-11,5.3,8.0,5.9,6.4,5.2,6.25,5.5,5.7,5.5,5.3,5.5,5.0,4.0,3.5,7.3,6.2,4.97,4.5,4.9,6.4,4.9,4.3,5.04
3695,Roberto Cruz Vázquez,Tecnología,Desarrollo,2025-12-29,7.0,8.3,6.4,7.0,7.4,7.26,7.4,7.2,5.0,6.3,6.6,6.4,6.3,5.8,5.2,5.4,5.93,7.2,8.1,5.8,6.6,4.8,6.78
3696,María Flores Torres,Operaciones,Producción,2025-11-04,5.2,5.5,6.9,4.8,6.7,5.78,7.6,6.2,5.6,7.7,6.88,7.1,8.0,8.7,7.0,8.7,7.87,8.1,6.8,7.7,5.8,6.9,7.12
3697,Laura Ortiz Ortiz,Recursos Humanos,Reclutamiento,2026-06-27,6.2,5.6,7.9,6.2,9.0,6.81,5.8,7.1,10.0,5.8,6.96,7.6,8.8,7.8,10.0,8.9,8.5,5.3,8.6,6.4,8.0,8.3,7.18
3698,Miguel Ortiz Hernández,Tecnología,Desarrollo,2026-09-07,6.6,7.2,7.9,7.9,7.3,7.31,9.4,8.6,9.1,7.3,8.62,7.5,6.7,7.8,6.6,6.8,7.12,7.5,9.6,9.7,7.3,5.7,8.24
3699,Luis Torres García,Recursos Humanos,Reclutamiento,2026-03-16,6.4,5.3,8.1,4.0,6.6,6.14,6.1,7.1,6.9,5.9,6.46,6.7,7.9,6.5,8.2,8.4,7.44,7.1,7.3,5.2,7.9,7.1,6.93
3700,Raúl Gómez Pérez,Finanzas,Auditoría Interna,2026-07-10,8.2,7.7,6.5,5.9,9.3,7.56,8.2,7.4,6.8,7.2,7.47,7.4,6.5,8.5,7.0,8.9,7.56,9.6,7.7,8.5,7.1,6.9,8.14
3701,Karla Rodríguez Castillo,Recursos Humanos,Capacitación,2025-11-01,7.2,9.1,9.6,8.4,8.3,8.5,5.6,7.0,5.1,6.7,6.12,5.4,5.9,6.0,5.2,5.3,5.6,4.0,5.9,7.0,5.0,7.8,5.66
3702,Alejandro González Ortiz,Operaciones,Control de Calidad,2025-11-17,5.4,5.7,7.3,3.3,6.4,5.69,4.8,5.0,2.4,6.8,4.87,5.4,7.1,6.1,4.4,5.3,5.8,3.0,1.9,4.5,3.5,3.0,3.12
3703,Andrea Flores Cruz,Finanzas,Tesorería,2026-04-02,3.4,4.2,5.1,3.1,4.2,4.01,2.9,5.6,3.4,1.9,3.42,4.6,4.6,2.7,3.2,5.4,4.13,3.8,6.0,5.0,6.1,6.1,5.28
3704,Luis Jiménez González,Finanzas,Contabilidad,2026-05-25,5.5,7.8,5.0,6.7,5.4,6.14,3.7,5.8,6.8,5.1,5.2,7.4,4.1,5.6,5.7,6.8,5.87,5.3,5.1,5.1,5.3,6.3,5.31
3705,María González Flores,Ventas,Atención a Clientes,2026-04-19,5.0,6.1,4.5,5.7,3.5,5.06,7.5,7.5,5.4,6.0,6.7,4.9,5.9,4.6,2.9,4.4,4.72,4.5,6.9,5.7,5.7,5.6,5.69
3706,Ana Hernández Sánchez,Ventas,Ventas Internacionales,2026-08-15,3.1,0.2,4.7,3.5,3.6,2.83,2.4,0.8,2.7,0.9,1.68,2.0,1.8,1.5,2.6,0.7,1.74,1.8,2.3,0.9,1.3,0.0,1.46
3707,Diego Ramírez Jiménez,Tecnología,Desarrollo,2026-06-02,5.1,5.7,5.8,6.6,6.2,5.78,3.9,5.6,3.9,3.3,4.18,4.8,4.8,2.0,3.1,2.8,3.68,1.7,0.8,1.3,2.1,2.2,1.52
3708,Raúl Morales Romero,Recursos Humanos,Capacitación,2026-04-08,3.6,0.8,0.3,0.9,0.6,1.39,2.5,2.1,2.5,0.6,1.92,2.2,2.3,1.7,0.5,1.8,1.81,1.3,0.2,0.0,0.0,2.0,0.57
3709,Pedro Rodríguez Romero,Marketing,Investigación de Mercado,2025-11-19,3.6,5.5,5.6,4.1,6.2,4.94,5.9,5.5,5.8,5.4,5.65,6.8,7.8,7.2,6.0,10.0,7.49,4.0,5.3,6.2,5.6,6.3,5.32
3710,Diego García Jiménez,Ventas,Ventas Internacionales,2026-01-24,5.8,7.9,3.8,4.9,5.6,5.76,3.6,6.2,3.4,3.5,4.19,6.8,7.6,4.7,5.2,4.8,6.04,3.7,7.2,7.4,7.1,7.0,6.32
3711,Fernanda Ramírez Reyes,Ventas,Atención a Clientes,2026-02-08,6.5,6.2,5.2,7.3,7.1,6.38,6.3,4.2,5.5,5.6,5.44,4.7,3.7,5.0,7.9,8.4,5.54,3.5,6.7,3.7,3.5,4.9,4.48
3712,Sofía López Ortiz,Marketing,Comunicación de Marca,2026-02-27,4.9,7.8,5.0,7.5,6.2,6.23,7.1,6.9,6.8,7.4,7.06,7.7,6.0,4.5,7.9,5.2,6.29,4.1,4.4,6.6,6.5,4.3,5.18
3713,Roberto López Flores,Tecnología,Soporte Técnico,2026-03-28,7.6,5.7,6.8,6.7,6.8,6.71,7.8,5.7,6.6,7.9,7.06,6.6,5.7,6.7,6.2,6.7,6.35,5.9,5.9,7.3,5.3,4.7,5.94
3714,Carlos García Pérez,Ventas,Atención a Clientes,2026-06-25,7.3,5.5,5.1,6.0,6.0,6.02,2.9,3.7,3.7,3.0,3.28,4.0,2.8,3.0,4.5,4.6,3.66,5.9,5.1,7.2,6.9,5.3,6.1
3715,Fernanda Ramírez Hernández,Ventas,Atención a Clientes,2025-10-16,3.2,2.3,3.4,2.8,1.0,2.62,3.1,2.6,4.2,6.0,3.92,3.4,2.6,2.5,1.7,4.0,2.86,0.0,1.4,1.1,2.0,2.0,1.17
3716,Miguel Pérez Reyes,Ventas,Ventas Internacionales,2025-12-14,5.2,7.8,6.6,5.4,6.3,6.33,4.6,5.5,7.2,7.5,6.07,8.3,6.2,5.6,6.2,5.9,6.56,3.3,6.1,6.3,6.5,5.4,5.45
3717,José Romero González,Finanzas,Tesorería,2026-01-12,8.6,10.0,10.0,10.0,10.0,9.65,9.3,9.8,8.9,7.5,8.9,8.8,8.7,8.6,9.1,9.6,8.9,10.0,9.5,9.2,10.0,8.6,9.57
3718,Roberto González Cruz,Tecnología,Soporte Técnico,2025-11-25,5.7,5.6,5.1,6.6,4.0,5.44,5.7,6.4,7.0,6.0,6.21,7.6,5.2,7.1,6.5,7.5,6.72,5.9,6.8,5.2,6.0,5.0,5.92
3719,Gabriela Pérez Pérez,Ventas,Atención a Clientes,2026-06-21,9.4,10.0,8.3,9.2,9.8,9.36,6.0,7.7,5.6,8.7,7.02,9.0,9.3,8.5,10.0,10.0,9.28,6.6,6.7,4.4,6.9,6.6,6.24
3720,Roberto Morales Sánchez,Finanzas,Auditoría Interna,2025-09-18,4.5,3.3,2.9,4.8,3.8,3.82,2.6,2.4,0.5,2.1,2.0,1.9,0.0,2.3,4.0,1.7,1.79,2.6,1.3,3.8,2.1,2.9,2.45
3721,Jorge Martínez Pérez,Recursos Humanos,Reclutamiento,2025-11-15,10.0,8.2,8.6,9.6,8.2,8.94,10.0,9.9,8.2,7.9,9.09,8.4,10.0,9.1,8.9,9.2,9.14,7.0,9.2,9.3,9.6,9.2,8.75
3722,Alejandro Ramírez Reyes,Operaciones,Producción,2026-01-25,10.0,9.3,7.7,9.4,10.0,9.28,10.0,10.0,10.0,9.8,9.95,7.6,10.0,8.9,9.3,10.0,9.08,10.0,9.6,8.1,10.0,10.0,9.52
3723,Diego Pérez Torres,Operaciones,Producción,2026-08-21,6.8,6.2,7.3,6.9,7.1,6.81,7.4,9.9,7.3,8.2,8.2,6.7,7.4,8.0,8.2,6.0,7.25,6.5,7.4,10.0,9.1,6.8,7.98
3724,Alejandro Morales Torres,Ventas,Ventas Nacionales,2026-07-27,1.9,3.3,1.8,3.8,1.7,2.48,3.7,3.3,3.5,3.6,3.54,3.1,0.6,3.0,1.4,1.5,1.96,5.5,5.7,4.9,3.6,4.8,4.98
3725,José García García,Recursos Humanos,Nómina,2026-03-11,4.1,5.7,6.1,3.4,2.8,4.6,4.3,6.5,5.3,7.1,5.75,7.1,6.5,7.7,6.0,6.4,6.8,6.3,3.7,5.4,3.6,6.2,4.92
3726,Pedro Vázquez Pérez,Recursos Humanos,Reclutamiento,2025-12-17,7.9,7.8,8.9,8.0,10.0,8.41,6.9,7.5,8.9,9.7,8.15,7.9,6.1,6.8,8.1,7.2,7.16,6.0,7.5,4.9,7.2,6.7,6.47
3727,Francisco Jiménez Flores,Recursos Humanos,Capacitación,2026-04-03,3.7,5.4,4.1,4.5,6.4,4.73,3.2,3.8,4.0,6.1,4.23,4.4,7.7,4.6,7.2,6.2,5.96,7.6,6.8,8.4,6.6,5.4,7.14
3728,Carlos Rodríguez Ortiz,Finanzas,Contabilidad,2025-11-05,6.5,6.9,7.0,5.4,9.1,6.93,5.8,9.0,8.4,5.6,7.07,6.8,4.5,3.7,5.2,4.7,5.05,5.1,6.2,7.8,6.2,10.0,6.62
3729,Sergio González Martínez,Ventas,Ventas Nacionales,2026-06-13,8.2,8.5,8.1,8.0,7.3,8.09,7.9,8.5,9.6,7.0,8.16,8.8,6.2,9.5,8.2,6.3,7.82,7.9,7.7,8.1,9.5,6.8,8.1
3730,Pedro Morales Hernández,Ventas,Atención a Clientes,2026-06-04,7.6,5.7,5.8,5.9,5.2,6.15,8.4,7.6,7.3,6.0,7.38,9.2,7.1,10.0,8.0,8.5,8.55,7.4,6.5,7.2,7.8,6.0,7.07
3731,Pedro Sánchez Reyes,Recursos Humanos,Capacitación,2025-10-23,3.9,6.2,5.1,4.7,4.2,4.88,4.7,4.5,3.7,3.7,4.2,4.8,5.2,4.7,7.2,5.3,5.32,3.8,3.7,4.4,4.2,4.5,4.04
3732,Gabriela Rodríguez Rodríguez,Operaciones,Producción,2026-03-31,6.5,5.7,7.2,6.8,6.4,6.47,3.9,4.5,7.5,5.6,5.2,7.3,6.5,7.1,5.6,5.2,6.49,6.7,4.7,6.9,7.7,6.9,6.46
3733,Diego López Pérez,Marketing,Marketing Digital,2026-06-22,5.2,5.2,4.7,6.3,4.5,5.16,2.2,2.4,2.3,4.5,2.84,2.3,3.3,4.7,4.8,5.4,3.87,4.4,3.0,2.0,5.2,4.0,3.69
3734,Ana Martínez Sánchez,Operaciones,Logística,2026-01-02,9.0,8.5,8.5,8.4,7.9,8.52,9.1,7.6,10.0,7.7,8.56,9.2,9.6,9.5,7.8,7.8,8.94,9.2,10.0,8.9,10.0,7.6,9.34
3735,Sergio González Romero,Finanzas,Auditoría Interna,2026-06-09,10.0,8.5,9.5,7.6,8.6,8.96,8.4,8.6,8.2,8.7,8.48,8.0,7.4,6.0,9.0,8.9,7.74,6.1,8.3,6.8,9.0,7.9,7.55
3736,Karla Hernández Cruz,Finanzas,Contabilidad,2026-08-18,7.5,8.9,10.0,8.3,8.6,8.64,6.3,8.1,7.1,7.3,7.16,5.4,9.7,7.6,7.6,8.4,7.69,10.0,9.5,7.7,7.5,9.9,8.9
3737,Mariana Castillo Jiménez,Finanzas,Tesorería,2025-12-07,7.2,10.0,10.0,10.0,9.6,9.24,8.0,7.5,8.1,6.8,7.6,6.0,7.7,7.5,6.4,6.9,6.92,5.1,8.2,8.0,5.8,8.1,6.9
3738,José López Romero,Operaciones,Producción,2026-05-02,6.3,4.1,7.2,4.7,4.9,5.48,4.3,6.0,4.2,5.2,4.93,6.7,6.0,5.2,6.2,5.5,5.97,3.9,2.6,3.7,4.8,4.6,3.78
3739,Roberto Rodríguez Hernández,Tecnología,Infraestructura,2026-04-11,9.1,7.2,10.0,8.7,8.9,8.72,8.0,7.6,9.2,7.3,7.96,6.0,6.0,5.4,8.0,8.7,6.58,6.0,8.0,9.8,8.8,6.2,7.84
3740,Karla Jiménez Sánchez,Ventas,Ventas Internacionales,2025-10-21,7.0,6.7,7.7,6.9,7.0,7.05,5.3,6.0,6.1,6.7,5.98,4.9,8.0,8.8,7.3,8.1,7.3,5.4,5.1,7.8,6.0,5.0,5.89
3741,Diego González López,Recursos Humanos,Reclutamiento,2026-02-16,0.6,1.5,2.3,3.7,1.6,1.78,3.4,3.6,5.1,3.2,3.74,4.3,1.2,3.3,2.1,3.6,2.89,1.7,2.5,3.3,3.2,1.3,2.48
3742,Roberto Cruz González,Tecnología,Soporte Técnico,2026-06-25,7.5,7.3,7.8,6.8,6.4,7.24,7.3,7.1,10.0,9.4,8.32,8.4,8.4,9.6,10.0,8.8,8.94,8.5,9.3,7.3,8.0,9.5,8.46
3743,Camila Sánchez Flores,Tecnología,Soporte Técnico,2025-11-17,10.0,8.7,7.1,8.8,8.8,8.74,8.7,7.5,7.5,6.1,7.51,7.2,8.0,7.1,7.0,8.6,7.56,7.0,6.1,6.8,7.1,7.0,6.76
3744,Raúl Pérez Romero,Marketing,Comunicación de Marca,2026-05-11,4.0,3.4,3.1,3.9,4.1,3.67,1.9,3.5,4.1,4.4,3.36,1.3,1.8,4.5,3.0,2.3,2.47,4.2,2.8,1.0,2.7,3.2,2.81
3745,Valeria García Martínez,Finanzas,Tesorería,2026-05-21,5.2,7.1,5.4,6.2,4.5,5.76,3.6,3.8,3.5,5.6,4.13,4.6,5.4,6.1,5.3,4.2,5.14,6.2,6.0,5.0,6.6,6.4,6.01
3746,Mariana Ramírez Flores,Tecnología,Infraestructura,2025-10-18,5.7,5.1,2.8,4.2,5.9,4.78,3.5,4.1,3.9,5.1,4.13,4.6,3.4,5.0,2.7,5.5,4.23,1.8,2.9,4.8,5.0,3.7,3.5
3747,Paola Vázquez Hernández,Finanzas,Tesorería,2026-01-01,1.3,3.7,1.3,2.2,3.4,2.35,3.0,3.5,3.3,1.1,2.71,1.4,0.6,3.2,1.0,0.9,1.42,0.7,0.0,4.4,1.7,2.4,1.64
3748,Sergio López López,Finanzas,Auditoría Interna,2025-10-31,6.5,8.2,9.5,5.8,8.6,7.74,7.4,5.6,8.7,6.5,6.98,7.4,8.4,8.4,6.9,7.2,7.75,7.1,7.2,7.1,6.7,6.2,6.96
3749,Paola Morales Martínez,Operaciones,Logística,2026-01-06,5.9,5.6,6.3,6.9,6.4,6.13,4.5,3.2,3.2,4.0,3.79,3.6,7.1,5.6,7.1,5.9,5.74,9.6,6.6,9.1,7.8,8.6,8.29
3750,Jorge Cruz Ramírez,Operaciones,Logística,2026-07-17,3.2,3.3,4.3,1.6,2.5,3.1,5.1,5.0,4.9,5.1,5.04,1.8,2.2,2.2,3.3,2.7,2.34,4.0,4.7,1.4,3.9,4.1,3.64
3751,Gabriela Hernández Ramírez,Ventas,Ventas Internacionales,2025-10-24,6.0,6.3,6.3,6.2,6.3,6.21,2.8,4.8,3.4,4.1,3.74,4.2,4.9,3.2,4.4,5.5,4.4,3.7,5.4,3.4,5.5,6.1,4.67
3752,Roberto Jiménez Rodríguez,Operaciones,Logística,2026-04-01,4.7,4.6,2.9,3.8,1.0,3.62,2.5,5.1,2.8,3.1,3.36,3.1,3.6,5.8,3.5,1.6,3.6,2.5,3.6,1.5,3.1,4.7,2.92
3753,Diego Ramírez Torres,Tecnología,Soporte Técnico,2026-04-07,1.2,0.9,1.1,1.4,0.4,1.02,2.7,1.2,3.0,1.3,2.04,3.4,4.8,4.7,3.9,5.9,4.46,3.1,3.8,5.2,4.1,6.3,4.22
3754,Sofía Sánchez Romero,Operaciones,Producción,2026-02-15,4.9,7.5,4.3,2.5,6.0,5.24,6.0,4.6,5.2,7.7,5.92,6.6,6.1,6.8,7.4,7.9,6.83,5.5,7.9,7.0,5.2,6.9,6.48
3755,Luis Ortiz López,Operaciones,Logística,2026-04-19,7.1,6.2,6.2,6.1,6.2,6.41,6.5,7.8,6.4,9.6,7.58,6.8,6.0,7.7,8.4,7.8,7.17,7.9,6.3,6.5,5.0,7.8,6.63
3756,Paola López Gómez,Finanzas,Contabilidad,2025-10-28,7.2,5.6,6.1,7.1,6.9,6.52,5.5,6.7,6.4,6.6,6.26,5.0,5.3,5.8,7.5,4.9,5.6,4.6,4.1,5.3,5.1,6.8,4.93
3757,Sergio Jiménez Romero,Operaciones,Logística,2026-08-13,2.4,2.0,3.4,1.7,3.0,2.49,4.2,3.0,4.2,4.2,3.9,2.4,6.9,3.9,4.4,1.6,4.01,5.0,2.6,4.7,3.8,5.0,4.1
3758,José Rodríguez García,Operaciones,Control de Calidad,2026-01-12,6.6,7.9,6.5,7.6,6.7,7.07,10.0,10.0,9.4,8.0,9.38,6.3,6.0,5.7,8.0,7.4,6.52,6.8,9.1,8.1,7.0,7.8,7.78
3759,Raúl García Pérez,Tecnología,Infraestructura,2025-12-31,6.2,5.4,5.6,7.1,4.4,5.75,4.2,6.6,4.5,6.6,5.46,5.4,4.2,4.5,6.4,5.0,5.01,4.9,5.3,5.1,6.5,4.5,5.32
3760,Ximena Vázquez Hernández,Tecnología,Infraestructura,2025-12-08,6.9,5.4,8.1,5.3,6.5,6.46,4.3,5.1,3.8,5.1,4.6,5.3,4.6,5.6,4.6,5.0,5.04,7.0,4.7,5.6,4.9,4.6,5.48
3761,Andrea Morales López,Marketing,Comunicación de Marca,2026-08-06,7.2,7.9,6.4,7.2,6.9,7.17,7.7,6.8,7.0,10.0,7.91,9.9,7.5,7.3,7.1,9.0,8.22,8.0,9.5,10.0,10.0,9.3,9.3
3762,Juan Martínez Sánchez,Ventas,Ventas Nacionales,2026-03-09,5.1,6.2,6.8,4.5,5.6,5.7,4.1,6.1,5.6,7.5,5.75,5.2,5.6,3.8,5.8,4.6,5.02,6.2,8.7,6.2,8.7,6.3,7.34
3763,Juan Torres González,Finanzas,Tesorería,2026-07-19,8.9,7.5,7.4,9.6,9.9,8.5,8.9,9.4,9.4,7.9,8.88,6.7,8.7,8.7,7.7,9.1,8.11,8.4,9.7,9.0,6.7,10.0,8.66
3764,Pedro Romero Torres,Tecnología,Infraestructura,2026-08-17,3.2,5.2,7.8,9.3,5.0,5.8,5.6,4.1,4.2,4.2,4.6,4.3,3.3,5.8,5.6,4.8,4.62,4.7,6.9,6.3,4.5,4.8,5.54
3765,Pedro Pérez Reyes,Marketing,Investigación de Mercado,2025-10-31,2.4,1.8,4.0,3.4,2.4,2.72,3.5,2.3,2.9,3.8,3.16,5.0,2.7,5.1,4.8,5.7,4.52,5.1,2.7,4.2,3.4,2.8,3.75
3766,Miguel Ortiz Vázquez,Tecnología,Desarrollo,2026-04-20,4.7,7.7,6.5,5.5,7.3,6.32,8.1,8.5,5.7,6.2,7.24,6.1,6.9,8.2,6.0,3.7,6.34,6.4,6.2,5.9,5.9,4.9,6.0
3767,Miguel Martínez Pérez,Recursos Humanos,Reclutamiento,2026-01-02,4.0,4.5,3.3,4.6,5.1,4.24,5.1,4.2,5.0,4.6,4.73,5.7,4.3,2.5,5.7,3.7,4.41,7.0,6.0,7.3,5.9,5.8,6.47
3768,Ana Reyes Rodríguez,Finanzas,Auditoría Interna,2025-09-25,9.4,8.5,9.1,7.1,8.5,8.64,9.5,6.9,8.9,7.6,8.26,7.3,6.6,7.7,8.1,6.3,7.18,7.7,7.2,6.8,6.1,7.1,7.02
3769,Francisco Rodríguez Ramírez,Recursos Humanos,Capacitación,2026-08-26,4.0,4.8,5.6,4.5,6.7,5.0,5.0,3.7,3.7,5.3,4.49,4.6,6.2,5.4,5.8,6.6,5.64,9.4,4.1,7.3,9.1,8.0,7.46
3770,Fernanda Jiménez Castillo,Ventas,Atención a Clientes,2026-08-16,2.6,1.2,1.4,2.8,3.8,2.22,2.1,3.1,4.6,1.3,2.65,0.2,2.2,3.1,2.4,1.3,1.78,3.5,2.8,3.9,3.2,1.9,3.18
3771,Sofía Ortiz Morales,Finanzas,Tesorería,2026-02-21,6.6,6.6,4.5,5.9,5.7,5.94,6.8,6.5,4.4,3.3,5.37,6.7,7.6,5.4,5.4,6.5,6.44,5.1,5.5,4.2,4.6,8.5,5.26
3772,Paola López Cruz,Marketing,Investigación de Mercado,2025-12-06,9.2,8.8,7.7,8.0,8.8,8.56,8.7,8.7,7.5,9.6,8.68,8.6,8.6,10.0,7.8,10.0,8.97,9.6,9.5,9.7,7.3,8.9,9.07
3773,Ana Morales Sánchez,Marketing,Marketing Digital,2026-05-13,8.6,7.1,6.5,7.4,7.5,7.46,6.2,5.6,6.4,8.3,6.62,5.8,8.3,9.1,8.0,8.1,7.76,7.5,7.3,7.4,8.0,7.7,7.55
3774,Jorge Ramírez Castillo,Marketing,Marketing Digital,2026-09-06,5.0,3.5,4.7,4.2,4.5,4.37,1.8,4.0,3.4,2.8,2.92,2.2,4.0,3.9,2.2,3.0,3.11,2.1,0.5,0.3,0.8,0.0,0.87
3775,Mariana Cruz González,Recursos Humanos,Capacitación,2026-02-08,2.3,3.1,4.7,2.8,2.0,3.01,3.4,3.5,2.9,1.7,2.9,3.5,3.7,1.9,2.4,3.4,3.05,0.6,4.3,1.8,3.8,3.4,2.68
3776,Ana Martínez Torres,Recursos Humanos,Nómina,2025-09-18,7.3,6.3,8.6,7.1,6.7,7.19,9.4,10.0,9.7,8.8,9.46,7.8,8.0,8.4,7.3,10.0,8.23,6.7,9.2,8.2,7.4,8.0,7.9
3777,Miguel Jiménez Ramírez,Tecnología,Soporte Técnico,2026-01-11,6.8,8.2,8.5,9.8,8.0,8.12,7.3,6.6,9.8,8.3,7.88,9.7,7.3,5.7,7.8,6.9,7.6,9.1,9.4,7.7,8.1,7.5,8.54
3778,Sofía Sánchez Rodríguez,Marketing,Investigación de Mercado,2026-02-08,9.5,9.9,10.0,7.5,7.8,9.14,7.6,7.6,6.2,9.0,7.67,7.3,6.7,8.7,10.0,8.0,7.94,6.7,8.0,6.3,6.1,9.1,7.06
3779,Raúl Gómez García,Operaciones,Logística,2026-04-05,4.2,5.2,3.7,5.0,6.2,4.77,3.9,3.5,3.8,4.9,4.03,7.0,2.6,5.5,3.8,5.8,4.94,4.4,6.4,4.3,4.6,4.6,4.94
3780,Daniela Rodríguez Castillo,Operaciones,Producción,2025-12-27,7.7,8.0,9.3,8.3,7.9,8.22,9.3,7.8,8.3,8.7,8.57,7.9,9.1,9.9,8.2,10.0,8.96,7.9,9.4,8.5,9.6,10.0,8.94
3781,Fernanda Gómez González,Operaciones,Producción,2026-07-06,6.5,3.9,7.2,7.6,5.3,5.98,8.4,6.1,4.6,5.4,6.32,6.1,5.5,6.4,7.2,7.2,6.34,5.6,5.9,6.4,5.5,5.4,5.8
3782,Ricardo Rodríguez Sánchez,Recursos Humanos,Capacitación,2025-11-13,8.3,7.0,10.0,7.5,8.3,8.2,8.7,7.6,9.7,7.7,8.38,10.0,9.4,8.8,8.5,8.8,9.2,10.0,6.4,9.0,7.2,9.2,8.26
3783,Roberto Ortiz Cruz,Recursos Humanos,Nómina,2026-08-25,7.9,8.5,10.0,7.8,8.0,8.47,6.4,5.6,6.4,6.3,6.18,6.2,7.5,7.8,5.4,7.6,6.94,7.7,7.6,8.7,7.8,7.6,7.88
3784,Sergio Jiménez Reyes,Finanzas,Auditoría Interna,2026-04-27,3.6,2.2,5.1,3.3,4.0,3.57,3.6,4.2,4.6,4.8,4.25,5.6,4.0,3.7,4.0,4.4,4.4,3.1,5.5,2.6,3.9,5.0,3.95
3785,Ximena Romero Castillo,Ventas,Ventas Internacionales,2025-10-07,8.9,8.5,7.3,5.8,7.3,7.78,4.9,4.9,5.8,5.2,5.16,9.0,7.8,9.0,5.7,7.2,7.94,6.4,6.2,6.5,6.2,6.1,6.3
3786,Karla González Flores,Ventas,Ventas Internacionales,2026-09-05,4.9,6.9,6.5,7.4,5.8,6.23,7.2,6.8,7.0,4.9,6.49,4.4,7.5,5.7,6.8,7.2,6.22,7.6,4.3,6.4,6.7,6.1,6.2
3787,Daniela Martínez Ortiz,Recursos Humanos,Reclutamiento,2026-08-04,9.8,10.0,10.0,10.0,9.9,9.93,10.0,10.0,10.0,10.0,10.0,9.5,8.4,8.4,9.0,8.9,8.84,6.9,9.3,7.4,6.8,8.9,7.78
3788,Carlos Ramírez Morales,Tecnología,Soporte Técnico,2025-09-24,6.0,6.9,6.6,7.0,6.5,6.57,4.8,6.5,6.3,4.4,5.43,8.3,6.5,6.2,7.2,6.3,6.97,6.1,2.5,8.1,5.9,7.8,5.73
3789,Andrea Flores Torres,Tecnología,Infraestructura,2026-06-01,3.6,4.9,6.5,5.7,5.9,5.16,9.0,7.0,5.6,5.0,6.82,4.6,6.6,6.9,5.8,6.8,6.07,6.0,4.0,4.6,6.2,5.5,5.21
3790,María López López,Ventas,Ventas Internacionales,2025-10-15,10.0,7.6,6.3,9.0,5.9,7.9,8.0,8.0,7.8,8.5,8.09,8.2,7.4,8.3,8.6,7.9,8.04,5.4,8.3,7.3,9.7,8.2,7.64
3791,Fernanda Jiménez Flores,Finanzas,Auditoría Interna,2026-01-26,8.5,9.0,8.7,9.4,9.5,8.95,9.0,8.0,6.8,7.8,8.01,8.6,8.0,8.5,9.1,9.1,8.58,6.9,8.7,5.6,6.4,6.0,6.9
3792,Karla Martínez Martínez,Recursos Humanos,Nómina,2026-06-15,5.3,6.5,7.0,6.5,6.0,6.22,4.5,6.6,4.4,5.2,5.18,6.7,6.0,5.6,6.2,6.5,6.2,6.3,7.3,5.6,5.2,5.0,6.06
3793,Paola Reyes Martínez,Recursos Humanos,Nómina,2026-08-08,8.2,7.1,4.9,8.5,8.2,7.31,6.7,6.6,5.9,5.3,6.16,6.5,6.6,6.6,6.0,5.7,6.35,7.0,4.6,5.5,5.8,5.7,5.73
3794,Ana Rodríguez Vázquez,Operaciones,Logística,2026-03-17,2.6,4.5,3.4,3.6,3.4,3.5,4.8,3.4,5.4,4.1,4.39,6.1,6.8,5.3,4.7,3.5,5.52,4.9,3.1,4.2,5.5,3.7,4.31
3795,Andrea Jiménez Hernández,Tecnología,Desarrollo,2026-01-26,2.5,4.6,3.9,4.8,5.0,4.02,5.8,7.3,7.5,7.0,6.82,6.2,3.3,3.1,3.9,6.4,4.54,7.0,5.7,5.3,5.1,5.5,5.8
3796,Jorge Castillo Jiménez,Tecnología,Desarrollo,2026-01-16,8.4,10.0,9.3,8.8,6.6,8.77,7.3,7.1,8.8,10.0,8.22,9.6,7.0,6.8,7.0,7.6,7.7,8.3,9.2,8.5,8.9,8.9,8.75
3797,Francisco Gómez Flores,Tecnología,Infraestructura,2026-03-02,5.0,5.7,5.2,4.7,4.3,5.06,5.7,6.0,5.5,4.5,5.44,6.8,4.3,4.8,3.7,3.1,4.76,5.0,4.8,6.0,2.7,5.7,4.76
3798,Mariana Morales Romero,Ventas,Ventas Internacionales,2025-12-26,6.6,7.6,7.2,7.6,7.4,7.24,9.3,10.0,8.2,9.7,9.36,9.3,7.1,9.5,10.0,9.1,8.86,8.1,10.0,7.6,10.0,9.6,9.0
3799,Mariana García Cruz,Marketing,Marketing Digital,2025-10-18,5.7,7.1,8.0,8.3,9.2,7.43,7.0,7.9,5.4,8.2,7.2,9.3,10.0,7.7,7.4,8.1,8.69,8.1,5.9,5.9,6.3,8.2,6.76
3800,Paola Jiménez Gómez,Recursos Humanos,Reclutamiento,2026-07-29,2.2,2.3,2.5,1.9,2.6,2.3,3.6,5.1,4.2,5.0,4.44,2.4,2.9,3.8,2.3,5.3,3.22,2.6,2.7,3.9,3.4,4.5,3.24
3801,Francisco Morales Romero,Marketing,Investigación de Mercado,2025-10-31,6.1,7.8,3.6,7.8,5.8,6.24,3.5,4.0,2.5,5.1,3.82,3.5,3.7,6.6,4.3,3.3,4.26,3.5,6.0,2.6,6.5,3.3,4.53
3802,Francisco Ortiz Jiménez,Marketing,Investigación de Mercado,2025-11-01,4.9,4.7,5.7,6.0,5.0,5.19,4.5,3.6,5.7,4.2,4.44,5.9,4.4,5.2,3.4,6.5,5.1,2.8,2.4,3.0,4.7,3.8,3.22
3803,Pedro Ortiz González,Tecnología,Infraestructura,2025-12-26,6.1,4.4,6.1,4.1,5.3,5.26,3.1,5.0,6.9,6.1,5.08,6.5,6.2,7.1,6.3,5.1,6.3,3.2,3.4,4.0,3.0,5.0,3.55
3804,Pedro González Ramírez,Ventas,Atención a Clientes,2025-12-17,4.6,4.7,5.9,6.0,6.2,5.34,5.6,5.7,4.8,4.9,5.29,4.9,4.2,5.6,5.3,6.8,5.21,4.3,5.1,4.4,4.6,3.3,4.48
3805,Pedro Morales Romero,Operaciones,Logística,2025-12-10,6.1,7.6,7.1,6.1,7.0,6.81,8.1,6.7,4.7,6.8,6.74,6.5,7.3,6.3,6.4,6.2,6.6,7.0,6.2,5.8,5.3,4.5,5.97
3806,Karla Ortiz Morales,Operaciones,Producción,2025-10-12,2.5,2.7,3.6,1.5,1.2,2.43,3.0,2.0,2.3,2.7,2.54,1.6,2.7,3.7,3.4,2.0,2.62,3.2,2.5,2.7,3.6,5.9,3.28
3807,Miguel Torres Martínez,Ventas,Ventas Nacionales,2026-01-13,8.3,6.7,6.9,5.4,6.4,6.9,6.6,4.2,6.6,7.3,6.18,5.7,3.6,5.2,7.1,6.2,5.36,5.8,2.7,5.7,6.5,6.2,5.18
3808,Juan García González,Marketing,Investigación de Mercado,2026-07-08,6.5,6.6,6.1,8.4,7.2,6.84,5.4,6.9,3.9,4.4,5.22,5.5,4.6,6.5,6.0,7.6,5.86,7.8,8.0,6.2,5.8,8.7,7.22
3809,Raúl Pérez Vázquez,Ventas,Ventas Nacionales,2026-01-05,6.1,7.2,7.4,6.2,5.1,6.5,6.8,8.7,6.2,6.3,7.03,6.6,4.3,3.9,6.8,6.4,5.48,4.9,7.4,6.8,5.9,7.4,6.36
3810,Luis Gómez Jiménez,Finanzas,Tesorería,2026-04-28,9.0,10.0,7.8,8.4,9.8,9.04,9.8,7.7,7.4,8.0,8.35,8.6,7.5,6.4,9.0,10.0,8.16,6.2,7.0,8.9,7.5,8.8,7.46
3811,Raúl Castillo Martínez,Finanzas,Contabilidad,2026-02-12,10.0,9.5,8.9,9.0,10.0,9.51,10.0,6.5,7.5,8.9,8.35,7.7,8.7,8.9,10.0,8.6,8.67,9.7,9.5,8.5,10.0,7.7,9.27
3812,Valeria Flores Cruz,Recursos Humanos,Capacitación,2026-08-03,8.5,9.6,9.5,6.9,10.0,8.96,8.1,8.2,8.8,7.0,7.99,7.6,7.2,6.1,7.9,7.5,7.23,9.0,9.6,10.0,10.0,7.6,9.41
3813,Pedro Jiménez Martínez,Operaciones,Producción,2026-02-08,6.9,9.1,7.6,10.0,9.4,8.43,9.7,6.6,8.7,8.2,8.35,8.4,10.0,8.5,8.6,10.0,9.09,7.0,9.9,8.3,4.4,8.2,7.58
3814,Andrea Gómez Ramírez,Marketing,Marketing Digital,2026-03-02,6.2,7.5,8.1,6.9,6.2,7.01,8.6,9.3,7.8,8.1,8.49,6.5,7.8,7.6,7.4,6.5,7.18,7.5,8.8,10.0,8.3,7.1,8.44
3815,Andrea Reyes Castillo,Ventas,Ventas Internacionales,2026-06-05,2.4,3.8,4.8,4.0,3.2,3.59,2.4,4.4,2.1,2.9,2.97,3.8,3.5,4.0,4.1,1.7,3.49,2.9,3.4,3.1,3.3,1.4,3.0
3816,Laura Jiménez Jiménez,Ventas,Atención a Clientes,2026-06-28,6.8,4.0,6.5,4.6,5.4,5.5,5.5,5.4,5.3,5.0,5.31,5.2,3.5,5.4,5.9,3.8,4.71,5.7,5.4,2.0,4.7,4.2,4.54
3817,Sergio Cruz Martínez,Ventas,Atención a Clientes,2025-10-15,5.7,4.9,4.3,3.3,5.6,4.84,6.2,4.8,5.9,5.0,5.49,5.0,5.0,6.2,4.7,4.1,5.06,6.1,7.1,5.7,8.5,5.1,6.65
3818,Gabriela Romero Castillo,Tecnología,Desarrollo,2025-10-17,6.4,8.5,5.6,6.3,6.9,6.82,5.6,4.7,4.2,4.8,4.9,2.8,4.1,2.2,3.9,3.6,3.29,4.5,5.5,6.3,5.5,3.2,5.18
3819,Ximena Castillo Flores,Ventas,Atención a Clientes,2026-09-01,10.0,10.0,10.0,10.0,10.0,10.0,10.0,10.0,10.0,10.0,10.0,10.0,10.0,10.0,10.0,10.0,10.0,9.9,8.1,7.6,8.7,8.6,8.62
3820,Juan Reyes Jiménez,Finanzas,Auditoría Interna,2025-12-25,6.0,6.5,5.9,6.3,4.9,5.98,5.2,3.9,7.3,4.7,5.17,6.2,5.8,6.3,9.2,8.4,6.9,6.2,6.4,6.6,5.5,4.6,6.03
3821,Ximena López Hernández,Marketing,Investigación de Mercado,2026-05-17,2.6,6.0,4.1,7.1,3.0,4.49,4.3,4.9,5.4,4.4,4.7,6.1,1.0,4.5,3.0,3.9,3.71,4.6,4.4,6.3,4.6,3.5,4.78
3822,Miguel Romero González,Marketing,Marketing Digital,2025-12-01,4.0,2.9,3.6,3.2,5.4,3.74,4.2,3.8,3.0,2.8,3.51,5.8,4.9,5.5,3.3,3.1,4.73,4.8,3.8,4.1,5.0,4.0,4.37
3823,Miguel Cruz Morales,Marketing,Marketing Digital,2025-12-20,5.1,9.4,7.8,7.2,9.3,7.66,9.0,7.9,8.5,7.9,8.35,7.9,7.5,9.4,7.1,8.9,8.13,8.3,5.4,8.6,8.3,6.8,7.48
3824,Camila Cruz López,Operaciones,Logística,2026-06-27,6.9,8.6,7.9,8.5,7.7,7.89,8.0,8.4,9.0,7.1,8.07,10.0,7.9,9.1,8.9,8.0,8.83,6.5,6.4,5.7,7.4,7.9,6.64
3825,Sergio González Pérez,Recursos Humanos,Reclutamiento,2026-02-11,4.3,6.7,1.9,3.6,2.4,4.03,2.6,1.6,1.5,1.7,1.91,4.3,0.7,4.8,3.9,2.5,3.17,1.3,2.6,4.2,1.4,2.1,2.31
3826,Sofía Flores Morales,Marketing,Investigación de Mercado,2026-02-22,1.4,3.9,2.4,3.4,4.6,3.0,3.6,2.6,4.6,2.6,3.3,2.6,2.7,2.1,0.5,3.2,2.3,3.3,1.1,2.6,6.4,2.8,3.18
3827,Ricardo Ortiz Pérez,Finanzas,Auditoría Interna,2026-04-22,5.9,6.7,5.3,5.6,5.3,5.85,1.8,5.6,4.0,5.1,4.02,5.2,4.6,0.7,7.2,4.6,4.36,4.3,4.9,5.9,5.1,6.6,5.16
3828,Roberto González López,Finanzas,Contabilidad,2026-02-14,7.6,7.5,8.8,6.5,8.0,7.71,5.9,2.4,4.6,4.5,4.42,4.2,6.5,8.1,6.4,6.7,6.26,5.5,5.0,6.5,6.7,5.5,5.82
3829,Francisco Cruz Castillo,Ventas,Ventas Internacionales,2025-12-23,5.7,7.3,7.3,5.6,7.2,6.63,6.2,6.5,6.6,6.0,6.3,8.7,8.4,7.0,8.0,6.2,7.81,5.0,5.6,7.7,5.2,5.9,5.82
3830,Karla López Cruz,Ventas,Ventas Nacionales,2025-10-21,7.7,4.8,6.4,6.3,5.8,6.22,8.5,8.3,8.9,7.7,8.33,4.5,5.8,4.6,5.6,5.0,5.08,7.4,7.3,8.5,6.3,6.8,7.32
3831,Pedro Hernández García,Marketing,Comunicación de Marca,2026-02-10,10.0,10.0,6.1,8.8,8.0,8.74,7.5,9.9,8.1,10.0,8.84,8.3,8.8,8.7,8.8,8.8,8.66,10.0,9.7,8.9,8.0,9.0,9.2
3832,José López González,Operaciones,Logística,2025-12-05,8.5,6.1,10.0,8.8,7.2,8.05,8.3,8.0,7.2,7.6,7.83,10.0,10.0,8.6,9.3,8.2,9.35,9.5,8.5,8.3,8.2,7.2,8.52
3833,Andrea Castillo Rodríguez,Marketing,Investigación de Mercado,2026-04-20,8.9,8.2,7.8,8.7,8.1,8.36,6.2,8.5,7.4,8.0,7.46,7.9,10.0,6.6,9.5,10.0,8.72,10.0,7.6,9.8,8.7,9.2,9.02
3834,Paola Flores López,Ventas,Ventas Nacionales,2025-10-18,6.6,8.1,8.1,9.2,8.5,7.95,9.8,8.7,10.0,9.8,9.57,9.5,8.9,9.1,7.4,10.0,9.03,10.0,8.2,9.4,9.0,8.5,9.08
3835,Paola López Pérez,Ventas,Ventas Internacionales,2026-06-15,8.3,8.0,5.1,7.5,7.6,7.36,7.6,6.4,7.0,4.6,6.43,6.8,7.1,5.7,5.7,5.5,6.3,7.9,7.4,8.7,8.2,7.8,7.98
3836,Carlos García Morales,Tecnología,Desarrollo,2025-10-14,6.4,6.1,7.5,6.5,8.6,6.89,7.5,5.4,7.8,8.5,7.28,8.3,7.3,6.7,7.7,7.2,7.48,4.5,4.9,6.4,5.8,7.0,5.49
3837,Karla Torres Ortiz,Finanzas,Auditoría Interna,2026-04-22,8.7,8.0,9.9,6.1,10.0,8.57,7.5,10.0,6.6,10.0,8.57,9.4,9.3,9.2,7.2,9.4,9.01,9.1,6.9,10.0,10.0,10.0,9.0
3838,Francisco Pérez Gómez,Marketing,Comunicación de Marca,2026-06-29,7.4,4.6,4.0,6.9,5.4,5.64,4.9,7.3,4.1,5.2,5.42,4.0,5.6,6.5,7.4,6.3,5.76,6.0,7.5,8.4,5.6,8.1,6.98
3839,Valeria Ortiz Gómez,Finanzas,Tesorería,2026-04-19,7.0,6.7,5.0,6.5,7.1,6.46,9.0,7.1,7.0,7.5,7.75,8.9,6.5,8.1,7.7,7.8,7.8,9.3,8.9,7.8,5.3,7.8,7.95
3840,María Rodríguez Hernández,Marketing,Investigación de Mercado,2026-01-08,4.2,6.2,7.4,6.5,8.6,6.34,10.0,10.0,8.8,8.2,9.31,8.7,7.2,8.0,10.0,10.0,8.57,9.6,7.2,9.1,8.1,10.0,8.64
3841,Karla Morales Vázquez,Finanzas,Auditoría Interna,2026-04-07,4.8,3.0,3.6,3.0,5.4,3.93,6.8,4.9,4.0,4.2,5.12,3.5,4.3,3.6,4.6,4.1,3.97,4.8,2.8,2.1,5.4,5.6,3.96
3842,José López Vázquez,Operaciones,Control de Calidad,2026-04-19,5.0,5.5,8.1,4.7,6.5,5.92,8.0,5.1,6.0,7.0,6.62,4.6,4.1,4.5,5.3,4.1,4.48,6.0,5.4,7.1,5.5,7.0,6.07
3843,Juan Morales Pérez,Ventas,Atención a Clientes,2025-12-26,6.8,5.6,4.0,6.4,6.5,5.83,4.7,6.2,4.4,4.7,5.01,7.4,8.7,8.1,8.3,9.5,8.32,7.1,7.2,8.9,6.2,6.1,7.21
3844,Diego López Romero,Finanzas,Contabilidad,2026-05-18,3.6,3.1,5.8,2.7,2.9,3.68,1.7,1.5,1.5,1.7,1.61,2.5,4.0,6.0,3.8,2.2,3.72,3.4,2.2,2.2,3.7,1.5,2.73
3845,Valeria Pérez Reyes,Finanzas,Auditoría Interna,2026-07-26,3.2,3.7,1.3,4.6,3.2,3.16,3.4,5.4,4.3,4.9,4.46,3.6,4.8,6.0,5.4,5.1,4.88,4.2,4.7,6.4,5.6,4.3,5.06
3846,Diego Sánchez Martínez,Ventas,Atención a Clientes,2025-12-03,5.5,8.3,9.7,8.2,8.9,7.96,8.8,7.0,9.2,6.2,7.78,8.5,9.1,8.6,7.4,7.8,8.4,6.8,7.1,10.0,9.2,10.0,8.32
3847,Gabriela Flores Morales,Finanzas,Auditoría Interna,2026-07-28,4.7,3.6,3.9,4.0,2.0,3.76,3.3,2.5,5.7,4.9,3.98,2.9,2.9,2.9,2.5,2.3,2.75,4.8,2.4,4.5,3.4,4.1,3.79
3848,Diego Torres Ortiz,Tecnología,Soporte Técnico,2025-09-18,6.8,10.0,9.0,5.9,7.0,7.94,8.9,5.6,6.9,6.6,7.1,6.5,4.8,7.8,8.0,9.1,6.95,8.5,7.5,9.5,6.4,9.0,8.08
3849,Pedro Torres Morales,Operaciones,Producción,2026-07-12,4.2,3.2,5.4,2.8,5.3,4.14,4.4,3.9,0.6,2.7,3.09,4.8,3.9,5.4,3.6,3.0,4.24,5.3,3.6,3.5,4.6,1.9,4.04
3850,Raúl Hernández Hernández,Ventas,Atención a Clientes,2026-06-15,7.8,6.8,6.0,6.5,6.3,6.77,3.3,5.9,5.5,5.1,4.84,4.7,4.1,6.0,4.6,5.4,4.9,7.6,5.1,4.8,6.5,4.7,5.9
3851,Roberto Vázquez Hernández,Tecnología,Infraestructura,2025-10-15,4.5,5.5,6.1,3.8,5.0,5.04,5.6,6.4,7.9,6.1,6.38,5.5,5.2,5.5,6.3,7.0,5.77,5.9,5.4,3.5,4.5,5.5,4.98
3852,Ximena Reyes González,Tecnología,Desarrollo,2025-11-01,3.2,1.2,3.5,3.0,2.9,2.68,2.1,2.3,3.8,2.7,2.64,6.5,2.4,3.1,4.1,4.9,4.2,2.0,2.1,3.0,2.0,2.6,2.28
3853,Diego Reyes Ortiz,Finanzas,Tesorería,2025-09-24,1.4,3.4,2.2,2.0,1.2,2.12,3.3,5.7,2.0,3.2,3.62,3.2,4.6,4.9,3.5,6.4,4.42,1.4,2.1,0.8,2.4,2.9,1.81
3854,Laura Flores González,Marketing,Investigación de Mercado,2025-09-20,6.8,7.0,7.4,6.8,7.1,7.02,7.1,8.9,8.2,5.5,7.37,8.9,7.9,8.2,8.9,6.5,8.15,5.1,6.5,7.3,6.5,5.7,6.23
3855,Carlos Hernández García,Operaciones,Control de Calidad,2026-05-13,5.9,5.9,6.5,4.8,7.3,6.06,5.6,6.9,7.1,5.1,6.1,6.2,6.9,6.8,7.4,7.4,6.86,4.9,6.1,7.2,5.3,5.7,5.82
3856,Karla Morales Torres,Marketing,Investigación de Mercado,2026-01-21,7.0,6.2,8.6,8.2,4.7,6.95,7.0,4.9,7.3,7.0,6.54,6.1,8.0,8.5,5.7,7.3,7.18,7.1,8.8,7.3,7.7,6.0,7.58
3857,Gabriela Hernández Ortiz,Recursos Humanos,Capacitación,2026-03-15,6.8,6.0,7.0,6.3,4.1,6.16,3.3,5.7,5.9,4.0,4.6,6.8,6.4,7.7,6.2,6.8,6.79,4.9,5.3,5.3,7.1,5.4,5.57
3858,Juan Cruz Sánchez,Ventas,Atención a Clientes,2026-02-22,4.2,5.3,4.9,5.8,8.5,5.5,5.5,4.8,4.7,5.4,5.14,7.7,6.1,4.9,5.9,5.6,6.16,4.4,5.5,6.6,7.2,5.1,5.74
3859,Roberto Gómez Sánchez,Finanzas,Auditoría Interna,2025-11-30,10.0,10.0,10.0,7.7,9.6,9.59,7.5,8.4,7.0,8.6,7.9,8.3,10.0,10.0,10.0,10.0,9.57,10.0,9.7,9.1,10.0,9.8,9.73
3860,Roberto Gómez Ramírez,Recursos Humanos,Capacitación,2026-06-02,6.3,5.7,6.4,4.9,3.7,5.57,5.5,5.5,6.1,5.4,5.6,7.3,5.6,5.4,5.5,5.4,5.94,6.1,8.4,6.7,3.8,7.1,6.44
3861,Pedro Reyes Vázquez,Operaciones,Producción,2025-11-16,4.7,4.2,3.1,4.6,2.8,3.96,3.6,5.5,7.2,4.2,4.94,3.1,3.3,4.9,4.4,3.2,3.72,4.3,3.1,3.9,2.9,2.4,3.45
3862,Daniela Jiménez García,Marketing,Marketing Digital,2026-02-11,3.9,5.3,6.8,6.2,3.2,5.07,0.8,1.5,3.2,0.4,1.36,5.5,2.8,2.4,3.6,4.2,3.72,3.6,4.0,3.3,4.4,5.6,4.0
3863,Camila García Flores,Tecnología,Soporte Técnico,2026-01-06,5.7,10.0,8.3,7.8,6.8,7.78,8.3,7.3,9.4,9.5,8.57,7.3,7.6,8.8,7.6,8.3,7.87,7.9,6.7,7.0,6.0,6.6,6.91
3864,Sergio Rodríguez Jiménez,Ventas,Ventas Internacionales,2026-01-02,8.5,5.6,7.0,7.6,7.7,7.22,8.7,6.9,6.7,7.3,7.5,9.1,8.7,5.0,7.7,5.0,7.36,6.0,7.0,7.3,9.1,8.6,7.39
3865,Mariana Ramírez González,Finanzas,Tesorería,2026-07-15,4.7,7.4,3.6,4.4,3.8,4.98,4.8,4.6,4.9,6.3,5.14,6.0,4.8,6.0,4.9,4.3,5.28,5.8,4.5,5.5,6.0,4.2,5.3
3866,Jorge Ortiz Rodríguez,Ventas,Atención a Clientes,2026-09-03,5.0,6.0,4.4,7.3,6.2,5.65,4.8,5.8,5.0,4.4,4.99,7.8,7.3,5.4,5.5,7.1,6.75,8.9,7.9,6.6,8.5,5.8,7.8
3867,Pedro Romero García,Tecnología,Desarrollo,2025-12-04,4.0,4.8,1.9,4.0,5.3,3.98,4.9,4.1,2.7,4.6,4.19,4.2,5.2,4.0,2.7,4.6,4.25,5.1,4.5,6.0,3.8,5.3,4.89
3868,José Morales Martínez,Operaciones,Producción,2026-08-13,8.2,10.0,9.6,9.4,9.4,9.29,10.0,8.3,8.1,6.5,8.32,7.6,6.1,8.3,7.8,7.5,7.38,6.5,7.8,6.7,6.2,7.0,6.86
3869,Ricardo Vázquez Reyes,Finanzas,Tesorería,2026-06-21,6.5,7.6,7.2,7.6,6.2,7.03,6.4,9.0,9.1,6.6,7.64,6.4,9.0,7.6,7.7,7.1,7.59,6.4,8.5,6.6,7.4,7.3,7.26
3870,Diego Cruz Vázquez,Finanzas,Contabilidad,2026-04-24,7.3,5.4,6.2,7.6,6.7,6.56,7.7,7.4,6.7,6.0,7.0,6.1,7.1,7.1,6.9,6.7,6.76,7.5,7.2,8.9,6.2,6.5,7.35
3871,Miguel Castillo Pérez,Marketing,Investigación de Mercado,2026-07-25,9.1,8.3,7.0,10.0,10.0,8.75,9.2,9.5,9.5,7.5,8.91,8.4,6.7,5.5,7.0,7.6,7.06,8.1,8.7,9.6,7.7,8.7,8.53
3872,Sofía Flores Ramírez,Recursos Humanos,Nómina,2026-01-23,8.3,6.7,5.6,6.2,7.5,6.92,4.3,4.2,2.1,3.1,3.53,6.3,5.8,5.6,6.2,5.1,5.84,3.8,4.9,6.0,2.4,5.3,4.38
3873,Valeria Vázquez Gómez,Marketing,Investigación de Mercado,2026-01-16,1.8,3.0,1.8,1.6,0.0,1.8,0.0,2.8,3.9,2.4,2.08,3.1,3.6,3.9,2.3,4.5,3.47,2.9,4.7,3.2,3.1,3.6,3.52
3874,Camila Gómez Romero,Finanzas,Contabilidad,2026-05-08,6.3,8.7,6.4,7.4,6.1,7.06,5.7,6.6,6.8,5.9,6.2,7.2,8.1,7.2,8.0,6.8,7.49,6.5,5.6,6.6,4.0,8.1,5.96
3875,Sergio Gómez López,Recursos Humanos,Nómina,2025-10-09,5.4,4.4,6.7,5.7,4.5,5.32,4.4,4.7,4.0,5.5,4.67,5.2,8.9,4.7,6.1,4.8,6.1,6.6,4.2,5.5,5.8,5.0,5.46
3876,Carlos Ramírez Vázquez,Operaciones,Logística,2026-01-04,8.7,6.7,5.4,4.4,5.8,6.46,6.3,8.0,8.1,7.0,7.26,6.1,8.1,6.0,5.9,4.8,6.36,3.9,4.0,4.5,3.3,2.8,3.82
3877,Gabriela Jiménez García,Marketing,Comunicación de Marca,2026-05-10,4.9,5.2,7.4,6.5,6.3,5.93,6.3,6.0,6.0,6.6,6.24,5.5,4.6,5.6,5.2,5.7,5.28,8.5,8.1,5.3,4.6,5.7,6.7
3878,Pedro González Gómez,Operaciones,Control de Calidad,2026-06-09,4.7,2.7,2.4,4.5,3.2,3.48,4.2,3.5,3.8,5.1,4.17,3.6,3.0,3.8,2.7,5.8,3.69,5.4,4.3,4.3,3.0,4.4,4.32
3879,Andrea Cruz Hernández,Marketing,Marketing Digital,2025-09-14,7.1,7.2,8.2,7.9,6.7,7.4,6.3,7.4,6.1,8.1,6.98,6.5,8.8,5.5,6.1,5.0,6.59,9.1,7.7,6.8,6.5,7.6,7.62
3880,Mariana Sánchez González,Ventas,Atención a Clientes,2025-11-18,9.9,7.3,8.7,7.8,7.5,8.34,7.9,8.0,6.4,5.2,6.95,6.7,8.2,5.7,4.2,8.8,6.82,6.2,7.0,5.8,7.0,7.3,6.59
3881,Camila Hernández Torres,Operaciones,Logística,2026-06-21,8.3,6.7,4.5,3.8,4.0,5.82,4.7,6.4,6.2,6.5,5.88,4.9,6.1,4.1,5.5,6.3,5.34,4.8,5.7,5.0,5.0,6.0,5.22
3882,Carlos Reyes Hernández,Marketing,Investigación de Mercado,2026-07-29,6.5,5.8,5.3,6.2,5.3,5.86,5.5,4.7,6.2,6.5,5.69,8.2,7.3,6.7,6.2,6.5,7.12,7.6,7.0,9.1,6.3,7.8,7.51
3883,Gabriela Rodríguez Gómez,Marketing,Comunicación de Marca,2025-12-13,8.6,9.9,7.5,6.5,8.2,8.33,6.0,3.1,5.3,7.5,5.51,8.8,5.7,7.5,6.5,8.3,7.34,10.0,8.7,9.6,10.0,9.1,9.5
3884,Carlos Vázquez Vázquez,Finanzas,Contabilidad,2025-11-07,8.1,7.7,8.3,9.4,8.7,8.33,9.5,8.5,8.3,10.0,9.14,8.8,7.8,10.0,8.9,7.6,8.62,8.8,8.5,6.6,8.8,7.4,8.15
3885,Pedro Vázquez Reyes,Marketing,Investigación de Mercado,2026-04-13,7.0,6.8,6.3,7.2,6.4,6.75,9.0,7.6,7.7,7.5,8.02,6.6,6.1,6.6,4.3,6.0,6.04,6.1,7.0,5.6,7.3,5.0,6.36
3886,Paola Gómez Jiménez,Ventas,Ventas Internacionales,2025-11-15,2.9,5.2,4.6,5.3,6.2,4.67,6.6,4.7,5.7,4.1,5.32,4.7,4.2,5.7,5.9,6.4,5.21,5.4,6.7,6.2,5.2,4.8,5.78
3887,Paola Cruz Martínez,Finanzas,Contabilidad,2026-01-06,7.4,4.6,5.2,4.2,5.0,5.42,4.7,6.0,3.8,5.0,4.92,5.5,3.4,5.5,4.4,3.8,4.56,2.7,2.0,3.2,3.9,2.9,2.88
3888,Miguel Castillo Castillo,Operaciones,Control de Calidad,2026-05-31,8.0,4.7,6.3,5.6,6.2,6.2,5.8,3.9,8.5,5.2,5.72,5.6,5.3,6.6,4.8,4.4,5.42,7.0,5.4,6.9,3.2,3.9,5.51
3889,Daniela Romero Gómez,Marketing,Investigación de Mercado,2025-11-09,7.0,7.7,8.2,7.7,6.1,7.38,7.4,5.9,7.8,7.7,7.18,8.0,9.8,4.7,7.4,6.3,7.45,3.4,6.0,6.5,4.4,4.5,4.98
3890,Karla Vázquez Jiménez,Finanzas,Auditoría Interna,2025-11-03,9.5,10.0,10.0,10.0,7.5,9.5,6.1,6.9,6.8,6.2,6.46,8.7,9.5,7.8,10.0,8.0,8.81,8.5,10.0,9.2,7.4,9.1,8.86
3891,Valeria Rodríguez Martínez,Ventas,Atención a Clientes,2026-03-11,5.0,4.9,3.5,4.8,3.9,4.48,4.9,5.0,4.2,5.2,4.86,1.3,2.8,2.1,4.5,1.7,2.37,5.0,5.2,2.9,4.2,4.4,4.41
3892,Karla Hernández Sánchez,Tecnología,Infraestructura,2026-01-06,4.8,4.7,4.8,5.7,5.3,4.98,5.0,5.8,5.9,7.1,5.91,5.7,7.3,7.6,5.9,4.8,6.37,6.1,7.2,5.6,5.9,4.4,6.06
3893,Karla Reyes Sánchez,Recursos Humanos,Reclutamiento,2026-04-30,9.7,8.0,9.1,9.2,7.8,8.8,10.0,9.9,8.5,10.0,9.68,10.0,10.0,9.3,10.0,7.5,9.48,9.0,8.1,8.8,7.3,10.0,8.5
3894,Karla Torres Castillo,Ventas,Ventas Internacionales,2026-04-22,4.9,3.0,3.9,6.5,2.9,4.16,5.7,5.2,5.7,4.2,5.2,5.9,5.4,4.3,5.1,3.9,5.04,6.0,6.7,5.3,5.0,6.3,5.86
3895,Paola Jiménez Torres,Recursos Humanos,Capacitación,2026-07-27,7.8,6.5,7.2,7.0,6.2,7.0,3.7,4.8,5.1,5.3,4.66,4.6,7.3,5.5,6.1,5.6,5.83,7.2,5.4,5.0,4.4,6.7,5.7
3896,Raúl Ortiz Gómez,Ventas,Ventas Nacionales,2026-03-29,4.8,4.9,2.1,4.1,4.9,4.19,5.1,3.9,5.6,4.3,4.7,5.0,5.3,4.7,4.3,5.2,4.94,8.0,5.5,6.5,7.8,6.3,6.86
3897,Miguel Ramírez Pérez,Tecnología,Desarrollo,2025-09-22,7.8,8.7,7.9,9.4,7.1,8.18,8.4,8.9,9.0,9.9,9.02,9.9,8.5,8.7,10.0,9.7,9.3,7.0,7.8,7.5,8.2,9.3,7.77
3898,Ricardo González López,Operaciones,Control de Calidad,2026-07-23,1.9,2.3,2.2,3.7,3.8,2.62,2.6,0.0,2.1,2.3,1.78,1.7,1.0,5.5,2.4,1.8,2.41,1.4,6.7,2.8,2.8,1.1,3.26
3899,Mariana Flores García,Operaciones,Control de Calidad,2025-10-24,6.6,5.6,6.1,7.8,5.0,6.19,7.1,9.8,8.7,10.0,8.82,9.2,9.3,6.0,8.7,5.3,7.92,6.8,8.1,7.8,7.7,7.7,7.6
3900,Juan Reyes Cruz,Tecnología,Desarrollo,2026-02-16,8.4,8.4,9.2,7.7,6.6,8.18,6.3,6.2,7.5,4.6,6.09,5.6,5.7,5.1,4.7,7.0,5.6,7.3,7.3,8.9,5.3,6.7,7.16
3901,Juan González Hernández,Recursos Humanos,Capacitación,2026-07-05,6.4,6.8,6.2,6.8,7.4,6.67,5.6,4.7,6.3,5.6,5.52,6.1,6.9,5.7,6.7,5.4,6.2,5.4,6.1,6.9,6.5,5.4,6.1
3902,Karla Ramírez Ortiz,Marketing,Marketing Digital,2026-02-09,4.8,6.2,5.3,3.1,5.9,5.16,8.0,6.2,6.9,7.2,7.13,4.1,5.4,5.8,5.8,4.9,5.14,5.0,6.1,4.5,6.0,6.5,5.52
3903,Ricardo Jiménez García,Ventas,Ventas Nacionales,2026-03-20,8.8,5.4,6.8,8.1,5.9,7.01,5.4,8.8,5.6,7.0,6.69,5.9,6.3,5.2,8.6,6.5,6.36,9.7,8.2,9.3,6.2,6.7,8.25
3904,Raúl Martínez Ortiz,Recursos Humanos,Capacitación,2026-03-06,8.3,10.0,7.3,10.0,9.6,8.98,8.8,7.3,7.9,7.9,8.02,10.0,10.0,10.0,10.0,10.0,10.0,8.1,10.0,8.5,8.6,9.0,8.85
3905,Karla López Reyes,Tecnología,Infraestructura,2025-10-12,6.0,5.0,4.3,7.0,5.6,5.5,4.9,6.0,4.9,5.1,5.22,4.8,4.7,4.7,5.6,7.0,5.2,4.2,3.4,3.4,4.4,1.5,3.61
3906,María Ramírez Vázquez,Ventas,Atención a Clientes,2025-10-17,2.7,5.2,2.2,5.6,4.4,3.92,3.7,4.1,2.3,4.2,3.64,2.9,2.4,2.2,3.6,3.4,2.82,4.0,4.2,3.1,3.4,3.4,3.69
3907,Sofía Martínez Vázquez,Finanzas,Contabilidad,2026-05-14,6.0,6.6,7.2,8.0,6.7,6.8,6.3,5.1,5.4,5.2,5.54,4.9,5.4,5.8,5.5,6.0,5.46,5.3,6.0,4.8,6.1,4.0,5.4
3908,Mariana López Pérez,Ventas,Ventas Nacionales,2026-03-25,6.5,5.3,6.1,5.6,4.9,5.74,6.1,4.7,5.6,6.3,5.7,4.9,4.9,6.1,5.8,5.4,5.35,3.7,5.0,3.4,4.4,6.2,4.36
3909,Daniela Ortiz Rodríguez,Tecnología,Desarrollo,2026-03-28,2.9,3.6,1.3,1.6,1.6,2.37,2.5,3.4,3.4,4.5,3.4,2.6,1.1,2.8,2.9,2.6,2.31,3.8,4.5,2.4,4.2,2.8,3.68
3910,Luis Flores Torres,Ventas,Atención a Clientes,2025-09-20,7.5,7.4,6.8,7.1,7.7,7.31,6.6,4.4,6.7,3.9,5.4,5.0,5.8,4.8,4.7,5.9,5.25,4.3,3.4,7.4,5.4,4.0,4.89
3911,Mariana Hernández Ramírez,Marketing,Marketing Digital,2025-12-28,6.5,7.5,5.3,6.4,5.8,6.39,9.0,9.7,10.0,9.9,9.6,8.5,9.1,7.9,9.5,9.9,8.89,10.0,7.6,8.9,5.9,7.6,8.12
3912,Ximena Rodríguez Morales,Operaciones,Logística,2025-09-16,3.5,2.7,2.7,1.4,3.2,2.78,1.1,2.6,1.0,3.0,1.93,4.2,3.7,2.0,2.6,3.7,3.32,2.2,1.8,2.4,1.7,1.7,1.99
3913,Paola Pérez Gómez,Tecnología,Soporte Técnico,2026-01-16,6.7,7.6,7.7,7.1,7.3,7.28,9.2,8.0,9.3,8.1,8.64,7.0,7.9,9.7,6.5,9.0,7.99,5.8,7.7,6.8,6.9,5.1,6.62
3914,Gabriela Flores Morales,Recursos Humanos,Nómina,2025-11-26,3.0,2.4,3.5,3.3,4.7,3.25,3.6,2.2,1.7,2.1,2.5,2.8,4.2,2.3,4.9,2.5,3.32,3.6,6.2,5.4,5.8,7.8,5.47
3915,Carlos Ramírez Morales,Finanzas,Auditoría Interna,2026-08-26,10.0,7.4,7.4,7.6,10.0,8.47,8.1,8.6,7.3,9.1,8.32,9.1,8.9,8.7,8.1,10.0,8.96,6.7,6.5,7.8,7.3,7.6,7.08
3916,Camila López López,Recursos Humanos,Capacitación,2025-11-24,6.2,6.2,6.5,5.1,5.5,5.99,6.0,3.9,5.0,4.9,5.0,5.5,5.5,6.8,5.5,4.7,5.64,6.0,7.1,6.0,5.8,4.8,6.12
3917,Francisco Rodríguez González,Finanzas,Contabilidad,2026-02-25,4.3,4.7,2.5,5.5,4.9,4.31,0.2,2.6,3.1,2.3,1.9,5.1,4.6,5.2,6.1,4.8,5.1,4.4,4.6,4.0,3.4,1.6,3.89
3918,Laura Flores Castillo,Marketing,Marketing Digital,2026-09-02,9.2,10.0,9.0,7.8,8.1,8.98,6.6,7.1,7.3,6.1,6.74,10.0,10.0,8.8,8.8,8.0,9.28,9.2,7.8,7.7,9.0,7.0,8.29
3919,Alejandro Sánchez Flores,Operaciones,Control de Calidad,2026-05-21,7.2,8.5,7.8,6.1,8.1,7.61,7.6,6.6,5.7,7.1,6.85,5.2,4.0,5.5,3.7,4.4,4.62,6.5,8.6,5.8,7.8,4.7,6.96
3920,Laura Sánchez Cruz,Operaciones,Producción,2026-08-20,5.7,3.9,4.5,3.3,4.0,4.39,6.4,5.8,7.2,6.3,6.39,2.7,3.8,1.8,2.3,2.1,2.64,3.5,4.7,4.7,4.9,4.7,4.44
3921,Mariana Rodríguez Hernández,Recursos Humanos,Reclutamiento,2026-08-27,7.8,5.9,7.5,5.1,7.0,6.74,8.0,6.2,8.0,6.5,7.18,5.4,5.5,7.1,6.3,5.2,5.87,6.0,5.9,8.1,7.2,6.8,6.72
3922,Sergio Torres Reyes,Tecnología,Infraestructura,2025-10-21,6.2,8.1,5.5,6.5,6.0,6.55,3.8,6.2,7.9,6.9,5.99,6.4,6.4,5.9,7.8,8.0,6.75,6.6,2.8,6.4,4.3,4.5,4.94
3923,María Reyes Reyes,Finanzas,Contabilidad,2026-03-13,6.0,7.0,7.6,7.4,5.3,6.68,5.1,5.0,5.0,4.1,4.8,5.1,5.3,6.3,5.4,2.4,5.03,4.5,4.2,5.3,3.6,3.8,4.34
3924,Luis González Vázquez,Finanzas,Auditoría Interna,2026-04-30,1.7,3.8,1.6,1.0,4.1,2.46,2.9,4.6,1.2,3.4,3.11,2.7,0.8,1.4,1.4,1.2,1.54,2.1,4.9,5.2,4.5,5.2,4.21
3925,Ana Jiménez Castillo,Finanzas,Auditoría Interna,2025-11-13,5.5,5.4,6.1,6.3,6.1,5.81,4.8,3.6,4.8,4.0,4.3,6.5,4.6,2.7,4.8,5.9,4.92,4.9,7.7,5.5,6.5,4.4,5.99
3926,Sofía Flores Gómez,Operaciones,Logística,2026-04-22,1.1,3.4,1.3,3.4,1.0,2.04,1.1,1.7,1.0,1.3,1.28,1.9,1.8,2.0,1.8,0.5,1.67,0.0,2.3,0.6,0.6,0.0,0.82
3927,Sofía Castillo Vázquez,Ventas,Ventas Internacionales,2025-09-11,5.6,4.6,6.0,4.8,5.2,5.25,7.6,4.9,6.8,7.0,6.62,6.0,6.2,6.1,5.5,5.9,5.98,6.6,6.9,4.4,5.5,5.4,5.9
3928,Andrea Sánchez Cruz,Operaciones,Logística,2026-03-10,6.9,6.3,5.5,7.7,8.6,6.85,5.8,4.5,3.8,4.2,4.68,7.1,4.6,5.2,6.3,6.4,5.87,6.2,7.2,5.0,6.0,5.6,6.11
3929,Roberto Ramírez Pérez,Ventas,Atención a Clientes,2026-03-13,6.7,7.7,8.0,7.9,6.0,7.28,8.5,8.5,9.7,9.1,8.89,6.1,5.4,4.4,4.9,5.9,5.38,8.6,9.4,8.4,9.1,9.4,8.94
3930,Diego González García,Finanzas,Tesorería,2026-08-16,8.7,9.3,10.0,8.7,9.7,9.26,8.0,8.6,9.4,7.2,8.23,9.2,10.0,8.5,9.6,8.1,9.15,9.5,8.7,8.0,10.0,10.0,9.15
3931,Fernanda García Castillo,Finanzas,Contabilidad,2026-06-13,5.4,7.0,5.4,5.7,6.6,6.02,7.3,6.4,7.1,6.6,6.86,6.9,8.4,6.1,5.2,9.0,7.18,6.3,5.3,7.4,8.2,6.0,6.62
3932,Carlos Hernández Cruz,Marketing,Marketing Digital,2026-03-14,7.7,5.9,5.8,7.1,5.0,6.38,6.0,6.1,6.4,5.3,5.93,6.8,5.0,5.8,5.5,6.2,5.86,8.0,5.7,6.2,6.4,6.2,6.56
3933,Francisco Vázquez Sánchez,Ventas,Atención a Clientes,2026-02-25,8.3,8.7,9.1,9.1,10.0,8.94,8.1,7.6,8.3,5.7,7.42,9.8,6.8,9.5,7.4,8.3,8.41,7.7,7.3,9.5,5.7,9.0,7.69
3934,Alejandro Sánchez Vázquez,Recursos Humanos,Nómina,2026-01-16,5.2,5.4,7.3,9.0,5.0,6.21,3.3,2.9,1.8,4.1,3.1,5.0,4.6,5.1,5.2,5.6,5.04,2.5,2.9,3.5,1.6,4.6,2.83
3935,Pedro García Pérez,Operaciones,Producción,2026-04-08,7.1,7.4,8.9,8.1,6.5,7.6,8.1,6.5,5.3,7.9,7.09,9.3,5.3,7.0,7.6,6.8,7.21,5.4,5.2,5.9,4.4,7.0,5.41
3936,Ricardo Vázquez Gómez,Finanzas,Auditoría Interna,2026-09-07,8.3,7.6,6.2,6.0,5.9,7.0,5.3,4.1,3.1,4.6,4.38,7.1,7.9,6.1,5.8,7.8,7.01,5.1,4.7,4.9,5.5,5.7,5.1
3937,Pedro García López,Finanzas,Auditoría Interna,2026-07-31,5.9,7.9,6.2,6.3,6.1,6.55,6.9,6.3,7.1,6.9,6.79,6.2,5.3,7.8,5.8,7.8,6.48,7.1,5.6,6.0,7.0,5.6,6.34
3938,Sergio Flores Romero,Ventas,Atención a Clientes,2025-12-03,4.3,3.0,3.3,4.6,5.9,4.06,5.1,6.4,1.9,5.1,4.78,4.5,2.5,4.8,4.8,5.3,4.22,5.7,2.9,4.8,3.8,4.3,4.3
3939,Ximena Rodríguez Martínez,Finanzas,Auditoría Interna,2026-03-15,4.6,8.4,4.7,5.5,7.0,6.06,7.0,8.8,8.1,8.2,7.97,10.0,8.9,6.4,8.3,7.9,8.44,8.6,8.3,9.2,7.0,9.7,8.44
3940,Luis Pérez López,Operaciones,Logística,2025-10-01,8.8,10.0,8.5,10.0,9.6,9.34,10.0,10.0,9.6,9.6,9.82,7.8,9.6,10.0,10.0,8.7,9.15,8.3,9.6,9.1,10.0,8.4,9.14
3941,Daniela Romero Reyes,Recursos Humanos,Capacitación,2025-11-30,5.8,4.4,3.5,5.1,5.5,4.84,3.2,4.0,2.0,3.0,3.11,2.9,3.5,4.6,4.7,4.1,3.84,4.1,5.4,4.5,5.1,4.2,4.72
3942,Valeria Sánchez García,Marketing,Investigación de Mercado,2026-04-27,0.8,3.2,1.4,2.7,2.9,2.12,2.5,3.2,6.3,4.1,3.84,1.1,2.1,2.3,2.1,1.9,1.86,3.7,3.4,3.2,3.1,3.3,3.36
3943,Alejandro Hernández Martínez,Recursos Humanos,Capacitación,2026-03-08,8.1,8.6,9.5,9.2,8.7,8.76,9.1,9.0,9.7,8.4,9.02,8.8,10.0,10.0,8.7,9.1,9.37,9.7,7.6,10.0,9.6,8.8,9.12
3944,Diego Flores Castillo,Marketing,Investigación de Mercado,2025-10-20,4.7,2.1,1.5,2.1,1.8,2.58,0.8,1.6,2.9,2.9,1.94,1.3,1.2,0.7,2.3,3.6,1.65,2.8,2.0,1.3,4.2,3.5,2.65
3945,Laura González Cruz,Recursos Humanos,Capacitación,2026-05-24,7.8,8.4,9.2,8.9,8.5,8.5,6.6,7.8,9.5,8.9,8.06,7.4,6.8,7.2,9.4,10.0,7.9,8.2,8.8,7.8,7.2,8.2,8.07
3946,Miguel González Romero,Marketing,Marketing Digital,2025-10-21,6.0,6.6,6.1,7.1,5.7,6.29,4.7,5.3,7.2,6.4,5.78,7.9,8.1,7.4,5.3,8.2,7.5,7.5,8.3,7.3,8.0,6.6,7.67
3947,José Castillo Gómez,Marketing,Marketing Digital,2026-02-18,6.1,7.9,7.1,8.2,6.2,7.08,5.3,7.7,7.4,4.5,6.12,8.0,7.8,8.0,7.8,7.0,7.77,8.7,7.3,6.9,6.8,8.1,7.55
3948,Jorge Vázquez Sánchez,Tecnología,Desarrollo,2026-08-12,6.8,6.9,6.4,8.2,8.1,7.15,7.9,6.8,7.2,8.0,7.51,7.2,9.9,9.2,6.2,7.2,8.12,7.1,8.1,7.9,6.9,8.1,7.57
3949,Miguel Flores Sánchez,Tecnología,Infraestructura,2026-08-26,8.9,7.2,8.2,7.0,9.0,8.06,5.9,7.0,6.5,5.7,6.24,7.6,10.0,8.7,9.1,9.6,8.94,5.4,7.1,5.5,5.2,7.9,6.06
3950,Miguel Sánchez Pérez,Ventas,Ventas Internacionales,2026-06-03,6.0,5.5,4.2,6.0,6.0,5.52,5.5,6.1,5.4,5.1,5.53,5.6,5.0,6.0,5.4,7.0,5.71,7.0,6.2,8.6,7.3,6.2,7.1
3951,Ricardo Reyes Cruz,Finanzas,Contabilidad,2025-10-18,5.8,5.1,7.3,4.2,4.5,5.49,5.0,5.3,5.1,6.8,5.54,6.9,5.6,5.4,5.6,6.8,6.06,4.1,4.6,6.9,5.4,6.2,5.26
3952,Paola González Morales,Operaciones,Logística,2026-01-09,8.4,9.9,7.3,7.9,8.2,8.45,8.3,7.8,3.7,8.8,7.38,9.6,10.0,8.5,8.7,9.7,9.36,8.5,8.9,7.3,8.8,7.8,8.35
3953,Luis López Ortiz,Operaciones,Logística,2026-07-24,7.1,7.4,8.9,7.3,8.2,7.73,5.6,5.0,7.3,6.3,5.96,7.4,8.4,5.0,5.9,6.9,6.87,7.4,8.4,10.0,9.7,8.8,8.77
3954,Raúl Jiménez Ortiz,Recursos Humanos,Capacitación,2026-06-14,2.8,3.7,2.9,3.8,1.2,2.96,3.7,3.9,0.9,2.7,2.94,3.7,6.0,4.8,4.5,4.3,4.7,6.1,4.0,4.9,4.5,5.6,4.96
3955,Raúl Vázquez Rodríguez,Recursos Humanos,Reclutamiento,2026-01-21,2.6,4.6,1.5,6.4,3.9,3.64,3.4,3.0,1.8,1.7,2.55,3.4,3.5,3.4,3.7,5.2,3.74,0.7,2.4,2.1,3.0,3.0,2.09
3956,Jorge Ortiz Flores,Recursos Humanos,Reclutamiento,2026-04-02,5.0,4.8,7.0,4.1,5.2,5.25,4.1,4.2,6.4,5.3,4.88,4.4,4.1,4.0,3.9,3.8,4.08,4.2,3.0,5.0,4.7,3.9,4.13
3957,Andrea Rodríguez Reyes,Marketing,Investigación de Mercado,2026-08-23,7.6,4.0,3.7,6.4,7.4,5.71,6.1,6.8,5.8,4.6,5.84,8.0,5.9,6.1,8.9,6.4,6.99,5.0,7.7,6.9,4.6,5.9,6.06
3958,Ana Gómez Jiménez,Tecnología,Desarrollo,2026-01-19,6.4,9.8,7.9,6.9,9.4,8.08,7.7,8.0,9.0,7.3,7.94,8.9,8.5,8.8,8.4,8.5,8.64,9.9,8.5,8.5,7.4,8.5,8.63
3959,Roberto Pérez Morales,Ventas,Ventas Internacionales,2026-08-04,6.5,3.8,3.7,3.2,2.9,4.23,5.7,6.1,7.7,4.4,5.88,3.9,5.0,5.0,4.1,7.2,4.92,5.5,4.6,4.6,5.1,6.1,5.08
3960,Laura González López,Recursos Humanos,Capacitación,2026-08-03,6.1,7.1,6.5,5.3,5.1,6.16,5.9,4.8,6.1,6.9,5.91,5.8,6.8,6.9,6.4,5.6,6.33,6.3,6.8,8.1,6.3,6.2,6.78
3961,Jorge Reyes Flores,Operaciones,Control de Calidad,2026-01-08,9.1,8.7,10.0,9.4,10.0,9.36,7.2,7.1,7.1,6.0,6.86,6.7,8.9,8.0,9.2,8.4,8.14,6.3,6.3,6.7,6.4,7.3,6.5
3962,Carlos Vázquez Ramírez,Marketing,Comunicación de Marca,2025-12-11,3.8,3.4,3.7,2.0,3.9,3.42,3.3,2.2,1.8,4.0,2.9,5.2,3.6,4.2,4.2,3.2,4.15,2.1,1.6,2.3,1.5,4.6,2.14
3963,Fernanda Castillo Romero,Operaciones,Control de Calidad,2026-02-23,7.7,6.7,6.4,6.5,6.2,6.78,7.5,7.1,7.7,8.9,7.79,6.0,7.3,8.2,7.8,7.4,7.24,6.6,6.7,5.8,6.7,7.7,6.6
3964,Francisco Sánchez López,Finanzas,Contabilidad,2026-09-01,6.8,4.0,4.6,6.7,6.6,5.62,5.7,5.1,5.0,4.7,5.16,8.1,7.0,6.9,5.8,7.3,7.12,5.5,5.3,8.1,8.1,5.7,6.51
3965,Luis Cruz Castillo,Tecnología,Infraestructura,2026-06-28,2.9,7.1,5.6,6.3,7.5,5.69,6.5,5.4,6.5,5.7,6.02,7.8,5.4,5.2,8.3,5.5,6.41,7.3,5.9,5.1,5.9,7.1,6.21
3966,José Ortiz Jiménez,Operaciones,Control de Calidad,2026-02-17,5.4,7.1,6.6,7.8,7.2,6.7,7.5,5.6,5.5,7.5,6.62,7.2,4.1,5.7,6.2,5.1,5.66,7.7,8.3,8.7,8.4,7.3,8.15
3967,Roberto González Pérez,Ventas,Ventas Nacionales,2026-07-14,6.7,7.4,8.1,7.5,7.2,7.35,8.7,7.6,6.8,8.3,7.94,9.2,6.5,8.8,7.7,8.2,8.07,10.0,8.9,9.1,9.1,9.7,9.34
3968,Jorge García Romero,Marketing,Comunicación de Marca,2026-02-08,10.0,8.7,10.0,9.0,10.0,9.52,9.2,7.9,8.9,10.0,9.02,10.0,9.0,6.6,9.5,7.8,8.66,9.3,6.7,7.9,7.1,8.9,7.89
3969,Carlos Jiménez Vázquez,Tecnología,Soporte Técnico,2026-03-13,6.8,6.5,6.8,5.5,6.3,6.46,1.9,6.5,4.3,4.7,4.23,7.0,5.6,10.0,7.6,9.6,7.73,6.8,7.3,3.9,7.3,7.7,6.54
3970,Daniela González Pérez,Ventas,Ventas Nacionales,2026-08-29,4.4,6.3,7.8,7.1,6.6,6.29,5.4,6.1,6.7,8.4,6.59,5.5,7.1,9.2,6.1,6.9,6.94,5.3,6.9,7.0,6.2,6.1,6.3
3971,Paola Reyes Romero,Finanzas,Tesorería,2026-08-03,7.5,8.1,8.3,6.7,8.0,7.76,8.0,6.6,6.4,8.8,7.53,8.1,5.9,6.3,8.6,6.6,7.04,6.3,6.0,6.5,6.8,6.3,6.36
3972,María Jiménez Martínez,Marketing,Investigación de Mercado,2026-04-25,3.2,2.4,0.0,2.6,3.0,2.24,2.7,4.6,3.1,3.4,3.43,3.1,0.0,2.7,2.6,1.7,1.96,4.2,1.5,3.2,4.5,5.3,3.5
3973,Juan Ramírez Torres,Recursos Humanos,Reclutamiento,2026-01-23,3.9,4.0,5.4,3.9,4.2,4.27,4.9,2.0,5.5,5.7,4.5,4.0,3.5,4.6,4.9,5.5,4.35,4.1,3.5,4.1,6.1,5.0,4.44
3974,Juan Jiménez Romero,Marketing,Investigación de Mercado,2025-12-15,4.7,7.2,6.3,5.4,7.1,6.11,4.0,4.5,5.4,4.5,4.53,4.2,4.8,5.3,4.7,3.4,4.52,4.4,3.9,5.1,5.0,5.2,4.62
3975,Francisco López Sánchez,Operaciones,Producción,2025-10-26,6.1,5.5,5.5,6.6,5.5,5.82,6.5,7.6,8.8,9.9,8.08,6.5,7.7,5.8,9.4,8.8,7.44,5.6,7.9,6.4,7.9,6.7,6.9
3976,Sergio Ortiz Rodríguez,Tecnología,Desarrollo,2026-02-03,8.8,6.7,5.4,6.2,5.0,6.64,4.4,7.3,6.3,6.0,5.9,6.8,6.8,7.1,6.4,6.9,6.82,10.0,10.0,10.0,10.0,10.0,10.0
3977,Andrea Castillo Ortiz,Marketing,Marketing Digital,2026-06-25,3.8,3.2,2.7,3.8,2.5,3.24,1.3,2.1,3.8,4.2,2.72,2.1,0.8,3.3,2.0,3.4,2.2,1.0,2.5,0.6,4.5,3.1,2.2
3978,María López García,Ventas,Ventas Nacionales,2026-01-07,8.7,8.9,8.3,8.5,7.1,8.4,6.1,5.1,7.1,6.6,6.17,8.5,9.2,6.9,8.2,7.2,8.11,7.4,7.6,8.8,7.9,9.0,7.99
3979,Gabriela Flores Martínez,Ventas,Ventas Nacionales,2026-06-27,6.1,5.3,5.7,5.5,5.3,5.61,4.6,4.7,7.0,4.5,5.08,5.2,5.8,6.2,4.2,3.6,5.16,6.1,6.9,6.7,6.4,6.7,6.54
3980,Luis Reyes Pérez,Operaciones,Producción,2025-11-18,4.3,3.3,6.0,5.1,2.5,4.24,0.4,3.1,5.6,1.4,2.36,6.3,3.6,2.7,5.0,5.1,4.53,1.5,3.2,5.0,2.8,6.2,3.36
3981,Jorge Castillo Ramírez,Marketing,Marketing Digital,2026-03-28,6.8,5.6,6.0,5.7,7.0,6.2,4.4,5.8,5.6,4.3,4.96,5.4,6.3,6.2,6.9,5.3,6.0,8.8,8.0,7.2,8.1,8.1,8.07
3982,Laura Hernández Hernández,Marketing,Comunicación de Marca,2026-03-05,5.0,5.6,5.3,6.4,5.6,5.51,6.2,6.6,8.3,9.2,7.47,7.1,7.6,7.1,7.7,8.0,7.45,7.6,7.0,6.5,4.6,7.7,6.64
3983,Paola Sánchez Rodríguez,Recursos Humanos,Reclutamiento,2025-10-13,8.9,9.2,7.9,9.4,9.0,8.86,7.3,8.2,6.4,7.7,7.44,9.5,9.0,9.9,8.6,8.7,9.2,8.6,7.2,7.9,10.0,9.1,8.44
3984,Alejandro Flores Gómez,Recursos Humanos,Nómina,2026-03-21,8.0,7.6,8.4,8.0,7.4,7.89,7.7,7.2,7.9,5.6,7.09,8.3,7.6,7.9,8.0,6.5,7.73,5.7,5.6,7.0,6.6,6.9,6.24
3985,Raúl Sánchez Ortiz,Finanzas,Contabilidad,2026-08-17,8.5,9.7,9.3,7.4,10.0,9.02,9.1,9.2,10.0,9.5,9.4,8.3,5.6,7.0,9.6,8.0,7.52,8.9,7.7,9.5,8.6,7.9,8.56
3986,Roberto Pérez Ramírez,Marketing,Comunicación de Marca,2025-10-08,6.5,4.5,6.5,5.8,5.7,5.78,5.0,4.5,4.2,3.4,4.31,3.5,0.5,5.4,5.6,3.2,3.4,4.5,7.8,7.5,4.5,3.0,5.78
3987,Jorge Hernández Rodríguez,Operaciones,Producción,2025-11-16,8.1,8.5,6.0,7.6,7.3,7.58,4.8,7.2,5.9,5.3,5.74,5.3,6.8,7.3,6.9,5.7,6.38,7.9,4.8,8.0,6.2,5.8,6.6
3988,Ricardo Gómez Vázquez,Finanzas,Tesorería,2026-07-10,7.3,4.3,7.6,5.5,3.6,5.78,5.7,4.1,5.6,4.1,4.88,5.2,6.1,5.0,6.1,6.1,5.66,7.9,6.1,6.4,4.0,6.2,6.2
3989,Roberto Martínez García,Recursos Humanos,Nómina,2026-03-09,7.2,6.0,6.6,6.3,4.7,6.27,5.2,6.1,4.9,5.2,5.36,5.5,3.8,5.8,5.1,5.2,5.03,5.1,6.3,5.4,5.5,4.3,5.46
3990,Karla Cruz Hernández,Marketing,Comunicación de Marca,2026-03-10,6.4,7.1,6.6,5.4,3.7,6.06,7.1,6.1,5.1,4.3,5.75,6.3,7.7,4.8,7.5,5.3,6.38,5.1,7.0,4.7,5.6,8.2,5.9
3991,Camila Jiménez Martínez,Operaciones,Control de Calidad,2025-12-25,10.0,10.0,8.8,8.7,9.1,9.43,8.9,7.4,9.0,7.6,8.22,5.3,7.1,6.8,5.9,7.1,6.41,7.8,7.2,5.8,6.7,8.2,7.07
3992,Diego Cruz Romero,Marketing,Comunicación de Marca,2026-03-02,10.0,8.6,10.0,8.2,9.5,9.3,8.2,8.5,4.9,9.4,7.91,8.8,10.0,7.9,7.0,8.2,8.56,9.2,7.3,8.7,9.5,7.1,8.48
3993,Juan González Reyes,Tecnología,Infraestructura,2026-02-02,6.2,5.5,5.9,6.7,7.2,6.19,6.4,5.0,6.6,7.3,6.32,6.6,6.2,5.4,5.8,4.8,5.87,8.2,5.6,7.0,6.3,6.0,6.71
3994,Sofía Torres Jiménez,Tecnología,Desarrollo,2026-02-21,2.9,3.7,4.1,3.9,3.9,3.64,4.7,1.5,3.3,3.8,3.39,3.6,4.1,2.0,4.3,3.1,3.43,4.0,2.7,2.4,3.0,0.9,2.84
3995,Camila Jiménez García,Tecnología,Infraestructura,2026-07-20,5.5,4.1,5.1,5.5,5.0,5.0,6.4,4.5,4.8,4.2,5.06,7.9,9.0,6.2,7.2,8.9,7.88,6.1,7.9,5.7,5.8,6.6,6.46
3996,Jorge Cruz Ortiz,Ventas,Ventas Nacionales,2025-10-25,4.9,3.8,3.4,4.0,3.3,3.95,3.3,3.1,2.1,2.5,2.81,3.1,3.9,3.5,4.9,0.8,3.3,3.5,5.3,3.6,3.9,1.4,3.84
3997,Jorge Pérez Morales,Operaciones,Control de Calidad,2025-10-18,8.6,5.2,9.6,6.8,8.4,7.65,7.1,8.7,5.8,8.3,7.54,7.5,9.7,8.3,8.3,7.4,8.32,4.3,4.0,4.6,7.4,5.5,5.03
3998,Luis López González,Tecnología,Infraestructura,2026-08-15,9.1,8.2,8.3,7.7,6.2,8.07,8.9,10.0,8.2,8.4,8.91,9.1,7.4,10.0,7.9,7.8,8.48,8.4,7.7,9.3,8.9,10.0,8.67
3999,Karla Gómez Martínez,Operaciones,Logística,2025-12-26,9.7,10.0,10.0,10.0,10.0,9.93,8.2,8.1,10.0,9.1,8.76,8.9,8.2,10.0,7.5,7.5,8.52,10.0,8.4,8.6,8.4,9.2,8.92
4000,Daniela Rodríguez Pérez,Finanzas,Auditoría Interna,2026-04-05,6.3,8.2,7.0,8.5,9.5,7.72,6.9,8.2,7.1,7.3,7.36,8.5,10.0,8.6,8.9,9.6,9.12,9.1,9.0,7.5,9.6,10.0,8.94
4001,Carlos Pérez Castillo,Operaciones,Control de Calidad,2026-05-19,6.6,5.6,5.9,4.3,5.3,5.67,7.4,8.1,5.6,6.5,6.99,9.0,6.3,5.2,6.4,5.6,6.66,7.4,6.6,7.4,7.4,6.8,7.14
4002,Miguel Torres Cruz,Marketing,Comunicación de Marca,2025-12-24,10.0,8.5,9.8,8.8,10.0,9.41,9.5,9.7,9.5,7.6,9.08,8.4,9.7,9.0,9.2,8.3,8.95,8.2,9.3,8.8,8.7,9.8,8.86
4003,Carlos Morales Sánchez,Tecnología,Desarrollo,2026-03-18,5.2,4.5,5.0,4.8,4.2,4.77,3.5,3.8,1.8,3.5,3.24,2.5,5.3,4.5,3.1,4.7,4.02,3.9,4.3,4.9,3.5,5.3,4.26
4004,María Pérez Martínez,Tecnología,Infraestructura,2025-09-08,3.4,6.6,6.7,5.4,6.4,5.61,6.7,6.1,4.9,7.5,6.39,5.7,7.8,8.7,7.4,5.5,7.05,8.0,6.4,6.6,7.6,4.4,6.88
4005,Camila Ortiz Ortiz,Marketing,Marketing Digital,2026-02-23,5.4,7.7,7.2,4.9,5.0,6.2,5.0,6.3,5.8,7.1,6.01,7.3,6.6,6.1,5.8,4.1,6.18,5.2,5.9,3.7,4.5,6.1,5.03
4006,Sofía Ortiz González,Recursos Humanos,Capacitación,2026-06-29,10.0,7.7,10.0,9.4,9.1,9.2,7.9,7.1,8.3,6.2,7.36,7.2,9.3,9.8,8.5,7.2,8.44,10.0,7.3,9.8,9.4,10.0,9.17
4007,Juan Torres Rodríguez,Operaciones,Control de Calidad,2026-04-15,5.6,5.3,3.5,4.8,6.3,5.09,2.7,5.1,5.4,5.9,4.64,5.2,6.5,8.5,7.8,7.7,6.95,6.3,0.9,5.7,6.6,4.8,4.74
4008,Pedro Rodríguez Cruz,Recursos Humanos,Capacitación,2025-10-11,1.4,1.7,2.9,3.5,3.7,2.44,3.4,3.9,3.5,3.5,3.57,1.6,3.5,2.6,1.4,3.1,2.47,3.5,4.0,3.5,4.1,4.6,3.86
4009,Daniela Hernández López,Finanzas,Auditoría Interna,2026-02-28,8.1,7.1,7.1,6.3,8.3,7.41,6.9,6.0,5.3,4.9,5.86,5.2,4.5,4.8,4.5,5.2,4.84,5.7,7.0,6.3,7.2,6.3,6.5
4010,Jorge Jiménez González,Recursos Humanos,Nómina,2026-02-26,0.9,2.7,3.1,0.7,2.2,1.96,3.6,2.5,2.1,2.9,2.85,4.0,1.6,1.9,2.2,0.3,2.15,4.3,2.9,3.2,1.6,1.2,2.88
4011,Alejandro Cruz Martínez,Tecnología,Desarrollo,2025-09-08,2.8,1.4,5.8,2.9,3.9,3.23,3.3,4.4,4.0,3.8,3.84,4.4,4.3,3.1,3.0,2.5,3.62,2.2,3.1,2.7,3.1,3.8,2.86
4012,Roberto Jiménez Cruz,Operaciones,Producción,2025-10-17,5.9,6.8,5.0,5.8,7.3,6.14,6.8,7.3,7.1,8.0,7.28,8.9,7.5,6.4,6.9,6.2,7.34,8.8,7.0,8.6,8.4,7.3,8.08
4013,Francisco Sánchez Ortiz,Finanzas,Auditoría Interna,2026-07-01,5.6,5.0,5.9,5.7,7.7,5.84,5.5,5.2,4.6,5.3,5.2,6.3,7.5,7.3,4.2,2.2,5.87,6.8,5.5,5.7,4.2,4.8,5.54
4014,Alejandro Castillo Martínez,Operaciones,Control de Calidad,2026-01-21,6.3,7.3,7.9,7.9,7.8,7.34,6.4,7.3,7.3,6.9,6.93,4.5,3.8,3.5,5.2,5.3,4.35,4.9,4.1,4.0,4.4,4.6,4.39
4015,José Sánchez Ortiz,Recursos Humanos,Reclutamiento,2026-04-01,9.1,7.6,8.9,8.3,7.2,8.28,5.7,4.3,7.4,4.6,5.42,5.9,7.1,6.1,6.5,7.5,6.57,7.4,6.3,8.2,5.4,7.0,6.84
4016,Fernanda Pérez Cruz,Finanzas,Contabilidad,2026-07-13,5.4,7.0,5.0,5.8,5.0,5.72,2.8,4.2,4.9,6.0,4.37,6.0,5.1,5.5,5.4,5.9,5.57,4.3,6.2,5.6,5.4,7.0,5.52
4017,Valeria Pérez Flores,Recursos Humanos,Reclutamiento,2026-07-22,8.9,7.7,9.7,8.6,8.9,8.72,10.0,10.0,10.0,10.0,10.0,9.3,8.1,9.6,9.8,9.9,9.22,9.5,7.9,9.6,7.5,9.8,8.75
4018,Roberto Pérez García,Marketing,Investigación de Mercado,2025-12-16,4.0,6.7,5.1,5.0,5.4,5.26,6.0,5.3,5.7,5.5,5.64,7.4,5.2,6.6,6.0,5.7,6.23,5.6,6.2,4.5,3.9,6.3,5.26
4019,Ana Ortiz Reyes,Operaciones,Producción,2026-02-13,7.0,6.9,8.5,7.0,7.8,7.4,4.3,4.1,3.8,6.0,4.57,8.2,7.9,7.4,8.0,6.1,7.62,6.1,6.1,5.7,4.5,4.1,5.5
4020,Carlos Flores Ramírez,Ventas,Atención a Clientes,2026-03-01,9.3,8.5,8.4,7.0,10.0,8.68,7.3,6.3,6.4,7.0,6.8,9.5,7.3,5.8,6.6,9.2,7.73,7.7,6.3,8.3,8.9,5.0,7.44
4021,Diego López Pérez,Recursos Humanos,Nómina,2025-10-20,8.2,6.2,7.2,6.3,7.5,7.11,9.2,8.4,8.8,7.9,8.59,5.3,8.8,6.2,8.7,7.9,7.26,7.5,4.7,7.9,6.3,7.2,6.61
4022,Carlos Gómez Gómez,Ventas,Atención a Clientes,2026-04-28,5.0,1.9,1.8,3.8,4.4,3.32,3.2,4.0,2.3,0.4,2.52,3.4,2.5,4.3,3.7,4.1,3.5,3.7,4.4,3.7,4.6,4.4,4.13
4023,Mariana Reyes Reyes,Tecnología,Soporte Técnico,2026-08-01,8.4,6.0,6.2,7.0,6.9,6.92,9.3,7.6,10.0,8.0,8.69,7.2,7.2,5.4,6.3,6.4,6.58,6.5,7.8,8.8,8.4,8.4,7.86
4024,Daniela López Ramírez,Ventas,Ventas Internacionales,2026-07-20,3.7,4.6,4.3,5.7,6.7,4.8,7.5,6.1,6.4,6.6,6.7,3.4,5.4,4.9,5.2,4.6,4.65,7.1,2.4,4.6,4.2,3.3,4.46
4025,Roberto Flores Ramírez,Marketing,Investigación de Mercado,2026-07-29,8.6,6.6,7.1,6.2,8.6,7.44,10.0,8.8,10.0,10.0,9.7,8.3,6.7,8.8,8.0,7.5,7.84,6.8,9.6,7.2,5.9,6.1,7.33
4026,Sergio López Morales,Recursos Humanos,Nómina,2026-04-04,8.6,5.2,7.0,7.1,10.0,7.42,10.0,8.4,9.0,10.0,9.4,5.7,7.6,8.1,8.4,6.8,7.22,9.9,10.0,7.9,9.7,8.6,9.35
4027,Daniela González Ramírez,Marketing,Investigación de Mercado,2025-10-20,6.1,5.6,7.1,6.2,5.6,6.11,6.6,5.3,5.8,6.3,6.04,6.2,6.5,7.7,7.7,7.6,7.01,6.4,3.8,4.7,6.5,5.2,5.31
4028,Ximena García Romero,Finanzas,Contabilidad,2026-02-14,9.1,9.0,9.5,9.5,7.6,8.99,7.1,8.6,8.7,9.9,8.49,9.7,7.3,10.0,10.0,10.0,9.25,9.9,9.6,8.8,9.4,9.7,9.49
4029,Carlos Pérez López,Finanzas,Tesorería,2025-09-28,5.8,5.6,5.3,7.0,4.2,5.59,6.9,8.2,5.9,8.3,7.37,8.0,6.2,7.6,4.9,7.5,6.93,6.4,6.0,5.0,5.6,7.4,5.96
4030,Alejandro Ramírez Flores,Tecnología,Desarrollo,2026-06-29,8.3,4.0,4.7,6.9,7.1,6.12,7.4,8.7,7.1,10.0,8.32,6.5,7.7,6.2,6.4,6.1,6.66,5.9,6.3,4.3,5.7,7.0,5.75
4031,Valeria González González,Ventas,Ventas Internacionales,2025-10-28,7.2,9.7,8.3,9.5,7.7,8.46,6.9,7.9,8.9,8.3,7.9,5.1,4.2,5.4,6.8,4.5,5.1,8.0,7.5,7.8,6.1,6.8,7.34
4032,Alejandro Cruz Flores,Operaciones,Control de Calidad,2026-04-12,9.1,9.4,9.6,8.9,9.6,9.32,7.8,7.2,8.9,8.5,8.04,10.0,9.9,8.7,9.3,9.9,9.59,7.5,7.1,9.6,6.5,9.8,7.85
4033,Juan García Morales,Operaciones,Logística,2026-08-31,6.6,5.1,6.0,6.2,5.1,5.82,6.5,6.4,4.3,3.9,5.38,5.7,4.6,5.9,5.0,7.4,5.62,6.4,6.8,6.0,8.2,6.0,6.74
4034,Laura Castillo Ortiz,Finanzas,Tesorería,2025-11-15,8.4,7.4,5.6,3.8,6.1,6.56,7.5,6.1,7.1,6.8,6.9,8.1,7.1,6.2,7.4,7.0,7.2,7.8,7.7,8.1,9.1,7.0,8.02
4035,Ana Romero Flores,Finanzas,Tesorería,2026-07-23,7.5,6.6,2.3,7.7,6.0,6.04,8.5,8.0,6.7,6.9,7.62,6.6,5.2,6.5,7.3,7.8,6.52,7.7,6.8,9.4,6.9,7.4,7.62
4036,Carlos Gómez Reyes,Marketing,Investigación de Mercado,2026-08-30,6.3,6.9,8.6,4.9,5.1,6.52,7.1,3.0,5.4,4.2,5.01,5.9,4.5,5.6,6.8,6.8,5.76,7.2,5.2,6.9,6.4,7.4,6.5
4037,Ana García Vázquez,Tecnología,Desarrollo,2025-11-21,4.2,0.0,3.4,0.4,1.3,1.98,2.1,2.3,4.1,1.1,2.3,1.7,3.0,4.5,4.6,3.0,3.22,4.0,4.2,3.0,2.6,4.7,3.64
4038,Fernanda Jiménez Ortiz,Marketing,Marketing Digital,2026-08-21,7.7,7.2,7.1,6.0,8.7,7.35,5.0,6.1,6.3,5.3,5.61,5.0,7.8,4.2,5.8,6.9,5.94,7.4,9.2,4.7,6.0,5.5,6.84
4039,Ana Morales Martínez,Finanzas,Tesorería,2026-02-14,3.7,4.5,4.8,5.1,4.2,4.4,4.2,6.6,6.2,3.9,5.12,4.3,5.1,5.3,1.1,3.5,4.1,5.8,6.0,7.9,7.4,6.6,6.67
4040,Luis Ortiz Gómez,Marketing,Comunicación de Marca,2026-01-04,5.6,4.0,3.9,3.6,6.2,4.65,5.4,5.7,6.8,4.9,5.63,5.4,7.1,5.8,3.9,4.2,5.5,3.1,4.3,4.8,6.5,3.0,4.41
4041,Sofía Pérez Pérez,Marketing,Marketing Digital,2025-09-15,8.8,8.9,10.0,8.4,6.4,8.64,10.0,9.1,7.5,9.4,9.12,9.4,7.7,9.1,10.0,10.0,9.1,8.1,8.8,10.0,7.7,9.6,8.72
4042,Carlos Ortiz Cruz,Operaciones,Producción,2026-01-10,7.6,5.6,5.3,7.4,6.0,6.37,6.4,8.3,7.9,6.7,7.25,6.0,6.0,5.3,6.6,5.5,5.88,6.2,5.5,6.5,6.3,6.5,6.14
4043,Laura Vázquez Ramírez,Operaciones,Logística,2026-02-13,7.5,7.7,8.5,7.7,7.3,7.75,6.8,6.4,4.4,3.6,5.42,5.7,4.8,6.9,4.1,7.1,5.68,6.1,5.3,5.5,5.7,4.3,5.52
4044,Miguel López López,Marketing,Marketing Digital,2026-01-15,8.7,9.0,8.8,9.0,9.2,8.91,9.6,8.6,7.8,6.9,8.32,8.9,7.2,5.9,5.9,7.2,7.17,9.0,10.0,9.1,8.5,9.0,9.17
4045,Pedro González Sánchez,Operaciones,Control de Calidad,2026-04-22,6.3,7.5,8.3,8.2,7.8,7.51,8.1,6.2,8.3,8.3,7.72,5.5,7.5,7.3,9.6,10.0,7.65,8.0,7.7,7.6,8.8,8.2,8.02
4046,Luis López Morales,Ventas,Atención a Clientes,2025-10-06,3.5,4.6,3.8,4.5,5.7,4.31,3.4,3.1,3.3,4.7,3.63,4.2,5.7,4.3,4.2,5.1,4.73,2.7,5.5,4.4,5.3,3.5,4.34
4047,Raúl Sánchez Morales,Tecnología,Desarrollo,2026-08-05,4.4,3.8,7.0,6.2,5.8,5.25,6.4,9.3,8.2,6.0,7.38,6.6,4.9,6.4,6.4,4.9,5.85,6.3,7.4,7.1,7.3,6.9,7.0
4048,Sergio Flores García,Marketing,Comunicación de Marca,2026-03-26,3.5,3.6,5.3,3.7,1.8,3.66,2.2,4.2,4.0,3.2,3.31,4.9,4.5,4.5,1.9,3.9,4.12,1.7,2.0,3.5,2.0,2.7,2.3
4049,Carlos Torres Sánchez,Recursos Humanos,Reclutamiento,2026-08-13,10.0,10.0,9.7,10.0,10.0,9.94,8.7,10.0,8.5,10.0,9.31,8.8,8.6,8.2,7.7,8.3,8.39,8.5,9.1,8.8,8.9,9.1,8.85
4050,Alejandro Hernández Torres,Tecnología,Infraestructura,2026-06-21,4.3,3.7,1.6,4.5,4.9,3.73,3.6,4.1,2.3,4.2,3.62,1.9,0.0,2.1,1.7,0.7,1.25,2.7,2.1,2.5,3.1,3.5,2.67
4051,Juan Ortiz García,Finanzas,Auditoría Interna,2026-08-23,8.6,10.0,8.6,8.9,9.4,9.12,9.1,8.4,10.0,9.5,9.2,9.2,10.0,8.9,8.1,9.0,9.14,8.9,9.8,6.4,8.3,7.4,8.36
4052,Sofía Vázquez González,Ventas,Atención a Clientes,2026-04-16,3.0,4.8,4.5,4.3,5.4,4.3,4.0,2.1,4.0,4.7,3.7,4.9,4.3,3.6,5.1,2.6,4.18,1.5,2.5,3.8,1.6,1.8,2.26
4053,Juan Hernández Jiménez,Tecnología,Desarrollo,2025-11-15,4.6,6.0,5.4,4.9,4.1,5.08,3.3,5.6,3.5,5.6,4.49,5.3,6.6,5.5,6.2,5.9,5.89,7.2,5.5,6.2,6.4,5.5,6.24
4054,Gabriela López Hernández,Tecnología,Desarrollo,2026-02-19,8.5,6.6,7.5,7.8,8.5,7.72,4.7,5.4,5.7,6.8,5.6,7.0,6.0,6.5,7.1,4.8,6.34,8.4,6.8,6.4,8.7,5.8,7.4
4055,Mariana López Flores,Finanzas,Contabilidad,2026-03-13,6.9,5.8,5.2,6.2,4.5,5.82,4.9,2.0,4.2,4.9,4.04,4.7,4.4,5.9,6.1,3.9,4.96,4.3,4.7,6.6,7.7,4.6,5.57
4056,Karla Pérez Morales,Ventas,Atención a Clientes,2026-03-31,6.5,7.8,10.0,8.7,8.5,8.15,7.8,6.5,7.3,6.8,7.12,5.2,6.1,7.5,5.9,6.1,6.12,7.1,7.5,7.5,6.0,8.7,7.22
4057,Daniela Pérez López,Operaciones,Logística,2025-11-11,8.5,9.3,8.7,7.8,7.5,8.48,5.8,8.0,7.5,7.1,7.02,6.0,6.5,8.4,7.8,9.2,7.36,6.1,6.6,6.9,7.0,6.9,6.64
4058,Andrea González García,Recursos Humanos,Capacitación,2026-06-12,6.8,9.2,8.6,8.0,10.0,8.42,9.5,8.7,9.2,9.9,9.34,8.3,7.4,8.9,7.6,7.1,7.91,7.8,8.9,8.4,8.6,10.0,8.57
4059,Camila Morales García,Marketing,Marketing Digital,2026-05-13,7.4,8.3,8.1,7.9,9.2,8.11,6.4,6.6,6.2,7.6,6.71,10.0,8.7,9.4,6.9,5.9,8.48,7.5,7.7,6.5,8.3,5.6,7.32
4060,Jorge Gómez Ramírez,Recursos Humanos,Nómina,2026-01-21,5.3,3.2,3.8,1.9,4.3,3.82,4.3,5.4,1.6,3.5,3.84,3.6,3.8,4.0,3.4,2.7,3.57,2.8,4.2,1.0,4.5,3.5,3.2
4061,Fernanda Reyes Reyes,Marketing,Investigación de Mercado,2026-04-05,5.3,6.5,5.8,5.4,5.0,5.67,7.4,6.3,7.2,6.6,6.88,6.1,7.1,6.0,8.5,6.7,6.78,8.5,9.7,8.0,9.3,7.5,8.76
4062,Francisco Morales Flores,Finanzas,Auditoría Interna,2026-04-09,4.9,7.6,7.0,8.0,7.5,6.85,10.0,8.3,8.6,6.8,8.49,9.2,7.4,7.5,6.1,5.3,7.36,8.4,9.9,8.8,8.5,10.0,9.04
4063,Andrea Martínez Torres,Finanzas,Contabilidad,2026-07-10,7.3,6.0,5.2,5.5,5.9,6.08,6.6,4.7,4.7,4.9,5.32,7.9,6.2,8.0,7.7,6.1,7.2,5.2,7.9,5.7,6.6,6.7,6.41
4064,Sofía Ortiz Castillo,Ventas,Atención a Clientes,2026-06-15,7.0,6.7,8.6,6.5,8.7,7.42,10.0,8.9,9.6,9.3,9.47,6.9,7.4,3.5,5.0,7.2,6.1,5.4,5.3,6.6,6.2,7.0,5.94
4065,Paola Rodríguez González,Recursos Humanos,Capacitación,2026-08-27,8.1,6.5,6.2,5.2,4.7,6.38,4.3,6.8,6.8,3.3,5.18,6.8,5.2,5.3,2.9,6.8,5.52,3.8,2.9,6.8,5.1,5.4,4.6
4066,Paola Romero Rodríguez,Ventas,Atención a Clientes,2025-12-22,5.0,5.2,3.2,6.1,5.7,4.96,3.7,4.5,4.3,4.0,4.1,4.6,2.5,3.6,4.6,3.6,3.72,5.1,5.1,2.3,5.2,5.7,4.62
4067,Francisco Ortiz García,Recursos Humanos,Reclutamiento,2025-09-09,8.1,7.2,6.5,5.8,7.4,7.1,7.1,8.6,9.6,9.0,8.45,8.6,7.8,6.7,8.9,8.6,8.06,9.3,6.3,7.8,6.5,6.8,7.44
4068,Laura Morales Pérez,Recursos Humanos,Nómina,2025-09-22,6.2,6.8,6.5,6.0,7.8,6.62,4.2,4.0,5.2,4.9,4.53,4.9,7.7,4.2,6.0,7.2,5.97,6.6,5.7,7.2,7.0,4.8,6.4
4069,Diego González Pérez,Tecnología,Desarrollo,2026-02-16,1.7,1.7,1.5,3.6,1.7,1.94,2.9,4.2,1.7,3.0,3.01,3.2,4.3,1.4,2.0,3.4,2.96,4.2,2.0,4.4,3.5,2.9,3.42
4070,Valeria Pérez Flores,Tecnología,Soporte Técnico,2026-08-19,10.0,10.0,10.0,10.0,8.1,9.72,6.0,5.0,8.5,8.3,6.82,8.0,7.7,5.6,9.0,9.2,7.78,6.9,7.4,7.3,7.3,7.5,7.24
4071,Ximena Ortiz Castillo,Operaciones,Control de Calidad,2026-06-28,4.2,7.4,4.9,4.1,5.2,5.28,6.8,4.0,6.4,7.6,6.22,8.7,7.8,8.0,5.7,6.3,7.52,6.3,6.6,7.8,7.1,8.8,7.08
4072,Karla López Castillo,Operaciones,Producción,2026-05-06,8.0,8.8,9.6,8.0,9.7,8.78,9.4,7.5,9.3,9.2,8.86,7.6,8.0,5.1,7.7,6.8,7.1,9.2,9.0,9.2,10.0,9.9,9.38
4073,Ricardo Cruz Flores,Recursos Humanos,Nómina,2025-09-14,2.5,4.2,2.8,4.6,3.1,3.39,3.8,3.5,3.1,3.5,3.51,3.3,3.2,5.2,2.8,2.5,3.46,4.8,3.2,4.5,4.8,3.9,4.25
4074,Pedro Cruz González,Operaciones,Producción,2026-04-11,6.0,4.6,3.6,4.2,5.0,4.75,4.5,4.9,3.0,4.8,4.38,5.7,4.6,5.2,7.5,5.0,5.49,5.8,6.4,7.1,5.5,5.4,6.11
4075,Karla Castillo Hernández,Finanzas,Tesorería,2025-11-24,5.5,6.8,7.2,7.8,6.4,6.64,7.3,5.7,8.8,7.9,7.35,7.6,6.7,7.4,7.6,6.3,7.14,3.9,6.6,6.7,5.8,6.7,5.8
4076,Francisco Morales Martínez,Ventas,Atención a Clientes,2026-07-03,7.2,4.3,5.1,7.0,6.6,5.94,4.7,8.4,6.7,5.5,6.22,6.7,8.5,7.4,8.6,9.2,7.95,7.2,8.9,5.0,5.5,7.1,6.84
4077,Andrea Vázquez Pérez,Marketing,Investigación de Mercado,2026-08-18,4.6,9.1,6.9,4.1,4.7,6.12,7.7,7.5,7.8,4.7,6.92,4.8,4.7,6.0,6.2,3.9,5.09,4.4,6.3,5.3,2.9,4.7,4.78
4078,Daniela Rodríguez González,Ventas,Atención a Clientes,2026-04-14,3.5,1.6,1.4,0.4,3.2,2.09,4.8,4.8,2.8,4.8,4.4,2.5,2.0,4.3,4.1,1.9,2.88,4.1,1.4,3.2,3.9,3.4,3.14
4079,Laura Morales Hernández,Marketing,Investigación de Mercado,2026-05-24,5.2,4.0,6.2,6.0,6.0,5.34,4.6,4.8,7.4,4.2,5.11,5.1,6.1,5.8,6.7,5.2,5.74,4.0,5.9,5.4,4.1,6.8,5.06
4080,Jorge López Ramírez,Recursos Humanos,Capacitación,2026-05-19,3.5,3.5,2.2,3.0,3.5,3.16,2.9,2.7,3.5,4.2,3.3,3.0,2.9,0.0,2.3,2.3,2.16,0.4,2.6,0.5,1.2,1.6,1.25
4081,Paola López Ramírez,Marketing,Marketing Digital,2026-07-24,5.8,6.4,6.8,6.8,6.2,6.36,8.8,6.3,9.2,6.0,7.56,5.4,6.6,6.9,6.3,6.6,6.32,7.8,7.2,7.2,8.6,10.0,7.91
4082,Valeria Reyes Morales,Marketing,Comunicación de Marca,2026-02-03,6.2,5.0,5.7,5.2,5.5,5.54,7.1,4.4,6.3,4.5,5.62,4.1,5.9,3.1,6.6,3.6,4.65,6.0,6.9,5.7,6.1,7.1,6.3
4083,Laura Torres Gómez,Operaciones,Producción,2026-07-15,8.0,7.4,7.7,7.4,7.5,7.63,7.4,7.1,6.9,8.2,7.42,6.3,7.5,7.1,7.3,7.4,7.08,3.3,7.1,7.6,4.3,4.5,5.43
4084,Roberto Ramírez Hernández,Ventas,Atención a Clientes,2025-12-22,2.8,2.5,4.1,4.2,1.4,2.98,6.1,5.4,6.6,6.8,6.2,4.1,4.0,3.8,3.0,3.9,3.82,6.6,5.0,6.8,6.5,6.1,6.17
4085,José Castillo Castillo,Marketing,Comunicación de Marca,2026-06-29,3.7,4.1,5.0,4.7,1.9,3.94,2.8,5.5,5.0,5.3,4.54,4.1,5.6,6.5,4.3,6.5,5.34,3.3,3.2,4.0,4.8,3.7,3.76
4086,Paola García Martínez,Operaciones,Control de Calidad,2026-07-27,9.4,8.8,8.2,10.0,8.7,9.0,9.6,10.0,6.4,9.3,8.98,7.7,6.5,6.8,8.7,8.2,7.44,10.0,9.9,7.6,9.6,10.0,9.41
4087,José Morales Rodríguez,Finanzas,Contabilidad,2026-01-10,4.0,3.8,4.5,4.6,4.7,4.24,5.4,4.9,5.1,7.4,5.72,3.0,2.2,6.8,5.8,3.7,4.08,4.5,6.0,4.9,5.1,5.4,5.16
4088,Luis López Hernández,Recursos Humanos,Capacitación,2026-03-29,5.1,3.5,3.5,4.7,5.4,4.36,3.8,5.9,4.7,3.8,4.5,4.1,6.4,4.4,4.8,6.6,5.22,1.1,2.3,2.8,2.3,1.3,2.0
4089,Luis García Flores,Ventas,Ventas Internacionales,2026-03-12,6.7,7.7,7.5,6.2,8.0,7.23,6.6,8.4,7.0,10.0,7.98,4.5,5.9,5.3,6.8,5.1,5.44,5.9,7.3,5.7,6.5,5.2,6.26
4090,Camila Cruz García,Recursos Humanos,Reclutamiento,2026-05-11,9.4,9.8,8.0,8.9,10.0,9.24,8.9,8.7,9.5,10.0,9.25,10.0,8.7,9.0,8.7,9.4,9.19,10.0,10.0,10.0,10.0,10.0,10.0
4091,María Pérez Martínez,Operaciones,Control de Calidad,2026-08-05,9.7,9.1,8.8,7.7,10.0,9.11,9.6,7.5,7.6,7.4,8.12,7.7,8.6,8.8,8.0,10.0,8.54,6.7,7.1,8.8,6.6,8.6,7.39
4092,Ximena Martínez Reyes,Tecnología,Soporte Técnico,2026-02-20,6.3,5.4,6.5,7.0,5.4,6.08,6.0,6.6,7.1,6.1,6.4,4.6,7.4,7.6,5.4,6.7,6.34,8.7,8.1,7.9,7.2,7.8,8.0
4093,María González Torres,Marketing,Marketing Digital,2025-09-27,4.2,5.8,7.8,4.9,4.7,5.5,8.5,10.0,9.4,9.8,9.38,5.5,5.4,5.4,8.0,4.9,5.74,6.4,5.9,3.4,4.5,7.8,5.44
4094,Paola Ortiz Rodríguez,Ventas,Atención a Clientes,2026-07-25,8.3,6.5,7.0,6.9,5.7,6.99,4.5,5.8,7.2,7.6,6.14,6.4,7.3,7.1,5.9,6.6,6.72,7.3,9.1,6.5,8.2,7.6,7.8
4095,Ricardo Cruz Morales,Tecnología,Infraestructura,2026-08-07,10.0,10.0,9.4,10.0,10.0,9.88,9.6,8.8,7.5,10.0,9.08,9.7,9.2,8.2,9.1,8.7,9.04,5.9,8.3,7.2,6.1,5.7,6.78
4096,Mariana Jiménez Martínez,Operaciones,Logística,2025-11-28,8.8,10.0,9.1,9.6,8.7,9.26,7.7,7.9,8.8,8.1,8.07,7.5,9.6,8.8,6.4,8.0,8.2,8.8,8.9,8.8,8.4,10.0,8.86
4097,Roberto López Gómez,Marketing,Comunicación de Marca,2025-10-11,6.8,6.2,9.1,6.4,7.9,7.22,7.4,8.4,7.5,7.2,7.62,7.5,9.0,8.3,7.1,8.7,8.15,5.3,8.3,6.7,8.3,8.6,7.26
4098,Carlos Morales Romero,Operaciones,Logística,2026-03-03,5.1,6.2,4.8,8.2,8.7,6.32,6.1,5.9,5.4,6.1,5.91,8.7,8.4,5.8,6.2,5.3,7.16,5.6,6.1,4.9,5.0,5.2,5.42
4099,Carlos Gómez López,Marketing,Comunicación de Marca,2026-06-03,7.4,6.8,6.3,6.0,5.3,6.5,6.7,6.7,4.9,6.9,6.39,6.7,4.3,2.3,5.0,6.3,4.9,5.9,5.2,4.2,6.2,5.3,5.39
4100,Gabriela González Vázquez,Recursos Humanos,Reclutamiento,2026-03-26,6.6,7.4,6.7,8.2,6.5,7.04,6.9,5.7,8.4,8.9,7.4,6.9,5.0,7.2,8.6,6.9,6.74,8.7,7.0,8.8,6.6,6.5,7.66
4101,Fernanda Flores Martínez,Finanzas,Contabilidad,2026-02-20,5.9,7.7,7.7,6.8,5.6,6.8,7.0,4.3,4.6,3.3,4.92,6.2,7.7,8.1,6.9,5.2,6.91,7.4,6.5,5.9,6.2,4.4,6.34
4102,Paola Vázquez Romero,Finanzas,Auditoría Interna,2026-03-27,3.6,3.6,4.1,4.3,4.3,3.91,2.1,4.3,3.5,4.7,3.58,3.0,3.4,3.3,4.8,3.1,3.44,0.0,1.9,1.3,2.3,0.0,1.19
4103,Francisco Romero González,Tecnología,Desarrollo,2025-11-04,6.2,7.8,9.1,6.6,5.0,7.06,4.9,5.5,6.8,5.0,5.46,5.2,3.1,4.5,3.2,5.0,4.2,7.3,5.6,7.3,6.3,6.4,6.58
4104,Francisco López Romero,Recursos Humanos,Capacitación,2026-05-10,4.6,5.2,5.3,5.0,4.0,4.86,3.5,1.6,1.9,4.1,2.86,1.5,3.7,0.3,2.3,3.2,2.18,2.8,3.9,2.6,2.4,0.9,2.76
4105,Fernanda González Sánchez,Marketing,Marketing Digital,2026-01-14,6.3,4.6,7.1,4.5,4.0,5.42,7.4,7.5,7.0,4.9,6.72,7.7,5.1,4.2,6.2,5.3,5.76,7.2,7.2,6.8,7.6,8.2,7.3
4106,Juan Ortiz Pérez,Recursos Humanos,Nómina,2025-12-03,4.0,2.0,4.8,1.4,4.4,3.33,3.6,3.0,2.7,2.9,3.1,2.3,2.5,2.5,4.7,2.4,2.76,4.0,4.6,1.9,4.6,4.3,3.88
4107,Fernanda Reyes Gómez,Recursos Humanos,Capacitación,2026-03-21,5.1,4.7,6.7,5.7,5.6,5.48,6.8,6.4,5.6,6.4,6.36,7.9,8.1,8.3,6.7,5.7,7.52,6.3,6.3,5.1,5.9,7.1,6.06
4108,Gabriela Castillo González,Ventas,Ventas Nacionales,2026-06-11,9.8,8.2,8.7,6.8,10.0,8.76,7.8,10.0,7.6,7.8,8.31,6.9,8.5,4.1,8.3,6.7,6.92,9.4,8.9,7.0,6.5,7.5,8.02
4109,Valeria Reyes Vázquez,Recursos Humanos,Reclutamiento,2025-09-26,6.2,7.5,6.7,7.3,5.7,6.72,4.1,5.4,7.2,6.4,5.62,6.4,6.2,6.8,7.1,5.9,6.46,6.2,5.7,5.1,5.5,4.6,5.56
4110,Diego Sánchez Sánchez,Tecnología,Infraestructura,2025-10-31,6.2,5.8,3.7,3.7,6.2,5.22,5.7,5.5,6.0,5.1,5.56,6.3,4.0,7.1,5.9,4.7,5.58,6.7,5.4,6.2,7.5,6.8,6.44
4111,Raúl González García,Operaciones,Producción,2025-12-29,4.6,2.5,5.0,5.6,3.6,4.15,6.6,5.0,5.1,5.7,5.68,6.0,5.4,4.3,5.0,3.7,5.01,4.7,4.9,3.8,6.8,7.1,5.23
4112,José Martínez González,Operaciones,Producción,2026-01-13,1.2,0.8,2.8,4.4,3.1,2.18,4.3,3.8,3.9,2.9,3.74,1.7,1.9,2.6,0.9,2.6,1.94,3.5,5.0,2.9,0.5,2.3,3.04
4113,Sergio Vázquez Pérez,Ventas,Ventas Internacionales,2025-11-21,1.4,6.2,4.5,3.6,3.4,3.85,3.2,2.7,3.2,3.4,3.13,5.4,3.6,3.9,4.3,2.8,4.1,3.7,3.9,3.9,3.4,2.6,3.62
4114,Alejandro Ramírez García,Ventas,Atención a Clientes,2026-08-21,10.0,9.6,9.9,8.9,10.0,9.72,6.2,8.9,8.3,8.1,7.77,4.9,7.0,7.0,7.5,9.2,6.88,10.0,8.1,8.5,8.7,9.6,8.93
4115,María Reyes Castillo,Ventas,Atención a Clientes,2025-12-20,8.4,7.2,8.8,6.1,8.7,7.88,9.2,9.2,8.2,8.6,8.85,7.8,8.1,5.4,9.3,6.2,7.38,8.1,5.2,7.9,6.9,7.1,7.0
4116,Sofía López Gómez,Ventas,Ventas Nacionales,2026-08-02,3.9,3.3,7.4,3.4,3.2,4.27,3.8,4.6,4.2,3.3,3.96,5.0,3.4,3.5,2.7,5.2,3.99,3.8,3.6,4.0,3.9,5.5,3.98
4117,Gabriela González Rodríguez,Marketing,Comunicación de Marca,2026-04-12,9.5,8.3,8.4,8.8,8.2,8.68,8.5,8.6,9.9,9.4,9.03,9.6,8.7,7.9,9.7,7.4,8.72,9.3,7.6,7.1,8.9,7.9,8.22
4118,Raúl Vázquez Gómez,Marketing,Marketing Digital,2026-09-01,4.5,4.7,6.5,4.8,4.0,4.92,6.4,4.8,4.0,7.2,5.72,5.5,3.2,4.8,5.2,4.5,4.59,3.7,4.7,4.0,3.7,4.1,4.05
4119,Paola Reyes Pérez,Operaciones,Control de Calidad,2026-06-28,7.7,7.7,9.2,7.6,6.1,7.74,8.7,7.6,7.3,7.8,7.92,9.4,10.0,9.6,7.4,8.9,9.22,8.2,8.1,9.3,7.7,8.7,8.34
4120,Fernanda Jiménez Castillo,Finanzas,Auditoría Interna,2026-08-10,2.1,4.8,2.8,1.8,2.9,2.99,5.2,4.8,3.2,4.3,4.47,6.8,3.5,3.5,5.4,4.9,4.82,2.7,5.7,3.3,5.6,3.6,4.24
4121,Sofía Rodríguez Morales,Operaciones,Control de Calidad,2026-05-10,5.5,6.3,7.9,6.7,8.2,6.76,7.3,6.5,8.0,7.9,7.39,8.0,8.0,7.4,7.1,5.9,7.43,6.5,6.7,5.2,5.9,7.0,6.22
4122,María García Martínez,Ventas,Ventas Nacionales,2026-02-18,6.2,3.5,4.0,5.6,3.2,4.54,6.1,7.1,6.5,7.1,6.68,2.8,4.9,4.9,4.3,4.6,4.24,5.3,4.1,2.5,5.4,3.0,4.23
4123,Sergio Romero Castillo,Marketing,Marketing Digital,2026-07-17,2.6,5.0,4.2,2.5,1.8,3.38,4.4,4.0,3.4,2.8,3.7,0.0,0.6,1.2,2.9,2.3,1.17,0.0,1.1,2.5,3.7,0.6,1.58
4124,Laura Reyes González,Marketing,Marketing Digital,2026-01-23,6.8,6.5,8.2,5.4,7.0,6.82,6.8,4.5,4.7,4.5,5.23,7.6,7.6,6.5,8.3,7.3,7.44,6.8,7.9,7.0,5.9,5.0,6.76
4125,Jorge Cruz Gómez,Finanzas,Auditoría Interna,2026-05-04,10.0,9.7,8.0,8.2,9.1,9.12,10.0,8.1,8.7,9.6,9.17,7.0,7.7,10.0,6.6,8.5,7.94,10.0,9.2,9.0,7.0,10.0,9.0
4126,Ana Pérez Gómez,Marketing,Comunicación de Marca,2026-02-02,3.2,3.2,3.3,3.2,3.8,3.31,0.8,1.0,0.4,1.6,0.97,4.8,2.2,4.4,2.6,3.2,3.5,2.1,3.1,2.6,3.4,2.1,2.71
4127,Sofía Gómez Reyes,Marketing,Investigación de Mercado,2025-11-14,3.6,5.7,5.9,4.0,3.4,4.62,3.5,4.1,2.6,3.8,3.54,7.3,6.6,5.6,6.9,7.0,6.68,3.3,5.3,4.9,4.5,4.0,4.43
4128,Karla Pérez Cruz,Finanzas,Contabilidad,2026-01-21,6.8,5.4,6.9,5.6,5.3,6.06,6.3,6.2,3.1,5.9,5.54,6.6,8.9,6.8,9.9,6.5,7.7,8.7,4.3,5.6,4.9,3.7,5.72
4129,Mariana Romero Rodríguez,Tecnología,Desarrollo,2026-06-15,5.8,5.6,6.8,5.8,3.6,5.62,7.7,7.9,7.9,6.4,7.46,6.9,4.6,4.1,4.1,3.8,4.88,4.2,6.6,4.9,4.5,7.1,5.29
4130,Paola Ramírez Ramírez,Recursos Humanos,Capacitación,2026-02-19,8.7,8.5,9.0,6.8,8.2,8.35,10.0,8.8,8.8,9.4,9.31,8.5,9.7,9.4,6.8,7.1,8.51,8.9,7.8,9.2,7.7,9.5,8.5
4131,Ximena González Flores,Recursos Humanos,Capacitación,2026-06-28,6.6,7.2,7.7,8.4,7.6,7.39,7.9,6.9,5.9,5.9,6.75,7.2,7.7,8.4,6.3,7.0,7.4,7.9,5.3,5.8,6.1,7.5,6.43
4132,Paola González Ramírez,Operaciones,Control de Calidad,2026-07-13,4.3,2.9,3.9,1.4,4.3,3.44,1.7,4.3,3.5,2.9,3.01,2.0,0.8,1.3,0.7,1.1,1.23,3.9,1.8,3.4,5.9,4.9,3.78
4133,Roberto Romero Ramírez,Tecnología,Infraestructura,2025-12-21,9.2,7.7,7.7,9.4,8.4,8.44,9.1,7.2,7.5,8.6,8.18,10.0,8.6,10.0,10.0,9.7,9.6,8.0,9.3,8.2,7.2,7.4,8.14
4134,Ricardo Hernández Torres,Ventas,Ventas Nacionales,2026-02-08,4.8,6.5,4.7,2.4,3.4,4.64,6.0,7.0,7.4,5.3,6.36,4.4,5.4,4.5,4.0,5.4,4.76,7.6,7.1,9.0,7.0,6.9,7.56
4135,Andrea Cruz Ramírez,Finanzas,Tesorería,2026-03-19,3.8,3.4,5.1,4.6,6.5,4.48,6.7,5.3,6.7,5.1,5.95,6.8,6.9,6.7,8.9,7.7,7.26,5.8,6.9,4.1,5.7,5.5,5.68
4136,Gabriela Vázquez González,Marketing,Comunicación de Marca,2026-04-02,7.3,8.4,5.6,9.0,9.5,7.82,9.9,9.0,10.0,7.1,9.0,8.0,7.8,7.9,10.0,9.7,8.48,5.3,6.5,7.7,6.8,8.0,6.65
4137,Alejandro Torres Cruz,Finanzas,Tesorería,2026-01-13,4.2,5.9,6.8,5.7,3.7,5.3,3.6,2.3,4.3,2.0,3.02,5.2,4.2,2.8,2.6,5.3,4.1,4.7,5.1,4.0,4.9,2.0,4.43
4138,María Sánchez Ramírez,Finanzas,Contabilidad,2026-03-12,8.0,7.8,8.9,7.9,7.1,7.98,8.6,10.0,7.2,7.4,8.37,7.0,7.3,8.2,6.5,6.6,7.18,8.5,10.0,8.8,7.4,9.5,8.82
4139,Miguel García González,Ventas,Ventas Nacionales,2026-09-01,5.3,5.0,6.6,4.3,5.7,5.4,3.8,4.0,5.9,4.7,4.5,7.7,7.4,8.7,7.9,6.7,7.71,5.9,4.3,2.9,5.5,5.2,4.75
4140,Gabriela Rodríguez Sánchez,Recursos Humanos,Capacitación,2026-09-03,5.5,8.2,7.3,4.9,4.7,6.32,7.3,8.1,7.3,7.3,7.5,5.3,7.0,6.3,7.2,6.8,6.44,4.6,5.5,6.3,6.2,6.5,5.68
4141,José Rodríguez Ortiz,Recursos Humanos,Reclutamiento,2026-06-16,7.5,8.0,9.3,7.7,8.9,8.23,10.0,10.0,7.8,7.3,8.88,8.6,10.0,9.2,8.4,9.1,9.12,8.0,9.1,8.6,8.9,8.8,8.66
4142,Carlos Romero Reyes,Ventas,Atención a Clientes,2026-04-22,7.2,6.6,9.0,6.9,5.2,7.06,6.6,7.6,8.6,7.1,7.38,6.0,6.0,6.3,4.7,6.5,5.94,3.3,5.5,4.7,4.4,5.0,4.52
4143,Laura Reyes García,Marketing,Marketing Digital,2026-07-02,6.5,6.9,5.8,6.8,7.0,6.58,6.0,5.5,5.2,5.4,5.56,5.6,5.7,4.0,4.5,6.3,5.24,5.1,8.2,8.0,5.0,4.1,6.34
4144,Ana Reyes Cruz,Recursos Humanos,Nómina,2025-10-22,8.9,7.5,7.5,7.1,8.9,8.0,9.2,10.0,8.3,9.3,9.25,8.3,9.8,8.6,8.2,10.0,8.98,7.8,6.9,9.4,8.9,8.3,8.16
4145,Karla González Pérez,Tecnología,Infraestructura,2026-07-01,4.3,4.4,5.3,5.3,2.9,4.46,4.0,4.7,4.7,5.7,4.74,4.0,6.1,6.2,4.4,6.9,5.46,5.3,7.8,6.0,5.9,6.3,6.28
4146,Luis Sánchez Pérez,Ventas,Ventas Nacionales,2026-03-03,6.1,4.3,4.0,5.0,5.7,5.0,3.7,4.9,3.7,4.9,4.3,4.2,2.7,3.0,4.3,2.3,3.32,5.5,3.7,6.1,3.7,3.6,4.62
4147,Karla Martínez Pérez,Finanzas,Auditoría Interna,2026-01-17,3.3,3.0,3.3,0.6,4.0,2.92,2.6,5.1,1.6,4.3,3.45,2.6,3.5,2.9,1.7,4.5,3.03,2.8,2.2,4.4,3.5,2.1,3.04
4148,Raúl Hernández Castillo,Tecnología,Infraestructura,2026-07-31,8.8,6.7,7.9,7.4,8.2,7.8,10.0,10.0,9.0,9.7,9.72,9.8,9.5,9.0,8.7,9.6,9.37,7.8,7.3,8.8,7.9,8.4,7.96
4149,Pedro Rodríguez Jiménez,Recursos Humanos,Reclutamiento,2026-01-01,9.1,9.2,7.6,9.8,8.0,8.76,8.3,8.5,9.9,7.7,8.52,6.6,7.5,6.4,6.6,4.1,6.41,6.3,9.5,6.6,7.7,7.2,7.53
4150,María Vázquez González,Finanzas,Contabilidad,2026-02-24,7.6,6.3,6.7,6.3,7.0,6.81,5.9,6.3,6.8,7.2,6.5,8.4,5.1,4.7,6.4,6.0,6.18,8.5,4.8,6.1,7.6,6.7,6.74
4151,Daniela Jiménez Pérez,Recursos Humanos,Reclutamiento,2026-05-09,7.4,7.9,9.2,7.6,9.4,8.22,9.7,8.1,8.6,9.5,9.03,9.8,10.0,9.4,8.6,9.0,9.47,9.4,9.1,9.4,10.0,10.0,9.5
4152,Pedro Castillo Flores,Tecnología,Soporte Técnico,2026-09-04,8.7,10.0,9.8,10.0,9.7,9.59,8.3,7.4,5.7,6.0,6.98,8.0,10.0,9.8,8.1,9.6,9.12,10.0,10.0,10.0,8.6,9.6,9.68
4153,Jorge Gómez Ortiz,Finanzas,Contabilidad,2026-03-16,7.6,7.9,7.9,8.4,9.2,8.09,5.8,7.1,6.4,6.1,6.32,8.6,7.1,6.0,5.8,7.5,7.12,5.8,9.0,7.8,7.6,7.2,7.5
4154,José Castillo Reyes,Tecnología,Infraestructura,2026-02-01,4.2,5.2,3.8,4.9,4.6,4.54,2.4,2.0,3.9,4.6,3.15,3.2,3.9,3.8,2.5,4.0,3.51,6.1,2.5,6.5,6.6,3.6,5.13
4155,José Gómez Cruz,Recursos Humanos,Nómina,2026-07-28,6.5,7.3,6.4,6.3,6.0,6.58,6.4,6.1,8.0,7.2,6.84,4.9,5.1,7.1,6.0,5.3,5.62,6.6,5.2,4.7,6.1,3.4,5.45
4156,Paola Reyes Pérez,Operaciones,Control de Calidad,2025-09-19,6.8,7.5,8.9,7.4,9.6,7.91,5.8,7.1,4.7,6.1,5.98,7.0,6.4,6.2,6.6,8.6,6.87,6.6,7.1,7.9,7.4,7.2,7.2
4157,Jorge Rodríguez Pérez,Recursos Humanos,Reclutamiento,2025-11-11,2.4,2.9,2.2,2.4,2.8,2.54,4.2,1.6,2.1,2.7,2.76,4.2,5.0,0.9,3.5,6.6,3.99,2.5,3.1,3.3,4.3,2.2,3.14
4158,Juan Martínez Morales,Recursos Humanos,Capacitación,2025-11-15,8.8,8.5,8.7,8.5,8.1,8.56,6.5,8.3,8.3,7.8,7.64,6.4,6.3,6.2,5.1,6.6,6.17,9.1,9.9,8.8,10.0,10.0,9.51
4159,Juan Vázquez González,Marketing,Comunicación de Marca,2026-06-07,9.1,8.7,9.2,9.8,9.0,9.11,8.6,9.3,7.7,6.9,8.17,9.4,10.0,6.9,10.0,9.6,9.17,10.0,10.0,10.0,9.3,9.1,9.77
4160,Andrea Vázquez Gómez,Ventas,Ventas Internacionales,2025-11-17,7.0,4.6,6.5,7.4,6.6,6.3,5.7,7.7,7.1,7.6,6.96,5.7,6.6,8.9,9.0,8.0,7.4,6.0,5.8,6.6,7.2,7.3,6.44
4161,Ximena Ramírez Cruz,Marketing,Comunicación de Marca,2026-02-04,5.0,5.0,4.6,4.5,6.6,5.08,5.3,5.6,6.2,7.4,6.08,4.0,3.8,4.3,6.3,5.4,4.56,4.3,5.0,6.0,6.2,5.2,5.28
4162,Daniela López Flores,Finanzas,Auditoría Interna,2025-12-13,5.8,5.8,6.9,5.3,8.3,6.32,7.5,7.1,5.3,5.0,6.34,6.0,7.5,6.9,6.7,6.6,6.75,6.6,5.0,4.5,8.4,6.4,6.12
4163,Ximena López García,Tecnología,Soporte Técnico,2026-05-08,7.4,8.6,7.8,7.5,8.1,7.9,3.1,5.7,6.3,4.5,4.74,5.9,4.5,5.5,5.1,6.2,5.4,5.4,5.7,5.5,4.5,6.5,5.43
4164,María Gómez González,Finanzas,Contabilidad,2025-12-27,6.7,6.7,8.6,7.9,4.8,6.98,6.6,5.4,7.3,4.8,5.99,7.5,9.2,7.6,7.3,7.1,7.86,7.1,8.6,6.5,6.9,7.8,7.38
4165,Roberto Morales Sánchez,Ventas,Ventas Nacionales,2026-05-21,8.5,8.4,7.2,7.2,6.5,7.72,6.3,7.0,5.7,6.2,6.33,4.4,4.3,5.6,4.9,7.0,5.08,7.3,4.9,4.9,6.2,6.9,5.96
4166,Mariana Gómez Hernández,Tecnología,Soporte Técnico,2025-11-22,6.5,8.3,4.8,5.1,6.6,6.42,4.4,5.0,4.8,7.7,5.46,4.5,4.1,5.0,5.9,8.4,5.3,6.2,5.8,5.9,5.6,4.5,5.75
4167,Ximena Hernández Morales,Marketing,Investigación de Mercado,2026-04-19,3.9,5.1,3.7,3.8,4.2,4.19,6.5,3.8,4.6,5.7,5.24,6.4,2.9,2.2,4.4,4.5,4.1,3.4,5.4,6.8,5.6,5.9,5.27
4168,Alejandro Ortiz Flores,Ventas,Ventas Internacionales,2026-08-02,4.6,3.0,2.2,4.2,2.0,3.27,5.3,4.9,3.4,4.0,4.5,3.3,3.7,6.8,4.5,4.8,4.5,6.5,4.9,3.8,1.4,3.4,4.23
4169,Juan Rodríguez Martínez,Marketing,Investigación de Mercado,2026-01-26,3.1,2.0,1.2,2.6,3.5,2.43,4.1,3.3,2.2,2.8,3.19,0.5,1.8,2.2,2.6,5.5,2.23,3.3,2.7,2.6,3.0,2.2,2.84
4170,Ximena Gómez Hernández,Finanzas,Auditoría Interna,2026-04-04,2.3,6.5,2.2,1.7,2.8,3.32,2.6,3.7,5.0,2.7,3.38,4.9,2.9,3.9,3.9,3.4,3.82,0.1,1.4,3.1,3.0,2.5,1.85
4171,Sofía Sánchez Pérez,Finanzas,Contabilidad,2026-03-02,8.1,5.6,9.8,6.4,4.8,7.06,7.6,7.8,6.5,8.2,7.58,9.3,7.9,7.1,8.6,7.4,8.12,8.6,8.8,6.8,9.9,9.5,8.64
4172,Valeria Sánchez Ortiz,Operaciones,Logística,2025-12-29,6.3,7.4,6.6,4.9,6.5,6.46,7.9,8.8,8.3,8.4,8.33,7.8,7.7,6.5,4.8,7.3,6.99,6.7,6.5,6.1,4.2,6.9,6.05
4173,Alejandro Hernández Vázquez,Tecnología,Soporte Técnico,2026-04-20,6.2,8.4,8.9,6.7,9.9,7.92,9.8,9.8,8.1,9.3,9.34,9.2,8.8,9.4,8.4,9.3,9.04,8.1,10.0,8.6,9.3,9.3,9.04
4174,María Sánchez González,Operaciones,Logística,2025-11-30,3.1,4.4,4.3,4.9,4.2,4.1,5.9,7.0,6.4,3.4,5.65,7.4,6.5,4.6,5.1,6.0,6.06,4.9,6.2,4.1,4.1,3.8,4.8
4175,Luis Reyes Sánchez,Recursos Humanos,Nómina,2025-12-10,7.5,8.4,8.1,7.9,7.5,7.91,7.5,5.9,7.9,7.5,7.18,7.8,6.8,9.0,6.9,7.2,7.56,10.0,8.9,8.0,8.3,7.6,8.74
4176,Roberto Pérez Flores,Marketing,Investigación de Mercado,2026-01-31,8.0,5.5,6.6,6.5,5.8,6.54,7.6,9.1,8.2,7.3,8.02,7.1,8.8,5.5,5.8,5.0,6.7,4.4,4.7,7.0,7.3,7.3,5.86
4177,María Romero Morales,Tecnología,Desarrollo,2026-05-06,2.9,5.0,4.9,3.9,7.1,4.61,3.6,1.8,4.1,3.3,3.18,1.5,2.3,3.9,2.8,2.4,2.51,3.6,4.8,5.0,2.6,4.6,4.08
4178,Sofía Torres Rodríguez,Finanzas,Auditoría Interna,2025-09-21,5.5,7.0,5.8,3.8,6.2,5.78,6.1,4.9,3.7,6.1,5.32,5.6,6.9,4.9,6.0,7.5,6.13,5.1,7.2,7.7,5.4,6.7,6.36
4179,Camila Flores Ortiz,Finanzas,Auditoría Interna,2026-07-15,8.0,8.1,8.0,7.0,6.2,7.6,8.5,7.3,9.5,4.8,7.48,5.5,6.8,7.1,5.2,8.1,6.49,6.7,8.8,8.0,6.2,6.7,7.38
4180,Carlos Jiménez Pérez,Recursos Humanos,Nómina,2025-10-16,7.7,8.6,10.0,10.0,9.4,8.98,6.7,8.7,5.4,6.7,6.94,6.8,7.7,8.4,8.0,7.4,7.62,9.3,7.0,8.8,5.4,6.6,7.58
4181,Sofía Flores Gómez,Ventas,Ventas Nacionales,2026-08-14,0.7,2.5,3.8,2.6,1.2,2.13,3.0,1.6,3.6,4.5,3.14,0.0,0.2,0.9,1.9,0.1,0.53,5.1,4.1,3.4,3.8,3.7,4.11
4182,Juan Ramírez González,Tecnología,Soporte Técnico,2026-04-26,4.9,3.3,4.7,3.9,5.2,4.35,5.8,5.6,5.3,3.8,5.15,4.1,5.0,4.6,4.1,3.1,4.27,5.3,6.2,5.2,4.3,5.3,5.31
4183,Jorge Morales Flores,Marketing,Marketing Digital,2026-09-07,8.4,8.1,7.3,7.6,6.4,7.68,8.9,8.9,9.6,10.0,9.32,7.7,7.1,7.9,5.8,7.0,7.2,8.1,9.2,9.5,9.5,8.2,8.94
4184,Fernanda Cruz Hernández,Ventas,Ventas Internacionales,2025-11-16,6.9,6.9,8.2,8.9,6.8,7.44,6.7,9.0,8.6,7.9,7.96,5.8,7.2,8.4,6.8,7.3,7.04,10.0,8.9,10.0,10.0,10.0,9.72
4185,Pedro Ortiz Rodríguez,Recursos Humanos,Reclutamiento,2025-10-05,6.1,2.8,6.0,6.5,4.1,5.01,4.6,6.4,4.5,4.5,5.0,3.8,4.7,5.1,3.5,4.7,4.38,5.3,6.4,4.5,5.3,3.7,5.26
4186,Juan Reyes Rodríguez,Tecnología,Soporte Técnico,2026-04-13,7.0,6.6,5.8,5.5,5.9,6.27,8.3,5.1,4.8,5.8,6.18,6.0,5.8,6.2,5.9,5.6,5.92,5.8,4.9,6.8,5.6,6.2,5.78
4187,Valeria Flores Romero,Ventas,Ventas Internacionales,2025-11-13,7.1,5.9,5.0,5.7,6.7,6.11,6.2,6.7,7.2,7.4,6.83,6.4,9.1,7.5,6.9,6.6,7.4,7.1,5.8,8.6,7.1,6.6,7.02
4188,Mariana Martínez Reyes,Ventas,Ventas Nacionales,2026-02-07,6.1,5.6,6.3,7.2,4.2,5.9,7.7,8.6,6.3,8.9,7.94,7.3,6.7,7.2,6.4,3.5,6.43,8.5,7.8,8.4,7.5,8.3,8.09
4189,Ximena García Sánchez,Recursos Humanos,Capacitación,2026-02-09,3.0,4.5,4.1,3.5,3.2,3.7,1.2,3.4,3.5,3.9,2.88,4.9,4.5,3.4,2.1,1.7,3.6,5.1,4.9,5.3,5.9,5.7,5.31
4190,Daniela Gómez Ortiz,Marketing,Comunicación de Marca,2026-05-18,8.2,7.6,8.0,4.7,7.2,7.34,7.0,4.4,7.7,8.1,6.76,8.7,7.3,6.4,5.2,7.5,7.18,6.0,7.4,7.5,8.0,7.5,7.2
4191,Sofía García López,Operaciones,Producción,2026-06-17,4.5,3.5,5.5,3.5,3.9,4.21,7.1,3.5,3.7,3.4,4.6,1.8,4.4,3.7,2.0,3.1,3.06,3.2,4.2,4.2,4.3,1.5,3.7
4192,Carlos Gómez Ramírez,Tecnología,Desarrollo,2025-09-13,9.6,7.6,8.6,6.2,7.7,8.1,5.8,5.8,4.5,4.3,5.16,4.0,4.7,8.2,6.8,5.4,5.64,6.9,4.9,5.3,5.2,6.1,5.66
4193,Sofía Ramírez García,Marketing,Marketing Digital,2025-12-06,3.9,3.7,1.7,4.9,3.3,3.47,5.6,4.3,5.1,5.0,5.03,5.5,4.7,6.1,5.3,7.0,5.61,6.4,7.2,3.5,4.3,4.0,5.36
4194,Andrea Sánchez Castillo,Recursos Humanos,Capacitación,2026-08-23,7.1,7.5,8.7,9.1,9.5,8.18,8.8,9.4,9.2,8.1,8.86,8.0,9.1,8.8,10.0,10.0,9.04,6.8,8.5,7.8,7.7,6.0,7.52
4195,Pedro Romero Martínez,Recursos Humanos,Reclutamiento,2026-04-30,7.4,6.1,3.8,9.7,8.6,6.88,6.7,5.1,7.6,6.5,6.43,5.8,5.4,6.0,4.4,6.4,5.62,5.5,6.8,8.4,7.0,7.5,6.91
4196,Luis Hernández Reyes,Marketing,Marketing Digital,2026-05-02,3.7,5.1,3.8,2.5,1.7,3.59,2.2,3.1,2.2,2.1,2.4,2.9,2.8,2.3,0.8,4.0,2.6,4.2,4.8,6.7,2.0,5.2,4.51
4197,Pedro Jiménez Gómez,Finanzas,Auditoría Interna,2026-07-29,7.7,5.5,6.6,3.3,5.1,5.88,4.9,4.5,6.4,6.5,5.5,4.2,4.7,4.1,5.5,4.7,4.58,4.7,3.6,5.8,4.8,3.5,4.54
4198,Miguel López Castillo,Tecnología,Desarrollo,2026-06-16,9.3,9.2,8.3,9.4,8.0,8.9,7.9,5.9,6.0,8.0,7.04,10.0,8.1,8.4,9.2,8.2,8.82,9.7,8.6,6.9,9.1,10.0,8.77
4199,Ana Romero Romero,Ventas,Atención a Clientes,2026-05-21,4.0,3.5,3.8,4.4,1.9,3.58,8.0,5.9,4.8,3.9,5.81,1.5,2.0,1.5,2.4,0.9,1.67,3.2,5.7,5.3,2.6,3.7,4.18
4200,Diego Pérez Cruz,Finanzas,Tesorería,2025-10-06,7.3,5.6,6.6,7.5,6.6,6.66,7.6,9.3,8.3,8.8,8.46,8.4,8.2,6.7,6.8,7.8,7.68,7.7,7.5,8.5,9.2,9.5,8.29
4201,Daniela Sánchez Morales,Marketing,Comunicación de Marca,2025-11-18,8.8,7.3,5.2,8.8,5.8,7.26,5.0,3.2,3.8,5.1,4.33,6.0,8.2,4.5,6.5,5.8,6.3,6.0,5.5,6.0,4.3,6.0,5.54
4202,Miguel Romero Vázquez,Marketing,Comunicación de Marca,2025-12-13,6.6,4.4,6.2,4.5,6.1,5.58,9.9,10.0,8.8,8.5,9.36,7.8,9.0,8.5,9.9,7.6,8.52,7.3,8.4,7.6,9.6,9.0,8.26
4203,Miguel Reyes Ramírez,Operaciones,Logística,2025-10-19,7.3,5.6,7.9,7.4,7.1,6.98,6.9,9.9,9.2,8.3,8.46,8.4,8.5,8.3,9.3,8.3,8.52,10.0,8.8,8.5,8.4,9.0,8.98
4204,Miguel Reyes García,Tecnología,Soporte Técnico,2026-08-17,10.0,10.0,9.6,8.4,9.8,9.65,9.9,8.2,8.5,9.6,9.12,7.0,8.4,7.1,8.8,8.4,7.85,7.6,8.2,8.6,9.9,7.8,8.43
4205,Jorge Hernández Morales,Tecnología,Infraestructura,2026-03-10,8.7,6.5,8.5,7.9,9.0,8.04,7.7,5.8,7.5,9.0,7.51,9.6,10.0,8.8,10.0,8.3,9.41,6.2,8.6,7.0,8.1,8.4,7.56
4206,Raúl Torres García,Recursos Humanos,Nómina,2025-11-12,2.5,4.4,3.7,3.2,5.2,3.73,4.2,4.2,4.6,5.4,4.58,3.9,4.0,2.8,3.3,2.4,3.39,3.6,0.0,2.9,3.3,2.7,2.41
4207,Jorge Castillo Reyes,Marketing,Comunicación de Marca,2026-08-26,5.2,5.3,4.8,3.8,3.2,4.64,4.5,2.9,3.0,3.9,3.65,4.2,3.2,2.8,5.1,3.6,3.72,4.3,3.8,4.4,3.9,2.8,3.97
4208,Luis López Ramírez,Marketing,Marketing Digital,2026-02-20,6.4,6.1,5.1,6.3,5.2,5.87,6.1,5.9,6.1,5.4,5.88,5.1,6.7,4.5,5.1,7.3,5.71,6.3,6.0,5.3,5.3,7.6,5.96
4209,Jorge Ortiz Torres,Operaciones,Logística,2026-07-13,4.8,4.5,6.1,5.4,3.5,4.88,2.6,4.3,4.2,2.6,3.34,3.8,6.0,4.6,6.5,2.6,4.73,6.8,4.5,5.0,6.4,4.9,5.6
4210,Gabriela Reyes Pérez,Ventas,Ventas Internacionales,2026-03-24,5.9,4.9,4.9,2.8,4.7,4.81,7.5,6.6,6.5,6.9,6.93,4.6,6.7,6.0,5.0,4.8,5.5,5.0,7.3,5.4,6.6,6.3,6.1
4211,Gabriela Romero Castillo,Recursos Humanos,Reclutamiento,2026-01-27,8.0,7.8,10.0,7.7,9.1,8.47,7.4,7.7,6.3,7.5,7.28,7.7,9.9,7.1,6.9,6.4,7.82,5.6,8.5,4.7,6.2,6.2,6.32
4212,Daniela González Jiménez,Tecnología,Desarrollo,2025-11-21,7.3,6.7,5.5,4.4,7.5,6.38,3.9,5.1,6.3,5.7,5.13,5.0,4.3,6.3,3.6,4.6,4.81,3.6,5.4,2.7,4.7,4.7,4.2
4213,Ricardo Cruz Castillo,Operaciones,Logística,2025-12-14,5.7,6.8,5.0,5.1,4.0,5.49,7.8,8.8,6.6,6.0,7.36,4.0,7.2,6.3,5.4,7.5,5.99,5.5,7.2,7.6,5.5,7.2,6.52
4214,Alejandro Martínez Castillo,Operaciones,Logística,2026-05-26,5.8,5.9,6.5,4.8,7.4,6.06,5.3,6.5,4.7,4.2,5.2,7.5,4.2,8.5,7.0,5.8,6.54,6.2,8.1,6.2,5.6,6.7,6.6
4215,Roberto Flores García,Marketing,Comunicación de Marca,2026-01-20,6.5,8.3,6.7,9.0,6.4,7.35,6.5,4.6,7.0,7.1,6.28,7.0,8.5,5.9,8.3,8.0,7.5,6.6,6.9,7.3,6.1,6.9,6.74
4216,Sergio Pérez Cruz,Ventas,Ventas Nacionales,2025-11-29,7.8,5.5,5.6,4.8,3.9,5.75,5.5,5.1,4.9,5.3,5.23,4.8,5.8,6.1,6.5,5.4,5.65,4.1,5.1,5.7,5.8,5.2,5.12
4217,Diego Gómez Sánchez,Operaciones,Logística,2025-11-15,8.2,6.9,8.3,8.4,7.0,7.74,9.1,9.4,7.7,6.8,8.32,6.5,8.1,7.4,7.2,7.4,7.32,8.2,7.3,7.9,7.6,10.0,7.98
4218,Karla Hernández Vázquez,Ventas,Ventas Nacionales,2025-10-18,8.8,9.5,9.5,8.8,9.0,9.15,9.6,9.8,10.0,8.7,9.5,7.7,8.4,8.2,9.3,9.3,8.46,7.8,8.3,7.4,6.7,7.3,7.58
4219,Raúl Vázquez Rodríguez,Operaciones,Producción,2026-04-17,4.4,4.0,4.1,5.6,5.0,4.51,4.9,4.2,5.0,5.5,4.89,2.7,1.7,2.2,3.0,3.8,2.56,4.6,3.6,1.8,2.9,4.6,3.45
4220,Ana López López,Tecnología,Soporte Técnico,2025-10-15,1.7,3.8,2.2,2.5,3.5,2.72,3.0,2.5,2.8,2.7,2.76,5.5,2.9,3.9,6.9,3.3,4.41,3.4,4.1,4.9,4.9,5.2,4.36
4221,Karla Martínez Gómez,Ventas,Atención a Clientes,2026-07-11,2.2,3.7,2.4,1.2,2.9,2.57,2.6,3.8,1.7,3.8,3.02,3.3,5.6,3.4,2.6,3.3,3.79,0.9,1.9,5.6,4.2,3.8,3.04
4222,Alejandro Torres Hernández,Marketing,Investigación de Mercado,2026-06-12,3.3,2.7,3.1,3.8,4.2,3.32,5.1,3.9,4.9,5.1,4.76,2.0,3.6,4.0,2.2,3.1,3.0,3.9,4.8,3.1,4.4,2.7,3.94
4223,Fernanda Flores Jiménez,Tecnología,Desarrollo,2026-08-29,2.0,0.8,2.8,0.1,2.4,1.63,2.6,3.3,3.4,3.9,3.26,2.1,3.7,3.9,0.8,2.4,2.71,5.8,0.9,2.8,3.8,2.3,3.22
4224,Laura González Castillo,Finanzas,Tesorería,2026-04-26,6.3,7.2,6.7,8.1,4.5,6.6,6.8,7.6,7.0,7.4,7.19,7.5,10.0,9.5,8.4,6.8,8.56,9.5,9.1,10.0,9.0,9.9,9.44
4225,Roberto Sánchez Ramírez,Tecnología,Infraestructura,2026-01-11,3.0,1.7,3.0,1.2,1.4,2.16,1.1,2.7,2.1,3.1,2.2,1.3,4.3,1.3,3.4,0.2,2.2,1.8,0.9,3.8,3.7,2.2,2.4
4226,Roberto Pérez Gómez,Tecnología,Desarrollo,2025-10-11,4.4,6.2,5.7,4.3,6.0,5.34,5.9,7.5,5.7,7.9,6.76,6.3,7.3,6.6,8.9,7.2,7.14,4.4,4.9,4.8,5.8,7.2,5.16
4227,Gabriela Flores Torres,Tecnología,Desarrollo,2025-12-16,1.4,2.8,2.5,3.6,4.4,2.75,3.5,1.4,3.1,2.3,2.6,1.8,3.2,1.8,4.1,2.5,2.6,2.9,4.5,2.8,3.4,2.2,3.31
4228,Francisco Ramírez Jiménez,Ventas,Ventas Internacionales,2025-12-12,6.8,8.8,9.7,9.7,9.7,8.75,10.0,7.9,10.0,9.4,9.32,8.4,6.5,8.8,6.8,8.8,7.83,9.3,9.1,7.7,8.8,8.3,8.73
4229,Laura Sánchez Pérez,Tecnología,Infraestructura,2025-12-30,3.7,5.9,6.5,3.9,4.9,5.02,4.1,4.2,4.4,4.5,4.28,6.2,5.4,5.0,2.2,3.7,4.78,7.1,4.3,6.6,6.8,5.4,6.07
4230,Mariana Torres López,Recursos Humanos,Reclutamiento,2025-10-01,8.2,6.5,8.5,7.3,5.9,7.36,6.3,4.8,4.4,3.8,4.92,5.1,5.2,7.3,5.3,6.0,5.73,5.5,3.8,3.8,5.5,3.6,4.55
4231,Karla Reyes López,Finanzas,Auditoría Interna,2025-10-19,1.2,5.4,4.2,6.5,4.0,4.07,3.8,4.1,4.3,4.6,4.18,3.7,4.3,5.3,3.8,4.0,4.23,5.6,6.4,5.9,5.9,7.0,6.06
4232,Gabriela Gómez Jiménez,Operaciones,Control de Calidad,2025-12-24,8.0,5.3,4.0,6.5,5.3,5.9,6.5,7.7,7.9,8.0,7.46,9.0,7.5,7.1,8.6,8.6,8.12,8.1,6.6,9.2,6.7,6.0,7.46
4233,Daniela Pérez Gómez,Finanzas,Tesorería,2026-05-03,6.6,6.3,8.6,6.2,7.5,7.0,4.1,5.8,6.4,5.4,5.31,6.8,8.5,5.3,6.4,6.6,6.84,3.5,6.2,4.2,4.5,5.1,4.68
4234,Juan Gómez Hernández,Recursos Humanos,Nómina,2025-12-02,8.7,7.5,8.3,6.1,7.6,7.76,8.1,5.9,6.8,5.9,6.74,9.6,5.9,6.9,7.4,7.5,7.49,5.7,7.2,6.2,7.8,8.3,6.86
4235,Francisco Morales Romero,Tecnología,Infraestructura,2025-09-12,10.0,9.5,9.1,10.0,10.0,9.7,8.0,7.4,8.8,6.4,7.61,10.0,8.1,10.0,10.0,10.0,9.52,7.9,7.6,10.0,8.7,8.2,8.44
4236,Raúl Flores Ramírez,Recursos Humanos,Nómina,2026-04-03,5.0,6.8,5.9,4.7,4.1,5.45,5.7,5.5,4.6,6.7,5.68,4.1,5.9,6.2,4.5,3.5,4.94,7.5,6.8,6.8,6.7,4.8,6.76
4237,Mariana Ramírez Cruz,Marketing,Comunicación de Marca,2026-04-20,5.5,7.8,6.5,5.9,5.5,6.34,7.1,7.3,8.8,8.0,7.72,6.6,9.6,5.1,6.6,5.8,6.93,4.4,6.8,7.7,6.4,7.1,6.33
4238,Gabriela Rodríguez Morales,Marketing,Investigación de Mercado,2025-12-01,6.9,5.9,6.0,7.3,5.2,6.28,10.0,7.2,7.7,7.1,8.12,5.5,7.2,6.8,7.5,8.0,6.86,7.2,8.9,9.0,9.4,9.1,8.62
4239,Laura Pérez Pérez,Ventas,Ventas Internacionales,2026-07-22,5.3,6.2,9.3,7.8,6.9,6.94,8.4,7.2,6.6,8.6,7.79,6.4,8.2,9.2,7.3,6.5,7.56,8.5,6.7,8.2,7.0,8.9,7.73
4240,Paola Rodríguez Martínez,Ventas,Ventas Internacionales,2026-01-10,6.6,5.7,5.2,5.8,4.1,5.6,7.6,7.9,6.2,7.6,7.4,5.9,5.2,6.2,4.1,5.0,5.38,6.3,7.9,6.4,6.1,5.9,6.64
4241,Paola García González,Recursos Humanos,Reclutamiento,2026-06-22,4.1,3.5,3.0,5.9,5.3,4.18,5.2,6.5,5.3,5.6,5.64,6.0,5.4,4.2,4.7,4.0,5.0,4.6,4.5,6.3,3.6,4.8,4.73
4242,Sofía Sánchez Ramírez,Finanzas,Tesorería,2026-05-15,7.6,9.1,9.0,9.0,10.0,8.82,7.4,10.0,8.5,10.0,8.92,9.4,8.9,9.8,9.3,8.2,9.16,9.3,9.8,10.0,7.1,9.2,9.12
4243,Francisco Gómez Rodríguez,Ventas,Ventas Internacionales,2026-09-07,6.6,4.1,5.9,5.9,5.8,5.61,8.0,7.5,6.3,6.8,7.24,8.0,4.5,7.9,4.5,6.3,6.32,5.5,6.2,5.7,7.2,7.5,6.26
4244,Francisco Castillo López,Recursos Humanos,Reclutamiento,2026-08-31,3.9,4.4,4.8,4.9,5.4,4.58,4.2,8.0,2.5,4.9,4.98,2.2,2.6,3.0,2.1,2.9,2.55,6.4,5.3,3.7,5.2,5.4,5.24
4245,Ximena Pérez Flores,Ventas,Ventas Nacionales,2026-08-22,2.6,4.1,4.4,4.5,3.6,3.77,1.9,2.0,2.7,2.6,2.26,2.4,1.1,0.6,2.5,0.0,1.37,2.7,3.3,3.4,3.1,2.0,3.0
4246,José González Cruz,Operaciones,Logística,2026-01-13,9.3,6.4,5.3,6.4,5.1,6.71,6.4,5.3,6.9,6.1,6.15,5.4,6.8,5.2,4.7,6.7,5.8,8.2,6.7,7.9,6.6,6.3,7.26
4247,Sergio Castillo Ramírez,Ventas,Atención a Clientes,2026-05-31,6.6,7.9,5.9,6.6,6.4,6.76,9.0,6.4,5.8,6.2,7.01,6.5,5.2,6.1,8.2,5.0,6.12,7.6,5.8,4.8,5.8,5.0,5.97
4248,María Reyes Romero,Ventas,Ventas Internacionales,2026-01-21,9.8,9.5,6.9,9.4,9.4,9.02,6.7,5.5,6.2,6.5,6.25,7.0,7.9,6.2,7.9,5.2,6.93,7.8,6.0,9.7,7.6,9.0,7.81
4249,Daniela Jiménez González,Marketing,Comunicación de Marca,2025-11-07,10.0,10.0,8.8,10.0,9.9,9.74,8.7,8.3,9.9,5.9,8.14,9.1,9.8,10.0,9.9,10.0,9.71,9.0,7.8,7.4,8.9,8.6,8.32
4250,Roberto Castillo Pérez,Marketing,Investigación de Mercado,2026-01-09,6.6,8.0,7.4,7.2,10.0,7.71,7.7,8.0,9.2,9.1,8.43,7.6,7.0,7.9,7.6,7.3,7.46,8.3,8.5,10.0,7.6,9.8,8.7
4251,Karla Morales Ramírez,Operaciones,Control de Calidad,2026-03-26,8.7,8.4,6.7,7.3,5.1,7.48,9.2,7.0,8.5,5.0,7.46,5.5,7.7,5.7,9.8,7.0,6.96,6.8,7.0,6.3,10.0,5.3,7.24
4252,Ana Martínez Jiménez,Finanzas,Contabilidad,2026-01-30,7.9,8.7,9.1,10.0,8.6,8.76,9.0,10.0,10.0,10.0,9.7,9.2,7.1,10.0,10.0,6.3,8.52,8.4,9.0,7.2,7.0,7.8,7.97
4253,Raúl Gómez Pérez,Finanzas,Tesorería,2026-08-26,5.9,8.4,8.2,8.2,8.1,7.66,6.7,5.4,4.7,7.5,6.18,3.9,5.7,5.6,4.5,7.0,5.24,7.9,7.5,6.7,5.1,5.5,6.76
4254,Alejandro Martínez González,Marketing,Comunicación de Marca,2026-01-27,8.1,6.2,10.0,8.0,8.9,8.11,8.7,8.3,8.2,8.0,8.32,6.9,8.9,8.3,6.8,7.8,7.8,7.4,8.0,7.4,6.0,8.4,7.37
4255,Carlos Reyes Vázquez,Finanzas,Contabilidad,2026-07-03,4.8,5.1,6.5,5.5,5.2,5.38,4.5,4.2,4.8,6.7,5.04,4.3,4.0,4.2,2.8,4.9,4.07,2.5,2.5,2.4,2.8,2.7,2.56
4256,Ana Martínez Hernández,Recursos Humanos,Capacitación,2026-04-27,4.0,2.3,3.4,5.4,4.2,3.7,4.0,2.6,2.5,2.7,3.03,2.4,3.3,1.7,2.5,3.7,2.7,6.0,7.0,3.2,4.3,2.7,5.02
4257,Sofía Rodríguez González,Ventas,Ventas Nacionales,2026-01-23,3.4,2.4,3.7,2.6,1.5,2.8,4.8,5.3,5.2,3.8,4.76,3.1,5.1,3.8,5.2,3.2,4.07,5.8,6.6,6.5,5.4,6.2,6.1
4258,Valeria García Romero,Operaciones,Logística,2026-03-17,6.8,5.5,5.7,6.5,5.4,6.0,6.4,8.3,5.6,8.0,7.12,5.3,4.4,6.0,4.2,4.0,4.85,7.3,4.5,6.7,5.7,6.8,6.11
4259,Francisco Torres López,Ventas,Ventas Nacionales,2026-06-12,9.2,9.2,9.1,8.2,7.6,8.79,10.0,9.2,6.4,9.9,9.06,8.2,6.8,6.3,8.6,6.0,7.2,8.5,6.5,7.4,6.0,6.2,7.05
4260,Ximena Jiménez Torres,Marketing,Investigación de Mercado,2026-06-20,5.4,6.0,5.4,5.6,3.6,5.31,5.9,4.4,6.4,6.0,5.65,4.7,4.3,5.6,6.4,5.9,5.22,5.9,6.8,7.5,6.1,6.2,6.52
4261,Raúl Vázquez Reyes,Operaciones,Logística,2026-02-22,4.3,2.1,4.3,3.5,4.0,3.58,3.8,3.9,5.6,3.5,4.11,3.0,5.3,4.6,5.8,2.9,4.3,4.8,4.8,3.3,1.7,4.1,3.81
4262,Juan Vázquez Castillo,Tecnología,Desarrollo,2025-09-08,6.5,5.7,7.1,7.7,7.1,6.69,5.3,6.2,5.3,5.4,5.55,5.5,4.0,6.2,5.0,5.7,5.22,6.1,6.7,4.5,5.0,7.1,5.81
4263,Raúl Flores Jiménez,Recursos Humanos,Reclutamiento,2026-02-25,4.9,5.2,4.1,5.9,0.9,4.36,6.8,5.7,3.9,5.0,5.5,5.9,4.4,5.7,7.3,2.2,5.14,6.5,6.6,6.9,8.1,7.4,7.02
4264,Daniela Hernández Martínez,Finanzas,Auditoría Interna,2025-10-20,6.3,6.2,9.2,6.1,7.0,6.93,7.3,5.9,8.1,7.7,7.21,5.0,7.7,8.1,9.1,8.3,7.4,5.6,7.4,4.7,9.1,5.5,6.56
4265,Diego Torres Morales,Recursos Humanos,Reclutamiento,2026-05-26,6.3,6.6,6.7,7.6,9.0,7.05,10.0,9.0,10.0,9.3,9.57,8.6,8.6,8.9,7.0,8.0,8.33,7.8,10.0,8.8,8.3,8.2,8.69
4266,Pedro Castillo Torres,Finanzas,Contabilidad,2026-02-22,8.9,9.3,9.3,8.3,7.0,8.71,7.2,10.0,7.4,7.8,8.09,8.1,9.3,10.0,9.2,8.6,9.02,8.7,7.6,8.0,7.7,8.8,8.09
4267,Daniela Hernández Ortiz,Operaciones,Producción,2026-03-05,6.4,5.6,7.3,4.9,5.4,6.01,7.4,5.9,5.6,7.2,6.62,5.8,5.0,6.6,7.4,3.9,5.72,7.0,5.8,6.8,7.3,6.4,6.66
4268,Roberto Reyes Ortiz,Ventas,Ventas Nacionales,2026-07-18,6.9,5.8,6.6,5.0,5.8,6.12,6.6,5.5,4.2,6.9,5.92,6.4,4.1,6.9,5.4,4.7,5.52,6.9,5.5,4.9,5.8,4.5,5.69
4269,Sofía Morales Morales,Marketing,Comunicación de Marca,2026-08-31,0.8,3.1,0.9,1.9,1.6,1.68,2.0,4.0,2.9,2.0,2.68,1.5,5.1,3.9,3.8,4.3,3.64,2.7,3.7,3.9,4.5,1.0,3.38
4270,Mariana Ramírez Flores,Marketing,Comunicación de Marca,2025-11-07,5.6,4.7,6.2,6.0,4.1,5.33,6.9,7.3,6.2,6.9,6.86,4.4,3.5,5.3,4.4,2.6,4.08,3.7,5.2,4.9,5.1,4.9,4.72
4271,Alejandro Morales Castillo,Tecnología,Soporte Técnico,2026-07-30,8.8,10.0,10.0,9.8,10.0,9.67,6.1,6.5,9.2,8.2,7.34,5.9,7.9,8.5,8.0,7.2,7.43,6.9,10.0,7.5,7.9,8.6,8.16
4272,Ricardo Gómez Hernández,Operaciones,Control de Calidad,2026-08-15,7.5,6.1,8.6,9.2,7.2,7.58,6.4,7.4,5.9,4.4,6.05,5.5,9.1,7.4,5.9,8.6,7.3,7.4,6.4,4.3,5.8,5.2,5.99
4273,Diego García Morales,Ventas,Ventas Internacionales,2026-05-28,5.1,6.2,5.8,5.3,5.9,5.66,4.6,4.8,4.5,3.6,4.38,6.5,6.9,5.1,3.2,4.0,5.45,4.5,5.4,5.4,4.2,4.6,4.86
4274,Jorge Hernández Cruz,Finanzas,Auditoría Interna,2025-09-17,9.9,9.6,8.0,5.0,7.5,8.35,7.1,10.0,9.6,8.3,8.62,9.2,10.0,7.7,7.3,10.0,8.93,7.3,9.5,8.0,7.7,7.8,8.12
4275,Paola Sánchez Sánchez,Marketing,Comunicación de Marca,2025-12-19,7.4,6.1,8.3,6.2,9.2,7.34,7.9,5.4,4.5,7.9,6.6,10.0,8.1,8.7,9.9,8.4,9.01,4.8,8.1,7.5,5.8,6.9,6.58
4276,Mariana Ortiz González,Finanzas,Auditoría Interna,2026-04-25,4.1,5.7,5.8,7.4,6.7,5.72,3.7,5.1,4.8,6.8,5.04,4.8,7.3,5.9,6.5,5.1,5.94,4.6,3.0,6.0,3.8,3.1,4.17
4277,Juan López Castillo,Ventas,Atención a Clientes,2026-06-24,8.9,8.4,7.9,9.7,6.5,8.34,7.4,6.6,8.4,8.3,7.63,10.0,7.1,5.6,6.4,7.8,7.52,9.2,8.3,10.0,7.2,7.4,8.56
4278,Valeria Ortiz Cruz,Operaciones,Logística,2026-07-05,4.6,5.4,4.4,4.7,5.2,4.86,7.6,5.0,4.7,6.8,6.17,6.9,6.7,5.4,8.7,6.6,6.78,4.9,4.3,5.5,7.0,5.3,5.33
4279,Carlos Ortiz Vázquez,Operaciones,Control de Calidad,2026-03-14,8.0,8.0,7.1,5.9,8.8,7.62,9.0,9.6,8.0,8.3,8.77,6.6,6.7,8.2,7.7,8.0,7.32,8.3,8.3,6.7,8.6,8.6,8.07
4280,Sofía Rodríguez Flores,Recursos Humanos,Reclutamiento,2026-04-20,8.7,7.6,8.6,7.5,6.8,7.94,7.1,8.5,10.0,10.0,8.75,8.4,5.3,5.3,7.8,7.0,6.7,7.4,9.7,8.6,9.0,8.7,8.66
4281,Alejandro Cruz Romero,Marketing,Comunicación de Marca,2026-07-07,3.8,2.1,3.8,3.7,1.6,3.03,3.3,6.0,5.5,4.2,4.64,2.9,6.3,4.7,3.8,6.1,4.72,3.6,3.6,4.2,5.2,5.3,4.21
4282,Fernanda Cruz García,Tecnología,Infraestructura,2026-07-30,7.8,7.9,6.9,7.2,7.2,7.46,4.6,4.6,7.4,5.4,5.36,6.4,6.8,7.5,6.4,7.1,6.82,8.5,7.2,7.1,6.9,5.9,7.32
4283,Diego Castillo Flores,Recursos Humanos,Capacitación,2026-03-27,6.1,6.6,7.8,6.1,7.1,6.72,6.7,5.5,6.9,4.9,5.99,5.8,7.0,6.3,5.5,6.7,6.29,6.5,4.8,4.8,3.9,5.9,5.16
4284,Roberto Pérez García,Marketing,Investigación de Mercado,2026-07-24,8.3,10.0,8.4,9.7,8.4,8.97,7.3,7.9,7.4,9.2,7.94,8.7,8.8,7.8,8.0,7.2,8.22,8.4,8.9,10.0,9.4,7.9,9.0
4285,Daniela López López,Operaciones,Control de Calidad,2025-10-18,7.8,7.2,6.8,6.8,7.7,7.29,6.4,5.4,6.3,5.4,5.88,3.2,2.9,5.4,4.6,6.2,4.22,3.8,2.8,4.6,4.2,6.5,4.06
4286,Andrea Martínez Martínez,Recursos Humanos,Nómina,2026-02-16,3.7,3.1,3.1,0.2,2.5,2.72,2.0,2.1,3.8,2.1,2.41,1.9,2.7,4.0,2.6,2.9,2.78,5.0,4.8,5.2,4.4,3.7,4.74
4287,Alejandro Torres Hernández,Recursos Humanos,Nómina,2026-08-23,6.6,5.6,3.8,4.8,6.3,5.48,4.4,5.4,4.5,6.7,5.24,5.9,5.8,5.6,5.6,5.6,5.72,6.0,6.3,5.1,7.6,6.7,6.28
4288,Roberto Torres Sánchez,Ventas,Atención a Clientes,2026-06-19,8.0,8.7,8.9,10.0,7.0,8.51,8.5,6.6,9.1,8.4,8.12,9.2,10.0,10.0,9.2,9.3,9.57,9.6,7.8,8.6,8.5,7.1,8.48
4289,Pedro Ramírez Torres,Finanzas,Contabilidad,2025-12-26,5.4,5.7,6.9,4.9,7.1,5.96,5.1,6.6,6.5,7.8,6.43,6.5,6.3,5.8,6.2,5.9,6.18,7.7,7.1,6.7,7.9,7.4,7.36
4290,Laura Romero Castillo,Ventas,Ventas Nacionales,2026-08-31,5.5,4.8,4.5,4.4,4.9,4.87,6.0,5.2,6.2,5.0,5.59,6.1,6.6,6.7,5.7,5.6,6.21,6.9,6.5,6.5,7.0,4.5,6.5
4291,María González Sánchez,Tecnología,Soporte Técnico,2025-12-01,7.6,6.6,7.3,6.6,7.8,7.17,6.3,7.0,6.1,8.9,7.08,7.9,7.2,8.9,5.6,7.5,7.52,8.2,9.7,7.9,6.6,7.0,8.07
4292,Sofía Hernández Castillo,Finanzas,Tesorería,2026-05-19,6.1,7.6,7.1,7.5,6.5,6.94,8.2,7.4,7.5,8.6,7.96,5.8,6.0,4.7,7.3,6.8,6.01,6.2,7.2,4.8,5.3,5.4,5.91
4293,Camila Romero Torres,Finanzas,Contabilidad,2026-06-03,7.5,5.7,8.2,8.1,9.0,7.5,8.2,6.9,8.1,6.9,7.53,8.1,6.8,9.0,7.6,8.5,7.94,7.0,6.0,7.8,7.8,7.8,7.15
4294,Valeria Morales Hernández,Finanzas,Auditoría Interna,2025-11-03,1.7,4.4,1.1,3.2,3.1,2.69,2.7,5.1,5.7,2.4,3.82,6.1,2.4,4.7,4.0,3.0,4.12,6.7,3.8,6.5,4.4,3.6,5.16
4295,Miguel Hernández Gómez,Tecnología,Desarrollo,2025-11-19,0.3,1.2,2.1,0.0,0.0,0.8,0.9,3.5,0.6,2.5,1.89,3.4,4.0,5.1,3.4,3.4,3.89,2.6,1.3,1.7,1.0,1.9,1.7
4296,Sergio Torres Cruz,Operaciones,Logística,2025-10-11,5.9,6.8,5.3,6.8,5.8,6.12,6.2,4.7,6.3,8.4,6.4,5.7,3.9,5.8,6.3,4.6,5.2,6.2,4.8,5.3,4.1,6.8,5.31
4297,Miguel Rodríguez Reyes,Finanzas,Tesorería,2025-10-30,6.6,7.5,6.5,6.0,7.7,6.88,6.3,6.2,6.6,8.9,6.98,5.5,5.3,7.9,4.5,3.4,5.46,7.5,5.4,6.0,7.6,6.3,6.58
4298,María Hernández Rodríguez,Recursos Humanos,Reclutamiento,2025-09-22,4.3,3.9,4.6,3.8,3.2,4.02,1.7,4.4,3.3,2.0,2.77,5.0,5.6,2.3,2.2,1.6,3.68,4.0,4.7,3.6,0.1,4.1,3.32
4299,Sergio Reyes López,Ventas,Ventas Nacionales,2025-09-17,2.3,2.0,2.4,3.2,4.4,2.7,2.0,2.4,1.3,2.1,1.98,2.5,1.3,1.5,2.4,2.9,2.04,2.9,2.2,3.5,2.9,3.8,2.94
4300,Fernanda Flores Romero,Finanzas,Contabilidad,2026-06-18,8.2,7.8,7.4,6.6,7.2,7.55,6.4,8.7,7.7,7.7,7.56,4.9,6.3,6.0,4.4,6.6,5.65,5.9,7.1,6.0,6.0,8.5,6.5
4301,María Sánchez Vázquez,Recursos Humanos,Capacitación,2025-11-29,6.7,6.9,4.6,6.9,5.4,6.17,7.3,6.7,6.4,8.4,7.25,6.8,5.6,8.4,4.5,6.2,6.38,6.2,6.8,7.2,7.9,6.4,6.91
4302,Roberto López González,Recursos Humanos,Reclutamiento,2026-03-12,3.1,1.9,5.2,1.8,2.3,2.9,2.5,0.3,4.3,3.8,2.64,1.7,1.7,2.5,2.1,2.8,2.08,2.5,4.3,2.6,3.6,3.3,3.27
4303,Francisco Pérez Jiménez,Recursos Humanos,Capacitación,2026-03-01,8.0,4.5,4.3,6.7,7.8,6.16,6.3,6.6,7.3,4.9,6.22,3.9,5.6,5.2,6.6,6.3,5.35,4.1,4.9,5.7,4.5,4.5,4.74
4304,Laura Flores Flores,Finanzas,Contabilidad,2025-10-19,8.5,9.9,9.3,9.4,8.6,9.16,7.7,7.4,9.0,9.3,8.28,7.6,9.6,8.6,8.0,9.4,8.63,9.7,9.4,5.9,9.0,8.4,8.6
4305,Ana Morales Reyes,Marketing,Comunicación de Marca,2026-06-15,6.2,4.6,6.4,6.3,8.4,6.18,6.1,5.1,6.0,6.3,5.88,5.0,6.9,5.8,5.7,6.9,6.02,7.6,8.0,8.1,8.5,7.3,7.95
4306,Francisco Sánchez Gómez,Recursos Humanos,Nómina,2026-07-19,5.8,7.3,8.2,9.1,9.8,7.75,6.8,7.1,7.7,7.5,7.23,7.6,7.5,7.4,9.4,8.6,7.96,5.1,7.2,8.4,7.9,8.5,7.18
4307,Fernanda Cruz Rodríguez,Finanzas,Contabilidad,2026-07-13,4.7,6.4,4.1,6.4,6.1,5.47,4.8,4.4,5.3,6.7,5.28,4.0,4.3,3.2,4.1,4.2,3.96,5.6,6.0,5.2,5.0,7.3,5.67
4308,Francisco Martínez Torres,Operaciones,Control de Calidad,2025-11-26,9.3,8.9,9.5,7.4,8.8,8.88,8.7,8.2,8.5,7.0,8.11,7.7,6.7,7.7,4.6,8.3,7.08,6.7,6.8,10.0,5.5,7.2,7.19
4309,Ana García Jiménez,Operaciones,Producción,2026-03-30,6.2,6.8,9.1,10.0,8.0,7.77,9.3,6.7,7.8,8.1,8.05,8.8,9.1,8.6,7.6,9.4,8.74,9.3,8.2,5.6,8.1,7.7,7.88
4310,Sergio Ramírez Ramírez,Ventas,Atención a Clientes,2025-10-18,3.8,2.5,1.4,3.6,4.2,3.02,4.0,0.8,4.2,2.5,2.86,4.6,4.0,3.1,4.5,2.3,3.79,3.7,2.8,5.1,4.2,4.5,3.94
4311,Daniela Ortiz Morales,Operaciones,Control de Calidad,2026-02-14,5.6,4.6,5.1,6.4,6.2,5.46,7.5,5.5,6.1,6.1,6.37,7.0,6.1,5.8,3.9,7.2,6.1,5.2,5.3,6.0,5.8,7.1,5.7
4312,María García Flores,Finanzas,Tesorería,2026-04-18,7.1,7.5,4.9,6.5,5.8,6.48,3.3,4.1,5.9,6.3,4.77,6.8,5.9,6.7,8.5,6.6,6.78,5.7,7.3,5.4,5.6,6.2,6.07
4313,Jorge López Morales,Finanzas,Auditoría Interna,2025-11-27,4.7,4.8,5.6,6.7,6.8,5.52,6.1,8.7,7.3,6.0,6.96,6.6,6.1,8.6,7.1,7.4,7.07,5.6,7.8,7.4,3.6,6.0,6.15
4314,Fernanda Reyes Martínez,Tecnología,Soporte Técnico,2026-02-21,6.2,6.1,7.2,6.4,4.2,6.1,7.3,8.0,6.4,3.4,6.32,6.1,6.5,6.0,5.4,6.3,6.1,6.2,7.4,7.1,6.9,7.8,6.98
4315,Pedro Reyes Hernández,Tecnología,Soporte Técnico,2026-01-31,5.9,5.6,6.3,4.4,6.2,5.72,7.0,6.1,6.1,5.5,6.22,8.4,7.5,5.3,7.1,8.0,7.3,6.6,6.2,5.7,7.1,5.3,6.29
4316,Mariana Gómez Hernández,Recursos Humanos,Reclutamiento,2025-10-10,3.4,4.6,1.2,1.9,1.9,2.81,4.2,4.9,3.0,3.5,3.96,1.6,3.8,1.8,3.7,4.5,2.94,5.4,2.6,4.3,3.3,3.9,3.91
4317,Ricardo Reyes Flores,Marketing,Investigación de Mercado,2025-09-29,9.0,10.0,9.3,10.0,9.5,9.54,8.7,8.8,9.5,8.3,8.78,7.6,8.2,10.0,7.0,10.0,8.5,9.2,7.1,9.4,6.1,7.7,7.94
4318,Francisco López Morales,Operaciones,Logística,2025-12-06,3.8,6.2,6.2,6.0,6.2,5.57,8.3,7.2,7.9,6.1,7.4,5.3,5.1,6.8,4.5,4.6,5.32,5.5,5.5,5.9,5.7,7.1,5.78
4319,Karla González Romero,Tecnología,Infraestructura,2025-09-25,8.6,9.0,7.9,8.6,7.7,8.43,10.0,9.4,10.0,9.3,9.68,9.7,9.4,8.8,7.2,9.2,9.0,10.0,10.0,10.0,8.1,9.2,9.54
4320,Andrea Sánchez Gómez,Marketing,Marketing Digital,2026-04-20,9.7,8.8,7.9,9.2,7.6,8.72,7.8,5.9,6.7,8.1,7.18,10.0,9.0,6.5,8.0,6.4,8.21,6.6,7.6,6.1,6.4,5.8,6.63
4321,Pedro Morales Jiménez,Tecnología,Infraestructura,2026-01-24,2.9,3.3,3.0,6.2,5.0,3.83,3.7,1.9,5.1,4.1,3.63,4.1,4.0,2.6,1.8,1.4,3.02,2.7,4.9,4.4,3.2,4.8,3.9
4322,Paola Hernández González,Recursos Humanos,Capacitación,2026-08-22,9.7,7.2,9.2,10.0,9.0,8.91,9.7,8.5,6.9,9.6,8.82,4.8,4.8,7.9,3.6,6.4,5.48,6.2,7.8,7.8,9.3,7.1,7.63
4323,Mariana Flores Jiménez,Ventas,Ventas Internacionales,2025-10-08,8.9,8.4,7.8,9.5,7.2,8.39,8.1,9.0,8.2,10.0,8.82,7.7,8.7,7.8,9.2,8.8,8.36,6.5,5.0,8.0,8.7,7.7,6.98
4324,Sofía Ortiz López,Marketing,Comunicación de Marca,2026-09-01,3.3,3.4,5.0,4.3,4.8,4.04,3.3,4.5,4.4,4.8,4.2,5.1,4.3,3.2,4.1,3.3,4.1,4.2,5.1,5.0,4.3,6.2,4.81
4325,Camila Sánchez López,Finanzas,Contabilidad,2026-08-03,4.3,4.6,2.1,2.4,3.5,3.53,4.2,2.3,2.8,4.3,3.47,2.8,1.7,1.6,3.4,4.7,2.66,3.3,2.1,2.6,3.3,3.1,2.84
4326,Daniela Morales Hernández,Marketing,Marketing Digital,2025-10-12,3.7,4.6,6.0,5.5,3.0,4.55,3.8,3.4,1.7,2.9,3.06,4.6,4.5,2.8,3.4,3.7,3.9,7.0,4.1,4.9,4.7,7.7,5.46
4327,Juan Morales Morales,Marketing,Marketing Digital,2025-11-05,7.6,6.2,7.8,5.5,4.9,6.57,6.7,7.1,5.4,6.6,6.52,6.8,6.7,6.4,5.2,7.4,6.55,5.1,4.9,5.9,4.3,3.9,4.93
4328,Karla Morales González,Recursos Humanos,Reclutamiento,2026-07-07,8.5,7.7,7.8,8.3,8.4,8.12,10.0,10.0,9.2,6.8,9.04,10.0,6.7,8.8,9.2,9.7,8.77,9.8,10.0,10.0,9.1,9.8,9.75
4329,Raúl Castillo Flores,Recursos Humanos,Reclutamiento,2026-02-01,8.4,7.2,6.8,8.7,7.5,7.69,5.1,4.9,2.7,6.2,4.84,7.6,8.6,8.3,6.9,7.4,7.86,4.8,4.8,4.2,4.9,4.7,4.69
4330,Ximena Cruz Ramírez,Operaciones,Control de Calidad,2025-12-02,7.3,6.0,7.1,8.5,8.4,7.28,6.6,6.5,8.1,6.1,6.75,8.9,9.1,8.4,6.8,9.7,8.65,9.0,8.0,6.0,7.2,7.3,7.62
4331,Raúl Ramírez Romero,Finanzas,Auditoría Interna,2025-12-04,2.1,1.4,2.1,2.2,1.5,1.85,2.0,3.0,2.6,3.6,2.77,1.6,2.1,3.0,2.4,2.3,2.23,2.3,4.3,2.1,2.9,4.7,3.12
4332,Ana Hernández Rodríguez,Tecnología,Desarrollo,2025-11-08,10.0,9.5,8.3,9.8,8.8,9.33,7.6,6.9,9.3,9.9,8.34,9.5,9.5,9.0,10.0,10.0,9.55,10.0,8.7,8.6,8.0,9.1,8.9
4333,Carlos Martínez Flores,Finanzas,Tesorería,2026-03-20,4.4,3.7,5.4,3.6,2.6,4.04,2.7,3.1,3.7,3.3,3.15,3.0,2.5,2.0,3.3,2.9,2.7,3.1,3.4,1.1,3.3,1.8,2.68
4334,Andrea Castillo Sánchez,Tecnología,Soporte Técnico,2025-11-23,7.6,5.0,3.3,5.9,5.4,5.51,7.3,10.0,5.6,9.1,8.08,5.9,4.7,6.4,5.3,7.6,5.86,6.0,5.8,3.8,6.0,4.7,5.38
4335,Karla Castillo Morales,Finanzas,Auditoría Interna,2026-03-10,5.3,5.0,5.8,6.4,4.5,5.37,7.2,6.7,8.4,8.0,7.52,6.3,5.0,3.6,5.9,3.4,4.94,4.3,3.8,4.2,2.9,4.8,3.92
4336,Roberto Martínez Flores,Tecnología,Soporte Técnico,2025-12-04,5.4,3.7,5.6,6.2,8.1,5.54,5.6,5.6,5.3,4.7,5.32,6.1,4.1,6.2,6.9,5.6,5.66,8.3,7.5,6.7,5.7,7.0,7.13
4337,Ricardo Jiménez Cruz,Recursos Humanos,Nómina,2026-04-17,6.9,8.7,7.4,7.9,10.0,8.06,10.0,8.3,9.8,6.8,8.74,10.0,9.1,8.6,9.6,10.0,9.44,8.2,6.5,8.8,10.0,9.3,8.36
4338,Ricardo Castillo Sánchez,Finanzas,Contabilidad,2026-02-12,10.0,9.8,7.4,9.3,7.1,8.89,9.4,8.6,8.4,10.0,9.15,7.5,6.3,8.3,9.9,7.7,7.75,9.1,9.3,8.6,7.4,6.4,8.44
4339,Gabriela Vázquez Sánchez,Recursos Humanos,Reclutamiento,2025-10-01,6.4,6.8,4.3,5.3,4.6,5.64,6.6,5.9,5.5,8.2,6.6,5.1,4.4,4.6,4.0,1.8,4.16,6.5,6.1,5.5,7.5,5.7,6.32
4340,Roberto Martínez Flores,Finanzas,Tesorería,2025-10-05,4.1,5.4,2.8,4.6,3.7,4.18,3.4,3.2,3.9,5.1,3.88,2.8,2.8,5.4,3.2,4.9,3.7,2.0,0.9,2.1,1.9,2.1,1.74
4341,Roberto García Torres,Marketing,Investigación de Mercado,2026-02-19,4.7,4.6,5.5,3.8,7.5,5.12,5.8,7.1,4.7,7.7,6.38,6.7,6.5,6.3,7.2,5.8,6.51,7.6,6.7,8.4,7.7,7.4,7.54
4342,Ricardo Sánchez Flores,Ventas,Atención a Clientes,2026-05-23,1.1,3.8,1.0,1.3,1.8,1.89,1.5,2.3,2.8,3.7,2.51,3.0,2.7,2.7,4.8,3.2,3.16,1.4,0.0,3.4,1.7,1.2,1.49
4343,Paola Jiménez Ortiz,Recursos Humanos,Nómina,2026-02-06,7.2,7.6,6.4,8.9,8.3,7.56,5.9,6.8,6.3,6.4,6.33,8.8,9.3,8.8,8.7,5.9,8.48,7.3,6.6,8.5,7.1,8.0,7.4
4344,Valeria Torres Rodríguez,Operaciones,Logística,2026-06-09,2.8,3.3,1.4,2.6,3.4,2.7,5.9,3.8,3.2,6.3,4.93,2.6,3.9,5.0,3.1,4.0,3.69,6.4,5.6,5.5,5.8,4.9,5.75
4345,Fernanda Hernández Ramírez,Ventas,Ventas Internacionales,2026-04-01,8.5,7.4,9.1,6.6,7.2,7.86,6.6,5.0,7.8,9.3,7.11,6.9,7.6,7.6,8.2,8.1,7.59,8.1,8.2,7.0,5.5,7.9,7.36
4346,Roberto Ortiz Romero,Tecnología,Desarrollo,2025-12-04,4.4,2.7,1.9,4.2,3.7,3.34,4.2,2.8,2.2,3.3,3.22,3.5,2.7,5.3,2.6,3.0,3.45,3.6,3.6,5.2,3.4,3.0,3.82
4347,Luis Sánchez Sánchez,Ventas,Ventas Internacionales,2026-04-26,6.3,5.1,4.2,5.4,6.6,5.49,8.2,5.6,9.2,7.1,7.48,8.1,4.6,7.1,7.2,8.8,7.0,6.9,7.3,5.4,6.5,6.5,6.58
4348,Ximena Torres Hernández,Tecnología,Soporte Técnico,2026-06-09,6.3,8.6,8.5,8.3,7.6,7.81,8.5,10.0,10.0,6.3,8.62,9.0,8.0,7.9,9.5,8.3,8.5,6.5,8.3,9.4,9.5,7.7,8.25
4349,Carlos García Romero,Recursos Humanos,Reclutamiento,2025-09-18,4.3,7.6,8.1,8.0,6.8,6.82,6.6,5.6,5.9,6.1,6.09,7.5,6.0,4.8,3.7,5.5,5.72,7.3,6.2,7.3,6.8,4.8,6.68
4350,María García Torres,Marketing,Comunicación de Marca,2026-07-22,5.0,3.8,5.1,3.9,4.9,4.54,3.4,7.6,6.8,6.2,5.83,4.8,5.7,5.4,3.7,3.9,4.84,5.3,5.8,5.1,6.0,4.8,5.48
4351,Camila Hernández Gómez,Operaciones,Logística,2026-05-21,7.9,7.0,6.9,7.3,8.5,7.48,8.2,9.6,8.4,9.1,8.82,7.2,7.0,7.0,6.7,4.9,6.69,5.9,6.4,7.5,6.4,8.2,6.68
4352,Pedro Morales Hernández,Recursos Humanos,Reclutamiento,2025-09-16,8.7,9.0,8.5,7.8,8.9,8.63,9.3,9.6,8.3,8.9,9.07,6.9,9.8,6.1,7.8,8.9,7.9,8.9,7.7,8.6,6.2,8.8,7.99
4353,Ricardo Sánchez García,Ventas,Ventas Nacionales,2025-11-06,5.4,6.6,4.7,5.3,2.8,5.15,7.1,8.1,7.5,7.4,7.5,4.1,5.0,5.7,4.2,7.0,5.1,7.2,5.5,5.1,5.3,5.5,5.81
4354,Francisco Torres García,Marketing,Marketing Digital,2026-01-04,3.2,2.0,4.9,2.9,4.8,3.44,2.6,2.6,3.7,1.9,2.65,3.3,3.7,4.4,3.8,3.8,3.77,3.9,2.9,4.6,4.2,3.7,3.83
4355,Juan Rodríguez Vázquez,Marketing,Marketing Digital,2026-08-09,7.9,7.2,8.1,8.9,8.4,7.99,8.7,8.3,9.4,8.1,8.59,7.4,7.3,8.3,8.7,7.4,7.75,8.9,8.0,10.0,9.6,9.3,9.07
4356,Miguel Ortiz García,Operaciones,Control de Calidad,2026-09-05,5.2,6.2,5.3,4.9,5.4,5.46,4.4,6.8,6.7,7.1,6.14,5.7,6.2,6.1,5.4,6.5,5.98,6.7,7.1,6.7,7.2,7.3,6.96
4357,Camila Jiménez García,Recursos Humanos,Nómina,2026-06-11,4.9,6.2,6.9,5.6,8.7,6.3,8.1,5.3,5.4,6.3,6.41,9.3,4.5,5.2,5.6,6.9,6.36,4.7,2.9,4.2,4.7,4.6,4.14
4358,Francisco Torres Morales,Operaciones,Control de Calidad,2026-06-02,9.0,7.0,6.0,7.2,5.0,7.03,6.2,7.4,8.7,8.0,7.45,6.9,4.2,4.9,6.4,6.2,5.64,8.5,4.5,7.2,5.6,6.3,6.44
4359,Paola Romero Flores,Marketing,Marketing Digital,2025-11-13,7.1,5.9,6.8,7.6,7.1,6.82,7.1,4.6,7.1,5.4,6.05,6.5,7.2,6.1,7.3,7.2,6.82,7.7,6.7,6.9,8.8,6.3,7.37
4360,Paola Castillo Sánchez,Operaciones,Control de Calidad,2026-05-12,4.6,3.6,6.7,3.3,5.0,4.64,2.2,2.3,3.8,4.5,3.12,6.6,6.7,6.8,6.9,4.1,6.34,5.2,8.3,8.2,7.2,4.2,6.88
4361,Raúl Flores Hernández,Tecnología,Desarrollo,2026-03-06,3.2,4.4,2.4,2.5,6.8,3.78,5.5,5.9,6.4,5.9,5.88,7.0,6.8,7.5,6.3,8.2,7.12,7.0,5.1,6.2,4.8,4.7,5.7
4362,Raúl Jiménez García,Operaciones,Control de Calidad,2026-08-28,8.5,6.1,6.8,8.7,6.2,7.24,6.7,7.8,7.7,6.1,7.02,9.4,8.8,8.9,8.0,7.8,8.7,8.7,8.5,7.2,6.4,7.1,7.73
4363,Sofía Rodríguez Pérez,Finanzas,Contabilidad,2026-01-19,3.2,4.4,1.6,2.9,3.0,3.11,3.6,2.5,3.2,1.9,2.82,3.0,2.5,3.1,2.9,2.2,2.76,2.6,1.9,1.9,1.3,3.6,2.12
4364,Ricardo Martínez Torres,Marketing,Investigación de Mercado,2026-02-05,3.2,4.3,4.0,3.0,2.1,3.44,2.2,2.0,3.6,2.1,2.41,1.6,2.5,2.4,3.1,3.8,2.54,3.1,3.5,2.9,3.5,4.1,3.34
4365,Valeria Pérez Romero,Tecnología,Desarrollo,2025-11-29,0.0,0.2,1.7,1.9,1.7,0.93,0.0,2.1,0.8,0.9,0.91,2.0,1.5,1.6,5.7,2.1,2.36,3.6,3.9,2.7,2.4,3.8,3.28
4366,María Romero García,Ventas,Atención a Clientes,2025-12-21,7.6,5.9,7.0,6.3,5.3,6.52,7.0,5.4,5.2,7.1,6.26,6.8,7.7,3.3,7.9,7.3,6.56,6.0,7.1,5.8,6.4,8.8,6.6
4367,Ximena Flores López,Finanzas,Auditoría Interna,2026-08-21,8.5,7.1,7.5,7.2,8.5,7.76,5.8,6.4,6.1,7.2,6.36,6.4,5.2,5.1,4.2,5.5,5.38,5.7,6.2,6.0,4.3,4.7,5.51
4368,Fernanda López Reyes,Finanzas,Contabilidad,2026-01-28,6.3,4.5,6.5,6.2,7.0,5.98,9.2,7.4,5.9,7.9,7.76,5.5,7.7,7.0,4.9,8.0,6.64,8.4,7.3,7.0,6.0,6.4,7.17
4369,Juan Castillo Ortiz,Ventas,Ventas Internacionales,2025-10-15,4.1,5.8,6.8,6.5,5.3,5.6,4.2,5.3,6.5,5.0,5.14,6.1,6.2,5.7,6.0,4.7,5.82,2.5,3.8,3.2,5.3,5.4,3.82
4370,María Romero Hernández,Operaciones,Control de Calidad,2025-09-08,9.7,9.7,8.8,9.1,10.0,9.48,7.7,9.7,7.7,10.0,8.77,9.6,8.2,10.0,10.0,10.0,9.45,9.5,9.5,10.0,8.8,9.6,9.47
4371,Jorge Jiménez García,Marketing,Investigación de Mercado,2026-05-21,6.0,7.7,7.5,6.6,8.8,7.24,5.1,7.5,6.9,3.7,5.71,4.8,5.5,4.0,6.5,6.3,5.3,6.7,5.7,4.3,5.2,5.8,5.58
4372,Miguel Jiménez Ramírez,Finanzas,Auditoría Interna,2026-05-03,9.8,9.6,9.3,10.0,8.8,9.53,8.9,10.0,9.6,10.0,9.59,9.6,10.0,10.0,8.2,10.0,9.63,9.9,7.9,9.4,8.4,9.6,8.97
4373,Miguel Morales Sánchez,Tecnología,Infraestructura,2025-09-18,7.8,8.2,6.9,6.2,6.8,7.33,9.6,7.3,8.8,8.0,8.46,8.1,6.8,7.6,6.3,6.9,7.22,7.5,10.0,5.7,8.0,6.7,7.78
4374,Sergio González Sánchez,Tecnología,Soporte Técnico,2026-07-18,5.0,7.8,6.1,6.4,7.1,6.44,8.1,8.0,8.4,7.5,7.98,8.9,8.6,7.7,7.9,7.9,8.28,5.5,7.0,7.7,5.9,6.7,6.52
4375,Andrea Ortiz Pérez,Ventas,Ventas Internacionales,2026-01-07,6.7,5.9,6.4,5.3,5.0,5.98,4.9,6.9,5.2,4.4,5.34,7.0,7.5,6.1,6.2,4.8,6.49,4.4,4.4,7.4,5.5,5.5,5.33
4376,Pedro González Flores,Ventas,Atención a Clientes,2026-03-28,7.2,5.6,6.5,7.0,8.3,6.8,7.4,8.0,7.4,8.6,7.85,7.3,8.0,7.5,8.2,7.2,7.64,9.0,8.1,9.5,8.8,10.0,8.94
4377,Pedro Reyes García,Operaciones,Logística,2026-08-09,7.1,6.7,5.9,7.4,7.3,6.84,8.6,7.6,7.1,8.6,8.05,7.5,5.8,6.2,8.0,7.6,6.9,5.9,9.0,6.3,6.5,7.2,7.0
4378,Juan Vázquez Ortiz,Finanzas,Contabilidad,2026-08-20,7.8,4.2,6.2,5.9,5.4,5.94,4.9,6.7,7.1,8.0,6.56,10.0,10.0,7.3,10.0,9.2,9.34,5.2,7.6,5.2,7.1,7.8,6.44
4379,Laura Castillo Morales,Ventas,Ventas Nacionales,2026-08-03,5.1,3.7,2.5,1.9,3.7,3.54,3.3,6.0,4.5,3.2,4.19,6.1,3.1,3.4,3.7,3.3,4.03,3.5,3.7,3.5,2.7,4.5,3.49
4380,Ana Reyes López,Recursos Humanos,Reclutamiento,2025-10-17,6.0,6.4,5.3,7.2,6.0,6.14,5.5,6.6,5.4,7.3,6.2,7.6,8.3,8.1,7.6,6.7,7.74,7.2,7.8,9.0,8.6,9.1,8.18
4381,Sergio Martínez Ramírez,Recursos Humanos,Capacitación,2026-07-05,5.0,3.9,4.0,4.7,6.5,4.7,3.4,4.1,4.8,5.9,4.48,6.6,6.2,3.7,4.1,6.6,5.55,2.8,4.9,3.5,3.2,4.3,3.7
4382,María Rodríguez García,Operaciones,Logística,2025-11-16,10.0,9.4,9.8,10.0,9.9,9.79,8.9,10.0,10.0,9.3,9.5,7.9,8.0,8.9,8.6,9.4,8.46,7.8,10.0,9.0,7.3,8.8,8.59
4383,Gabriela Reyes Cruz,Tecnología,Soporte Técnico,2026-03-05,3.9,4.1,3.6,4.6,2.4,3.77,4.4,3.3,3.6,0.0,2.86,5.3,5.8,5.8,3.9,4.6,5.21,3.1,3.1,2.8,3.2,3.5,3.1
4384,Ana Martínez Martínez,Tecnología,Infraestructura,2026-03-02,3.5,0.7,3.9,4.3,3.2,2.96,4.4,5.8,5.2,7.0,5.56,4.5,4.0,6.3,2.4,4.6,4.43,7.0,6.3,4.7,5.8,5.6,5.98
4385,Fernanda Ortiz Ramírez,Finanzas,Auditoría Interna,2026-06-28,2.1,3.9,1.5,2.1,4.1,2.73,3.2,1.7,3.3,5.5,3.42,4.3,2.3,3.7,2.8,3.2,3.29,4.5,1.6,2.5,2.3,1.9,2.68
4386,Ana García Castillo,Finanzas,Auditoría Interna,2026-02-16,7.8,6.2,7.1,7.4,6.2,6.96,8.7,5.5,4.5,4.4,5.98,3.6,5.2,5.2,4.7,7.2,5.03,7.5,5.5,4.8,7.6,7.7,6.5
4387,Laura Castillo Romero,Tecnología,Infraestructura,2025-11-16,7.0,7.7,8.7,5.8,6.6,7.28,6.8,4.9,5.9,6.4,6.04,7.1,7.4,6.2,6.6,6.8,6.88,7.2,6.0,7.3,8.1,4.1,6.79
4388,Juan Torres Ramírez,Recursos Humanos,Reclutamiento,2025-11-22,7.6,5.7,6.7,7.2,6.1,6.66,5.8,6.5,3.4,5.2,5.34,7.2,8.0,8.3,7.2,7.9,7.72,6.1,6.9,6.3,7.4,8.3,6.82
4389,Ricardo Hernández López,Finanzas,Tesorería,2026-08-24,0.2,3.4,4.5,4.5,1.0,2.62,3.9,5.2,6.6,4.9,5.02,2.9,3.5,3.1,3.6,2.8,3.18,3.1,1.7,0.9,3.3,3.7,2.41
4390,Mariana Rodríguez González,Operaciones,Producción,2026-06-19,8.8,7.3,6.9,7.5,9.4,7.94,5.1,4.2,7.6,6.8,5.8,9.3,6.4,7.3,8.5,6.2,7.59,6.8,7.2,5.0,6.9,7.0,6.58
4391,Laura González López,Marketing,Investigación de Mercado,2026-03-03,3.7,2.6,3.7,3.2,1.9,3.08,2.3,1.6,4.9,1.4,2.42,4.3,3.0,4.7,3.6,2.7,3.71,5.2,5.0,4.9,5.6,4.6,5.11
4392,Fernanda Castillo Cruz,Finanzas,Tesorería,2025-09-29,3.1,3.5,3.2,3.6,2.7,3.24,1.6,4.3,3.7,4.3,3.37,4.1,5.0,4.4,3.7,6.3,4.66,1.8,4.7,5.3,2.2,3.6,3.48
4393,Alejandro Reyes Pérez,Marketing,Marketing Digital,2026-05-03,2.2,3.6,2.7,1.4,0.6,2.29,1.7,1.8,2.7,4.9,2.72,3.1,4.0,4.6,2.9,3.7,3.68,2.8,3.5,4.0,3.5,4.0,3.48
4394,Ximena Morales Gómez,Tecnología,Desarrollo,2026-01-12,8.4,10.0,8.0,10.0,7.9,8.88,9.0,7.3,8.4,9.5,8.58,7.3,9.9,8.1,8.7,9.6,8.66,9.7,8.6,6.5,8.8,8.8,8.52
4395,Camila Flores González,Ventas,Atención a Clientes,2025-10-08,3.5,3.9,2.4,3.3,3.3,3.32,2.3,1.5,3.2,6.1,3.23,4.6,4.1,4.7,2.4,5.8,4.34,3.2,5.4,5.5,3.6,4.9,4.46
4396,Diego Castillo Torres,Marketing,Marketing Digital,2026-02-13,8.1,9.7,7.6,7.4,7.6,8.22,6.6,7.3,6.9,7.0,6.94,7.9,7.9,7.3,7.4,9.4,7.93,8.1,8.6,8.7,10.0,8.5,8.76
4397,María Rodríguez López,Finanzas,Contabilidad,2026-06-23,6.7,7.0,9.5,7.1,6.7,7.4,9.0,9.2,8.4,9.0,8.93,7.9,7.9,5.8,8.8,4.3,7.08,8.5,8.9,8.9,9.7,9.0,8.97
4398,Pedro Jiménez Cruz,Operaciones,Producción,2025-12-17,7.0,6.7,9.3,6.7,8.0,7.49,6.6,5.9,4.8,5.5,5.79,8.7,7.7,7.7,8.4,5.6,7.74,6.7,7.8,7.5,5.9,6.3,6.94
4399,Ana Flores Gómez,Finanzas,Tesorería,2026-05-12,4.3,4.1,6.5,6.3,5.7,5.2,6.9,5.7,5.4,6.2,6.12,6.2,6.0,6.5,5.7,3.8,5.78,4.8,7.1,6.0,4.0,5.0,5.48
4400,Pedro Rodríguez Torres,Marketing,Investigación de Mercado,2025-12-04,2.3,7.9,7.5,6.9,6.2,6.02,8.7,7.4,8.4,7.7,8.07,5.6,6.7,6.8,8.0,6.5,6.61,6.2,7.2,6.6,6.2,7.8,6.69
4401,Luis Sánchez Hernández,Recursos Humanos,Nómina,2025-12-08,9.8,5.2,8.8,7.4,7.4,7.73,8.5,10.0,9.9,9.3,9.36,9.8,9.9,10.0,10.0,9.8,9.9,9.8,9.2,9.1,10.0,10.0,9.57
4402,Alejandro López Rodríguez,Recursos Humanos,Capacitación,2026-03-30,5.2,3.5,3.2,4.5,4.4,4.15,5.0,6.6,5.5,6.1,5.78,6.4,6.1,7.1,6.9,5.9,6.46,9.5,6.9,7.3,8.7,4.7,7.77
4403,Andrea García Morales,Operaciones,Producción,2025-12-17,7.5,10.0,8.8,7.2,7.0,8.26,9.7,7.9,10.0,10.0,9.38,10.0,9.4,10.0,9.2,8.7,9.54,10.0,8.2,7.0,7.0,7.6,8.11
4404,Valeria Sánchez Cruz,Marketing,Investigación de Mercado,2026-08-10,7.5,6.6,5.5,4.4,6.6,6.28,5.1,4.7,4.6,5.3,4.95,5.1,6.3,6.0,5.7,4.3,5.55,5.7,3.2,5.2,4.8,5.2,4.74
4405,Jorge Pérez Ramírez,Operaciones,Producción,2025-10-11,5.6,3.2,2.6,2.8,3.7,3.7,3.4,2.7,5.2,4.0,3.74,3.3,2.8,2.7,2.4,2.4,2.78,2.6,3.8,4.0,4.5,4.5,3.75
4406,Laura López Reyes,Marketing,Investigación de Mercado,2026-08-02,8.6,8.3,8.7,8.4,5.3,8.02,10.0,10.0,8.6,7.5,9.09,8.2,7.7,8.7,6.0,9.0,7.96,8.5,8.8,9.0,7.0,5.4,8.07
4407,José Ramírez Torres,Operaciones,Control de Calidad,2026-02-15,5.9,5.5,3.5,5.6,5.8,5.26,3.9,4.9,5.2,7.0,5.18,1.9,2.4,1.9,1.4,1.8,1.94,2.9,5.5,6.3,5.9,6.3,5.17
4408,Fernanda Torres Ortiz,Marketing,Investigación de Mercado,2026-01-17,5.4,5.8,4.8,5.4,7.3,5.66,4.9,8.1,7.0,4.9,6.12,8.0,6.6,5.8,4.9,6.3,6.49,5.4,4.8,4.4,4.7,4.7,4.84
4409,Roberto Jiménez Jiménez,Ventas,Ventas Internacionales,2026-07-31,4.2,4.0,2.2,1.8,4.4,3.42,2.0,4.1,4.9,3.3,3.43,2.9,2.3,2.8,2.2,1.3,2.38,4.5,3.8,5.6,2.9,4.2,4.2
4410,Juan Gómez Jiménez,Finanzas,Auditoría Interna,2026-06-07,9.1,8.7,6.8,9.6,8.1,8.46,7.0,8.1,7.0,9.0,7.78,3.1,8.0,4.8,8.1,8.9,6.28,8.1,8.0,6.3,6.8,7.9,7.44
4411,Andrea Pérez Martínez,Ventas,Ventas Internacionales,2026-09-02,8.5,8.0,9.3,5.1,7.0,7.8,10.0,9.5,8.2,7.9,8.99,7.6,9.0,8.4,8.2,7.6,8.2,6.3,6.9,7.9,7.4,5.9,6.95
4412,José Ramírez Vázquez,Ventas,Atención a Clientes,2026-04-17,10.0,7.9,7.2,7.1,8.8,8.3,6.0,7.1,9.2,8.3,7.49,8.2,7.4,7.9,7.7,6.8,7.66,8.1,8.3,6.0,8.2,7.9,7.73
4413,Laura Gómez Reyes,Operaciones,Control de Calidad,2025-12-05,4.8,5.3,7.3,4.7,4.3,5.33,2.9,5.3,4.9,4.3,4.25,7.0,4.7,6.8,5.8,8.2,6.38,5.3,4.4,5.4,7.1,4.7,5.4
4414,Alejandro Pérez Rodríguez,Tecnología,Desarrollo,2025-11-04,1.6,1.8,3.3,4.2,0.4,2.2,1.7,0.6,1.2,1.9,1.38,5.0,3.1,3.8,4.4,5.4,4.26,3.0,3.2,2.3,3.8,2.1,2.98
4415,Fernanda Jiménez González,Tecnología,Soporte Técnico,2025-09-28,8.2,7.7,4.8,6.5,5.7,6.76,4.1,4.4,5.4,6.5,5.04,6.1,4.5,5.4,7.7,9.2,6.26,7.1,5.2,5.8,6.9,5.5,6.16
4416,María Sánchez Hernández,Marketing,Marketing Digital,2026-06-14,5.8,7.5,8.5,5.3,4.3,6.46,6.9,5.6,5.7,6.8,6.31,5.8,10.0,6.8,5.6,6.3,7.1,5.8,6.5,8.3,5.8,4.6,6.36
4417,Karla Sánchez Rodríguez,Recursos Humanos,Nómina,2026-03-30,6.2,4.4,3.5,5.7,4.2,4.84,4.4,2.8,4.7,5.0,4.21,4.8,4.6,3.4,5.0,4.6,4.47,6.2,6.1,5.5,3.5,6.8,5.56
4418,Fernanda Torres Martínez,Tecnología,Infraestructura,2026-01-17,6.3,6.1,7.1,5.2,5.6,6.14,7.0,8.0,5.9,5.6,6.68,5.2,6.2,7.1,6.9,6.6,6.3,6.2,5.3,8.1,6.3,7.0,6.46
4419,Raúl Pérez Martínez,Tecnología,Infraestructura,2025-10-26,8.3,9.1,7.7,7.1,6.7,7.96,7.2,9.4,8.6,7.7,8.15,8.4,9.9,8.2,7.7,6.1,8.28,5.5,6.8,6.4,7.3,6.9,6.51
4420,Diego González Pérez,Finanzas,Tesorería,2026-01-26,8.1,8.3,4.7,8.2,5.5,7.1,4.9,6.3,6.1,8.0,6.26,7.8,6.4,7.7,6.2,8.0,7.22,7.3,8.5,6.6,7.0,7.3,7.4
4421,Sofía Vázquez López,Recursos Humanos,Reclutamiento,2025-12-14,6.0,6.6,5.9,6.6,6.6,6.31,8.5,7.4,8.6,10.0,8.62,7.0,10.0,9.1,9.8,9.4,8.95,6.7,8.7,9.4,7.5,6.6,7.89
4422,Laura Pérez Jiménez,Finanzas,Contabilidad,2025-10-29,5.1,4.9,4.9,2.7,3.0,4.34,4.6,3.4,2.9,4.6,3.96,5.7,5.8,4.7,3.8,5.4,5.2,2.7,3.2,2.5,4.6,4.4,3.34
4423,Carlos Ramírez Romero,Finanzas,Auditoría Interna,2026-01-31,2.0,2.9,2.0,3.5,1.4,2.36,2.1,0.8,1.6,0.6,1.3,5.2,3.0,1.8,3.6,2.8,3.37,2.8,2.2,3.3,2.8,2.0,2.67
4424,Laura Rodríguez Martínez,Operaciones,Producción,2026-07-31,7.0,7.9,7.5,7.0,8.8,7.6,6.9,8.0,8.7,7.7,7.74,7.8,9.0,7.2,10.0,8.7,8.44,10.0,9.3,9.2,8.0,9.2,9.18
4425,Roberto Jiménez Ortiz,Marketing,Comunicación de Marca,2026-07-08,2.9,1.9,2.4,1.9,0.9,2.1,4.2,4.8,3.1,4.1,4.11,3.6,4.9,4.6,4.7,7.8,4.92,4.9,4.6,5.1,5.7,3.3,4.86
4426,Sergio Jiménez Ramírez,Operaciones,Producción,2026-03-03,7.0,6.0,4.5,8.2,6.3,6.32,8.1,10.0,8.2,8.2,8.62,7.4,9.1,7.1,6.2,6.3,7.42,6.1,4.7,8.2,7.9,5.8,6.5
4427,Raúl Pérez Sánchez,Operaciones,Producción,2025-09-26,5.1,2.9,3.4,2.5,2.9,3.49,4.8,4.8,3.6,5.2,4.66,4.4,0.0,1.9,0.3,0.4,1.58,1.5,1.9,1.7,1.1,3.7,1.78
4428,Francisco Sánchez Hernández,Tecnología,Soporte Técnico,2026-05-09,7.3,7.5,7.8,6.7,6.3,7.21,7.3,7.2,8.1,8.0,7.61,7.8,8.5,6.7,4.8,7.1,7.2,5.8,5.3,6.6,8.7,6.6,6.5
4429,Roberto Torres Jiménez,Tecnología,Desarrollo,2026-05-09,6.9,6.5,8.0,6.5,8.0,7.12,8.8,6.1,6.7,10.0,8.0,9.4,8.0,7.4,9.9,9.9,8.8,6.1,7.3,7.7,8.4,7.7,7.34
4430,Ana Romero Ramírez,Marketing,Marketing Digital,2026-05-31,4.1,2.8,4.0,1.6,3.9,3.35,4.8,4.7,5.4,4.2,4.74,5.5,1.7,3.9,4.0,2.6,3.57,3.0,3.1,3.7,4.4,3.8,3.53
4431,Diego Reyes Ortiz,Operaciones,Logística,2026-07-14,1.6,1.8,2.3,3.6,2.1,2.16,3.4,4.8,3.1,4.7,4.01,1.5,2.5,2.8,4.7,2.3,2.61,3.1,3.8,2.5,3.9,3.9,3.4
4432,Carlos García Pérez,Marketing,Marketing Digital,2026-05-29,5.8,6.2,6.1,6.4,7.5,6.3,7.8,7.0,5.5,7.3,7.02,4.6,6.4,2.5,4.3,4.3,4.54,4.9,5.2,7.2,5.0,5.4,5.51
4433,Diego Hernández Torres,Operaciones,Producción,2026-07-15,4.7,3.0,1.9,3.8,3.4,3.38,5.3,5.0,4.6,4.8,4.96,5.2,4.1,6.3,1.4,5.1,4.56,4.6,4.8,3.5,4.7,3.5,4.34
4434,Sofía Ramírez Reyes,Ventas,Ventas Internacionales,2026-08-15,4.5,5.4,5.6,3.6,4.8,4.85,4.1,2.5,4.4,5.6,4.14,4.4,5.4,5.6,8.1,5.5,5.61,4.7,4.7,4.6,5.9,6.0,5.05
4435,Mariana Pérez Sánchez,Ventas,Ventas Nacionales,2025-12-26,5.5,5.9,8.1,7.1,7.3,6.63,7.6,6.8,6.1,4.8,6.4,8.9,8.2,9.2,8.2,7.6,8.48,5.2,7.2,7.4,8.4,6.5,6.91
4436,Roberto Castillo González,Recursos Humanos,Nómina,2026-09-04,5.4,4.9,7.3,5.7,6.7,5.9,5.0,6.2,5.6,7.3,6.0,5.0,6.5,7.3,4.3,3.8,5.55,7.1,6.3,6.0,6.2,5.4,6.33
4437,Miguel Reyes Ortiz,Recursos Humanos,Nómina,2026-02-28,5.3,6.1,4.9,7.1,6.0,5.8,5.9,6.1,7.3,4.7,5.93,6.6,8.6,7.3,6.2,9.4,7.6,4.9,9.4,5.0,6.0,8.8,6.66
4438,Diego Morales Castillo,Recursos Humanos,Reclutamiento,2025-11-06,10.0,9.9,6.8,7.0,8.2,8.62,8.3,8.3,5.9,5.9,7.22,10.0,7.7,8.9,9.7,7.8,8.83,6.6,6.6,7.9,8.1,8.9,7.39
4439,Sergio Hernández Morales,Ventas,Ventas Nacionales,2025-12-19,6.9,5.8,7.4,7.2,6.3,6.68,5.7,7.5,5.6,6.1,6.23,5.8,4.6,6.2,4.3,5.8,5.36,5.6,5.3,3.7,4.9,4.6,4.9
4440,Ricardo Reyes Pérez,Finanzas,Tesorería,2026-01-02,9.1,7.9,9.1,9.1,10.0,8.94,8.9,6.4,7.9,8.3,7.92,8.9,8.7,10.0,10.0,8.6,9.19,8.1,8.4,8.7,9.7,8.4,8.64
4441,Ana Reyes Gómez,Tecnología,Soporte Técnico,2026-07-26,2.0,1.2,2.5,3.9,1.1,2.05,6.7,6.7,5.1,3.6,5.6,1.2,2.6,5.0,4.9,1.8,2.96,6.1,1.7,1.8,0.4,3.2,2.71
4442,Fernanda Rodríguez Flores,Finanzas,Auditoría Interna,2025-11-15,6.6,5.7,8.3,6.2,8.6,6.96,7.1,6.7,5.9,7.6,6.88,6.6,7.7,5.8,5.8,4.4,6.26,6.1,6.1,6.6,5.9,7.3,6.28
4443,Laura Jiménez Romero,Operaciones,Producción,2026-04-28,5.8,7.4,5.8,4.8,6.2,6.11,5.7,5.9,7.5,7.3,6.51,6.3,7.8,4.1,5.7,8.2,6.43,5.5,6.1,6.2,5.5,6.8,5.92
4444,Miguel López García,Tecnología,Soporte Técnico,2025-09-28,4.4,3.5,4.4,2.6,4.9,3.98,4.9,2.6,3.4,4.8,4.0,3.9,3.5,2.1,3.5,2.5,3.17,4.5,4.3,4.2,4.0,2.5,4.09
4445,Fernanda Torres Morales,Ventas,Atención a Clientes,2026-04-15,5.9,6.4,6.3,5.8,5.4,6.02,5.2,3.6,6.8,6.9,5.54,3.6,6.4,7.3,6.5,8.1,6.15,3.8,3.1,4.5,4.7,3.8,3.94
4446,Diego Hernández Cruz,Ventas,Atención a Clientes,2026-02-22,3.5,6.6,5.9,5.1,7.1,5.54,5.3,5.7,6.6,4.7,5.51,6.4,6.5,5.5,8.1,6.5,6.52,7.0,6.8,6.2,8.3,9.2,7.27
4447,Alejandro Sánchez Jiménez,Tecnología,Desarrollo,2026-06-30,7.4,7.1,8.2,8.9,7.8,7.77,8.0,8.1,7.6,6.1,7.47,6.9,6.3,5.6,5.2,5.4,6.01,7.4,8.9,6.8,6.5,7.3,7.46
4448,Alejandro Romero Martínez,Marketing,Investigación de Mercado,2026-03-06,3.2,5.7,5.2,5.3,6.9,5.1,4.8,5.7,6.8,6.6,5.88,7.3,5.6,6.0,6.1,5.3,6.14,7.4,9.4,6.2,7.8,4.1,7.41
4449,Fernanda Martínez Hernández,Recursos Humanos,Capacitación,2025-10-30,3.7,3.0,1.4,1.7,2.4,2.57,1.0,3.6,2.4,3.2,2.48,3.8,0.9,2.5,2.3,4.0,2.62,4.3,1.6,2.2,3.8,3.1,2.98
4450,Gabriela López Morales,Marketing,Investigación de Mercado,2026-05-08,1.5,2.9,3.2,2.6,2.1,2.45,3.3,2.2,0.7,2.2,2.23,1.6,0.9,3.1,5.1,2.7,2.42,4.2,3.6,0.9,1.1,0.0,2.35
4451,Karla Jiménez Rodríguez,Marketing,Marketing Digital,2026-08-31,2.0,2.0,2.1,2.3,2.0,2.06,3.5,4.0,2.7,3.3,3.42,2.7,0.0,1.4,3.5,3.4,1.99,0.7,0.0,3.3,0.0,0.9,0.92
4452,Pedro Cruz García,Finanzas,Auditoría Interna,2026-06-22,3.5,3.9,5.0,4.7,3.0,4.0,3.0,4.5,2.8,1.8,3.04,1.5,2.8,5.2,2.6,1.6,2.74,1.6,2.1,1.9,3.5,2.4,2.24
4453,Alejandro González Torres,Recursos Humanos,Nómina,2025-10-18,3.1,4.5,5.1,5.5,6.1,4.66,2.2,3.8,2.5,1.9,2.58,2.8,3.3,5.0,4.2,3.3,3.65,4.8,4.3,2.0,3.0,5.9,3.86
4454,Raúl Romero Ramírez,Recursos Humanos,Reclutamiento,2025-11-16,2.7,0.9,2.6,1.9,2.3,2.05,3.6,3.0,3.5,2.0,3.03,4.3,2.6,4.9,3.9,2.1,3.6,4.3,4.4,4.1,5.9,1.4,4.31
4455,Daniela Gómez Reyes,Marketing,Comunicación de Marca,2026-05-16,6.0,5.5,7.1,4.0,6.2,5.82,9.4,5.3,6.9,6.6,7.17,5.7,5.0,5.1,9.1,8.2,6.29,7.3,6.4,7.2,7.0,5.7,6.84
4456,José Hernández Martínez,Marketing,Investigación de Mercado,2026-05-03,7.8,5.8,8.3,7.4,6.1,7.09,6.8,8.0,7.0,9.0,7.69,6.9,6.1,5.0,5.8,8.4,6.38,6.0,8.5,7.1,5.5,7.5,6.9
4457,Fernanda Torres Jiménez,Finanzas,Auditoría Interna,2025-09-18,5.6,5.5,4.8,6.2,6.3,5.61,7.2,6.5,5.8,6.8,6.64,4.5,5.3,6.5,4.2,3.1,4.84,5.0,5.4,6.1,6.9,7.6,5.96
4458,Ximena Gómez Rodríguez,Operaciones,Control de Calidad,2026-04-21,4.0,5.4,5.2,7.2,6.2,5.4,6.6,5.9,8.6,6.0,6.68,7.5,8.2,5.8,5.6,6.4,6.88,6.7,8.3,7.6,9.6,8.0,7.99
4459,Luis Jiménez Jiménez,Recursos Humanos,Reclutamiento,2025-09-15,3.4,2.8,2.5,3.7,3.9,3.19,3.9,3.4,1.7,1.9,2.84,5.2,3.3,4.2,3.3,2.0,3.76,5.8,3.5,3.8,2.8,3.1,3.96
4460,Sofía Flores Vázquez,Tecnología,Soporte Técnico,2026-05-02,6.8,8.8,9.1,7.0,9.5,8.2,10.0,8.0,10.0,10.0,9.5,5.9,9.1,10.0,8.7,10.0,8.56,6.4,9.8,7.7,7.8,10.0,8.15
4461,Gabriela Sánchez Romero,Recursos Humanos,Nómina,2025-11-18,5.8,8.8,8.2,7.5,6.1,7.33,8.0,6.1,6.6,7.6,7.14,6.2,5.7,7.6,5.3,7.6,6.43,7.6,5.9,5.4,5.6,5.2,6.1
4462,Carlos Torres Hernández,Recursos Humanos,Capacitación,2025-12-23,5.4,4.8,4.0,5.2,4.7,4.84,5.0,5.1,4.7,4.4,4.81,3.7,3.5,5.8,5.7,4.5,4.49,5.7,7.7,5.1,4.7,2.3,5.54
4463,Jorge Vázquez Flores,Finanzas,Auditoría Interna,2026-01-12,9.3,6.9,9.1,6.4,6.0,7.73,8.9,10.0,10.0,9.6,9.57,8.5,6.5,9.8,6.1,7.0,7.68,9.7,8.5,8.7,8.7,7.8,8.81
4464,Andrea Gómez López,Tecnología,Soporte Técnico,2026-07-17,6.8,6.6,5.8,7.5,5.6,6.48,4.8,6.0,5.8,6.1,5.62,5.9,8.0,8.3,7.1,6.5,7.17,5.0,5.8,5.7,6.6,6.9,5.85
4465,Pedro Morales Jiménez,Finanzas,Contabilidad,2026-03-31,4.5,5.3,6.0,4.3,4.9,5.03,5.5,3.6,4.7,4.3,4.56,6.9,6.7,5.7,5.9,5.6,6.26,4.8,4.5,4.1,4.6,4.8,4.54
4466,Sofía Morales Rodríguez,Tecnología,Infraestructura,2025-12-13,8.2,6.5,7.1,6.1,5.5,6.84,7.2,8.5,7.6,7.0,7.56,10.0,9.2,8.1,9.1,9.7,9.24,8.6,6.4,7.6,9.4,8.2,7.97
4467,Pedro Rodríguez Ramírez,Recursos Humanos,Reclutamiento,2026-03-28,8.2,7.9,9.1,7.8,7.5,8.14,6.1,6.4,6.7,8.0,6.77,7.2,9.2,7.5,8.1,8.3,8.06,6.7,6.7,6.7,8.4,7.6,7.13
4468,Jorge Martínez Reyes,Ventas,Ventas Internacionales,2026-03-24,8.8,8.2,7.0,7.6,7.9,7.98,5.8,6.0,7.0,7.8,6.59,5.0,5.9,5.8,7.0,6.4,5.9,8.9,7.2,7.4,6.8,7.8,7.65
4469,José Ramírez Jiménez,Recursos Humanos,Capacitación,2025-09-22,5.3,4.9,6.8,4.6,5.1,5.36,6.4,8.0,5.3,8.3,7.06,5.1,5.0,4.4,3.9,2.1,4.31,5.2,6.1,6.0,6.6,4.5,5.8
4470,Karla Pérez Gómez,Operaciones,Producción,2025-12-02,6.0,6.7,6.1,5.8,4.2,5.9,4.0,4.5,6.2,4.9,4.79,5.2,3.6,5.5,5.5,3.6,4.66,4.7,6.4,4.5,5.9,6.0,5.46
4471,Luis Ortiz Ramírez,Operaciones,Control de Calidad,2026-02-12,8.3,10.0,8.3,9.4,9.3,9.04,8.4,8.1,7.3,10.0,8.5,9.1,8.0,8.7,10.0,8.5,8.79,10.0,10.0,10.0,10.0,9.5,9.95
4472,Francisco Flores Pérez,Recursos Humanos,Nómina,2025-11-08,10.0,9.6,10.0,7.7,8.4,9.32,6.9,5.1,8.9,6.8,6.82,8.2,9.8,8.1,9.8,9.0,8.94,7.1,9.6,9.2,8.6,8.9,8.62
4473,Francisco Martínez Rodríguez,Operaciones,Control de Calidad,2026-08-09,7.8,8.6,5.1,7.1,5.2,6.96,7.4,9.0,8.0,5.7,7.5,4.7,7.9,6.7,6.4,5.8,6.32,6.3,6.6,6.0,7.6,3.0,6.24
4474,Mariana Morales Pérez,Ventas,Ventas Nacionales,2025-12-11,2.7,3.9,3.7,4.7,3.7,3.65,4.1,4.5,2.7,3.0,3.64,3.5,4.3,2.7,5.4,6.4,4.26,2.2,3.4,2.3,5.9,2.0,3.24
4475,Daniela Jiménez Ramírez,Tecnología,Soporte Técnico,2025-12-31,6.4,4.7,8.5,7.4,7.2,6.67,8.1,8.2,7.6,8.3,8.07,8.3,8.4,8.3,7.6,5.8,7.85,5.8,7.4,6.6,6.1,5.9,6.43
4476,Laura Flores Hernández,Operaciones,Producción,2026-05-05,6.4,7.4,6.3,5.0,6.7,6.46,7.5,6.3,7.2,6.0,6.76,4.7,3.9,5.9,4.6,3.7,4.57,6.9,7.8,7.1,7.7,5.8,7.22
4477,Juan Gómez Sánchez,Recursos Humanos,Reclutamiento,2026-08-14,4.8,6.6,6.8,5.9,5.4,5.9,7.3,8.0,8.4,6.4,7.47,7.2,10.0,7.2,6.7,9.0,8.1,8.3,10.0,7.7,7.2,8.2,8.38
4478,Diego Rodríguez Reyes,Tecnología,Infraestructura,2025-09-10,2.0,1.9,3.5,0.0,2.5,2.05,2.2,0.7,2.7,2.8,2.08,1.8,2.7,1.2,3.2,0.0,1.84,2.9,1.7,1.9,2.7,2.6,2.33
4479,Fernanda Sánchez Jiménez,Finanzas,Contabilidad,2026-02-18,9.5,8.7,10.0,10.0,9.5,9.48,8.4,9.5,8.9,9.4,9.02,6.2,6.4,6.9,8.6,8.2,7.05,7.5,7.9,8.9,7.9,9.3,8.14
4480,José Vázquez Romero,Finanzas,Auditoría Interna,2026-01-13,2.8,0.9,4.0,3.7,3.5,2.8,0.9,1.7,2.1,0.5,1.24,1.4,1.8,3.4,1.6,1.0,1.87,0.0,2.9,1.1,2.3,1.0,1.5
4481,Raúl Gómez Ramírez,Finanzas,Contabilidad,2026-02-18,10.0,8.9,9.8,9.3,9.0,9.43,9.9,10.0,7.6,10.0,9.49,10.0,8.7,8.1,9.1,9.1,9.02,7.6,7.1,10.0,9.9,10.0,8.66
4482,Karla Jiménez Romero,Ventas,Ventas Nacionales,2026-05-20,6.3,5.1,4.9,4.4,5.6,5.33,5.2,5.8,6.1,5.5,5.6,4.5,4.5,5.0,4.6,5.1,4.7,4.8,7.6,3.7,5.0,7.1,5.55
4483,Alejandro Romero Ortiz,Operaciones,Control de Calidad,2025-10-08,4.8,4.4,5.9,3.6,4.0,4.62,5.9,7.0,4.8,5.9,5.96,5.4,6.2,5.3,5.6,4.6,5.49,5.9,7.0,8.2,7.1,8.1,7.1
4484,Francisco Romero Cruz,Marketing,Comunicación de Marca,2025-10-30,8.9,9.7,10.0,7.7,8.1,9.02,9.0,7.4,8.9,8.9,8.56,7.8,10.0,9.1,9.3,8.3,8.91,9.1,8.2,9.2,9.7,8.6,8.96
4485,Francisco Sánchez Reyes,Operaciones,Control de Calidad,2026-03-21,3.9,3.9,3.9,4.3,3.9,3.96,5.0,4.2,5.1,5.1,4.84,3.3,4.2,4.0,1.2,2.8,3.28,3.7,5.7,4.5,6.3,6.8,5.19
4486,Ximena Reyes Rodríguez,Ventas,Ventas Internacionales,2025-10-24,8.7,8.3,10.0,9.0,8.4,8.86,9.9,8.2,7.8,8.0,8.58,10.0,10.0,9.8,8.3,8.5,9.48,8.6,10.0,10.0,9.1,9.4,9.41
4487,Francisco Martínez Flores,Recursos Humanos,Reclutamiento,2025-11-18,8.4,5.3,4.7,4.6,5.7,5.91,6.8,6.2,4.9,5.3,5.9,5.4,6.1,5.5,6.5,7.4,6.06,5.9,8.5,6.0,7.7,9.2,7.26
4488,Karla Ortiz Morales,Ventas,Ventas Nacionales,2026-06-23,7.1,6.1,7.2,5.2,6.8,6.54,7.0,5.9,5.9,5.8,6.21,6.3,5.4,5.3,4.0,6.5,5.56,8.0,7.2,6.7,4.3,7.5,6.75
4489,José Reyes Flores,Operaciones,Logística,2026-05-18,9.7,5.9,10.0,6.5,7.7,8.03,8.1,8.1,7.7,8.4,8.1,7.1,7.2,6.1,5.1,8.2,6.79,10.0,10.0,10.0,10.0,9.0,9.9
4490,Ana Morales Romero,Operaciones,Control de Calidad,2025-12-03,8.7,9.7,10.0,10.0,7.9,9.28,8.3,9.8,7.5,8.1,8.46,7.2,9.3,7.7,9.5,9.1,8.46,9.9,9.6,10.0,10.0,8.4,9.72
4491,Valeria Martínez Torres,Recursos Humanos,Capacitación,2026-06-16,4.9,5.0,4.2,7.4,6.6,5.42,4.1,5.4,2.5,5.4,4.43,6.7,6.9,5.6,3.8,8.4,6.35,6.0,5.3,5.3,3.7,5.0,5.12
4492,Raúl Hernández López,Marketing,Marketing Digital,2025-12-18,5.8,7.5,6.4,8.2,8.1,7.05,7.7,7.2,7.0,6.5,7.14,7.2,9.1,8.1,9.5,5.7,7.98,6.2,6.8,7.8,8.1,5.1,6.94
4493,Fernanda Romero Romero,Ventas,Ventas Nacionales,2026-06-26,3.1,2.9,3.5,6.0,3.5,3.62,5.4,5.2,7.6,4.2,5.49,4.3,6.0,5.8,6.2,4.7,5.37,3.0,6.0,6.8,3.9,5.2,4.91
4494,Alejandro Castillo Gómez,Ventas,Atención a Clientes,2026-02-05,3.5,2.7,2.4,2.1,0.8,2.47,1.8,5.8,4.3,4.3,3.92,2.5,4.4,2.7,4.0,2.8,3.28,3.4,3.0,2.6,1.3,2.8,2.66
4495,Karla Jiménez Martínez,Recursos Humanos,Reclutamiento,2025-12-23,3.2,3.3,4.3,5.4,2.6,3.68,1.4,2.4,3.2,1.9,2.14,2.0,2.7,0.8,3.9,2.4,2.28,0.7,3.2,0.8,4.8,3.7,2.47
4496,Pedro Rodríguez Gómez,Operaciones,Producción,2026-01-06,4.1,5.9,6.9,6.2,7.1,5.88,7.1,8.5,9.0,7.4,7.9,6.8,6.9,4.9,5.4,6.1,6.13,5.3,7.2,6.7,6.6,6.0,6.38
4497,Jorge Vázquez López,Marketing,Marketing Digital,2026-02-07,4.4,5.1,3.2,3.7,5.2,4.35,3.3,4.8,3.9,4.1,3.99,5.2,4.1,5.7,3.4,6.7,4.98,4.0,6.3,6.9,6.6,6.8,5.96
4498,Daniela Vázquez Torres,Tecnología,Infraestructura,2026-07-25,6.8,6.5,8.1,7.4,8.3,7.3,5.4,7.8,7.0,7.5,6.85,6.8,8.0,6.4,8.1,7.6,7.34,7.7,8.5,9.8,9.0,9.1,8.72
4499,Karla Rodríguez López,Ventas,Ventas Internacionales,2026-06-16,5.4,5.2,5.6,6.2,6.7,5.7,5.8,6.8,6.0,4.6,5.79,8.1,5.2,4.2,4.3,4.3,5.45,1.9,6.0,5.5,3.1,5.2,4.22
4500,Laura García Torres,Operaciones,Control de Calidad,2025-10-23,7.5,5.7,3.8,6.2,7.5,6.11,4.7,5.3,4.1,4.8,4.76,5.2,4.1,2.4,4.2,6.1,4.35,6.0,5.1,6.4,4.7,5.6,5.56
4501,Sergio García Castillo,Marketing,Comunicación de Marca,2026-07-06,4.7,5.4,3.5,6.8,6.4,5.21,8.0,5.7,7.1,6.5,6.87,6.1,5.7,6.2,3.8,6.8,5.78,5.1,3.4,4.5,6.9,4.3,4.84
4502,Roberto Morales Vázquez,Tecnología,Infraestructura,2025-11-03,6.5,4.6,5.8,7.1,5.4,5.81,5.8,8.1,5.1,5.8,6.24,4.7,5.5,5.8,6.9,5.0,5.5,7.6,6.1,6.9,5.9,5.7,6.56
4503,Roberto Torres López,Ventas,Ventas Internacionales,2025-11-06,8.7,9.5,8.0,10.0,10.0,9.15,9.8,10.0,10.0,9.4,9.79,7.1,8.0,7.9,8.5,7.8,7.8,8.7,10.0,8.7,10.0,10.0,9.41
4504,Mariana Martínez Morales,Ventas,Ventas Nacionales,2026-07-31,2.8,4.1,4.5,1.2,3.8,3.38,2.8,2.8,1.9,2.7,2.6,3.6,2.2,6.5,5.7,4.6,4.3,2.8,3.6,2.7,5.1,3.5,3.51
4505,Sergio González Ramírez,Tecnología,Desarrollo,2026-02-05,5.6,7.0,6.2,6.0,6.2,6.22,6.8,4.5,7.7,8.6,6.86,6.0,4.2,6.7,4.9,6.9,5.66,6.2,6.6,7.2,7.8,6.6,6.86
4506,Laura Rodríguez Reyes,Recursos Humanos,Capacitación,2026-03-31,5.3,5.0,4.7,6.9,6.1,5.46,3.0,3.8,5.6,5.1,4.24,6.9,7.6,6.6,6.4,6.0,6.8,6.8,4.9,6.3,6.5,6.2,6.1
4507,José García Sánchez,Finanzas,Auditoría Interna,2025-11-27,5.2,3.7,3.4,4.3,3.6,4.09,4.8,5.0,6.0,6.0,5.39,4.2,4.6,4.2,4.1,4.7,4.36,6.4,5.4,5.8,6.0,7.3,6.04
4508,José Sánchez Flores,Marketing,Investigación de Mercado,2025-10-27,6.3,6.7,7.3,6.4,5.2,6.45,5.9,3.6,7.1,7.6,5.99,7.5,5.5,4.8,6.3,6.7,6.16,6.5,4.7,7.0,5.9,6.7,6.05
4509,Daniela Rodríguez Reyes,Ventas,Ventas Internacionales,2025-10-20,6.9,7.4,5.7,8.3,7.0,7.01,7.3,9.5,6.4,7.5,7.72,4.1,5.8,6.3,5.9,4.5,5.29,4.0,4.2,3.4,4.6,4.4,4.09
4510,Ana Martínez González,Ventas,Ventas Internacionales,2026-01-09,5.8,7.3,6.3,8.9,6.7,6.88,8.0,9.0,9.3,9.3,8.84,7.4,5.6,8.1,7.7,7.8,7.2,4.8,6.7,7.1,8.4,8.1,6.78
4511,Camila Reyes Castillo,Tecnología,Infraestructura,2026-02-13,6.1,5.4,6.2,7.0,7.5,6.29,7.8,5.8,4.9,7.2,6.57,7.1,6.7,7.7,8.4,7.5,7.38,7.3,6.1,5.6,8.1,5.3,6.62
4512,María Jiménez Flores,Marketing,Marketing Digital,2026-09-07,6.2,4.0,5.7,9.3,6.2,6.02,6.4,7.1,8.4,6.5,7.0,8.8,6.2,4.7,8.4,6.7,6.96,9.7,9.6,9.4,8.1,9.5,9.27
4513,Alejandro González Vázquez,Finanzas,Contabilidad,2026-08-01,5.6,4.0,4.0,5.1,6.2,4.89,7.2,5.8,5.8,5.4,6.12,3.8,4.5,6.3,5.7,6.8,5.21,4.1,5.5,3.5,4.6,5.6,4.58
4514,Gabriela Flores Martínez,Ventas,Atención a Clientes,2026-02-26,4.9,8.0,4.9,6.2,5.7,5.99,7.0,5.3,7.3,5.8,6.34,7.9,5.7,7.2,8.2,5.7,6.93,8.1,6.9,6.0,8.0,7.2,7.27
4515,Karla Pérez Jiménez,Ventas,Atención a Clientes,2026-06-27,5.9,7.4,4.8,5.1,5.4,5.86,7.0,6.8,8.0,9.2,7.7,4.9,6.5,3.3,4.0,5.9,5.0,5.3,7.7,5.9,5.6,6.0,6.15
4516,María Sánchez López,Recursos Humanos,Reclutamiento,2026-05-15,5.3,6.8,7.7,5.7,6.1,6.34,4.8,4.5,4.8,6.6,5.18,5.8,6.3,5.5,6.5,3.8,5.67,6.2,6.9,5.0,4.4,7.2,5.88
4517,Andrea Vázquez Gómez,Tecnología,Infraestructura,2026-02-12,5.6,5.8,6.4,8.1,7.3,6.44,9.0,6.3,5.9,6.4,7.06,5.7,7.4,5.2,7.0,4.2,6.0,5.8,5.2,5.8,3.7,3.6,5.01
4518,Paola Castillo García,Ventas,Atención a Clientes,2026-06-14,7.0,10.0,6.7,6.7,8.5,7.87,6.5,8.1,10.0,6.8,7.68,8.3,9.7,8.7,6.3,7.5,8.31,10.0,8.4,10.0,7.8,5.9,8.75
4519,Paola Ortiz Morales,Recursos Humanos,Capacitación,2026-01-25,9.2,7.3,9.4,10.0,10.0,9.0,9.5,8.7,7.9,8.3,8.68,7.3,7.8,6.9,8.0,8.3,7.6,9.1,10.0,7.5,8.0,7.7,8.64
4520,Camila Rodríguez López,Operaciones,Logística,2025-09-29,4.2,7.3,7.4,6.2,9.3,6.68,4.8,5.1,6.5,6.1,5.54,5.6,5.8,6.1,6.2,8.1,6.21,8.4,8.3,8.0,6.6,8.3,7.93
4521,Raúl García García,Tecnología,Soporte Técnico,2025-11-25,5.5,7.2,7.1,7.3,6.8,6.71,8.4,4.3,4.7,5.9,6.01,5.6,7.9,6.7,8.4,6.9,7.01,6.0,8.9,6.9,7.1,6.6,7.18
4522,Jorge Morales Reyes,Recursos Humanos,Reclutamiento,2026-04-06,5.4,5.4,4.6,3.5,5.4,4.96,7.3,7.2,6.0,6.7,6.86,4.3,3.8,5.1,5.2,3.3,4.32,6.6,6.1,8.7,5.0,6.6,6.58
4523,José González Torres,Operaciones,Producción,2025-12-25,5.8,7.0,7.1,8.5,6.3,6.84,9.3,6.5,9.4,8.5,8.42,7.7,8.9,9.5,7.6,9.6,8.63,7.9,8.2,8.3,8.9,7.9,8.26
4524,Paola Torres Romero,Tecnología,Desarrollo,2026-06-01,7.0,5.1,3.8,5.1,4.9,5.28,5.9,6.6,7.7,5.8,6.41,5.8,5.4,5.1,5.9,6.9,5.74,6.9,6.9,4.8,4.0,5.5,5.76
4525,Gabriela Torres Torres,Finanzas,Auditoría Interna,2026-05-17,5.5,6.7,6.5,5.5,6.2,6.1,3.9,6.0,6.1,5.2,5.19,7.1,5.1,7.8,5.8,5.4,6.29,3.2,3.5,3.4,2.6,1.8,3.06
4526,Paola Flores Ramírez,Marketing,Comunicación de Marca,2026-07-27,5.8,5.8,4.5,5.2,5.2,5.36,7.6,4.6,6.7,5.8,6.22,5.7,7.1,7.6,7.6,6.0,6.76,7.7,8.2,9.5,7.9,10.0,8.46
4527,Camila Sánchez Ortiz,Tecnología,Desarrollo,2025-10-05,6.1,5.3,6.5,7.4,6.8,6.28,7.5,7.4,6.0,6.1,6.82,4.8,4.0,4.1,8.0,5.5,5.04,5.0,7.5,7.9,7.6,5.6,6.78
4528,Andrea Flores Ramírez,Recursos Humanos,Nómina,2025-10-18,3.8,2.4,3.9,3.6,0.9,3.0,6.2,5.2,3.5,2.8,4.56,3.9,5.0,2.8,4.1,2.8,3.82,5.1,5.4,3.5,3.5,4.1,4.44
4529,Alejandro Ortiz Romero,Finanzas,Auditoría Interna,2026-03-18,4.8,4.7,3.4,5.9,4.0,4.54,4.9,5.8,5.0,4.4,5.02,6.0,3.9,3.0,7.0,4.3,4.77,3.5,2.8,3.9,2.3,4.0,3.22
4530,Roberto Ramírez Hernández,Marketing,Marketing Digital,2026-04-24,5.0,6.2,4.5,6.6,6.8,5.71,4.7,7.4,7.3,7.8,6.67,7.7,8.3,7.3,8.1,6.2,7.6,8.0,7.0,6.4,5.9,6.5,6.86
4531,Miguel Flores Flores,Finanzas,Auditoría Interna,2026-02-20,6.1,5.1,5.9,6.3,7.2,6.0,3.8,4.6,5.0,5.1,4.56,7.5,7.2,6.6,5.7,4.7,6.56,1.0,4.4,6.2,3.4,6.3,3.9
4532,José Sánchez Romero,Marketing,Investigación de Mercado,2026-07-25,6.6,6.6,5.6,6.7,6.5,6.4,6.1,7.9,7.0,7.0,6.96,4.5,5.4,6.6,5.7,3.9,5.24,6.0,6.9,6.3,5.9,4.5,6.12
4533,Diego Vázquez González,Finanzas,Tesorería,2026-03-27,3.1,5.4,4.8,7.2,6.5,5.14,5.1,6.5,6.3,5.6,5.82,3.4,5.7,4.6,7.0,5.2,5.03,7.7,4.8,7.4,5.6,5.8,6.31
4534,Karla López Gómez,Recursos Humanos,Reclutamiento,2026-08-20,7.5,5.6,5.8,7.3,7.9,6.72,4.2,5.5,5.2,4.5,4.8,6.8,7.5,6.8,7.8,6.5,7.08,7.5,9.1,7.9,7.4,5.3,7.74
4535,Daniela Romero Castillo,Finanzas,Auditoría Interna,2025-11-14,6.1,7.8,7.0,5.9,5.6,6.6,3.1,3.2,5.4,4.6,3.96,6.2,6.9,6.1,6.0,5.6,6.24,6.0,6.5,5.9,7.6,7.4,6.56
4536,Sofía Sánchez García,Ventas,Atención a Clientes,2026-03-05,2.8,2.8,2.8,2.6,4.1,2.96,1.1,1.5,3.3,1.8,1.82,4.9,6.0,3.7,2.2,3.7,4.35,1.6,2.9,3.2,4.4,3.4,2.99
4537,Carlos Ortiz Romero,Ventas,Ventas Nacionales,2026-05-03,5.0,3.5,3.5,4.4,2.0,3.78,6.1,5.3,4.8,5.6,5.52,8.1,5.8,5.8,7.4,6.9,6.78,5.6,7.3,5.8,4.1,6.0,5.8
4538,Ricardo Jiménez Castillo,Finanzas,Contabilidad,2026-08-19,4.0,4.8,5.6,4.3,4.3,4.61,3.8,4.7,5.2,5.1,4.63,3.4,2.8,5.8,5.0,5.1,4.22,5.1,7.4,8.1,4.0,7.2,6.26
4539,Luis Castillo García,Finanzas,Tesorería,2026-02-08,7.0,5.8,5.1,6.4,4.8,5.9,3.6,5.1,4.4,2.7,3.91,7.3,5.6,6.1,4.7,4.2,5.78,5.4,3.5,4.4,3.6,3.8,4.21
4540,Camila Gómez Castillo,Recursos Humanos,Reclutamiento,2026-01-15,4.9,5.5,3.7,3.3,5.8,4.7,5.0,1.1,3.7,3.0,3.26,0.7,2.8,2.8,1.8,3.7,2.26,1.9,1.2,3.2,5.4,3.2,2.82
4541,María Rodríguez Flores,Ventas,Ventas Internacionales,2026-08-04,8.2,9.4,8.9,8.0,8.5,8.66,8.8,8.4,9.2,7.4,8.43,9.9,8.7,9.1,9.9,8.6,9.25,8.3,10.0,8.6,8.9,8.9,8.96
4542,Laura Ramírez Flores,Marketing,Marketing Digital,2026-01-14,3.6,7.0,3.5,5.7,6.3,5.15,4.0,4.2,4.0,3.8,4.0,5.9,4.7,4.2,5.3,4.5,4.96,6.8,6.6,5.7,5.3,6.6,6.21
4543,Paola Morales López,Tecnología,Infraestructura,2025-10-19,4.2,6.7,4.7,6.9,5.0,5.45,7.1,7.6,9.3,8.4,7.99,5.2,6.6,6.4,5.0,9.1,6.35,5.7,5.1,4.6,4.4,5.7,5.07
4544,Carlos Castillo García,Tecnología,Infraestructura,2025-09-10,9.7,6.7,5.5,9.8,7.6,7.81,7.6,10.0,8.0,4.9,7.6,8.6,10.0,10.0,8.8,10.0,9.47,8.3,7.6,7.3,8.0,9.3,7.96
4545,Luis Jiménez Pérez,Tecnología,Soporte Técnico,2026-07-06,7.4,8.2,7.1,9.7,7.1,7.84,8.2,10.0,8.1,10.0,9.08,7.2,8.2,6.5,8.4,5.9,7.29,8.1,10.0,9.8,7.1,7.7,8.68
4546,Daniela Castillo García,Ventas,Ventas Internacionales,2026-08-15,7.8,8.3,8.4,8.4,8.6,8.25,9.5,9.7,9.4,8.7,9.33,8.8,8.0,7.5,6.0,9.3,7.99,8.1,7.5,8.9,7.1,8.9,7.99
4547,Roberto Ramírez Morales,Marketing,Comunicación de Marca,2025-11-25,7.4,6.2,6.5,5.8,5.2,6.35,3.7,5.0,4.6,5.3,4.61,4.4,4.7,4.2,5.7,3.6,4.51,2.4,3.2,4.5,4.9,3.5,3.63
4548,Laura Sánchez López,Marketing,Investigación de Mercado,2025-11-09,2.4,3.7,2.2,3.7,3.6,3.06,3.2,4.6,5.4,4.5,4.31,5.7,4.0,5.1,5.9,4.3,4.97,5.8,6.6,4.6,8.2,5.1,6.17
4549,Pedro Morales Reyes,Recursos Humanos,Capacitación,2026-03-22,3.4,6.1,4.1,6.0,6.0,4.99,5.9,6.6,5.4,5.5,5.88,5.2,6.6,6.9,6.4,7.2,6.37,3.0,5.5,7.6,4.5,6.3,5.18
4550,Valeria Sánchez Hernández,Finanzas,Auditoría Interna,2025-11-23,4.0,1.9,1.0,2.1,1.1,2.15,3.5,5.4,3.1,4.2,4.07,0.6,1.7,2.2,1.6,4.0,1.86,6.0,2.9,4.4,3.1,4.0,4.13
4551,Laura Reyes Cruz,Tecnología,Infraestructura,2026-01-02,5.2,6.6,6.1,5.6,7.8,6.18,7.3,9.3,8.6,7.1,8.01,7.4,6.1,8.3,8.0,7.8,7.4,7.4,6.6,8.0,7.5,8.1,7.41
4552,Sergio Sánchez Jiménez,Marketing,Marketing Digital,2026-05-31,6.9,8.4,6.2,7.5,7.4,7.3,5.9,8.1,7.1,6.0,6.72,6.6,6.2,7.8,7.3,9.6,7.3,8.1,9.4,8.3,7.0,6.1,8.04
4553,Luis Castillo García,Marketing,Marketing Digital,2026-02-17,10.0,8.9,6.4,7.3,7.0,8.15,8.5,8.3,9.5,6.6,8.18,10.0,9.2,7.6,9.3,10.0,9.22,8.2,8.0,9.6,9.3,9.0,8.73
4554,Diego Cruz Ortiz,Finanzas,Tesorería,2025-10-04,3.9,5.5,3.1,4.5,4.9,4.38,4.8,6.7,6.8,5.1,5.75,5.4,1.5,4.5,4.0,4.3,3.87,5.4,4.7,4.1,6.3,4.9,5.1
4555,Ricardo López Rodríguez,Recursos Humanos,Nómina,2026-03-16,10.0,9.0,10.0,10.0,10.0,9.75,10.0,10.0,8.8,7.5,9.14,8.4,9.4,9.3,8.6,7.7,8.76,9.3,8.6,8.7,7.5,8.9,8.6
4556,Roberto Vázquez Hernández,Finanzas,Contabilidad,2025-11-17,3.9,3.2,3.7,2.3,3.6,3.4,3.0,3.1,2.1,4.5,3.22,3.7,1.7,4.5,4.8,3.4,3.48,3.8,4.9,4.3,4.6,4.3,4.38
4557,Diego González López,Recursos Humanos,Capacitación,2025-12-26,6.3,8.3,6.4,8.2,8.2,7.39,7.5,7.3,6.5,5.9,6.85,7.7,7.9,5.7,6.7,8.9,7.38,7.4,6.3,9.4,8.4,7.4,7.72
4558,Andrea Vázquez García,Recursos Humanos,Capacitación,2025-10-20,4.9,7.2,6.3,5.4,5.7,5.95,6.8,5.3,4.5,4.7,5.44,6.3,7.9,7.7,6.5,6.4,7.02,5.7,4.4,4.6,4.7,5.1,4.9
4559,Karla Sánchez García,Finanzas,Tesorería,2026-02-17,6.3,5.0,7.1,6.5,5.7,6.07,7.7,6.5,6.4,8.5,7.34,6.8,6.5,6.3,4.8,6.9,6.34,7.0,7.8,7.0,5.5,6.0,6.8
4560,Gabriela Castillo Morales,Recursos Humanos,Reclutamiento,2026-05-08,7.9,9.5,8.1,7.3,9.0,8.41,10.0,10.0,10.0,8.8,9.7,9.7,10.0,9.6,7.4,10.0,9.46,7.9,7.5,9.8,7.6,10.0,8.33
4561,Carlos Morales Reyes,Tecnología,Desarrollo,2025-09-13,6.4,6.5,4.0,5.4,5.9,5.72,8.0,6.5,5.7,6.7,6.84,7.0,5.9,5.7,6.4,6.5,6.3,4.4,6.0,6.6,7.6,8.0,6.24
4562,Miguel Hernández Martínez,Finanzas,Auditoría Interna,2025-10-08,9.2,6.6,8.6,9.9,6.2,8.09,5.2,7.4,7.2,6.2,6.4,8.5,9.0,7.2,8.7,6.4,8.08,6.8,7.1,7.7,6.4,6.5,6.94
4563,Sergio Morales Romero,Tecnología,Soporte Técnico,2026-01-17,7.7,8.1,7.9,7.2,7.5,7.74,10.0,10.0,8.5,9.5,9.57,6.1,8.4,8.4,9.6,8.2,7.97,8.9,8.4,8.7,7.8,8.8,8.51
4564,Daniela Morales Pérez,Operaciones,Control de Calidad,2026-07-29,9.7,5.9,6.9,8.5,8.7,7.86,8.2,7.8,9.1,6.2,7.78,5.9,7.8,9.8,7.9,9.3,7.96,8.3,10.0,6.9,9.1,9.0,8.68
4565,Gabriela López Vázquez,Recursos Humanos,Capacitación,2026-05-13,1.7,2.2,2.8,0.1,3.4,2.06,1.0,3.0,3.2,1.7,2.12,3.3,1.1,2.8,3.3,2.1,2.47,1.1,1.7,1.5,1.4,2.7,1.55
4566,Daniela Martínez Cruz,Marketing,Marketing Digital,2026-08-08,8.3,8.5,8.9,7.2,6.3,8.01,7.6,7.8,7.3,6.1,7.22,7.6,7.2,7.8,9.5,7.2,7.76,7.4,8.6,7.5,8.0,6.8,7.78
4567,Francisco López Hernández,Ventas,Ventas Nacionales,2025-12-24,6.8,7.9,6.6,6.7,7.5,7.12,5.6,5.9,5.8,6.3,5.89,4.0,7.6,6.9,3.5,6.0,5.7,7.6,6.9,5.7,7.5,5.5,6.82
4568,Sofía López Ortiz,Marketing,Marketing Digital,2026-03-10,8.4,9.5,8.5,9.7,8.7,8.94,10.0,10.0,10.0,8.2,9.55,9.5,8.2,8.7,7.5,8.9,8.62,7.9,9.6,7.4,6.3,6.7,7.78
4569,Daniela Morales Martínez,Finanzas,Auditoría Interna,2026-01-29,5.9,5.9,7.7,5.8,8.0,6.56,7.3,8.0,8.1,8.3,7.88,5.1,5.2,6.4,4.8,7.5,5.7,7.1,7.5,7.5,8.9,7.7,7.7
4570,Sofía Romero Rodríguez,Finanzas,Auditoría Interna,2025-10-06,8.8,7.7,9.0,10.0,9.5,8.85,5.8,6.7,6.1,6.6,6.28,7.4,6.2,7.8,8.6,6.3,7.2,6.8,8.4,6.1,8.1,8.7,7.51
4571,Ximena Torres Torres,Marketing,Marketing Digital,2026-03-26,8.6,6.7,7.3,6.3,6.0,7.13,6.2,5.6,8.1,8.1,6.9,5.6,4.8,4.6,5.7,3.4,4.88,4.0,5.0,3.7,5.3,6.5,4.7
4572,Pedro Rodríguez Flores,Tecnología,Soporte Técnico,2026-05-13,8.9,10.0,10.0,8.4,7.9,9.17,7.5,8.4,8.2,6.5,7.61,8.7,8.2,8.1,10.0,8.9,8.68,7.5,10.0,7.8,8.3,7.4,8.34
4573,Mariana Hernández Pérez,Operaciones,Control de Calidad,2025-11-14,7.3,8.1,8.6,9.6,7.2,8.09,7.8,7.6,6.0,8.9,7.67,7.9,8.4,8.9,7.5,7.2,8.06,6.0,7.2,6.1,7.4,7.0,6.7
4574,Carlos Reyes Reyes,Operaciones,Producción,2025-11-21,5.5,7.2,8.3,6.4,6.4,6.76,6.3,7.3,9.8,7.9,7.65,5.8,7.5,5.6,3.6,4.3,5.63,5.0,4.2,8.0,6.1,6.7,5.79
4575,Laura Rodríguez Castillo,Marketing,Marketing Digital,2026-05-25,6.4,6.4,4.3,7.2,7.3,6.24,6.1,8.7,7.1,9.5,7.8,7.7,5.4,8.3,6.3,8.4,7.14,9.7,8.6,7.2,8.5,7.7,8.48
4576,Laura Rodríguez Rodríguez,Finanzas,Auditoría Interna,2026-08-18,5.5,5.3,5.6,7.3,6.3,5.86,6.9,7.4,6.2,6.2,6.71,7.1,5.0,5.2,4.0,4.8,5.38,6.0,2.2,3.9,3.7,5.3,4.1
4577,Sergio Jiménez Cruz,Marketing,Comunicación de Marca,2026-07-05,9.3,7.5,8.0,8.5,7.4,8.18,6.1,6.5,3.3,8.2,6.16,7.8,7.8,8.5,9.6,7.7,8.19,5.2,6.6,6.5,7.7,6.0,6.39
4578,Sergio Pérez Martínez,Recursos Humanos,Nómina,2025-09-23,7.3,7.9,8.8,10.0,9.1,8.43,7.0,10.0,9.0,9.4,8.75,8.0,10.0,8.7,8.0,8.1,8.66,9.2,7.5,7.7,9.8,10.0,8.68
4579,Ana Pérez Cruz,Marketing,Comunicación de Marca,2026-06-05,9.0,9.6,6.6,7.9,7.9,8.34,9.5,8.2,5.8,10.0,8.56,6.2,8.2,6.8,7.9,7.5,7.27,8.6,6.7,8.1,8.4,8.5,7.98
4580,Miguel Sánchez Martínez,Tecnología,Desarrollo,2026-04-11,7.2,7.6,6.1,6.9,7.5,7.08,5.1,5.1,5.4,5.1,5.16,8.8,9.2,7.9,5.2,7.3,7.96,8.2,7.5,7.5,7.1,6.5,7.5
4581,José García Ramírez,Marketing,Marketing Digital,2026-04-25,7.1,9.0,10.0,7.1,9.5,8.52,6.9,8.7,7.3,8.2,7.75,9.2,8.4,8.3,7.6,10.0,8.7,6.1,9.6,8.5,6.7,8.5,7.82
4582,Pedro Morales Torres,Finanzas,Tesorería,2026-03-20,2.0,3.2,3.9,2.0,2.9,2.82,4.0,4.1,4.2,2.7,3.74,2.8,3.9,3.5,4.5,3.4,3.56,4.1,1.4,3.1,3.0,3.8,2.98
4583,Ana Castillo Ortiz,Operaciones,Control de Calidad,2026-06-16,6.5,5.7,6.2,4.7,6.2,5.92,4.2,6.2,4.2,6.5,5.28,6.8,7.2,7.8,8.1,7.2,7.36,9.6,8.1,7.2,8.1,8.5,8.34
4584,Mariana Martínez Jiménez,Finanzas,Contabilidad,2025-09-11,5.4,3.9,4.9,7.5,8.6,5.72,8.3,6.5,8.9,6.1,7.42,8.4,6.7,3.2,5.2,5.9,6.08,9.1,7.6,6.8,6.8,7.4,7.64
4585,Karla López Jiménez,Marketing,Marketing Digital,2025-10-10,3.2,6.0,5.7,4.4,5.7,4.96,4.9,6.9,7.5,6.4,6.3,5.0,8.0,6.9,5.6,6.8,6.49,6.4,5.4,7.3,4.4,6.7,5.96
4586,Jorge Rodríguez Torres,Operaciones,Control de Calidad,2025-11-01,5.0,2.9,4.1,4.4,5.8,4.32,4.7,3.3,3.8,3.1,3.77,4.4,3.8,4.2,4.0,4.6,4.18,4.3,3.4,4.3,5.6,1.9,4.1
4587,Alejandro Morales Martínez,Tecnología,Infraestructura,2025-11-02,7.6,8.0,7.4,9.1,7.8,7.92,8.9,7.4,8.8,9.7,8.7,9.0,7.6,8.7,9.6,9.3,8.72,10.0,9.9,7.7,8.6,10.0,9.24
4588,Karla Castillo Gómez,Tecnología,Desarrollo,2025-12-08,7.1,6.7,7.5,7.9,6.6,7.12,9.6,10.0,10.0,8.5,9.5,8.7,7.9,10.0,7.1,9.9,8.7,9.8,9.9,8.7,8.4,9.9,9.34
4589,Miguel Castillo González,Finanzas,Auditoría Interna,2026-03-03,5.4,6.8,5.7,5.7,4.2,5.68,7.8,8.3,7.2,7.6,7.76,7.9,6.1,7.5,6.1,5.2,6.7,6.0,6.8,6.4,6.9,8.8,6.74
4590,Jorge Ortiz Torres,Marketing,Investigación de Mercado,2025-11-12,3.2,5.5,2.4,1.6,3.7,3.45,3.8,5.3,2.7,3.8,3.96,3.4,2.8,2.7,4.9,3.3,3.32,2.1,3.3,2.6,3.8,2.9,2.92
4591,Valeria Flores Hernández,Marketing,Investigación de Mercado,2026-06-04,3.4,4.6,2.7,3.9,4.4,3.78,4.9,2.3,6.3,3.2,4.1,3.2,3.7,2.9,7.4,5.0,4.16,4.7,4.7,2.3,1.4,3.5,3.44
4592,Sofía Hernández Reyes,Finanzas,Auditoría Interna,2026-08-27,5.5,5.2,5.0,5.8,4.7,5.25,5.6,7.5,6.8,5.0,6.16,5.5,4.2,6.4,7.6,4.9,5.58,5.0,6.3,5.4,8.5,5.1,6.12
4593,Luis Reyes Pérez,Tecnología,Soporte Técnico,2026-02-22,4.9,6.1,4.7,3.2,5.3,4.96,6.5,7.4,6.3,4.6,6.21,5.7,5.4,4.7,6.3,7.8,5.83,4.7,4.5,4.9,3.2,3.1,4.23
4594,Laura Vázquez Rodríguez,Ventas,Ventas Internacionales,2025-10-22,4.9,4.2,3.5,4.0,3.7,4.13,4.9,5.8,4.9,3.7,4.82,4.9,6.2,3.0,5.0,4.5,4.8,6.2,5.1,3.8,6.1,3.5,5.15
4595,Daniela Flores Romero,Tecnología,Infraestructura,2026-08-18,5.0,6.9,7.3,5.4,6.5,6.22,4.9,4.4,9.6,6.4,6.09,6.0,7.2,6.1,5.1,5.4,6.09,3.2,5.5,3.9,5.1,6.9,4.66
4596,Ximena Castillo Vázquez,Tecnología,Desarrollo,2025-09-08,8.6,6.2,6.8,6.4,4.7,6.72,6.7,6.6,7.1,4.8,6.28,6.1,6.6,6.4,5.1,8.5,6.49,6.0,5.0,6.7,6.6,6.5,6.06
4597,Camila García González,Recursos Humanos,Reclutamiento,2025-12-01,9.3,8.6,10.0,9.1,7.8,9.01,8.8,6.7,7.8,5.8,7.32,7.6,5.2,7.1,6.7,5.0,6.38,6.8,8.3,7.1,6.0,6.6,7.06
4598,Gabriela Romero Vázquez,Ventas,Ventas Internacionales,2026-08-01,5.4,4.9,6.1,7.6,4.9,5.67,4.7,5.8,7.4,6.8,6.04,5.3,4.8,6.1,5.5,5.3,5.36,6.3,5.9,6.4,4.8,4.5,5.74
4599,Ricardo García Sánchez,Ventas,Atención a Clientes,2025-12-31,7.7,6.3,7.0,7.2,6.2,6.91,6.4,7.7,5.3,5.8,6.36,6.6,6.4,6.4,6.2,7.6,6.6,6.7,5.6,6.4,7.0,7.3,6.49
4600,Miguel Rodríguez Gómez,Finanzas,Auditoría Interna,2026-08-18,6.0,6.2,6.2,4.5,4.6,5.65,5.7,6.0,7.0,7.3,6.44,2.7,2.8,4.0,4.4,4.3,3.48,7.5,5.5,5.9,7.9,7.4,6.75
4601,Camila Hernández Romero,Finanzas,Tesorería,2026-01-30,6.7,5.2,6.4,4.1,4.1,5.49,3.5,5.0,5.3,4.1,4.38,6.0,5.7,6.7,5.3,7.4,6.17,4.4,6.6,5.4,4.6,7.8,5.53
4602,Laura Ortiz Reyes,Marketing,Investigación de Mercado,2025-09-08,1.6,3.6,4.0,1.8,2.0,2.67,4.5,2.9,5.3,4.2,4.18,2.6,1.8,2.4,2.3,1.7,2.18,2.3,3.0,1.3,0.7,2.0,1.92
4603,Diego Torres Sánchez,Operaciones,Logística,2025-10-31,5.8,6.8,5.5,3.3,5.7,5.6,8.6,9.2,8.1,7.6,8.4,6.5,4.9,6.3,7.1,5.4,5.99,7.0,5.3,6.3,4.5,7.1,5.94
4604,Sergio Romero Martínez,Finanzas,Auditoría Interna,2026-06-09,6.4,6.8,6.8,9.7,7.0,7.16,9.2,7.8,9.3,8.3,8.64,8.3,10.0,8.5,7.9,10.0,8.96,10.0,8.8,9.1,7.8,7.1,8.79
4605,Juan Pérez Pérez,Recursos Humanos,Nómina,2026-03-24,1.8,1.9,1.4,2.5,1.7,1.84,3.7,2.9,2.0,2.1,2.76,0.0,1.1,1.8,3.8,0.0,1.2,2.1,2.2,0.7,2.8,1.4,1.91
4606,María García Ortiz,Ventas,Ventas Internacionales,2026-03-20,7.2,8.5,5.9,6.9,6.5,7.12,8.5,7.7,9.3,8.7,8.51,8.6,8.1,8.7,7.8,9.5,8.51,8.4,9.0,8.6,7.5,9.6,8.53
4607,Ximena García Cruz,Recursos Humanos,Reclutamiento,2025-12-25,6.1,6.9,4.9,7.8,7.0,6.45,6.9,4.6,8.3,8.0,6.88,8.4,5.8,6.5,6.1,7.5,6.89,7.4,8.1,6.8,5.9,8.6,7.28
4608,Roberto Hernández Rodríguez,Marketing,Investigación de Mercado,2026-09-02,3.2,5.5,5.5,4.7,5.5,4.8,8.1,6.1,5.6,5.5,6.45,8.4,6.6,7.8,7.4,7.3,7.52,7.7,6.4,6.4,5.8,6.0,6.57
4609,Karla González Rodríguez,Ventas,Ventas Nacionales,2025-11-04,6.2,6.0,4.9,4.9,8.3,6.01,2.9,2.1,3.7,3.0,2.88,4.5,4.4,4.7,5.0,4.9,4.65,6.5,4.1,6.6,5.2,6.7,5.68
4610,Karla González Martínez,Operaciones,Logística,2025-11-04,6.4,6.0,3.2,4.1,5.2,5.14,7.0,6.4,5.6,3.4,5.67,4.7,6.0,5.2,5.0,6.5,5.44,6.0,5.2,7.9,6.8,5.5,6.29
4611,Roberto Gómez Romero,Ventas,Ventas Internacionales,2026-04-08,7.9,8.7,8.6,6.8,5.3,7.68,7.1,6.0,7.2,7.3,6.9,7.4,7.5,8.3,6.8,9.0,7.75,6.3,8.4,6.8,9.7,7.2,7.69
4612,Carlos Pérez Torres,Operaciones,Producción,2026-07-13,4.0,3.3,3.2,5.4,3.9,3.86,3.9,3.7,4.8,4.4,4.15,4.3,2.9,4.2,3.3,4.8,3.85,3.7,2.8,2.3,3.2,4.0,3.12
4613,Fernanda Romero Sánchez,Recursos Humanos,Reclutamiento,2025-12-27,6.9,3.9,6.2,6.9,4.9,5.71,5.6,5.0,7.3,6.5,6.02,5.0,4.7,4.6,6.3,3.6,4.83,5.8,5.8,8.2,7.1,6.7,6.63
4614,Gabriela Castillo Vázquez,Tecnología,Infraestructura,2026-02-01,5.4,3.0,5.2,6.5,4.1,4.73,8.2,7.7,4.6,4.6,6.46,7.0,6.0,5.9,4.2,3.6,5.6,4.9,6.6,6.2,4.8,5.0,5.58
4615,Daniela Gómez Ramírez,Recursos Humanos,Capacitación,2026-05-07,1.0,2.0,2.6,3.0,1.8,1.99,1.7,0.0,4.9,1.6,1.89,3.4,5.2,3.7,5.7,4.9,4.48,5.4,5.5,2.4,2.6,3.0,4.03
4616,Ricardo Ortiz López,Tecnología,Infraestructura,2026-04-08,5.4,4.1,4.5,4.0,6.5,4.85,5.7,4.6,6.1,7.0,5.83,2.7,5.6,4.3,7.1,3.9,4.58,7.1,6.5,8.8,5.6,5.8,6.86
4617,Valeria Jiménez Ortiz,Tecnología,Desarrollo,2025-11-23,4.3,4.3,3.7,3.3,4.1,4.0,6.6,3.5,6.6,3.9,5.15,6.1,4.0,5.6,4.2,4.3,4.92,3.7,5.0,3.8,4.2,6.1,4.38
4618,Ximena Flores Martínez,Marketing,Comunicación de Marca,2025-09-20,6.9,9.4,8.4,9.1,7.8,8.29,8.5,8.8,6.9,9.7,8.56,8.7,5.7,6.7,9.4,7.2,7.43,9.7,8.9,9.1,9.4,10.0,9.35
4619,Roberto Pérez Gómez,Operaciones,Producción,2026-02-12,4.4,4.8,4.3,2.4,1.3,3.71,5.1,3.3,2.4,3.9,3.81,1.4,3.1,3.3,5.4,4.9,3.33,0.3,2.2,3.4,2.3,3.0,2.07
4620,Jorge Castillo Reyes,Recursos Humanos,Reclutamiento,2025-10-06,7.0,7.2,7.0,7.0,8.2,7.23,5.6,5.2,5.3,7.2,5.84,7.7,8.2,8.4,7.0,8.0,7.9,7.7,5.9,8.4,6.1,7.3,7.03
4621,Karla Sánchez Gómez,Finanzas,Tesorería,2026-06-27,9.1,9.8,9.7,10.0,7.4,9.27,7.9,8.4,7.3,8.1,7.96,9.6,8.8,7.3,8.5,9.3,8.73,8.6,8.5,9.7,9.8,10.0,9.18
4622,Laura Rodríguez García,Marketing,Investigación de Mercado,2026-08-08,9.3,8.4,8.7,10.0,8.9,9.0,9.7,9.3,7.4,7.7,8.64,6.1,7.2,8.5,6.5,6.4,6.96,9.1,10.0,9.2,10.0,7.9,9.41
4623,Fernanda Flores Flores,Tecnología,Soporte Técnico,2026-02-14,4.7,5.9,6.3,4.2,5.9,5.42,6.0,5.2,5.0,4.5,5.22,4.1,3.8,5.8,4.5,7.1,4.88,4.3,4.7,5.9,5.1,4.1,4.86
4624,Laura Jiménez Morales,Ventas,Atención a Clientes,2026-08-06,5.8,4.9,7.7,6.0,6.1,6.03,4.6,6.4,5.0,4.5,5.11,6.4,4.3,2.4,6.9,3.0,4.64,5.2,5.4,6.4,5.0,6.4,5.57
4625,Pedro Rodríguez Hernández,Ventas,Atención a Clientes,2026-02-11,5.1,7.5,5.8,6.9,4.6,6.04,5.0,3.6,4.4,7.5,5.16,6.5,6.5,6.3,7.9,7.0,6.74,4.6,6.1,5.1,4.7,4.1,5.04
4626,Jorge Morales Romero,Tecnología,Desarrollo,2025-09-28,4.6,3.6,2.8,4.6,3.4,3.81,2.9,3.9,0.5,2.7,2.62,2.4,4.1,1.9,2.4,0.0,2.36,1.3,5.3,2.6,3.2,3.3,3.14
4627,Francisco Ortiz Jiménez,Finanzas,Contabilidad,2026-06-03,9.1,7.9,8.3,8.9,10.0,8.75,8.6,8.0,9.6,7.0,8.25,6.4,7.7,8.2,8.1,7.8,7.55,9.8,9.6,7.7,6.0,8.8,8.47
4628,Ricardo Ortiz Rodríguez,Tecnología,Desarrollo,2026-04-21,7.9,7.5,8.8,7.0,7.8,7.83,8.1,4.2,8.2,6.0,6.62,7.1,5.3,8.2,6.6,6.7,6.74,7.3,7.3,7.5,8.1,4.9,7.26
4629,Ricardo Jiménez Torres,Operaciones,Control de Calidad,2025-12-10,5.9,4.6,4.2,6.2,3.3,4.89,5.9,7.3,5.5,5.8,6.14,5.5,2.4,4.0,2.8,2.7,3.6,3.4,5.4,2.9,5.9,3.7,4.33
4630,Alejandro Martínez Romero,Recursos Humanos,Nómina,2026-02-27,6.8,5.3,8.4,6.9,6.3,6.68,6.2,6.3,5.0,7.4,6.28,7.4,8.8,7.8,7.5,6.5,7.71,7.6,7.4,5.4,8.7,8.3,7.4
4631,Jorge Ramírez Pérez,Operaciones,Producción,2026-05-17,4.3,5.4,6.1,3.3,5.2,4.92,2.1,2.1,3.4,5.4,3.18,4.2,3.8,3.6,4.3,5.1,4.13,4.6,4.9,3.8,3.8,4.5,4.34
4632,Andrea Castillo Martínez,Ventas,Ventas Nacionales,2026-02-18,8.6,9.3,9.4,9.3,7.9,8.94,7.9,7.6,9.4,8.7,8.32,7.3,6.2,6.9,6.1,8.6,6.96,7.1,7.2,8.0,8.0,7.8,7.56
4633,Paola Vázquez Hernández,Ventas,Atención a Clientes,2026-06-30,6.7,3.3,6.5,6.7,5.0,5.56,4.1,6.3,6.0,5.5,5.38,3.2,3.8,4.8,4.3,5.8,4.22,8.0,5.1,6.8,4.8,6.1,6.2
4634,Sofía Vázquez Cruz,Ventas,Ventas Internacionales,2026-02-20,3.4,4.8,4.8,7.6,5.0,4.9,6.3,6.4,5.9,6.5,6.3,5.6,5.5,7.0,6.3,6.5,6.1,6.2,7.2,5.8,7.2,5.2,6.47
4635,Daniela Pérez Vázquez,Operaciones,Control de Calidad,2026-03-30,6.5,6.3,8.3,7.2,8.1,7.16,4.6,4.8,4.8,5.5,4.92,8.8,5.8,8.6,7.8,8.4,7.8,9.0,7.8,6.4,7.6,8.1,7.81
4636,Pedro Castillo Gómez,Recursos Humanos,Nómina,2025-12-29,6.9,10.0,9.8,9.7,9.6,9.08,10.0,9.3,10.0,8.8,9.52,7.1,8.5,9.2,8.6,9.6,8.47,9.7,8.8,8.9,10.0,9.7,9.38
4637,Laura Vázquez Ramírez,Recursos Humanos,Reclutamiento,2026-08-16,8.6,7.5,7.4,10.0,7.9,8.19,7.9,8.8,9.1,8.0,8.39,7.9,8.0,9.2,8.6,10.0,8.6,9.1,8.2,7.7,8.7,7.6,8.36
4638,Sergio Romero Sánchez,Operaciones,Producción,2025-10-15,4.9,5.3,3.9,6.0,8.1,5.44,7.6,7.6,7.6,6.3,7.28,6.4,4.7,4.6,6.3,6.2,5.57,7.2,6.6,5.7,6.0,5.3,6.32
4639,Jorge Flores Ortiz,Marketing,Investigación de Mercado,2026-09-05,5.9,4.9,6.9,5.0,8.1,6.04,5.6,5.6,6.0,5.8,5.73,4.2,3.8,4.4,4.3,5.1,4.29,5.2,3.9,5.1,6.2,4.8,5.02
4640,Diego Reyes Gómez,Marketing,Marketing Digital,2025-11-27,4.4,4.9,3.8,5.9,4.9,4.7,3.0,3.5,4.0,2.3,3.15,7.8,6.6,7.8,7.9,6.4,7.31,3.3,4.0,5.8,5.5,5.0,4.58
4641,Sergio Torres García,Ventas,Ventas Internacionales,2025-10-08,8.6,8.0,9.4,8.2,7.1,8.32,10.0,8.7,6.5,10.0,8.98,8.4,7.9,6.5,8.1,7.0,7.64,10.0,10.0,8.6,8.5,9.3,9.35
4642,José González Vázquez,Finanzas,Tesorería,2026-08-17,4.5,3.6,4.7,6.1,4.7,4.58,7.4,7.4,7.5,7.4,7.42,6.6,7.0,6.2,4.2,5.2,6.05,8.3,4.9,8.4,6.8,7.4,7.08
4643,Alejandro Gómez Ramírez,Marketing,Marketing Digital,2026-06-17,6.7,7.5,6.8,6.8,8.1,7.14,7.2,5.2,5.9,6.1,6.17,5.6,5.6,5.8,6.8,7.1,6.04,4.2,5.7,5.8,7.2,3.8,5.46
4644,Karla Morales Reyes,Recursos Humanos,Capacitación,2026-06-10,7.8,6.6,7.6,3.8,7.6,6.83,8.2,8.4,6.2,5.9,7.28,4.2,9.2,8.2,7.2,5.7,6.92,7.6,8.1,8.4,7.4,9.4,8.02
4645,Mariana Romero Cruz,Finanzas,Contabilidad,2026-06-23,5.9,3.5,5.5,2.9,1.8,4.16,5.2,2.9,4.8,3.3,4.07,2.6,3.1,3.2,3.3,3.1,3.03,2.0,2.6,4.0,3.9,1.9,2.92
4646,Ana Rodríguez Gómez,Tecnología,Soporte Técnico,2026-03-21,3.1,5.6,5.2,4.4,5.0,4.62,3.5,1.5,2.8,2.3,2.56,3.4,3.3,2.2,1.9,0.5,2.48,3.7,3.7,4.9,5.0,4.7,4.3
4647,Juan Pérez Rodríguez,Recursos Humanos,Nómina,2025-12-01,7.4,6.5,5.7,7.0,7.8,6.84,7.9,6.4,3.2,6.7,6.28,3.9,4.5,5.3,5.6,3.4,4.51,5.3,5.7,4.4,4.1,5.6,5.01
4648,Carlos Ramírez Castillo,Recursos Humanos,Capacitación,2026-02-27,8.4,9.3,7.5,7.0,6.6,7.97,7.8,6.6,5.6,8.4,7.21,9.6,9.5,8.2,8.6,8.7,9.01,10.0,8.0,8.5,8.9,8.8,8.86
4649,Ana Torres González,Marketing,Investigación de Mercado,2025-10-13,7.9,7.2,8.6,9.7,9.1,8.32,8.7,10.0,9.0,10.0,9.41,10.0,10.0,8.7,9.5,8.1,9.38,9.2,10.0,9.8,9.7,8.9,9.59
4650,Jorge González Cruz,Operaciones,Producción,2026-07-23,8.1,7.0,5.1,7.5,6.3,6.86,6.0,4.2,4.0,5.4,5.0,8.2,4.2,6.2,5.2,5.4,5.93,4.4,5.0,4.1,3.4,4.4,4.29
4651,Valeria Rodríguez García,Ventas,Atención a Clientes,2026-01-20,5.4,5.9,7.3,5.7,5.8,6.01,7.5,6.3,5.8,4.5,6.11,4.3,5.2,6.6,2.1,5.8,4.88,4.4,4.4,5.0,5.7,4.2,4.76
4652,Sofía Reyes Hernández,Finanzas,Contabilidad,2025-09-28,3.6,3.2,2.1,3.9,2.6,3.1,4.9,4.3,4.6,2.6,4.12,2.3,2.8,3.8,2.4,3.7,2.95,2.0,2.5,2.3,3.4,2.9,2.56
4653,Sofía Hernández Sánchez,Operaciones,Producción,2026-05-09,8.9,9.9,10.0,8.0,7.0,8.95,10.0,8.2,6.8,9.4,8.76,9.1,7.8,9.7,8.2,7.9,8.58,8.2,9.2,8.0,8.4,9.5,8.58
4654,Andrea Martínez Morales,Finanzas,Contabilidad,2026-04-27,3.4,4.5,5.0,4.3,4.8,4.34,7.5,6.7,4.3,7.5,6.66,4.4,5.8,5.9,6.6,5.8,5.59,4.5,3.9,3.9,3.8,5.4,4.18
4655,Miguel Martínez Ortiz,Tecnología,Infraestructura,2026-01-23,5.2,3.6,2.2,3.5,1.9,3.45,3.2,2.9,2.5,3.6,3.08,4.6,1.8,4.3,4.0,4.6,3.75,4.2,4.8,6.0,6.7,3.5,5.14
4656,Juan Gómez Torres,Recursos Humanos,Capacitación,2026-05-23,7.2,6.3,5.6,7.7,6.8,6.67,6.1,5.8,7.6,7.3,6.62,6.9,5.7,8.0,7.9,8.1,7.15,7.7,7.4,6.0,6.9,7.1,7.06
4657,Luis Jiménez Jiménez,Operaciones,Producción,2026-06-02,8.0,6.9,8.7,8.6,8.4,8.02,7.8,7.4,7.8,7.1,7.52,8.1,7.0,8.4,9.0,7.2,7.88,6.1,6.5,5.5,5.5,5.9,5.94
4658,Camila Flores Martínez,Finanzas,Tesorería,2025-11-11,7.0,8.2,6.4,5.6,4.7,6.62,7.7,6.3,6.3,6.5,6.77,6.2,3.6,6.5,4.6,4.9,5.18,7.0,6.3,6.3,8.0,4.9,6.68
4659,Mariana Jiménez Hernández,Recursos Humanos,Reclutamiento,2025-09-14,4.8,5.1,6.4,4.7,5.7,5.32,6.3,5.4,5.4,8.5,6.44,3.2,4.0,4.6,3.7,3.8,3.84,8.2,8.0,7.5,9.2,5.9,7.98
4660,José Flores Hernández,Ventas,Ventas Internacionales,2026-08-21,7.8,5.3,2.4,4.3,3.5,4.92,6.3,5.4,5.7,4.2,5.43,7.2,4.9,6.0,5.6,4.1,5.68,4.9,3.6,6.5,5.1,5.6,5.0
4661,Camila Ramírez Castillo,Operaciones,Producción,2025-09-29,5.1,4.4,4.8,3.7,6.3,4.84,4.7,5.1,8.6,5.5,5.78,4.9,4.1,3.7,4.3,5.1,4.4,3.2,4.5,6.3,5.1,3.5,4.56
4662,Jorge Jiménez González,Finanzas,Contabilidad,2026-03-22,3.5,5.8,6.2,8.3,6.0,5.71,5.5,6.5,5.9,6.1,5.98,5.9,6.4,6.0,6.1,3.9,5.78,4.1,6.3,8.0,9.8,7.1,6.87
4663,Daniela Castillo Hernández,Marketing,Investigación de Mercado,2026-04-30,8.3,7.6,8.3,8.1,8.6,8.14,10.0,10.0,9.4,10.0,9.88,8.4,6.0,7.6,8.3,8.1,7.58,5.0,6.8,7.3,6.5,6.9,6.4
4664,Sofía Reyes Gómez,Operaciones,Control de Calidad,2026-08-11,7.8,9.0,4.7,6.3,5.8,6.96,6.7,6.0,5.5,5.5,5.98,7.8,7.8,6.6,7.6,9.4,7.77,6.1,5.5,5.5,7.1,5.2,5.94
4665,Alejandro Romero Gómez,Marketing,Marketing Digital,2026-07-06,3.7,5.2,4.8,4.5,4.2,4.49,3.8,3.6,4.6,4.2,4.01,4.7,2.3,3.2,2.7,0.9,2.93,4.1,5.0,5.6,1.2,2.6,3.89
4666,Carlos López Ortiz,Marketing,Comunicación de Marca,2026-03-14,4.0,3.2,4.2,4.4,4.0,3.9,3.2,3.8,2.4,3.8,3.34,6.2,4.6,6.1,4.1,5.9,5.42,3.6,6.0,6.8,4.5,5.6,5.22
4667,Sofía Flores Vázquez,Operaciones,Logística,2026-02-06,5.8,4.0,5.4,5.8,6.2,5.33,3.9,6.5,6.1,4.7,5.19,6.2,6.1,6.4,6.5,8.7,6.64,5.2,6.2,7.7,5.4,5.9,6.06
4668,Karla Hernández Castillo,Recursos Humanos,Nómina,2026-03-03,4.0,4.3,4.5,4.6,5.9,4.55,3.1,3.3,4.2,3.4,3.44,6.5,3.4,2.9,3.7,3.0,4.06,6.2,3.5,3.5,6.4,6.7,5.08
4669,Camila Ramírez García,Recursos Humanos,Nómina,2026-07-16,2.0,1.7,1.2,1.9,1.5,1.67,1.9,2.4,0.4,2.2,1.8,3.1,2.5,6.3,3.2,2.4,3.5,4.9,2.1,5.0,4.0,3.1,3.86
4670,Andrea Romero Cruz,Tecnología,Desarrollo,2026-04-21,7.4,6.8,6.5,5.1,5.9,6.5,4.5,5.4,6.3,5.0,5.21,4.6,5.2,7.1,4.8,4.3,5.24,3.7,3.1,5.5,3.4,5.2,4.0
4671,José Jiménez Martínez,Ventas,Atención a Clientes,2026-04-11,5.7,3.1,6.1,4.9,5.6,5.0,6.1,6.3,7.7,6.6,6.6,5.8,7.3,4.8,6.6,3.6,5.76,6.8,5.3,6.2,8.2,8.5,6.76
4672,María Gómez Vázquez,Tecnología,Infraestructura,2025-11-06,3.9,4.2,3.0,2.3,2.3,3.31,5.0,1.4,2.1,4.1,3.3,2.8,1.1,4.2,2.9,4.2,2.88,2.7,1.8,3.8,1.5,1.4,2.33
4673,Daniela González Vázquez,Recursos Humanos,Reclutamiento,2026-04-01,8.7,9.7,7.1,8.1,7.7,8.39,5.9,6.7,8.2,7.7,7.01,8.0,8.7,6.6,5.9,6.8,7.4,10.0,6.4,6.9,7.9,6.1,7.67
4674,Sofía Sánchez Gómez,Finanzas,Auditoría Interna,2026-04-10,3.4,4.4,4.8,5.8,4.1,4.4,4.7,8.4,7.3,4.9,6.2,6.4,4.7,8.7,6.9,7.4,6.66,7.2,6.8,6.1,7.2,4.7,6.63
4675,Paola Ramírez Flores,Operaciones,Control de Calidad,2025-10-22,2.5,1.4,1.6,2.2,2.5,2.0,2.9,3.3,2.4,2.6,2.82,4.5,4.7,3.2,5.0,4.8,4.41,5.4,4.5,4.7,2.5,4.8,4.39
4676,Paola Jiménez Cruz,Ventas,Ventas Internacionales,2026-02-12,8.6,7.9,6.2,8.1,10.0,8.08,8.3,9.9,9.1,9.4,9.14,8.8,6.3,6.8,7.5,8.1,7.48,9.5,8.5,7.9,6.8,9.4,8.38
4677,Gabriela Vázquez Ortiz,Finanzas,Contabilidad,2025-10-24,4.9,6.0,4.4,6.9,6.0,5.54,6.3,3.8,7.1,5.0,5.51,4.3,4.3,5.6,5.2,3.1,4.51,3.4,3.4,2.8,3.4,2.7,3.21
4678,Ximena Castillo Castillo,Marketing,Marketing Digital,2026-07-11,6.7,3.9,6.4,6.8,5.5,5.78,9.4,7.2,7.7,7.1,7.94,5.0,5.7,6.3,7.1,7.6,6.14,6.6,6.8,7.7,5.6,7.1,6.72
4679,Sergio Ramírez Castillo,Finanzas,Tesorería,2026-07-31,7.9,8.4,7.4,9.0,7.7,8.06,6.3,6.7,5.3,7.4,6.48,7.2,5.7,4.6,5.9,6.3,5.98,4.3,4.7,5.9,6.0,7.0,5.33
4680,Gabriela Vázquez López,Operaciones,Logística,2026-02-07,5.8,6.3,7.8,6.8,5.2,6.39,6.4,5.3,3.7,5.0,5.24,4.3,6.4,5.0,6.7,6.7,5.68,6.4,7.6,4.8,6.0,5.9,6.25
4681,José Vázquez Ortiz,Recursos Humanos,Nómina,2025-10-02,2.5,4.1,4.3,4.7,3.6,3.76,2.1,2.9,1.5,0.4,1.76,3.4,2.9,1.4,2.1,3.9,2.76,4.6,4.5,5.5,4.5,5.1,4.78
4682,Carlos García Ortiz,Finanzas,Contabilidad,2026-04-21,7.9,9.1,8.5,8.6,8.0,8.44,6.1,3.5,6.9,6.5,5.71,6.4,4.9,3.6,5.7,7.0,5.45,6.5,8.6,9.4,7.2,7.2,7.82
4683,Andrea García Flores,Operaciones,Producción,2026-01-26,4.1,2.4,2.4,2.1,2.8,2.84,2.2,2.9,1.9,2.1,2.29,2.2,2.9,5.2,5.9,4.4,3.86,3.5,4.9,3.7,3.3,4.1,3.91
4684,Raúl Gómez Jiménez,Recursos Humanos,Nómina,2025-09-29,6.3,5.9,7.9,3.7,6.4,6.14,5.2,7.3,5.4,4.6,5.62,6.4,6.1,5.4,4.9,6.5,5.92,4.0,4.7,5.8,6.2,3.9,4.96
4685,Ximena García Sánchez,Tecnología,Soporte Técnico,2026-06-21,2.4,1.2,1.2,2.8,2.7,1.96,3.1,3.2,2.8,1.8,2.74,1.9,3.6,3.3,2.9,3.1,2.94,2.7,3.0,1.6,2.5,0.6,2.31
4686,Carlos Cruz Jiménez,Finanzas,Tesorería,2026-03-20,3.3,1.8,1.2,2.7,1.8,2.19,4.9,5.1,5.4,3.1,4.6,5.4,4.5,5.5,1.3,4.2,4.4,4.9,4.3,5.9,4.7,4.5,4.87
4687,Valeria Vázquez Cruz,Tecnología,Infraestructura,2026-07-11,8.7,9.3,9.8,6.6,8.4,8.71,10.0,7.8,7.8,8.6,8.66,9.8,10.0,10.0,10.0,10.0,9.95,10.0,10.0,10.0,9.5,10.0,9.9
4688,Roberto Martínez Flores,Operaciones,Producción,2026-07-08,4.0,2.5,2.8,3.1,2.9,3.08,2.5,2.4,3.8,3.4,2.96,3.1,3.4,3.3,4.0,3.6,3.42,1.4,2.0,3.6,3.0,3.6,2.53
4689,Raúl Jiménez Morales,Marketing,Marketing Digital,2025-12-03,5.7,8.8,5.4,6.1,8.1,6.84,6.9,3.8,5.1,5.9,5.51,5.2,5.1,5.8,6.3,5.6,5.52,5.0,3.8,6.4,6.4,6.1,5.37
4690,Fernanda López González,Marketing,Investigación de Mercado,2026-02-18,3.3,0.1,3.9,1.5,1.4,2.06,4.4,2.7,3.5,3.1,3.47,1.8,2.9,2.5,2.8,6.1,3.01,0.0,4.5,3.6,2.3,4.2,2.72
4691,Diego Flores González,Operaciones,Producción,2026-04-21,5.0,3.5,5.4,3.7,2.8,4.18,5.4,4.8,6.2,6.8,5.76,6.2,5.2,5.7,8.2,5.8,6.09,4.9,3.2,4.7,4.2,4.8,4.28
4692,Luis Ortiz Flores,Ventas,Ventas Internacionales,2026-03-19,4.5,6.6,6.7,6.4,5.7,5.93,6.0,5.5,5.4,5.8,5.7,5.8,4.9,4.4,3.3,4.9,4.78,6.8,5.6,6.7,5.7,7.4,6.32
4693,Juan García Rodríguez,Ventas,Atención a Clientes,2026-04-22,5.3,6.6,4.4,4.7,4.7,5.26,4.4,5.1,6.2,5.6,5.24,5.4,4.3,6.4,4.9,6.1,5.36,2.8,5.0,3.8,3.8,4.4,3.91
4694,Roberto Castillo Pérez,Tecnología,Soporte Técnico,2026-02-20,2.8,4.8,6.0,4.7,5.4,4.62,6.9,7.3,5.4,6.1,6.5,7.0,5.3,5.5,8.3,6.9,6.46,3.0,3.5,4.2,3.5,3.8,3.54
4695,Raúl Flores Gómez,Ventas,Ventas Nacionales,2026-06-27,6.2,7.2,6.4,8.0,7.9,7.02,6.2,7.2,6.4,5.3,6.26,6.8,6.0,6.8,6.1,5.4,6.28,4.7,6.9,5.4,5.1,4.0,5.4
4696,Ximena González Castillo,Finanzas,Tesorería,2025-12-11,8.0,6.9,5.7,5.3,6.9,6.7,5.1,5.3,4.3,4.9,4.94,6.5,6.7,5.1,4.4,4.2,5.61,6.5,7.0,7.5,9.4,5.2,7.28
4697,Ricardo Hernández López,Operaciones,Producción,2026-09-05,5.7,7.2,8.5,8.9,10.0,7.76,9.0,8.7,10.0,7.9,8.85,9.4,8.9,8.7,8.3,8.0,8.76,10.0,8.7,9.6,8.2,9.0,9.14
4698,Paola Gómez Hernández,Marketing,Comunicación de Marca,2025-10-26,4.8,5.2,5.9,3.4,5.2,4.97,7.0,7.3,7.6,4.6,6.6,4.7,6.1,7.2,4.5,6.4,5.78,5.9,6.1,5.0,7.0,7.9,6.19
4699,Alejandro Romero Morales,Recursos Humanos,Capacitación,2026-03-20,5.5,6.6,7.7,7.3,6.2,6.59,4.2,6.5,5.1,6.4,5.5,8.3,6.1,6.6,7.0,5.7,6.82,5.3,8.2,7.8,6.5,7.7,7.01
4700,Pedro Sánchez Romero,Finanzas,Contabilidad,2026-02-12,7.1,6.1,7.2,7.4,8.2,7.08,8.3,7.4,5.5,7.5,7.32,8.4,8.2,10.0,7.7,7.5,8.43,6.7,9.0,8.9,6.6,7.7,7.8
4701,Daniela Pérez Reyes,Recursos Humanos,Reclutamiento,2026-03-15,7.3,8.3,7.6,7.2,7.7,7.66,6.6,7.5,6.4,8.4,7.24,3.8,6.6,7.3,8.7,8.4,6.62,8.1,9.0,8.8,8.6,7.2,8.48
4702,Sofía Torres Sánchez,Tecnología,Infraestructura,2026-08-29,8.1,9.0,7.2,8.4,8.9,8.31,9.3,9.4,8.0,10.0,9.24,8.0,9.2,7.4,8.2,8.2,8.24,7.7,8.8,8.5,6.5,8.3,7.96
4703,Camila Jiménez López,Recursos Humanos,Capacitación,2026-03-16,7.5,8.3,5.4,7.4,6.8,7.16,4.4,5.4,3.8,4.4,4.53,5.8,5.3,5.9,5.6,6.1,5.71,8.9,4.1,5.2,6.2,5.8,6.11
4704,Pedro Jiménez Hernández,Recursos Humanos,Nómina,2025-10-19,6.0,8.5,8.8,7.9,10.0,8.07,6.8,9.4,8.8,5.4,7.5,8.5,8.8,9.6,8.3,9.4,8.9,9.1,7.5,7.9,8.6,7.8,8.23
4705,Andrea Morales Sánchez,Ventas,Ventas Nacionales,2025-10-14,9.0,7.8,7.4,8.2,7.0,7.96,6.6,8.1,7.1,7.1,7.2,10.0,9.1,8.5,6.7,7.9,8.67,8.5,7.6,7.0,6.8,7.7,7.56
4706,Valeria González García,Ventas,Ventas Internacionales,2026-08-04,9.7,10.0,9.6,10.0,10.0,9.84,8.4,8.9,9.5,8.0,8.64,8.6,9.4,6.2,8.2,6.8,7.99,8.0,7.0,6.9,8.0,7.3,7.46
4707,Fernanda Reyes Ortiz,Finanzas,Auditoría Interna,2026-08-24,10.0,7.6,8.9,7.1,9.8,8.72,8.9,9.7,8.3,8.9,8.98,8.1,6.2,7.5,8.3,5.9,7.2,7.3,7.7,7.3,7.2,8.6,7.51
4708,Laura García Sánchez,Tecnología,Desarrollo,2025-11-15,4.8,2.6,5.1,0.2,3.8,3.47,4.3,6.2,3.0,2.9,4.16,3.5,1.9,3.4,1.8,3.0,2.75,4.4,5.2,3.5,4.2,2.4,4.18
4709,Luis García Hernández,Recursos Humanos,Nómina,2025-12-12,4.1,4.2,6.4,3.4,6.2,4.8,4.4,1.3,4.2,2.7,3.16,2.6,3.7,1.4,2.4,4.5,2.89,1.2,1.2,1.6,3.4,3.8,1.98
4710,Paola Cruz Gómez,Operaciones,Logística,2025-10-09,5.5,5.0,4.3,6.1,4.1,5.01,8.2,5.5,6.1,7.6,6.96,7.4,6.6,5.6,6.8,8.0,6.84,5.9,5.9,4.0,6.2,5.8,5.57
4711,Sofía Morales Flores,Marketing,Marketing Digital,2026-03-29,2.9,3.6,1.9,3.6,4.3,3.19,4.0,4.1,3.0,3.8,3.77,4.8,5.4,4.9,4.7,5.9,5.12,4.3,3.7,2.0,4.3,1.7,3.43
4712,Raúl García Torres,Operaciones,Control de Calidad,2026-04-22,7.2,8.4,7.4,9.5,8.9,8.14,7.4,8.0,8.8,6.8,7.68,8.9,6.5,9.2,9.3,9.1,8.45,10.0,6.6,8.4,7.4,8.5,8.16
4713,Jorge García Martínez,Tecnología,Soporte Técnico,2026-01-18,7.7,7.0,5.5,6.8,8.1,7.01,6.3,6.6,5.9,4.7,5.9,4.3,6.1,3.9,6.9,6.7,5.42,5.0,5.3,7.2,5.1,4.0,5.44
4714,Valeria Hernández González,Marketing,Comunicación de Marca,2025-11-20,8.1,6.7,8.1,6.1,7.7,7.39,10.0,9.6,10.0,10.0,9.9,8.7,10.0,10.0,9.7,9.5,9.56,8.9,9.5,7.9,8.3,10.0,8.84
4715,Ana Cruz Reyes,Tecnología,Desarrollo,2026-04-29,1.8,0.0,0.2,2.5,4.3,1.51,3.3,4.1,2.1,3.1,3.21,2.1,5.5,3.2,3.7,2.9,3.53,2.3,2.8,3.8,3.9,4.9,3.31
4716,Sofía Torres Jiménez,Marketing,Comunicación de Marca,2026-07-31,4.8,4.0,5.0,3.4,2.1,4.03,1.7,2.0,2.3,1.2,1.77,4.8,5.8,6.2,2.7,3.5,4.82,4.1,3.8,4.2,2.8,4.3,3.8
4717,Jorge Martínez Ramírez,Ventas,Ventas Nacionales,2026-04-16,5.5,7.8,8.5,7.8,8.5,7.47,10.0,7.0,7.4,5.7,7.66,9.2,7.5,8.7,8.4,8.2,8.4,9.3,7.4,6.8,6.9,9.5,7.87
4718,Sergio Hernández Cruz,Recursos Humanos,Capacitación,2026-05-11,8.8,8.2,9.8,7.4,9.5,8.75,7.3,7.2,9.1,8.2,7.86,5.3,8.7,6.4,9.1,5.9,7.03,8.4,10.0,10.0,8.2,8.6,9.1
4719,Diego Sánchez Sánchez,Finanzas,Tesorería,2026-02-06,4.7,3.9,5.5,4.1,3.1,4.33,4.5,3.8,5.5,5.7,4.82,4.6,3.3,2.7,5.0,4.3,3.91,5.8,8.7,8.6,6.5,7.6,7.4
4720,Ana Hernández Flores,Operaciones,Logística,2025-10-16,6.2,4.7,5.8,5.0,4.8,5.36,6.0,4.5,6.1,5.5,5.52,5.8,4.8,5.6,5.2,5.8,5.42,5.3,7.9,7.5,9.1,6.7,7.29
4721,Diego Gómez Ramírez,Recursos Humanos,Reclutamiento,2026-07-10,0.8,1.4,1.8,0.5,4.4,1.64,3.3,2.3,2.7,2.6,2.76,4.1,3.8,5.6,3.2,2.0,3.87,1.2,2.5,0.0,3.0,0.5,1.58
4722,Sergio Rodríguez Morales,Marketing,Comunicación de Marca,2026-04-28,2.4,1.9,5.2,2.9,5.0,3.3,4.1,1.9,3.6,3.5,3.3,1.9,2.5,4.0,3.5,2.9,2.86,3.7,3.0,3.7,2.4,7.2,3.62
4723,Luis Vázquez Morales,Operaciones,Producción,2025-10-26,3.9,4.1,3.8,4.1,5.3,4.17,1.5,3.5,2.6,0.7,2.02,4.0,2.5,2.5,4.9,3.1,3.32,4.7,3.6,2.8,1.5,4.5,3.39
4724,Fernanda Morales Sánchez,Recursos Humanos,Reclutamiento,2025-09-10,6.4,7.1,6.1,7.9,7.8,6.95,7.9,6.6,8.3,6.8,7.38,10.0,9.4,8.2,6.7,5.6,8.33,6.1,9.5,8.8,9.8,7.5,8.37
4725,José López Morales,Recursos Humanos,Reclutamiento,2026-03-06,6.8,5.1,7.2,6.4,6.5,6.35,6.1,8.4,3.9,5.4,6.06,4.6,3.9,7.1,5.1,6.4,5.27,7.1,5.4,4.8,5.4,6.1,5.78
4726,Sergio Ramírez Sánchez,Finanzas,Auditoría Interna,2026-01-01,4.2,6.0,3.9,4.5,4.4,4.66,6.7,5.8,4.9,5.4,5.79,7.0,5.5,6.6,6.5,5.1,6.18,6.5,6.9,6.6,5.3,6.9,6.42
4727,Ana González García,Tecnología,Infraestructura,2026-06-16,6.5,6.8,5.0,7.1,6.3,6.34,6.7,7.1,7.7,9.4,7.67,5.8,4.6,4.6,6.7,7.9,5.71,6.5,8.1,8.3,9.9,7.3,8.02
4728,Mariana Ramírez Flores,Tecnología,Soporte Técnico,2026-02-03,4.2,5.4,5.4,6.2,4.9,5.14,5.2,6.5,6.3,6.7,6.12,3.8,5.1,2.8,5.7,4.4,4.3,6.6,3.9,4.9,5.2,5.4,5.18
4729,Ana Pérez Morales,Operaciones,Control de Calidad,2026-04-08,7.1,6.3,3.9,7.1,5.8,6.06,5.6,7.4,5.8,7.3,6.52,5.3,3.1,5.9,5.9,4.1,4.78,4.0,5.7,6.3,5.4,5.3,5.3
4730,José Flores Jiménez,Finanzas,Auditoría Interna,2026-03-08,7.5,9.5,7.9,7.2,10.0,8.41,7.0,7.6,6.8,6.4,6.96,9.4,10.0,8.9,10.0,7.9,9.32,8.2,8.2,6.5,8.0,8.9,7.89
4731,Daniela Morales Jiménez,Operaciones,Control de Calidad,2026-03-15,4.4,4.7,0.3,1.8,4.6,3.3,1.3,1.2,1.8,1.8,1.5,3.3,3.1,4.3,2.8,5.1,3.64,3.5,3.7,3.2,4.0,4.4,3.68
4732,Paola Rodríguez Morales,Marketing,Marketing Digital,2026-06-15,9.1,7.3,10.0,9.5,10.0,9.02,9.3,8.5,7.1,9.4,8.68,7.7,7.4,7.8,9.1,9.2,8.08,7.7,8.7,7.1,8.4,8.3,8.03
4733,Gabriela Sánchez Jiménez,Operaciones,Producción,2025-12-11,7.9,9.9,7.4,10.0,6.8,8.45,7.1,7.1,9.4,8.5,7.91,5.3,7.6,7.7,7.4,7.7,7.03,10.0,7.5,10.0,10.0,9.5,9.32
4734,María Sánchez Pérez,Marketing,Investigación de Mercado,2026-07-14,4.3,5.4,4.0,6.7,7.0,5.28,6.7,7.5,7.3,7.0,7.1,6.3,7.5,4.7,7.5,5.3,6.31,6.3,6.9,4.4,4.9,3.2,5.48
4735,Carlos Pérez López,Marketing,Comunicación de Marca,2026-04-04,7.5,10.0,7.4,6.5,8.0,8.03,7.3,7.6,10.0,7.4,7.94,6.3,4.5,4.8,5.2,6.8,5.46,6.8,6.6,6.9,6.4,7.0,6.71
4736,Carlos Martínez Flores,Marketing,Investigación de Mercado,2025-11-04,6.9,7.4,5.6,5.9,7.9,6.76,8.2,6.8,5.5,8.1,7.28,8.1,6.8,7.1,7.5,7.8,7.44,7.0,6.8,6.1,7.7,6.2,6.83
4737,José García Rodríguez,Operaciones,Control de Calidad,2026-04-21,3.4,4.7,4.8,4.6,4.8,4.39,5.7,5.6,3.6,3.9,4.8,4.9,4.8,3.5,4.5,2.9,4.23,2.9,3.3,1.3,3.2,2.4,2.69
4738,Juan Jiménez Rodríguez,Recursos Humanos,Capacitación,2026-08-28,5.5,7.8,9.5,8.1,8.5,7.72,6.9,8.4,7.3,8.1,7.65,6.5,8.6,3.6,7.3,4.6,6.28,7.8,5.5,5.7,7.4,5.8,6.52
4739,Diego Ortiz González,Finanzas,Auditoría Interna,2026-02-06,10.0,9.8,10.0,10.0,10.0,9.95,7.9,8.1,9.2,8.9,8.46,9.3,8.1,10.0,10.0,8.0,9.05,8.8,9.2,7.6,8.6,8.8,8.62
4740,Gabriela Gómez Morales,Recursos Humanos,Nómina,2025-11-22,6.2,5.8,5.8,5.0,6.4,5.87,6.4,6.5,7.2,5.9,6.46,5.8,6.1,5.8,8.9,7.4,6.58,7.4,7.6,5.7,8.4,8.1,7.38
4741,Camila Morales Gómez,Operaciones,Control de Calidad,2026-02-11,8.4,7.0,6.7,7.3,7.5,7.41,5.9,8.1,7.3,8.0,7.26,9.0,9.6,7.0,8.8,6.6,8.36,9.1,8.0,6.6,6.7,7.0,7.64
4742,Carlos Vázquez Ramírez,Finanzas,Auditoría Interna,2025-12-04,8.7,8.3,7.6,9.9,9.1,8.62,7.6,9.4,8.3,8.8,8.49,9.2,10.0,8.8,10.0,8.4,9.32,8.0,9.4,9.2,9.3,7.0,8.75
4743,Daniela Sánchez Morales,Recursos Humanos,Capacitación,2026-02-08,9.7,8.2,8.4,9.1,9.6,8.96,8.4,10.0,8.6,8.6,8.89,9.0,9.2,9.1,9.2,9.2,9.13,6.9,7.6,8.3,10.0,9.5,8.24
4744,Juan Torres González,Recursos Humanos,Reclutamiento,2026-05-14,5.9,7.1,5.9,6.9,3.6,6.0,4.4,3.8,4.8,4.7,4.4,5.2,4.3,3.1,6.0,4.2,4.53,5.7,6.3,5.6,4.6,5.9,5.63
4745,Carlos Romero Vázquez,Ventas,Ventas Internacionales,2026-02-24,2.8,3.5,3.0,3.2,3.2,3.14,1.8,3.0,4.7,5.9,3.7,3.1,5.2,5.1,4.9,3.4,4.34,5.6,3.6,4.4,5.4,5.0,4.76
4746,Francisco Torres García,Ventas,Ventas Nacionales,2025-10-26,8.4,7.5,9.2,8.1,7.9,8.22,8.3,7.9,8.2,8.5,8.23,6.3,7.5,9.9,6.5,6.9,7.44,10.0,10.0,8.9,9.1,10.0,9.6
4747,Alejandro González López,Marketing,Investigación de Mercado,2026-04-19,9.0,9.1,7.5,6.7,8.7,8.34,7.3,7.4,8.4,9.9,8.2,6.4,8.1,8.3,8.6,6.3,7.52,9.3,8.0,8.6,6.5,6.7,8.02
4748,Laura Vázquez Reyes,Ventas,Atención a Clientes,2026-08-08,9.0,8.8,8.7,8.1,7.8,8.57,8.5,10.0,8.3,10.0,9.21,7.8,6.8,6.7,8.1,8.7,7.51,8.2,9.9,10.0,5.8,8.4,8.52
4749,Ricardo Sánchez Rodríguez,Finanzas,Auditoría Interna,2026-04-26,4.0,3.0,3.0,2.6,3.1,3.2,2.0,1.5,0.3,1.1,1.31,4.0,3.6,2.0,4.9,5.2,3.81,1.9,4.2,3.6,3.3,3.9,3.3
4750,Alejandro Sánchez Sánchez,Ventas,Ventas Nacionales,2026-02-09,7.6,8.5,6.1,5.6,6.4,7.04,9.8,8.6,9.7,10.0,9.53,7.7,10.0,10.0,8.4,6.8,8.7,8.5,6.4,8.8,7.3,6.9,7.64
4751,Valeria Romero Gómez,Marketing,Investigación de Mercado,2025-12-29,1.9,2.9,1.5,2.0,3.3,2.3,2.6,3.5,2.8,3.8,3.16,4.4,4.1,4.1,4.3,2.9,4.02,3.3,3.0,1.1,2.8,3.5,2.7
4752,Roberto Martínez Jiménez,Recursos Humanos,Reclutamiento,2026-03-29,8.0,7.6,7.1,7.9,5.2,7.29,8.4,7.6,10.0,6.9,8.14,8.8,6.7,7.1,7.7,7.3,7.54,8.0,8.2,10.0,7.7,9.1,8.5
4753,José Gómez Ramírez,Marketing,Investigación de Mercado,2026-08-10,5.7,4.8,5.1,5.7,4.4,5.16,3.8,3.5,4.4,4.1,3.92,3.4,3.1,4.2,3.4,3.7,3.53,4.3,7.8,3.2,4.0,4.4,4.9
4754,Camila Martínez Hernández,Recursos Humanos,Capacitación,2026-05-31,8.5,8.9,9.1,9.7,8.5,8.9,8.4,10.0,8.1,8.6,8.79,7.5,6.0,6.1,10.0,8.0,7.3,7.4,8.3,7.4,8.7,7.5,7.9
4755,María Ramírez Ramírez,Ventas,Ventas Nacionales,2025-11-16,3.8,3.5,2.2,4.3,4.7,3.62,5.3,3.3,2.9,3.7,3.92,3.9,7.4,2.9,6.4,5.9,5.25,1.8,3.5,2.3,1.0,2.8,2.26
4756,Karla González López,Ventas,Ventas Nacionales,2026-06-24,1.9,1.2,0.4,1.4,0.9,1.2,0.8,2.1,1.3,1.8,1.48,3.1,2.7,1.5,1.1,3.6,2.46,2.7,2.5,1.2,3.9,2.5,2.57
4757,Fernanda Martínez Martínez,Recursos Humanos,Nómina,2025-12-24,5.6,4.1,5.9,4.3,6.2,5.18,5.3,3.5,3.0,6.9,4.79,6.8,5.8,5.5,5.4,6.8,6.08,6.1,6.9,5.5,6.1,5.2,6.09
4758,Sergio Pérez Romero,Operaciones,Logística,2026-06-09,1.5,1.9,2.0,3.6,2.1,2.1,3.9,0.1,1.3,1.5,1.83,0.7,2.1,1.9,1.4,0.0,1.29,2.2,3.9,3.5,2.2,2.2,2.88
4759,Mariana Cruz Romero,Recursos Humanos,Nómina,2025-11-26,4.7,5.8,7.2,5.2,6.1,5.76,8.5,6.8,6.3,6.2,7.06,2.2,6.2,5.3,3.9,5.1,4.51,5.4,4.0,5.2,5.8,6.6,5.21
4760,Mariana González Ortiz,Recursos Humanos,Capacitación,2026-03-17,10.0,8.8,9.1,10.0,8.7,9.32,10.0,10.0,9.6,7.6,9.32,8.2,8.8,8.4,7.1,7.5,8.12,6.9,7.9,7.9,8.6,6.7,7.67
4761,Alejandro Rodríguez González,Operaciones,Control de Calidad,2026-01-20,5.5,6.0,7.3,5.4,7.7,6.3,7.4,7.0,8.5,5.6,7.07,2.8,6.2,4.9,5.9,6.9,5.15,6.6,5.7,3.9,6.0,5.5,5.6
4762,Fernanda Romero Romero,Ventas,Ventas Nacionales,2026-05-25,6.8,6.0,3.9,4.8,5.4,5.51,4.5,4.6,4.5,4.3,4.47,4.8,2.2,2.6,4.2,2.7,3.3,4.4,4.2,3.8,5.6,5.5,4.58
4763,Ana Morales Rodríguez,Finanzas,Tesorería,2025-09-19,0.8,0.0,2.2,2.5,2.3,1.36,3.1,0.0,2.9,3.2,2.31,2.2,3.0,2.6,3.6,2.7,2.77,2.0,2.0,0.9,1.5,1.3,1.61
4764,Raúl Vázquez Morales,Tecnología,Infraestructura,2026-07-01,4.0,3.0,2.2,4.5,3.1,3.33,5.6,3.0,2.6,3.8,3.9,6.1,4.7,4.3,3.5,3.9,4.67,2.5,2.0,4.6,2.8,1.0,2.7
4765,Juan Romero López,Finanzas,Contabilidad,2026-03-21,2.7,3.6,3.6,4.7,3.7,3.56,3.4,3.6,3.0,3.1,3.3,2.5,3.6,3.7,4.3,3.1,3.38,3.6,3.1,3.7,3.8,3.5,3.52
4766,Sergio Ortiz Cruz,Ventas,Ventas Nacionales,2025-12-08,6.9,4.6,4.2,5.8,5.1,5.35,3.8,5.1,4.5,6.0,4.81,4.4,5.2,5.6,5.5,5.3,5.14,4.8,6.8,5.2,3.5,3.7,5.01
4767,Ana Ramírez Rodríguez,Marketing,Comunicación de Marca,2026-04-21,8.7,7.8,6.0,6.2,7.0,7.3,9.1,8.4,6.7,7.5,8.04,7.3,5.5,7.2,6.4,6.0,6.5,7.7,5.6,6.6,7.4,7.1,6.84
4768,Jorge Reyes Cruz,Finanzas,Tesorería,2026-04-23,6.4,6.5,7.3,5.3,5.5,6.31,5.2,10.0,7.9,6.4,7.24,6.6,4.1,4.3,8.2,6.4,5.72,6.4,8.1,7.8,6.0,8.0,7.18
4769,Francisco Vázquez Pérez,Ventas,Ventas Internacionales,2026-06-28,3.0,4.6,4.2,5.0,4.5,4.16,3.4,3.6,3.6,3.2,3.44,0.1,2.6,3.0,1.5,4.1,2.11,1.9,5.8,3.3,4.7,4.0,3.92
4770,Gabriela Sánchez Castillo,Recursos Humanos,Reclutamiento,2026-05-29,10.0,9.3,9.9,8.7,7.1,9.18,8.1,7.7,8.5,6.7,7.73,8.5,9.5,9.2,8.9,7.4,8.78,8.4,8.7,9.6,9.2,10.0,9.04
4771,Pedro Morales Torres,Operaciones,Logística,2026-02-27,6.2,8.6,6.2,5.9,5.9,6.71,10.0,7.3,6.5,7.7,8.05,6.7,6.2,5.6,8.0,5.2,6.32,9.9,9.0,8.9,9.1,9.3,9.25
4772,Juan Vázquez Ramírez,Finanzas,Auditoría Interna,2026-01-29,8.4,9.4,7.7,8.7,7.3,8.39,4.9,8.4,7.8,7.1,6.91,6.1,7.6,7.9,6.9,6.9,7.08,8.8,9.8,8.8,9.5,9.8,9.29
4773,Roberto González López,Marketing,Investigación de Mercado,2025-10-02,5.5,5.7,6.2,6.3,7.2,6.06,4.6,6.0,6.8,4.8,5.44,4.0,5.3,7.0,6.0,6.5,5.6,6.5,7.6,8.3,5.5,6.4,6.93
4774,Luis Ramírez Romero,Marketing,Comunicación de Marca,2026-01-08,3.1,4.5,2.6,4.5,5.6,3.93,4.5,4.1,2.1,2.5,3.42,4.3,4.3,4.9,2.5,4.2,4.14,2.8,4.9,4.9,5.3,4.1,4.38
4775,Fernanda Torres Castillo,Operaciones,Producción,2026-04-17,10.0,9.4,8.3,9.7,9.5,9.39,10.0,10.0,10.0,9.7,9.93,10.0,10.0,9.7,10.0,10.0,9.94,9.9,9.6,9.0,8.2,8.9,9.2
4776,Ricardo Ortiz Flores,Tecnología,Soporte Técnico,2025-12-28,7.0,7.1,7.5,6.0,9.5,7.35,8.3,5.6,5.7,6.9,6.76,7.5,4.6,4.8,4.2,2.0,4.92,8.3,5.7,7.1,6.2,5.9,6.75
4777,Alejandro Rodríguez Torres,Recursos Humanos,Reclutamiento,2026-08-19,3.7,6.0,3.7,4.2,4.2,4.42,4.2,4.2,2.8,4.5,4.0,5.5,5.8,3.9,4.9,4.4,5.0,2.6,3.0,2.8,4.6,2.3,3.11
4778,Carlos Reyes García,Ventas,Ventas Nacionales,2026-07-25,2.0,1.2,2.0,1.0,3.4,1.86,3.2,1.0,0.7,1.9,1.82,3.7,3.9,4.0,3.0,1.8,3.42,1.7,0.8,0.8,1.1,2.8,1.28
4779,Diego Martínez Sánchez,Operaciones,Control de Calidad,2026-06-06,4.9,6.0,7.5,4.6,6.6,5.9,4.7,5.2,6.1,6.2,5.48,5.8,3.9,5.5,5.7,5.7,5.24,5.7,6.8,6.8,5.0,7.5,6.24
4780,Juan Ramírez López,Operaciones,Producción,2025-11-22,3.6,3.6,2.9,5.0,5.8,4.0,3.9,4.2,5.3,5.2,4.58,5.8,3.2,5.1,4.1,3.5,4.41,7.0,3.9,4.1,0.7,6.0,4.28
4781,Paola Castillo Morales,Operaciones,Producción,2026-07-06,6.1,2.6,2.9,4.5,3.7,3.98,1.8,3.1,1.0,1.2,1.82,1.3,3.6,0.3,2.4,4.2,2.28,4.4,2.6,4.2,5.3,4.5,4.1
4782,Francisco López González,Marketing,Investigación de Mercado,2026-04-05,5.4,5.2,3.9,6.8,4.2,5.08,6.6,6.1,6.1,7.0,6.48,7.0,8.3,9.6,8.3,9.6,8.43,5.4,3.9,4.1,4.1,5.9,4.56
4783,María Jiménez Ortiz,Recursos Humanos,Nómina,2025-09-25,3.6,3.1,1.8,4.0,3.7,3.19,2.4,4.9,1.5,3.7,3.17,5.1,0.7,4.1,2.4,3.4,3.14,4.2,4.5,4.6,5.3,3.7,4.52
4784,Luis García Martínez,Ventas,Ventas Nacionales,2026-05-11,4.1,4.9,6.0,5.0,7.5,5.32,6.9,6.1,4.4,4.7,5.65,4.7,2.7,4.3,2.0,4.1,3.62,6.9,7.1,5.0,7.6,4.4,6.46
4785,Camila Jiménez Romero,Ventas,Ventas Nacionales,2025-12-01,3.9,2.3,2.1,3.4,2.2,2.81,5.3,3.3,4.2,5.2,4.56,4.6,3.7,4.1,4.6,3.3,4.08,1.8,3.0,0.9,2.6,3.3,2.23
4786,Ximena Ortiz Gómez,Marketing,Investigación de Mercado,2025-09-21,4.5,8.4,7.7,8.2,9.4,7.4,9.3,10.0,6.7,9.1,8.9,8.1,8.4,7.0,7.1,7.5,7.72,7.4,10.0,10.0,9.2,8.5,9.04
4787,Valeria Castillo Castillo,Operaciones,Control de Calidad,2025-12-01,5.3,7.4,9.6,7.2,6.7,7.18,9.5,8.3,6.5,8.6,8.38,9.7,10.0,9.1,10.0,8.2,9.48,8.8,10.0,9.0,6.8,7.3,8.59
4788,Karla Ramírez Rodríguez,Operaciones,Producción,2025-12-09,4.6,5.8,5.5,5.8,5.7,5.42,7.1,6.0,5.2,8.1,6.7,5.1,6.1,3.5,2.0,7.0,4.85,6.5,7.1,5.0,4.5,6.7,5.97
4789,Paola Cruz Torres,Finanzas,Contabilidad,2026-01-03,6.4,9.3,7.7,7.2,6.3,7.49,7.2,6.7,7.0,4.3,6.31,4.3,6.2,5.7,6.0,7.1,5.73,4.9,5.0,7.1,5.6,6.2,5.64
4790,Andrea González Torres,Finanzas,Contabilidad,2025-12-06,7.6,8.0,6.8,6.1,7.6,7.32,7.3,8.6,9.3,6.6,7.85,8.1,9.5,10.0,7.1,7.7,8.62,8.5,7.3,9.7,8.8,9.2,8.57
4791,María Hernández Ramírez,Operaciones,Producción,2026-07-10,4.3,4.3,6.2,5.2,5.1,4.93,5.7,5.9,6.6,4.4,5.6,5.9,5.9,6.6,6.4,5.5,6.06,6.9,6.8,5.4,4.9,4.3,5.92
4792,Juan Flores Sánchez,Operaciones,Producción,2026-03-08,2.7,4.7,4.4,2.7,4.0,3.74,4.2,4.4,5.2,5.5,4.78,6.0,5.5,7.9,6.4,7.2,6.5,6.2,5.6,3.9,6.4,5.8,5.59
4793,Laura González Flores,Operaciones,Control de Calidad,2025-10-11,4.2,6.0,6.0,6.2,4.6,5.37,6.1,5.6,5.7,6.8,6.07,3.4,5.9,3.1,4.3,2.7,4.0,7.3,6.4,4.7,4.7,5.3,5.84
4794,Fernanda Jiménez García,Tecnología,Desarrollo,2025-12-28,5.1,3.0,4.4,3.2,3.0,3.84,5.7,5.7,5.0,4.9,5.36,4.9,5.7,6.0,4.3,5.2,5.28,2.2,3.6,4.6,3.9,5.4,3.69
4795,Jorge Gómez Vázquez,Finanzas,Tesorería,2025-11-20,7.6,7.0,6.6,6.5,7.6,7.08,8.2,7.6,8.1,7.6,7.88,8.6,8.0,8.5,8.1,9.1,8.43,7.1,6.0,7.8,4.9,6.6,6.48
4796,Karla Reyes Torres,Operaciones,Producción,2026-07-10,5.7,4.0,2.9,4.4,2.5,4.04,5.2,6.3,5.6,4.0,5.26,6.8,6.1,3.5,5.4,3.8,5.3,6.2,5.0,3.8,5.8,5.4,5.26
4797,Ana Reyes Jiménez,Ventas,Ventas Internacionales,2025-10-16,9.2,8.4,8.9,5.0,9.9,8.42,8.2,8.4,8.6,6.6,7.93,7.9,8.2,7.3,10.0,9.6,8.43,6.6,6.0,8.0,8.2,5.8,6.97
4798,Raúl Jiménez Flores,Ventas,Atención a Clientes,2026-02-18,2.1,1.9,5.9,2.7,3.4,3.1,3.8,4.3,2.9,3.4,3.64,4.4,3.4,2.4,2.7,3.2,3.32,3.3,3.1,6.9,4.3,4.5,4.29
4799,Luis López Castillo,Tecnología,Soporte Técnico,2026-02-06,6.4,5.4,6.8,7.0,7.6,6.5,7.8,4.0,5.3,8.2,6.45,7.9,6.7,6.6,6.9,5.5,6.83,6.8,5.7,6.6,6.4,9.8,6.71
4800,Fernanda Jiménez García,Ventas,Ventas Nacionales,2026-01-15,6.9,6.3,4.7,6.7,6.2,6.18,6.4,4.3,8.3,7.2,6.46,6.2,4.8,5.4,4.0,6.5,5.4,5.1,6.6,2.3,3.4,8.2,4.88
4801,Juan Reyes Flores,Marketing,Comunicación de Marca,2026-01-10,5.4,5.8,6.1,7.3,4.7,5.82,5.3,4.4,5.5,3.5,4.66,4.1,4.3,5.7,4.6,4.4,4.59,3.9,5.7,3.3,3.5,2.2,3.98
4802,Valeria Sánchez Torres,Marketing,Marketing Digital,2026-07-15,3.3,4.2,4.0,4.8,3.9,3.98,2.5,0.6,1.2,2.1,1.66,2.5,2.0,2.7,3.0,5.0,2.86,2.8,2.0,3.8,4.8,1.8,3.1
4803,Ricardo Vázquez Gómez,Operaciones,Logística,2025-09-29,2.5,4.3,4.3,6.3,3.4,4.01,4.8,6.5,4.8,4.1,5.05,7.8,5.4,7.9,8.8,5.1,6.96,2.8,6.3,4.2,4.4,4.4,4.44
4804,Daniela Martínez Sánchez,Finanzas,Contabilidad,2025-10-18,6.5,7.3,6.7,9.3,7.9,7.37,7.0,7.6,7.6,6.2,7.07,7.8,9.1,8.0,7.1,10.0,8.39,7.0,9.0,7.2,10.0,7.5,8.19
4805,Fernanda Gómez Ortiz,Ventas,Ventas Internacionales,2026-05-06,7.7,6.5,9.2,6.1,8.9,7.64,5.4,6.2,5.2,4.2,5.26,8.2,8.7,9.2,10.0,7.9,8.75,7.9,7.1,7.7,6.6,8.8,7.49
4806,Laura Ramírez Ortiz,Finanzas,Auditoría Interna,2025-12-31,4.1,6.3,6.5,5.1,6.6,5.65,4.1,3.9,6.1,5.0,4.68,4.9,3.8,4.9,4.0,4.1,4.37,4.3,6.1,6.4,6.4,5.7,5.73
4807,Camila Gómez Ortiz,Tecnología,Infraestructura,2026-02-23,6.3,6.5,5.6,6.9,5.7,6.21,5.8,4.2,7.4,5.6,5.67,6.7,4.0,4.6,3.7,5.0,4.9,7.3,6.5,3.9,3.3,5.6,5.45
4808,Diego Cruz Flores,Operaciones,Control de Calidad,2025-11-24,8.8,7.4,6.7,8.4,8.6,7.94,7.2,6.9,7.9,8.0,7.46,8.0,8.7,9.4,10.0,7.9,8.74,6.2,5.9,5.9,5.4,7.0,5.98
4809,Valeria González Torres,Operaciones,Producción,2025-12-29,3.5,3.9,2.3,1.7,4.7,3.27,3.0,3.4,1.8,4.1,3.14,2.6,2.2,0.9,3.0,3.1,2.3,3.6,5.0,4.4,5.1,5.8,4.63
4810,Sergio Gómez Torres,Recursos Humanos,Capacitación,2026-04-06,6.2,6.7,6.0,5.9,4.1,5.93,9.1,8.0,6.6,5.0,7.3,7.0,3.7,5.5,5.7,6.8,5.65,4.6,4.3,5.5,5.1,7.5,5.1
4811,Roberto Torres Ortiz,Finanzas,Auditoría Interna,2025-11-11,4.1,6.8,4.9,5.2,5.5,5.31,6.3,5.7,3.9,6.3,5.67,4.4,4.8,5.5,6.1,6.5,5.29,5.4,6.6,7.1,3.4,6.2,5.72
4812,Sergio López Sánchez,Tecnología,Infraestructura,2025-11-09,9.8,8.8,8.5,9.1,9.3,9.11,9.8,10.0,9.6,10.0,9.86,7.1,6.5,6.8,8.1,9.7,7.43,7.6,6.4,9.8,7.7,10.0,8.0
4813,Juan López Reyes,Operaciones,Control de Calidad,2026-07-30,1.6,3.2,2.6,4.1,2.2,2.66,6.4,5.1,3.4,4.6,5.03,3.9,2.8,2.6,2.5,1.7,2.82,5.2,3.6,4.6,4.2,3.0,4.26
4814,Ricardo Gómez Morales,Tecnología,Soporte Técnico,2025-10-15,5.2,4.9,4.9,4.4,7.6,5.3,3.3,5.3,3.8,2.7,3.75,4.7,5.1,5.0,6.5,5.5,5.25,6.2,6.5,7.9,6.7,6.2,6.72
4815,Jorge García Jiménez,Recursos Humanos,Reclutamiento,2026-06-13,5.6,6.2,5.4,5.9,7.1,5.98,8.8,8.6,8.9,9.0,8.82,9.2,8.3,9.0,8.9,8.0,8.71,6.5,5.5,6.6,9.2,8.3,6.99
4816,Diego Sánchez Flores,Marketing,Investigación de Mercado,2025-12-23,9.8,9.0,7.9,8.0,10.0,8.98,9.2,9.3,8.4,8.3,8.84,7.8,9.4,9.8,6.4,9.9,8.7,10.0,8.1,7.2,8.1,9.6,8.55
4817,Raúl Martínez Vázquez,Ventas,Ventas Internacionales,2026-01-27,7.2,5.5,7.7,8.1,6.1,6.84,6.4,7.4,9.4,6.9,7.38,4.9,5.9,4.7,6.2,5.0,5.32,7.0,8.2,7.7,7.5,7.2,7.56
4818,María Pérez Hernández,Marketing,Marketing Digital,2025-10-16,4.9,6.4,7.1,6.4,8.0,6.4,6.5,5.0,5.3,6.0,5.76,6.6,4.8,5.0,5.5,6.8,5.7,7.1,8.3,8.6,7.9,7.1,7.86
4819,Karla Ortiz López,Finanzas,Tesorería,2026-04-14,7.4,8.5,7.4,8.7,8.5,8.04,7.1,7.6,6.1,7.3,7.07,10.0,8.8,10.0,10.0,7.6,9.34,8.2,6.8,6.7,5.8,6.8,6.93
4820,Karla Hernández López,Ventas,Atención a Clientes,2026-05-28,6.0,5.6,6.7,7.2,6.9,6.36,6.4,6.9,7.6,9.2,7.46,6.1,6.2,4.1,5.7,5.0,5.5,7.7,7.8,6.9,5.8,6.4,7.06
4821,Diego García Flores,Marketing,Comunicación de Marca,2026-01-06,7.0,6.0,5.9,5.4,4.2,5.87,6.4,5.7,6.7,7.0,6.44,2.5,4.1,3.9,5.3,5.8,4.1,6.1,5.2,6.5,6.4,5.4,5.94
4822,Roberto González Jiménez,Ventas,Atención a Clientes,2025-12-11,7.9,6.9,7.7,7.9,7.0,7.48,9.5,8.1,6.8,8.0,8.24,7.0,6.2,7.2,6.6,8.6,7.02,9.2,7.8,7.6,8.0,9.6,8.33
4823,Alejandro Rodríguez Torres,Tecnología,Desarrollo,2026-06-22,9.6,8.4,8.8,9.8,10.0,9.23,7.4,7.9,7.7,7.9,7.71,10.0,8.4,7.1,8.3,7.5,8.39,9.9,9.0,8.9,9.1,9.1,9.24
4824,Ricardo González Castillo,Finanzas,Auditoría Interna,2026-02-04,5.3,5.7,6.6,4.4,3.3,5.22,5.3,4.9,8.4,7.4,6.35,6.7,7.5,6.8,6.8,8.4,7.19,8.1,6.0,5.2,5.9,4.8,6.22
4825,Carlos Torres Ortiz,Marketing,Marketing Digital,2026-02-27,8.6,9.1,10.0,8.6,9.2,9.09,6.8,7.3,9.1,6.7,7.36,9.3,8.3,9.5,8.1,8.3,8.76,7.3,8.0,6.1,5.0,7.5,6.8
4826,Valeria González Rodríguez,Finanzas,Auditoría Interna,2026-07-05,6.4,2.6,5.7,4.3,4.7,4.74,7.5,6.0,7.7,7.9,7.26,7.1,8.1,8.3,8.0,7.9,7.85,5.8,4.1,6.8,7.9,6.3,6.04
4827,Mariana Torres Sánchez,Operaciones,Producción,2026-03-18,3.9,4.3,2.6,5.8,6.5,4.42,4.9,3.5,5.5,5.1,4.72,3.7,6.1,4.2,4.4,4.6,4.64,4.9,3.2,3.8,3.6,1.8,3.69
4828,José Gómez González,Operaciones,Logística,2025-09-28,10.0,9.9,10.0,8.4,9.7,9.69,10.0,8.5,8.8,9.9,9.36,10.0,9.0,10.0,9.5,9.9,9.66,7.9,7.5,8.8,6.5,7.9,7.7
4829,Roberto Flores Ramírez,Recursos Humanos,Reclutamiento,2026-02-20,7.6,10.0,10.0,10.0,7.4,9.01,10.0,9.2,9.9,9.9,9.76,10.0,10.0,10.0,10.0,10.0,10.0,10.0,9.2,8.3,10.0,7.8,9.24
4830,Karla Torres Martínez,Operaciones,Control de Calidad,2026-04-22,5.5,5.8,5.5,4.0,4.3,5.17,7.9,8.1,5.8,7.4,7.4,6.3,7.3,5.3,6.9,5.2,6.28,5.3,6.5,4.3,5.1,5.1,5.34
4831,Camila Cruz García,Recursos Humanos,Nómina,2026-01-02,3.1,3.7,4.5,3.6,4.0,3.74,3.7,6.0,4.8,3.7,4.5,6.2,4.3,5.8,6.2,5.6,5.56,6.1,5.5,7.4,3.1,2.8,5.28
4832,Carlos Rodríguez Vázquez,Recursos Humanos,Reclutamiento,2025-09-13,4.3,6.5,4.1,2.1,3.8,4.4,4.3,4.0,7.0,5.2,4.99,5.5,5.2,3.4,6.6,3.7,4.9,6.7,5.4,5.7,6.8,8.2,6.35
4833,Miguel Vázquez Castillo,Finanzas,Tesorería,2026-07-30,8.7,7.2,7.3,8.6,8.4,7.98,10.0,9.1,8.6,8.2,9.04,8.4,8.9,6.4,9.1,7.7,8.12,7.0,7.3,9.0,8.4,6.2,7.68
4834,Gabriela González Torres,Tecnología,Desarrollo,2026-08-15,8.2,8.0,6.5,9.4,8.0,7.96,10.0,10.0,10.0,10.0,10.0,7.8,8.8,8.7,7.0,10.0,8.44,7.9,7.5,8.2,9.1,7.6,8.07
4835,Luis López Vázquez,Finanzas,Auditoría Interna,2025-09-30,4.6,5.7,3.6,4.8,6.1,4.93,4.9,7.5,4.8,6.1,5.83,7.5,6.2,5.7,7.2,4.9,6.38,4.8,3.7,5.8,3.2,4.4,4.36
4836,Daniela Pérez Ramírez,Operaciones,Logística,2026-09-04,6.8,6.2,8.9,6.1,6.8,6.96,6.4,5.5,6.6,5.2,5.92,6.8,9.4,6.8,5.5,7.2,7.32,4.7,5.6,5.1,5.3,5.4,5.2
4837,Paola Torres Ortiz,Ventas,Ventas Internacionales,2026-03-09,9.3,6.5,8.0,8.5,8.7,8.13,8.2,7.8,7.1,7.3,7.65,8.5,8.4,8.7,7.1,7.0,8.08,8.4,7.1,9.4,9.3,8.4,8.46
4838,Daniela López Cruz,Tecnología,Soporte Técnico,2025-11-02,4.4,4.4,6.3,7.1,3.9,5.11,2.8,3.1,4.0,5.0,3.66,3.8,5.0,4.3,5.7,5.0,4.66,3.7,4.4,2.6,4.3,3.0,3.7
4839,Raúl Romero Jiménez,Marketing,Investigación de Mercado,2026-05-02,8.0,7.0,9.7,6.6,8.4,7.94,10.0,8.3,8.1,10.0,9.2,7.7,8.0,9.2,7.5,9.1,8.25,8.6,6.7,8.6,7.1,6.2,7.58
4840,María Reyes Jiménez,Tecnología,Desarrollo,2025-11-04,2.0,3.8,6.2,3.8,3.2,3.74,4.7,3.7,3.3,5.1,4.27,6.0,7.9,5.4,5.8,5.6,6.26,3.9,2.4,3.2,3.6,4.8,3.42
4841,María Vázquez Romero,Finanzas,Tesorería,2025-12-06,4.7,4.2,6.0,5.5,5.2,5.03,6.4,5.8,7.6,5.5,6.26,5.7,6.5,4.2,4.3,4.4,5.19,2.9,3.6,4.4,6.0,3.7,4.08
4842,Jorge Gómez Pérez,Tecnología,Infraestructura,2025-11-08,3.4,4.0,4.0,3.7,4.8,3.93,2.8,2.4,4.4,3.4,3.17,3.4,6.3,4.4,3.1,3.6,4.31,2.8,3.2,3.0,2.5,4.5,3.05
4843,Ximena Sánchez Reyes,Marketing,Comunicación de Marca,2026-08-07,9.4,10.0,7.4,6.3,8.7,8.58,5.7,10.0,7.2,9.7,8.07,8.8,5.9,5.3,7.0,8.0,6.98,10.0,8.5,7.0,8.0,8.5,8.48
4844,Juan Torres Jiménez,Ventas,Ventas Nacionales,2026-01-23,7.4,2.9,4.2,5.6,5.3,5.05,5.5,5.3,7.4,2.8,5.16,5.8,4.1,4.5,5.5,7.1,5.26,6.0,4.0,3.0,5.2,5.7,4.71
4845,Laura López Cruz,Tecnología,Desarrollo,2026-02-09,5.3,5.2,5.5,4.5,5.3,5.2,5.0,7.6,5.2,6.1,5.96,5.4,4.7,7.0,6.1,2.9,5.28,6.7,6.7,5.7,3.2,5.5,5.68
4846,Paola Morales Sánchez,Ventas,Atención a Clientes,2026-02-06,8.7,6.4,8.5,7.4,7.3,7.68,4.8,4.5,6.9,4.5,5.07,8.4,7.6,9.2,9.0,8.2,8.42,9.2,6.7,7.5,7.7,7.3,7.74
4847,Valeria González Rodríguez,Finanzas,Contabilidad,2026-07-31,9.3,10.0,10.0,8.9,10.0,9.66,8.8,9.4,10.0,9.5,9.36,8.1,10.0,8.8,9.8,10.0,9.25,9.2,8.1,9.6,10.0,10.0,9.24
4848,Roberto Ramírez Flores,Finanzas,Auditoría Interna,2026-08-12,5.4,6.1,6.1,5.7,6.4,5.91,6.9,6.7,7.0,5.9,6.62,5.9,7.0,8.9,7.5,7.2,7.21,7.3,5.9,6.5,4.5,6.9,6.19
4849,Jorge Vázquez López,Marketing,Investigación de Mercado,2025-11-17,7.2,5.5,10.0,8.3,9.5,7.84,6.3,7.0,6.0,6.2,6.39,4.8,6.0,4.8,9.4,6.9,6.1,7.2,5.7,7.5,6.1,5.5,6.49
4850,Fernanda Cruz González,Marketing,Marketing Digital,2026-08-21,6.1,6.5,7.7,10.0,7.1,7.25,6.6,7.9,6.2,5.1,6.47,7.9,5.6,5.6,4.3,3.7,5.69,7.5,8.5,7.4,7.1,6.6,7.56
4851,Sofía Morales Martínez,Tecnología,Soporte Técnico,2025-11-13,2.4,2.7,3.0,2.0,3.7,2.73,3.8,2.2,3.5,2.4,2.99,1.7,1.3,2.3,4.3,2.3,2.2,3.0,2.1,4.1,2.8,3.6,3.01
4852,Valeria Torres González,Finanzas,Tesorería,2025-11-07,6.2,6.4,5.4,5.1,7.0,6.04,6.2,5.6,6.1,6.6,6.13,7.0,5.1,7.9,6.2,4.1,6.15,6.0,6.6,3.2,5.0,6.2,5.41
4853,Jorge Ortiz Martínez,Ventas,Ventas Internacionales,2026-01-07,7.1,8.1,9.0,7.1,8.0,7.86,8.6,8.0,7.7,7.4,7.97,10.0,10.0,9.8,10.0,8.7,9.76,8.2,7.9,8.7,9.0,9.1,8.48
4854,Sofía López Castillo,Ventas,Ventas Internacionales,2026-06-06,3.9,2.7,4.6,4.0,3.4,3.68,5.3,4.0,5.0,3.7,4.51,4.1,4.6,3.6,2.5,2.9,3.7,4.9,6.7,3.1,5.2,4.3,4.99
4855,Laura Torres Vázquez,Tecnología,Desarrollo,2026-05-05,1.6,3.5,5.6,1.7,5.5,3.47,6.2,3.4,5.2,3.2,4.55,4.5,5.6,3.3,5.7,3.5,4.57,2.2,4.5,5.5,4.9,6.0,4.36
4856,Ricardo Rodríguez García,Tecnología,Soporte Técnico,2025-12-03,5.0,4.2,4.6,5.9,4.9,4.84,5.2,7.0,6.5,5.2,5.91,3.3,7.5,6.4,5.5,6.0,5.7,7.2,7.2,8.3,5.7,4.9,6.89
4857,Andrea Sánchez González,Tecnología,Infraestructura,2025-10-02,4.0,4.0,3.1,4.7,3.8,3.9,5.3,5.5,3.5,4.2,4.72,5.1,4.4,4.0,3.3,3.5,4.2,3.3,1.9,4.4,1.6,2.9,2.79
4858,Ximena González Martínez,Finanzas,Auditoría Interna,2026-04-12,0.4,0.8,0.4,1.2,0.0,0.56,2.5,4.1,3.1,2.5,3.02,1.3,1.4,3.2,1.7,2.3,1.92,0.8,0.7,1.0,1.5,0.0,0.88
4859,Laura Jiménez Torres,Recursos Humanos,Reclutamiento,2026-06-25,6.2,4.7,5.4,6.6,8.6,6.08,5.0,3.8,4.7,3.7,4.32,6.9,5.1,5.6,4.2,5.4,5.56,5.6,4.8,5.8,6.8,7.7,5.89
4860,Alejandro González Vázquez,Tecnología,Soporte Técnico,2025-10-02,2.3,3.5,5.6,5.1,3.2,3.82,3.1,3.5,5.7,3.8,3.9,3.8,2.3,2.5,2.7,1.6,2.67,1.4,2.7,1.6,2.8,1.7,2.07
4861,Sofía Flores García,Recursos Humanos,Capacitación,2026-09-04,7.5,9.3,6.5,8.2,8.4,7.99,9.9,6.0,9.3,9.2,8.63,9.3,8.8,10.0,8.8,7.8,9.02,9.6,9.5,9.0,10.0,10.0,9.57
4862,Ximena Vázquez Rodríguez,Marketing,Comunicación de Marca,2025-11-01,9.0,9.0,9.5,10.0,10.0,9.4,10.0,8.9,9.4,8.8,9.3,8.3,8.8,9.0,9.2,9.0,8.8,7.9,7.8,9.8,7.2,7.2,8.04
4863,Carlos Reyes López,Recursos Humanos,Reclutamiento,2025-09-26,10.0,8.3,7.1,7.1,9.9,8.54,9.5,8.9,8.6,10.0,9.3,9.2,9.6,7.2,10.0,10.0,9.14,7.8,7.3,10.0,8.4,9.1,8.36
4864,Fernanda Castillo Martínez,Recursos Humanos,Capacitación,2026-06-28,5.2,5.8,5.7,4.7,3.3,5.09,5.5,6.0,4.0,3.0,4.7,5.8,6.2,5.0,4.2,2.8,5.05,5.9,3.0,5.5,4.4,3.9,4.6
4865,Valeria Ramírez Ortiz,Ventas,Ventas Internacionales,2025-11-30,6.2,3.0,5.6,2.5,5.3,4.59,7.1,5.0,4.8,5.8,5.79,7.1,6.4,7.8,4.7,9.4,7.05,7.7,6.9,6.4,6.2,5.7,6.74
4866,Ximena Sánchez Ortiz,Tecnología,Soporte Técnico,2026-04-10,7.7,5.0,4.2,3.4,4.5,5.2,5.9,4.8,3.9,4.3,4.82,5.2,3.4,1.9,5.8,6.1,4.31,3.1,1.9,2.8,4.0,4.1,3.02
4867,Gabriela Vázquez Jiménez,Operaciones,Control de Calidad,2026-03-07,5.5,4.1,4.9,4.9,2.2,4.44,3.0,4.3,2.1,5.4,3.74,6.0,4.1,5.4,6.3,4.1,5.16,7.2,7.1,6.6,5.9,7.2,6.8
4868,Ana Ortiz López,Recursos Humanos,Nómina,2025-11-05,5.4,5.8,7.8,5.2,4.8,5.86,6.4,6.5,7.2,4.9,6.21,1.4,5.3,3.3,5.5,6.4,4.12,4.5,6.0,4.6,2.8,2.3,4.33
4869,Ana Pérez Gómez,Operaciones,Logística,2026-08-12,5.4,7.5,6.3,5.7,6.0,6.24,6.0,6.5,4.9,8.1,6.43,7.9,9.1,7.7,7.3,7.0,7.94,4.8,5.2,5.2,6.0,5.7,5.31
4870,Ana García Ramírez,Marketing,Marketing Digital,2026-02-12,3.6,4.4,4.7,3.3,2.0,3.74,3.9,4.0,4.5,5.5,4.44,4.5,5.2,5.8,4.8,4.4,4.96,2.9,3.7,3.9,5.1,4.9,3.94
4871,Luis Reyes Flores,Finanzas,Auditoría Interna,2026-08-28,7.1,7.9,9.5,6.7,9.5,8.08,9.6,9.1,7.1,10.0,9.07,7.5,8.0,8.2,8.7,9.1,8.18,7.4,9.8,10.0,7.2,8.2,8.56
4872,Gabriela Pérez Rodríguez,Finanzas,Tesorería,2026-08-15,9.1,10.0,7.1,6.6,7.6,8.33,6.1,6.6,7.3,6.1,6.46,5.9,8.0,5.7,6.5,5.5,6.42,7.0,8.1,7.5,6.5,5.0,7.08
4873,Miguel Ramírez Reyes,Finanzas,Contabilidad,2026-05-17,5.5,7.3,6.7,7.3,9.3,7.03,8.1,7.1,5.7,6.9,7.07,7.3,7.4,8.1,7.8,9.2,7.84,7.1,6.5,8.1,5.7,4.7,6.63
4874,Camila Hernández Vázquez,Marketing,Marketing Digital,2025-11-08,9.5,5.9,9.8,8.2,6.6,8.03,6.2,9.4,9.3,6.6,7.72,8.6,9.4,8.7,8.0,9.6,8.88,8.5,7.7,6.6,8.2,8.2,7.83
4875,Valeria Reyes López,Operaciones,Control de Calidad,2026-04-28,9.7,9.3,8.7,7.4,8.8,8.92,9.7,10.0,7.8,10.0,9.47,9.9,9.9,7.0,6.8,8.5,8.65,8.8,10.0,10.0,8.9,10.0,9.48
4876,Mariana González Martínez,Ventas,Atención a Clientes,2026-04-07,6.3,3.1,4.4,6.0,7.1,5.2,9.2,6.0,7.7,7.4,7.65,7.2,6.0,4.0,4.6,6.4,5.75,5.9,6.1,7.1,8.4,5.4,6.64
4877,Camila Castillo López,Ventas,Ventas Nacionales,2026-07-19,10.0,8.8,9.6,10.0,10.0,9.62,9.4,7.0,8.2,5.8,7.66,9.6,10.0,8.9,10.0,9.4,9.59,8.3,9.5,8.9,10.0,10.0,9.23
4878,Diego Sánchez Vázquez,Ventas,Ventas Internacionales,2025-11-01,3.8,2.8,2.4,3.4,3.1,3.1,4.6,3.3,4.0,4.9,4.23,1.3,3.1,4.3,2.6,2.3,2.7,5.1,6.5,1.9,3.8,5.0,4.54
4879,Karla Torres Rodríguez,Marketing,Comunicación de Marca,2026-07-19,5.1,1.6,2.7,5.2,5.6,3.84,6.3,6.1,7.0,5.6,6.22,5.6,5.4,7.6,5.7,6.9,6.16,4.6,3.6,4.0,5.9,3.3,4.36
4880,Sergio Rodríguez Hernández,Operaciones,Control de Calidad,2025-10-25,5.9,5.7,9.2,5.9,5.9,6.51,5.8,5.2,6.9,5.7,5.84,6.0,3.9,5.2,5.0,7.5,5.39,5.7,6.0,7.9,5.2,5.2,6.06
4881,Andrea Castillo Sánchez,Tecnología,Desarrollo,2025-10-07,5.2,3.8,3.3,2.7,1.8,3.59,4.7,3.7,3.7,4.9,4.3,4.0,4.2,5.2,4.7,3.0,4.24,4.1,7.0,5.4,6.5,4.6,5.62
4882,Ximena Castillo Morales,Marketing,Marketing Digital,2026-08-31,2.5,1.9,3.8,3.4,1.9,2.66,4.5,4.9,5.8,5.1,5.01,5.0,2.4,4.9,3.1,2.8,3.72,5.6,4.6,1.3,5.0,1.7,3.98
4883,Sofía González Cruz,Finanzas,Contabilidad,2026-05-03,6.8,7.9,7.2,8.4,7.6,7.52,5.3,6.4,6.1,5.4,5.76,7.3,8.7,6.4,8.4,9.9,8.02,5.5,9.4,7.7,5.7,7.1,7.12
4884,Paola Castillo Torres,Ventas,Ventas Nacionales,2026-02-05,4.7,3.9,2.5,5.8,3.1,3.98,4.0,2.8,1.4,4.1,3.2,5.0,3.5,5.7,4.0,4.4,4.53,2.9,3.7,2.8,4.1,3.3,3.36
4885,Alejandro Martínez Torres,Recursos Humanos,Capacitación,2025-11-14,10.0,10.0,7.7,9.2,9.4,9.33,8.2,6.7,10.0,10.0,8.64,7.8,9.3,8.0,10.0,8.7,8.68,10.0,9.9,9.0,10.0,7.3,9.5
4886,Laura López Romero,Tecnología,Infraestructura,2026-05-15,6.5,5.3,7.3,5.8,7.6,6.42,5.8,4.6,5.9,6.7,5.74,4.6,6.2,7.0,6.0,7.6,6.14,4.2,3.6,5.6,3.8,2.5,4.08
4887,María Torres Castillo,Ventas,Ventas Nacionales,2026-05-28,6.1,8.3,3.7,6.7,3.5,5.87,5.7,3.8,5.1,7.7,5.6,6.0,5.5,3.2,4.2,3.9,4.73,4.3,6.4,4.9,4.7,3.4,4.93
4888,Paola Martínez Pérez,Ventas,Ventas Internacionales,2025-10-15,8.8,8.2,8.5,8.5,10.0,8.72,5.2,10.0,5.1,7.2,6.88,9.9,8.6,10.0,9.1,8.3,9.24,10.0,8.4,8.6,9.5,9.3,9.15
4889,María Reyes Romero,Recursos Humanos,Nómina,2025-11-10,7.9,8.0,7.9,8.0,7.4,7.86,7.3,7.5,5.6,5.4,6.54,6.5,5.7,7.1,3.2,5.9,5.83,6.5,8.9,7.5,7.7,7.5,7.64
4890,Daniela Torres Ramírez,Tecnología,Infraestructura,2026-07-21,9.5,6.5,5.2,6.3,7.6,7.12,5.4,5.6,4.2,5.5,5.24,4.9,6.7,5.0,6.4,3.2,5.34,5.0,5.4,8.8,4.6,9.2,6.2
4891,Sofía Pérez Martínez,Recursos Humanos,Nómina,2026-03-11,6.0,6.2,8.1,7.4,4.2,6.41,5.6,4.6,5.7,4.6,5.12,5.3,7.3,7.5,6.2,4.8,6.3,6.3,4.6,4.6,7.5,7.0,5.84
4892,Jorge Sánchez Morales,Finanzas,Auditoría Interna,2025-11-28,5.9,4.7,6.7,7.2,5.4,5.88,7.0,6.5,4.1,7.8,6.5,6.8,7.1,5.9,4.6,6.1,6.26,7.7,6.9,7.2,6.0,4.9,6.78
4893,Carlos Cruz Vázquez,Marketing,Comunicación de Marca,2026-04-04,8.3,6.0,7.6,7.6,9.5,7.66,9.3,7.5,10.0,7.2,8.46,4.7,8.2,6.8,9.1,8.5,7.22,8.0,7.2,7.7,6.7,8.6,7.54
4894,Laura Ramírez Ortiz,Tecnología,Soporte Técnico,2025-11-11,6.7,7.7,5.6,5.7,4.6,6.26,7.2,7.4,4.4,9.0,7.14,7.4,9.7,8.4,8.0,6.9,8.19,5.2,7.4,5.1,6.9,5.1,6.06
4895,Andrea Cruz Morales,Recursos Humanos,Capacitación,2025-11-20,6.4,7.4,7.9,4.7,6.8,6.76,6.0,8.3,7.7,9.0,7.66,6.7,5.8,7.7,5.9,6.2,6.48,7.0,5.9,7.3,6.7,7.6,6.78
4896,Gabriela Gómez Cruz,Finanzas,Contabilidad,2026-04-08,7.3,5.8,4.8,5.0,5.9,5.87,9.4,9.7,9.0,9.2,9.34,6.4,9.1,8.8,8.5,7.6,8.05,6.6,6.0,8.4,8.5,7.5,7.28
4897,Laura Castillo Torres,Tecnología,Infraestructura,2025-12-09,8.2,3.0,5.1,7.5,4.8,5.66,6.7,8.2,4.9,5.7,6.46,6.7,5.7,6.8,5.8,7.1,6.4,4.1,2.9,6.1,6.2,3.5,4.56
4898,Alejandro González Torres,Ventas,Ventas Internacionales,2025-11-21,7.9,9.8,10.0,8.5,9.2,9.08,10.0,9.1,7.5,10.0,9.28,9.0,10.0,8.8,10.0,7.3,9.1,9.0,7.8,8.6,8.7,10.0,8.66
4899,Diego Torres Romero,Finanzas,Contabilidad,2026-08-27,8.8,6.5,7.8,8.5,8.5,7.94,8.0,7.1,8.5,8.3,7.95,7.0,8.2,8.1,7.6,8.4,7.82,7.7,10.0,6.5,8.1,7.9,8.14
4900,Diego Reyes García,Finanzas,Contabilidad,2025-12-30,5.5,4.3,5.1,4.4,4.5,4.8,5.8,6.4,6.6,8.4,6.76,7.4,3.5,6.1,5.3,4.0,5.34,5.3,5.6,5.0,5.5,6.8,5.5
4901,Alejandro García Ortiz,Tecnología,Soporte Técnico,2025-12-13,4.2,4.0,3.9,4.0,3.2,3.91,2.7,4.8,2.4,4.3,3.56,3.9,2.4,2.7,4.9,4.8,3.57,4.4,6.5,3.2,4.4,4.6,4.7
4902,Alejandro Cruz Pérez,Marketing,Marketing Digital,2026-08-25,5.9,4.6,3.7,5.2,5.6,4.99,5.0,6.0,5.7,5.6,5.54,6.5,7.2,6.9,6.5,6.2,6.71,6.1,5.5,3.0,5.5,4.6,5.06
4903,Sofía Castillo García,Operaciones,Producción,2025-12-18,6.7,7.6,8.8,6.8,7.1,7.42,9.2,6.5,7.1,8.6,7.96,8.8,8.3,7.8,6.3,6.2,7.71,7.5,6.4,7.7,8.0,9.4,7.56
4904,Raúl Jiménez López,Tecnología,Soporte Técnico,2026-07-24,7.5,7.8,8.9,8.7,6.4,7.87,9.1,5.6,6.7,6.3,7.04,7.0,10.0,8.9,8.0,8.9,8.57,8.3,9.5,10.0,8.3,9.3,9.04
4905,Juan González Martínez,Operaciones,Logística,2026-06-01,8.5,8.5,8.9,8.6,8.5,8.6,6.7,7.4,6.2,8.1,7.12,9.6,8.8,6.2,9.1,9.0,8.56,10.0,9.8,9.0,9.4,10.0,9.63
4906,Andrea Torres Vázquez,Recursos Humanos,Capacitación,2025-12-24,5.2,2.0,3.0,3.0,4.6,3.54,3.7,3.7,5.1,4.6,4.2,3.0,4.1,2.8,4.3,4.8,3.7,3.1,5.5,3.9,4.2,4.9,4.26
4907,Andrea Rodríguez Sánchez,Operaciones,Control de Calidad,2026-03-24,7.1,8.2,7.5,4.8,8.2,7.27,6.0,7.6,5.7,8.0,6.84,6.6,8.3,6.1,5.8,5.3,6.61,6.8,7.6,6.4,6.7,8.4,7.06
4908,Ana Ramírez Vázquez,Marketing,Investigación de Mercado,2026-04-26,8.0,5.2,7.1,7.0,7.6,6.91,9.8,10.0,6.9,10.0,9.32,8.0,9.2,8.1,8.2,9.0,8.5,7.7,9.0,8.4,7.9,7.8,8.22
4909,Ricardo Sánchez Jiménez,Recursos Humanos,Capacitación,2026-07-19,4.0,3.2,4.4,2.9,4.0,3.72,3.5,4.3,3.9,1.3,3.23,3.9,4.7,3.4,1.3,1.7,3.28,2.8,3.6,3.4,5.5,2.1,3.59
4910,María López Ortiz,Marketing,Investigación de Mercado,2026-02-10,7.8,8.8,7.3,6.9,6.7,7.65,6.7,7.9,6.9,6.5,6.99,8.8,8.7,8.5,8.5,9.5,8.78,9.4,7.7,7.3,9.3,7.2,8.32
4911,Paola Reyes Torres,Ventas,Atención a Clientes,2026-01-13,7.2,4.7,4.5,6.1,3.2,5.27,8.5,7.0,5.6,8.7,7.6,7.0,6.7,7.9,5.8,6.3,6.82,7.3,7.4,9.4,6.9,8.2,7.76
4912,Jorge Hernández García,Finanzas,Auditoría Interna,2026-08-09,8.9,9.1,10.0,8.1,9.3,9.11,10.0,9.3,9.7,9.3,9.59,8.1,9.7,7.6,8.8,9.7,8.74,10.0,10.0,10.0,9.1,10.0,9.82
4913,María Vázquez Pérez,Marketing,Investigación de Mercado,2025-10-22,7.0,7.1,9.4,9.6,9.0,8.2,10.0,8.2,9.9,7.0,8.78,7.6,8.8,8.3,10.0,8.9,8.59,8.4,7.5,6.6,7.9,9.3,7.8
4914,Raúl Hernández Vázquez,Operaciones,Control de Calidad,2026-07-25,7.3,5.8,4.6,6.6,8.1,6.4,4.1,3.9,3.7,4.6,4.1,8.5,6.5,8.4,8.3,5.6,7.52,3.9,5.3,4.3,4.8,5.7,4.69
4915,Ricardo Sánchez Flores,Marketing,Investigación de Mercado,2026-03-23,2.4,3.0,5.1,3.0,4.1,3.44,1.8,2.7,2.5,2.9,2.44,4.8,4.6,5.1,4.3,4.2,4.64,5.7,4.6,2.4,7.2,5.0,5.0
4916,Daniela Flores Morales,Tecnología,Desarrollo,2026-08-07,6.2,5.7,3.7,4.7,7.0,5.47,6.4,7.1,4.7,5.3,5.96,4.5,4.2,6.7,5.7,4.6,5.06,5.4,5.2,7.2,6.9,5.5,6.02
4917,Sofía Reyes Torres,Finanzas,Auditoría Interna,2026-01-05,2.3,3.6,2.0,1.7,1.4,2.34,4.5,1.8,1.1,3.7,2.94,3.1,3.8,1.2,2.0,3.2,2.74,4.3,4.5,2.7,3.7,6.0,4.08
4918,Miguel Martínez Torres,Operaciones,Control de Calidad,2026-01-24,6.4,5.6,3.6,5.3,5.9,5.4,4.8,7.6,7.7,7.0,6.63,6.6,7.5,6.2,5.0,7.3,6.61,5.1,5.4,6.7,6.2,6.4,5.85
4919,Francisco Morales López,Recursos Humanos,Nómina,2026-05-14,5.4,7.4,7.9,5.2,6.6,6.55,7.2,5.3,7.4,4.8,6.17,4.4,5.9,5.1,5.2,5.6,5.22,5.3,7.5,6.6,5.3,6.1,6.19
4920,José Romero López,Tecnología,Desarrollo,2026-04-12,6.6,7.2,6.1,5.9,7.5,6.68,5.2,5.3,4.5,7.1,5.56,6.9,4.6,6.1,5.6,6.0,5.83,4.8,4.5,4.1,5.3,5.5,4.76
4921,Valeria Jiménez García,Operaciones,Control de Calidad,2026-06-23,5.2,4.6,6.9,5.3,4.8,5.34,5.0,5.7,4.9,3.9,4.88,4.1,4.3,5.2,5.2,5.0,4.67,4.0,6.3,7.5,5.8,5.3,5.76
4922,Laura García Hernández,Operaciones,Logística,2026-07-27,2.9,3.7,0.9,4.1,4.1,3.06,3.1,6.9,6.0,6.1,5.38,5.6,4.7,6.3,5.7,3.4,5.2,5.6,4.4,4.7,3.3,5.0,4.6
4923,Daniela Rodríguez Torres,Marketing,Investigación de Mercado,2025-12-06,2.7,3.9,1.4,1.1,3.2,2.58,3.4,2.5,1.4,5.6,3.32,3.5,3.9,4.9,3.6,3.0,3.82,1.4,3.4,2.3,3.1,2.6,2.54
4924,Ximena Ortiz Gómez,Finanzas,Contabilidad,2025-10-21,7.9,8.1,8.8,9.9,8.1,8.46,7.6,7.5,7.5,7.3,7.48,9.3,7.0,6.7,6.2,8.3,7.59,7.2,6.7,5.8,7.3,7.1,6.8
4925,José Gómez Jiménez,Finanzas,Auditoría Interna,2026-02-03,7.6,8.3,7.8,8.2,7.4,7.88,9.3,9.5,9.3,7.6,8.93,6.5,7.6,5.6,7.8,5.9,6.7,6.9,5.2,9.0,9.1,7.2,7.36
4926,Carlos Rodríguez García,Ventas,Ventas Nacionales,2026-07-29,10.0,7.7,9.8,8.2,9.8,9.08,7.7,7.1,7.9,9.7,8.09,9.2,9.5,8.6,10.0,9.9,9.38,7.9,7.5,7.0,8.0,8.2,7.67
4927,Sergio Reyes Torres,Ventas,Atención a Clientes,2026-02-15,8.6,6.9,6.1,8.8,8.0,7.62,5.9,8.3,8.6,6.8,7.26,6.0,7.9,5.8,7.5,6.5,6.74,8.2,8.8,6.9,7.6,7.1,7.86
4928,Gabriela González Hernández,Recursos Humanos,Reclutamiento,2025-09-11,5.6,4.1,2.7,4.4,4.2,4.26,1.7,4.4,5.0,2.9,3.34,6.2,1.3,4.8,5.5,1.9,3.94,4.7,4.7,3.6,4.2,4.3,4.34
4929,Ana Vázquez Ramírez,Tecnología,Infraestructura,2025-12-13,7.2,5.8,6.6,7.2,4.9,6.39,7.9,6.7,7.4,6.1,7.05,5.9,5.9,5.2,4.8,4.3,5.36,4.5,5.7,5.9,7.0,5.6,5.69
4930,Juan Reyes García,Operaciones,Control de Calidad,2026-07-28,4.7,4.6,5.6,5.5,4.7,4.98,4.4,3.9,5.3,4.8,4.56,4.5,5.2,7.5,5.5,5.3,5.54,6.7,6.4,5.9,5.8,7.8,6.4
4931,Ana Romero Castillo,Recursos Humanos,Nómina,2026-02-07,5.8,6.4,6.5,8.2,5.6,6.42,6.6,5.8,5.3,6.4,6.09,7.6,7.0,7.2,5.7,6.8,6.96,5.3,8.1,6.8,6.0,5.2,6.43
4932,Andrea García Sánchez,Tecnología,Desarrollo,2026-05-15,8.9,8.1,7.9,8.4,7.9,8.28,9.9,7.9,5.8,7.1,7.88,7.9,5.2,8.8,8.4,6.8,7.32,8.0,6.7,7.5,8.5,7.3,7.6
4933,Andrea González Torres,Operaciones,Control de Calidad,2026-02-13,8.7,8.1,8.1,7.9,5.2,7.78,7.5,7.6,6.4,8.3,7.51,7.7,5.8,4.7,6.5,7.8,6.46,5.4,4.0,6.8,3.7,2.8,4.73
4934,Carlos González Romero,Ventas,Atención a Clientes,2026-06-23,2.9,3.5,4.6,3.0,4.5,3.64,3.9,5.9,4.9,5.2,4.92,3.8,5.8,3.3,6.0,3.6,4.5,5.9,3.7,5.2,6.3,5.0,5.2
4935,Carlos Hernández Flores,Finanzas,Auditoría Interna,2025-11-30,2.2,4.3,3.1,1.8,5.1,3.28,4.6,2.9,4.1,3.7,3.85,2.8,3.6,4.5,5.7,2.4,3.72,1.1,3.1,3.3,3.9,2.5,2.74
4936,Camila Gómez Ortiz,Recursos Humanos,Nómina,2026-03-08,7.8,5.9,7.3,5.7,6.3,6.68,6.8,5.7,6.4,6.4,6.35,7.5,6.9,5.5,6.1,7.9,6.8,8.1,9.4,7.5,8.6,7.5,8.34
4937,Alejandro Rodríguez Flores,Finanzas,Contabilidad,2026-09-02,6.6,5.7,9.4,7.4,5.5,6.89,4.2,4.9,6.1,3.9,4.68,4.2,5.1,5.1,4.4,5.5,4.83,7.5,5.4,6.8,6.0,5.6,6.34
4938,José Morales Flores,Marketing,Investigación de Mercado,2026-05-21,8.0,5.4,7.1,6.1,7.5,6.81,6.3,7.8,8.0,6.7,7.11,6.6,7.0,8.6,6.1,7.1,7.1,8.0,7.8,6.0,5.7,7.0,6.99
4939,José Pérez Castillo,Recursos Humanos,Reclutamiento,2025-12-15,2.7,6.1,5.5,3.4,4.3,4.46,1.3,1.1,2.0,2.7,1.74,3.8,5.7,5.0,4.4,2.3,4.38,2.8,5.3,4.2,5.2,5.2,4.43
4940,Pedro Sánchez Ortiz,Ventas,Ventas Nacionales,2026-02-09,8.7,9.3,7.0,9.7,10.0,8.86,9.1,10.0,9.4,9.4,9.46,9.5,8.9,9.9,8.8,9.1,9.26,9.0,9.2,8.3,8.0,8.6,8.67
4941,Diego Gómez Jiménez,Recursos Humanos,Reclutamiento,2025-12-14,5.1,8.9,6.4,7.0,6.8,6.85,6.8,5.8,6.0,6.8,6.39,6.3,7.1,5.8,5.7,6.1,6.28,4.4,7.3,7.5,6.0,6.5,6.28
4942,Raúl Gómez Jiménez,Operaciones,Logística,2026-07-23,6.1,7.6,8.4,7.7,7.8,7.43,7.5,7.8,8.6,8.3,8.0,6.4,6.8,5.2,8.3,9.2,6.96,7.5,8.6,7.6,9.0,8.2,8.16
4943,Raúl González Morales,Finanzas,Auditoría Interna,2026-03-22,4.1,5.4,4.0,3.2,4.0,4.26,3.1,3.6,3.0,3.4,3.28,3.5,1.8,4.4,4.4,6.3,3.81,4.2,4.1,1.1,5.5,4.1,3.81
4944,Valeria Morales Hernández,Tecnología,Desarrollo,2025-10-24,8.2,5.5,1.7,4.2,2.9,4.83,4.8,9.1,6.3,4.2,6.02,3.1,4.9,6.0,5.9,3.3,4.58,5.0,6.4,8.0,7.3,4.9,6.4
4945,Pedro Romero Reyes,Finanzas,Contabilidad,2026-03-12,3.4,2.6,3.7,4.5,4.1,3.53,2.4,3.3,5.9,5.1,4.0,3.7,5.7,6.0,4.0,5.3,4.94,2.8,3.7,2.3,4.7,1.3,3.16
4946,Gabriela Ortiz Vázquez,Recursos Humanos,Capacitación,2025-12-15,7.7,6.4,5.0,5.2,6.3,6.25,6.2,9.6,7.1,6.6,7.33,7.1,7.8,5.4,4.9,6.8,6.56,3.9,5.3,5.4,7.1,4.6,5.26
4947,Ximena Reyes Torres,Operaciones,Producción,2025-11-28,5.3,5.3,5.3,5.9,6.9,5.63,4.1,5.0,5.5,2.8,4.28,6.0,6.3,5.6,4.1,8.4,6.07,2.1,4.3,5.9,3.1,3.3,3.73
4948,Fernanda Martínez Reyes,Ventas,Ventas Internacionales,2025-10-26,9.6,9.8,7.2,9.4,9.8,9.17,9.8,8.3,7.7,9.1,8.83,9.8,10.0,10.0,9.4,10.0,9.86,9.5,10.0,9.6,10.0,10.0,9.8
4949,Ximena Reyes Gómez,Finanzas,Auditoría Interna,2026-05-27,8.7,10.0,7.9,10.0,10.0,9.25,7.1,7.7,7.9,8.3,7.71,9.4,10.0,10.0,9.9,9.7,9.79,10.0,6.9,8.9,10.0,9.0,8.9
4950,Gabriela Rodríguez Hernández,Finanzas,Auditoría Interna,2026-02-24,7.7,6.9,6.8,4.9,6.9,6.78,6.8,7.5,7.6,5.7,6.86,5.3,6.9,7.0,7.3,6.8,6.56,6.6,6.5,8.0,9.2,6.5,7.36
4951,Paola Flores Ortiz,Recursos Humanos,Nómina,2026-01-13,4.2,5.3,3.0,4.0,4.4,4.24,2.9,3.4,4.0,3.9,3.5,1.6,3.4,4.8,3.4,4.2,3.35,7.1,6.0,3.4,1.7,3.2,4.62
4952,Daniela Hernández López,Ventas,Ventas Internacionales,2025-11-30,8.0,7.5,7.3,7.4,5.9,7.33,5.9,6.2,6.4,6.4,6.2,7.1,8.1,6.9,7.2,5.3,7.06,3.2,4.5,4.3,5.5,4.6,4.35
4953,Diego Romero Romero,Operaciones,Control de Calidad,2026-03-16,7.5,9.8,6.6,7.2,8.6,8.02,7.1,7.5,6.5,8.6,7.46,5.5,6.7,5.0,5.6,4.5,5.56,4.5,6.4,6.1,5.1,7.3,5.7
4954,Gabriela Morales Gómez,Tecnología,Desarrollo,2026-05-08,7.1,5.8,5.2,7.1,5.8,6.2,6.8,6.7,6.0,6.4,6.52,4.9,5.4,5.6,4.8,4.5,5.09,6.2,4.2,6.5,6.4,5.1,5.69
4955,María Romero Sánchez,Marketing,Marketing Digital,2025-09-11,3.8,4.2,6.0,5.5,3.6,4.57,7.1,6.6,6.5,4.3,6.16,4.4,4.9,3.0,4.4,4.4,4.24,6.0,3.3,6.4,6.1,6.5,5.48
4956,Ana González Gómez,Recursos Humanos,Capacitación,2026-06-17,3.9,5.3,6.5,4.0,3.8,4.77,4.4,3.1,3.3,3.1,3.53,7.6,4.8,7.3,6.3,6.3,6.45,4.5,5.7,6.2,4.5,3.9,5.08
4957,Sergio Reyes Hernández,Finanzas,Contabilidad,2025-10-26,6.9,5.4,5.8,4.1,5.9,5.74,6.5,8.4,8.5,7.2,7.55,6.4,7.7,5.8,7.7,8.0,7.04,5.4,6.5,7.2,6.7,6.5,6.4
4958,José Flores López,Recursos Humanos,Nómina,2026-06-26,1.0,3.8,2.8,2.3,3.1,2.57,2.6,0.9,3.3,1.0,1.92,3.9,2.8,4.6,4.3,2.2,3.57,3.2,3.8,3.4,2.7,1.3,3.1
4959,Sofía López Reyes,Marketing,Marketing Digital,2026-08-06,5.5,7.8,4.9,2.6,4.5,5.37,6.2,7.8,8.4,4.6,6.64,8.0,7.6,6.1,8.6,8.6,7.7,9.1,6.6,7.7,9.1,7.7,8.06
4960,Paola Hernández Vázquez,Ventas,Atención a Clientes,2026-05-21,7.2,7.4,9.4,7.4,6.6,7.63,7.8,9.2,8.8,5.9,7.88,3.9,5.5,5.5,8.4,5.5,5.54,5.9,5.0,5.8,7.9,5.2,5.98
4961,Alejandro Martínez Torres,Tecnología,Infraestructura,2025-09-25,5.1,2.8,4.5,5.8,4.3,4.39,6.5,5.6,6.8,4.5,5.84,6.5,7.1,5.7,5.7,4.0,5.99,4.9,4.8,4.5,5.1,5.0,4.84
4962,Roberto Jiménez Romero,Tecnología,Infraestructura,2026-07-06,8.4,4.5,6.2,6.8,5.7,6.34,6.4,5.9,6.7,3.9,5.71,8.3,6.9,6.6,6.2,7.0,7.1,4.2,3.6,5.2,4.3,5.0,4.35
4963,Sofía García Gómez,Ventas,Ventas Nacionales,2026-03-13,8.6,8.9,6.7,8.6,8.7,8.31,7.9,8.6,7.4,8.4,8.1,7.5,6.2,7.0,9.2,7.5,7.33,7.6,6.3,8.4,7.5,7.4,7.4
4964,Andrea Pérez González,Tecnología,Desarrollo,2026-07-08,2.8,6.5,3.1,2.0,4.2,3.88,4.8,3.7,2.8,4.0,3.92,3.0,5.4,4.9,3.7,5.1,4.4,4.7,5.2,4.5,2.9,4.0,4.36
4965,Andrea Reyes López,Finanzas,Auditoría Interna,2026-06-23,10.0,5.6,7.4,6.9,6.5,7.39,6.4,6.1,8.0,9.5,7.42,8.4,7.1,8.1,9.1,7.5,7.98,7.2,10.0,8.0,9.7,8.5,8.69
4966,Diego González Ortiz,Recursos Humanos,Nómina,2026-01-19,6.6,8.1,6.3,6.5,6.4,6.87,9.3,7.5,7.1,9.3,8.41,8.6,9.6,8.5,8.0,10.0,8.95,6.0,10.0,7.0,8.3,7.1,7.77
4967,Juan Gómez Castillo,Finanzas,Contabilidad,2026-01-30,8.8,7.8,5.8,6.5,6.6,7.28,7.1,6.4,6.2,5.5,6.35,6.3,4.7,3.8,1.6,5.3,4.54,4.4,5.5,6.4,5.4,5.1,5.35
4968,Karla Morales Torres,Tecnología,Desarrollo,2026-01-24,8.3,7.6,6.1,5.1,6.6,6.95,5.5,5.0,5.3,7.1,5.74,8.2,5.5,6.1,7.0,6.9,6.73,5.5,6.1,6.5,6.1,4.8,5.9
4969,Miguel Romero García,Recursos Humanos,Nómina,2025-12-27,8.7,9.6,8.5,9.7,10.0,9.23,10.0,9.3,10.0,9.3,9.65,8.9,9.8,9.1,7.8,8.2,8.9,9.3,8.9,9.0,7.3,7.6,8.57
4970,Karla Flores García,Recursos Humanos,Reclutamiento,2026-04-29,5.5,6.7,4.5,5.9,4.3,5.48,7.0,3.6,6.9,5.5,5.76,5.1,5.5,5.6,5.8,6.3,5.58,5.1,3.4,4.2,5.4,5.4,4.58
4971,Juan Jiménez Morales,Ventas,Ventas Internacionales,2026-04-18,3.2,6.4,6.0,5.4,4.1,5.03,5.1,5.1,6.0,7.2,5.8,6.4,5.0,6.0,4.4,6.3,5.66,4.1,6.0,5.8,6.2,5.0,5.42
4972,Diego Ramírez Ortiz,Tecnología,Desarrollo,2026-01-03,4.7,5.2,4.8,6.7,7.4,5.55,4.2,5.7,7.4,4.5,5.29,5.0,4.9,7.3,6.8,6.5,5.93,7.3,7.0,6.5,4.7,4.6,6.28
4973,Laura López López,Operaciones,Producción,2026-01-19,8.5,9.2,6.8,9.0,7.2,8.22,8.8,10.0,9.7,6.7,8.76,8.1,9.4,10.0,9.0,10.0,9.22,10.0,10.0,7.4,8.1,9.8,9.08
4974,Paola Torres Castillo,Ventas,Atención a Clientes,2025-09-10,9.4,8.4,7.7,9.0,7.8,8.51,6.6,8.7,7.2,8.0,7.6,6.9,9.0,9.5,7.6,8.6,8.3,9.3,6.9,9.7,8.2,9.2,8.55
4975,Daniela Pérez Ramírez,Ventas,Atención a Clientes,2026-03-30,2.9,5.2,4.0,2.3,5.7,4.03,6.4,6.0,4.7,6.1,5.88,6.1,5.0,5.7,6.0,4.7,5.52,3.5,4.1,5.2,3.6,6.4,4.3
4976,Sofía García Vázquez,Ventas,Ventas Internacionales,2025-12-29,8.5,5.9,6.8,9.9,8.0,7.64,8.6,8.7,7.0,7.6,8.06,8.2,10.0,8.0,7.8,8.6,8.61,7.8,8.1,6.1,9.6,9.0,8.01
4977,Laura Rodríguez Cruz,Marketing,Marketing Digital,2025-11-16,6.7,7.9,10.0,8.7,8.9,8.29,10.0,9.6,9.3,10.0,9.76,10.0,10.0,10.0,10.0,10.0,10.0,10.0,9.6,10.0,10.0,10.0,9.9
4978,Paola Romero Jiménez,Finanzas,Contabilidad,2025-11-25,3.6,2.7,2.2,0.8,1.7,2.39,3.3,0.1,0.7,2.8,1.85,3.9,0.6,4.2,1.9,3.5,2.78,3.0,0.9,4.0,1.9,3.3,2.48
4979,Raúl Martínez Pérez,Recursos Humanos,Nómina,2026-01-25,5.1,4.5,4.6,2.9,4.0,4.35,3.3,3.4,4.1,2.6,3.31,2.8,4.3,5.6,3.5,3.8,3.99,3.7,2.9,3.9,4.2,6.0,3.87
4980,Ricardo Morales Flores,Ventas,Ventas Nacionales,2026-06-02,8.7,7.8,9.7,10.0,9.4,8.98,9.1,8.7,8.2,9.1,8.82,8.8,10.0,8.7,10.0,7.8,9.11,7.6,7.0,7.7,9.5,8.3,7.92
4981,Sofía López Flores,Recursos Humanos,Nómina,2026-04-27,4.1,4.8,5.3,5.8,5.5,4.98,5.8,6.4,6.0,7.5,6.42,7.6,6.6,6.0,6.3,5.6,6.54,6.5,4.3,6.8,6.0,5.9,5.85
4982,Sofía Hernández Hernández,Ventas,Atención a Clientes,2026-07-28,1.0,2.1,3.2,3.3,1.1,2.07,2.1,0.2,3.2,1.8,1.77,3.3,4.1,3.1,1.4,1.5,2.9,2.5,1.0,1.3,2.2,0.9,1.67
4983,Ricardo Gómez Castillo,Ventas,Atención a Clientes,2026-01-30,4.8,7.2,7.6,6.7,4.5,6.2,6.0,6.8,5.3,5.4,5.91,7.3,7.4,7.8,7.8,8.1,7.62,7.1,6.7,4.7,7.2,6.5,6.48
4984,Karla Romero Pérez,Operaciones,Control de Calidad,2025-09-16,7.5,6.9,5.2,6.7,7.7,6.8,9.6,7.2,7.7,7.0,7.97,7.7,8.3,8.2,6.7,9.0,7.99,6.0,6.5,8.1,7.9,5.9,6.92
4985,Roberto Martínez Ortiz,Recursos Humanos,Nómina,2026-01-07,4.3,2.8,6.8,2.7,6.1,4.46,6.1,5.5,5.2,4.7,5.42,5.9,5.7,4.6,2.8,3.3,4.74,5.4,3.2,2.7,4.7,3.6,3.99
4986,Andrea Martínez Gómez,Recursos Humanos,Capacitación,2026-06-20,2.6,3.6,3.0,3.3,4.6,3.34,5.0,3.2,2.1,4.4,3.82,2.6,4.3,3.7,4.2,1.7,3.35,2.3,2.8,4.2,3.4,3.9,3.19
4987,Gabriela Ramírez Flores,Recursos Humanos,Capacitación,2026-01-18,8.8,10.0,10.0,10.0,10.0,9.7,8.5,7.0,10.0,9.3,8.62,9.3,7.8,9.2,8.4,9.8,8.85,9.7,9.2,10.0,8.0,9.9,9.32
4988,Ricardo Romero Gómez,Tecnología,Desarrollo,2026-07-09,7.8,7.2,5.8,6.2,6.4,6.8,5.6,5.9,7.4,6.0,6.14,6.0,5.1,4.9,6.1,5.8,5.54,4.4,6.4,6.4,7.7,6.6,6.18
4989,María García Pérez,Recursos Humanos,Nómina,2026-03-05,2.9,6.0,4.5,5.3,5.8,4.79,5.9,8.0,7.0,7.6,7.07,6.0,6.4,5.2,5.4,4.9,5.69,5.4,6.1,3.4,6.8,3.9,5.3
4990,Paola Ramírez Martínez,Finanzas,Tesorería,2026-04-11,7.9,10.0,9.8,10.0,10.0,9.43,9.4,6.8,8.7,9.6,8.66,7.6,9.1,7.7,10.0,8.2,8.44,9.6,8.9,8.5,10.0,8.4,9.16
4991,Jorge Morales Martínez,Recursos Humanos,Capacitación,2025-09-22,6.0,6.0,5.1,6.5,5.6,5.83,5.5,3.8,5.8,5.7,5.18,6.7,6.0,5.0,5.5,6.0,5.9,3.9,5.4,5.6,5.8,7.5,5.36
4992,Valeria Ramírez Romero,Marketing,Marketing Digital,2026-07-14,9.4,10.0,9.6,9.7,9.4,9.64,10.0,7.8,10.0,8.9,9.18,10.0,10.0,8.1,7.0,10.0,9.17,8.7,10.0,8.8,9.4,8.6,9.18
4993,Roberto Gómez Pérez,Ventas,Ventas Internacionales,2026-06-29,4.7,7.1,7.7,6.7,6.4,6.46,6.2,8.0,6.0,6.5,6.68,4.5,6.4,8.1,5.6,4.6,5.88,7.4,6.4,6.6,7.9,6.9,7.04
4994,Gabriela Castillo Jiménez,Marketing,Comunicación de Marca,2026-08-08,8.9,8.9,7.3,8.2,6.5,8.12,10.0,8.6,8.6,8.2,8.92,10.0,10.0,10.0,10.0,10.0,10.0,7.9,9.9,8.6,9.2,9.5,8.96
4995,Francisco Ortiz Rodríguez,Finanzas,Auditoría Interna,2026-03-09,9.2,8.2,7.2,7.7,7.5,8.07,7.5,8.0,6.7,8.9,7.82,9.2,7.2,7.0,9.0,8.0,8.05,5.8,6.4,7.0,9.7,7.5,7.14
4996,Andrea Jiménez Hernández,Operaciones,Logística,2026-06-08,1.6,2.2,2.0,1.8,2.3,1.96,2.5,3.7,3.2,0.2,2.37,3.0,3.9,3.7,4.9,3.4,3.71,2.0,1.2,3.7,3.4,5.0,2.72
4997,Mariana López Sánchez,Ventas,Ventas Internacionales,2026-03-05,1.0,2.6,3.8,1.5,0.5,1.96,1.7,2.0,3.1,3.3,2.46,1.4,2.5,2.4,1.7,1.7,1.96,3.4,3.3,2.2,2.1,1.0,2.64
4998,Mariana Morales Jiménez,Finanzas,Auditoría Interna,2026-03-16,1.9,3.8,4.4,3.3,3.4,3.31,1.2,3.1,2.5,2.9,2.36,4.9,2.5,4.3,5.5,6.0,4.44,4.2,3.5,2.7,2.5,4.3,3.4
4999,Mariana Ortiz Rodríguez,Finanzas,Contabilidad,2026-02-14,6.3,4.6,7.3,6.4,7.7,6.3,6.1,4.6,6.5,7.9,6.25,5.8,6.6,5.7,5.1,5.0,5.76,9.3,5.9,6.8,5.3,5.7,6.79
5000,Ximena Pérez Morales,Operaciones,Producción,2025-10-03,8.2,7.3,9.5,10.0,8.4,8.54,8.4,10.0,9.7,10.0,9.46,8.9,7.2,6.5,10.0,8.6,8.12,10.0,8.9,8.8,8.2,9.2,9.04
