id_empleado,nombre_completo,area,departamento,fecha_evaluacion,com_claridad_expresion,com_escucha_activa,com_comunicacion_escrita,com_retroalimentacion,com_adaptacion_audiencia,com_score,col_trabajo_equipo,col_cumplimiento_compromisos,col_disposicion_ayudar,col_contribucion_grupal,col_score,lid_toma_decisiones,lid_motivacion_equipo,lid_delegacion,lid_responsabilidad,lid_vision_estrategica,lid_score,res_analisis_situacion,res_pensamiento_critico,res_creatividad_soluciones,res_efectividad_solucion,res_tiempo_resolucion,res_score
1,Juan Vázquez Jiménez,Ventas,Ventas Nacionales,2025-10-10,6.3,5.3,4.2,5.4,5.2,5.33,4.3,4.8,6.1,5.5,5.08,5.9,4.1,5.0,5.5,4.7,5.03,4.7,4.2,4.2,5.0,5.1,4.58
2,Ricardo Cruz Gómez,Tecnología,Infraestructura,2025-12-13,1.7,2.7,1.7,5.0,4.0,2.79,2.6,3.3,2.4,2.1,2.61,2.0,3.4,4.2,2.2,2.7,2.93,1.9,3.6,3.1,3.4,2.7,2.94
3,Juan Jiménez González,Tecnología,Desarrollo,2026-04-09,6.0,6.7,7.3,7.1,8.0,6.9,8.4,7.4,6.6,5.1,6.96,1.6,4.3,4.3,2.2,2.3,3.01,6.4,5.3,4.0,3.3,5.8,4.96
4,Juan Rodríguez Romero,Recursos Humanos,Nómina,2026-08-09,10.0,7.9,9.8,10.0,10.0,9.43,10.0,10.0,10.0,10.0,10.0,10.0,9.2,9.5,8.7,10.0,9.51,10.0,10.0,9.9,10.0,10.0,9.98
5,Francisco Vázquez Torres,Tecnología,Soporte Técnico,2026-07-14,7.0,6.5,4.9,6.7,7.3,6.46,5.2,5.5,6.6,4.4,5.36,7.8,6.7,7.1,8.5,4.8,7.04,6.2,5.8,7.5,5.5,5.8,6.18
6,Sergio Rodríguez López,Marketing,Marketing Digital,2026-06-11,3.6,5.2,3.6,5.0,4.0,4.27,2.8,2.6,2.8,3.9,3.02,3.3,3.6,0.0,3.7,4.9,3.02,3.7,2.3,4.0,4.7,3.2,3.56
7,Mariana Flores Rodríguez,Operaciones,Producción,2026-04-12,8.2,5.8,8.1,4.8,7.2,6.92,5.8,7.3,6.6,6.8,6.58,5.7,6.9,5.0,5.5,6.3,5.92,6.4,6.2,6.4,5.0,6.7,6.1
8,Jorge Hernández Castillo,Operaciones,Logística,2025-10-19,9.2,8.0,10.0,9.7,8.5,9.03,6.7,10.0,8.0,5.9,7.58,10.0,8.5,9.6,8.5,10.0,9.32,7.5,6.6,8.2,6.2,6.6,7.06
9,Gabriela Reyes Cruz,Finanzas,Auditoría Interna,2026-07-26,6.3,7.3,5.7,8.2,7.5,6.9,8.0,5.6,6.6,7.8,7.07,6.7,7.0,4.8,7.6,5.3,6.32,6.7,8.0,8.1,7.0,8.1,7.51
10,Mariana Rodríguez Cruz,Tecnología,Desarrollo,2026-02-09,4.3,4.0,4.7,5.6,2.8,4.28,4.0,4.0,5.1,6.3,4.8,4.5,4.4,3.6,4.4,4.0,4.2,3.6,3.8,3.7,5.9,5.3,4.3
11,Ricardo González Martínez,Tecnología,Soporte Técnico,2026-05-04,3.1,5.3,4.7,4.4,5.9,4.58,5.6,0.9,2.9,4.7,3.66,4.4,4.9,2.8,7.1,4.3,4.6,6.0,5.3,5.7,7.0,3.5,5.72
12,Andrea Gómez Martínez,Recursos Humanos,Reclutamiento,2026-08-21,7.2,5.9,5.4,8.1,8.5,6.85,7.6,5.2,7.7,8.6,7.27,8.0,6.9,5.5,7.7,7.1,7.04,7.4,4.2,7.0,6.7,5.8,6.22
13,Pedro Ortiz Pérez,Operaciones,Producción,2026-01-24,10.0,7.0,6.3,8.1,9.6,8.16,7.7,9.3,6.2,7.0,7.62,7.4,8.6,7.6,7.2,8.5,7.88,10.0,9.4,9.5,10.0,7.1,9.46
14,Karla Hernández Vázquez,Finanzas,Tesorería,2025-12-24,7.7,9.2,7.7,9.1,10.0,8.63,8.3,8.0,8.2,9.4,8.48,8.8,9.1,7.9,5.4,7.9,8.05,9.3,8.7,8.6,8.9,10.0,9.0
15,Valeria Ramírez Martínez,Recursos Humanos,Reclutamiento,2025-09-22,5.2,5.6,2.8,4.0,5.7,4.72,5.6,3.0,4.4,5.1,4.58,4.8,3.8,2.9,3.8,2.4,3.66,3.0,2.5,5.6,5.0,3.6,3.86
16,Ximena Cruz Gómez,Finanzas,Auditoría Interna,2026-03-07,5.2,5.3,6.8,6.0,5.1,5.65,7.7,8.7,7.6,6.4,7.6,10.0,9.7,7.7,9.0,10.0,9.32,7.8,7.9,8.4,5.5,9.7,7.68
17,Roberto Vázquez Vázquez,Recursos Humanos,Reclutamiento,2026-05-12,5.5,6.4,5.9,5.9,7.2,6.12,6.8,9.1,5.9,5.2,6.79,6.0,5.0,4.6,5.0,4.8,5.14,6.0,5.8,5.4,7.2,5.6,6.03
18,Laura Ramírez Flores,Tecnología,Desarrollo,2025-10-31,8.4,8.2,10.0,10.0,7.9,8.84,10.0,10.0,10.0,9.7,9.93,9.8,9.7,8.2,10.0,9.9,9.5,8.5,8.2,8.4,9.1,10.0,8.68
19,Paola García Rodríguez,Ventas,Ventas Internacionales,2026-06-09,5.1,3.3,4.5,3.5,4.0,4.12,4.1,5.8,3.1,5.3,4.62,1.3,0.5,2.3,3.1,3.0,1.82,2.0,5.3,3.3,3.3,3.7,3.52
20,Luis Torres Jiménez,Tecnología,Desarrollo,2026-01-01,4.1,4.8,5.8,6.3,4.6,5.02,5.6,4.8,6.6,4.7,5.38,4.0,6.1,4.2,4.9,5.7,4.96,3.5,3.9,5.8,4.3,3.6,4.23
21,Camila Torres Ramírez,Ventas,Ventas Internacionales,2025-09-28,10.0,9.8,8.2,8.7,9.9,9.38,9.7,10.0,10.0,9.5,9.78,10.0,10.0,10.0,10.0,7.5,9.62,9.5,10.0,9.3,10.0,10.0,9.74
22,Ximena Cruz Sánchez,Tecnología,Infraestructura,2026-09-06,8.7,7.0,9.9,8.7,8.4,8.47,10.0,9.6,10.0,8.8,9.6,9.3,7.7,7.3,8.1,8.1,8.14,8.8,8.6,8.6,10.0,8.2,8.89
23,Camila Ramírez Martínez,Recursos Humanos,Reclutamiento,2025-10-05,9.5,10.0,8.3,9.7,8.4,9.25,6.4,7.0,10.0,7.4,7.52,5.6,7.2,6.8,8.5,7.3,6.93,8.8,8.9,8.6,9.4,7.6,8.78
24,Paola Vázquez Hernández,Tecnología,Soporte Técnico,2026-06-24,6.4,5.8,6.7,4.5,6.5,6.04,9.7,7.1,9.4,9.3,8.89,6.1,8.6,8.0,7.7,8.0,7.63,7.8,6.7,6.6,5.3,7.2,6.72
25,Ricardo López Jiménez,Marketing,Marketing Digital,2026-03-16,6.1,9.3,9.2,8.6,9.2,8.36,8.4,7.9,6.5,6.7,7.47,6.2,6.3,4.8,6.8,5.7,5.96,6.9,5.2,7.9,8.1,8.2,7.05
26,Paola Sánchez González,Ventas,Ventas Nacionales,2026-06-05,7.0,7.5,7.6,6.6,6.8,7.15,6.3,8.0,6.2,7.4,6.98,8.2,8.3,9.3,9.2,8.2,8.6,8.7,6.8,6.3,7.1,8.3,7.38
27,Andrea Jiménez Castillo,Recursos Humanos,Reclutamiento,2026-07-17,6.5,7.0,5.9,5.5,8.7,6.68,6.1,5.2,7.2,4.8,5.77,4.8,4.5,6.0,4.1,6.2,5.07,5.6,4.3,5.7,4.5,4.9,5.0
28,Ricardo Hernández Ortiz,Recursos Humanos,Reclutamiento,2025-12-25,7.2,8.2,6.6,5.1,5.6,6.78,4.8,6.7,5.1,7.6,6.04,4.2,6.1,6.2,3.9,6.2,5.33,6.2,7.4,4.1,4.7,4.5,5.61
29,Karla Torres Martínez,Operaciones,Producción,2026-03-16,4.6,4.8,3.9,7.8,6.4,5.26,5.1,4.3,4.6,5.2,4.82,5.9,6.0,5.3,5.6,6.3,5.82,7.3,6.8,5.1,6.1,6.3,6.4
30,Miguel Vázquez Ortiz,Recursos Humanos,Nómina,2026-03-06,6.0,7.1,5.0,6.9,7.3,6.4,6.7,6.5,7.0,6.5,6.66,5.8,3.1,5.0,4.2,7.5,4.98,8.1,8.2,4.9,7.1,8.5,7.32
31,Ricardo Ortiz Ortiz,Recursos Humanos,Nómina,2026-03-15,9.8,8.0,9.6,9.0,8.7,9.02,9.7,7.8,8.0,7.7,8.38,8.4,6.2,6.6,5.7,8.4,7.09,9.9,7.8,10.0,9.2,10.0,9.26
32,Jorge Gómez Pérez,Tecnología,Desarrollo,2025-12-09,7.4,5.8,7.3,6.8,7.3,6.87,6.6,8.3,8.1,6.5,7.3,5.4,5.6,5.1,5.4,4.9,5.32,6.9,7.1,7.5,5.3,5.4,6.6
33,Carlos Jiménez Reyes,Ventas,Atención a Clientes,2025-09-20,1.9,3.4,1.2,1.7,1.6,2.06,2.4,4.2,3.4,2.0,2.95,4.4,4.9,4.1,2.9,3.1,4.04,3.7,2.7,2.8,4.1,4.5,3.43
34,Ana Ortiz Hernández,Finanzas,Tesorería,2026-03-04,1.8,4.4,3.1,4.4,0.8,2.95,2.3,2.0,4.3,1.8,2.5,0.0,1.5,0.0,1.5,2.9,1.03,1.4,3.0,1.7,3.5,0.6,2.2
35,Sergio García Vázquez,Operaciones,Producción,2026-07-13,7.6,7.6,8.5,7.9,7.8,7.86,9.9,8.8,8.5,8.5,9.0,7.9,6.6,8.7,7.9,9.2,7.93,6.7,7.6,7.9,7.7,6.9,7.39
36,Sergio Vázquez Jiménez,Recursos Humanos,Nómina,2026-05-11,2.5,2.3,3.0,2.1,3.4,2.62,1.6,2.8,2.7,2.7,2.4,5.6,3.6,2.9,2.8,2.6,3.69,2.8,3.7,5.4,5.3,5.1,4.28
37,Paola Torres Pérez,Finanzas,Tesorería,2026-03-10,7.7,7.4,6.9,6.7,8.5,7.44,7.4,7.6,7.8,10.0,8.18,8.3,5.0,9.5,6.3,7.5,7.3,4.8,6.3,7.6,7.7,7.1,6.54
38,Gabriela Morales Flores,Operaciones,Logística,2026-08-01,2.9,3.1,4.7,2.8,2.7,3.26,5.9,5.1,2.8,5.2,4.9,2.5,4.2,3.1,3.6,1.7,3.09,2.1,4.6,3.3,4.8,4.8,3.78
39,Diego Morales García,Tecnología,Soporte Técnico,2026-06-16,9.3,7.6,8.4,8.4,8.8,8.48,7.5,6.1,8.7,9.5,7.89,6.1,7.5,7.4,6.7,5.4,6.7,8.2,8.9,7.3,7.0,8.2,7.96
40,Ana González López,Ventas,Atención a Clientes,2026-06-26,8.4,8.9,8.3,7.3,8.6,8.37,7.4,7.3,6.2,8.6,7.44,7.6,8.7,10.0,10.0,9.2,8.95,8.9,8.6,10.0,8.0,7.1,8.68
41,Ricardo Jiménez Jiménez,Finanzas,Auditoría Interna,2025-09-17,6.4,5.8,4.2,4.3,5.6,5.37,5.1,6.1,4.0,5.6,5.25,6.6,6.2,5.1,6.1,4.7,5.84,6.0,4.6,5.1,6.8,4.8,5.51
42,Paola Gómez Morales,Ventas,Ventas Nacionales,2026-04-14,4.4,8.0,7.0,7.4,8.2,6.84,6.8,5.7,8.1,9.1,7.36,7.6,8.8,7.3,9.7,9.1,8.38,8.9,9.5,8.8,9.7,6.8,8.98
43,Juan Vázquez Morales,Tecnología,Infraestructura,2025-10-22,2.1,3.7,3.6,4.1,4.0,3.38,2.2,4.3,1.7,4.5,3.2,5.5,4.3,3.3,3.5,3.8,4.2,5.7,4.8,5.3,4.5,5.3,5.12
44,Karla Morales Morales,Operaciones,Logística,2026-02-18,7.6,7.3,5.8,7.5,6.2,6.94,5.9,6.1,5.5,7.8,6.34,7.9,8.1,8.4,6.2,6.3,7.56,6.5,5.9,7.6,6.9,6.2,6.62
45,Juan Morales Vázquez,Ventas,Atención a Clientes,2026-03-07,5.7,6.5,5.9,7.7,6.9,6.42,5.5,6.2,6.1,7.7,6.34,7.0,6.1,7.8,6.1,7.3,6.84,7.6,6.8,6.3,7.6,6.2,7.0
46,Miguel Reyes García,Operaciones,Logística,2025-09-30,5.5,6.8,7.1,7.2,7.0,6.62,5.8,6.2,6.8,7.3,6.48,5.3,6.6,5.4,6.2,6.3,5.93,7.3,7.4,7.7,7.0,6.3,7.24
47,Daniela Cruz Romero,Finanzas,Contabilidad,2025-12-29,3.7,2.7,3.0,4.5,2.5,3.25,2.6,1.0,3.1,4.0,2.65,4.5,4.7,5.2,5.5,5.1,4.93,2.1,2.8,5.6,3.9,3.8,3.5
48,Carlos Pérez Cruz,Marketing,Comunicación de Marca,2026-06-12,5.9,3.3,5.6,4.1,5.2,4.82,4.3,6.7,6.4,6.8,5.94,6.5,6.1,7.4,7.1,5.9,6.58,7.5,6.9,5.9,5.8,6.7,6.61
49,Ximena Gómez García,Marketing,Investigación de Mercado,2026-05-28,5.7,4.2,5.5,6.7,5.6,5.42,6.0,5.5,5.7,6.8,6.02,6.3,5.9,4.2,6.2,8.0,6.02,5.2,4.6,6.2,6.7,2.0,5.23
50,Carlos Ortiz Martínez,Marketing,Marketing Digital,2026-01-07,7.8,7.5,6.3,7.7,6.7,7.24,8.2,6.3,8.6,7.5,7.63,4.5,6.0,8.2,6.0,7.7,6.32,7.4,9.1,6.5,7.8,4.9,7.48
51,Mariana Pérez Castillo,Ventas,Ventas Nacionales,2026-09-07,8.6,7.2,6.1,9.3,7.9,7.75,7.0,7.8,8.7,8.4,7.89,9.7,7.8,8.4,8.4,8.0,8.51,7.4,6.4,7.0,6.3,8.5,6.96
52,Miguel Cruz Jiménez,Marketing,Marketing Digital,2026-07-14,7.1,5.0,7.8,6.4,7.0,6.6,7.2,7.8,6.5,6.0,6.91,10.0,6.6,10.0,6.7,6.7,8.16,8.4,8.3,6.9,9.9,8.0,8.34
53,Ana Morales Rodríguez,Tecnología,Desarrollo,2026-08-11,6.9,5.0,6.2,5.1,5.1,5.74,7.4,6.3,5.6,5.0,6.16,3.5,5.3,5.0,4.0,5.2,4.58,6.7,4.7,3.7,7.1,4.6,5.47
54,Gabriela Romero Jiménez,Recursos Humanos,Nómina,2025-12-21,6.6,6.9,5.7,6.3,7.6,6.6,5.7,7.3,4.3,7.2,6.2,8.9,7.5,10.0,8.0,8.3,8.54,5.9,5.8,5.8,6.3,6.9,6.04
55,Fernanda Cruz Cruz,Recursos Humanos,Reclutamiento,2026-03-30,8.9,9.4,9.7,10.0,9.9,9.5,10.0,6.8,10.0,9.7,9.12,9.5,8.5,9.6,10.0,10.0,9.42,9.5,8.0,9.9,8.0,8.5,8.8
56,Sergio Sánchez Hernández,Recursos Humanos,Reclutamiento,2026-09-03,7.9,6.9,5.8,7.3,4.4,6.62,9.1,8.6,6.7,8.1,8.24,6.8,7.6,7.2,8.7,6.0,7.24,9.5,9.6,9.6,8.4,7.7,9.14
57,Daniela García López,Recursos Humanos,Nómina,2025-12-11,9.6,8.9,8.6,7.3,7.4,8.55,8.9,8.9,8.3,9.2,8.86,7.1,6.7,8.4,8.8,6.0,7.35,9.9,7.3,9.8,8.2,9.2,8.82
58,Juan Vázquez Torres,Operaciones,Control de Calidad,2026-01-11,7.3,7.7,7.7,9.0,5.7,7.49,9.0,8.7,9.0,7.1,8.45,10.0,9.1,9.6,9.5,6.9,9.16,6.6,6.3,7.3,7.4,6.2,6.78
59,Valeria Flores Torres,Finanzas,Contabilidad,2025-12-19,9.8,10.0,9.6,9.3,9.6,9.7,10.0,9.2,7.4,8.7,8.96,9.9,10.0,10.0,8.9,8.6,9.6,10.0,8.1,10.0,10.0,8.7,9.4
60,Luis Castillo Rodríguez,Marketing,Investigación de Mercado,2026-07-10,3.2,2.5,3.4,3.9,2.3,3.04,3.1,4.9,2.9,3.7,3.66,5.8,7.4,5.4,5.1,6.6,6.14,5.2,6.0,3.4,3.6,4.8,4.68
61,Raúl Hernández Flores,Recursos Humanos,Capacitación,2025-10-23,5.0,5.5,5.2,6.2,5.8,5.46,6.3,5.8,7.2,7.0,6.53,4.0,5.6,6.5,7.2,5.8,5.65,5.7,7.2,4.0,6.3,7.2,6.0
62,Valeria Flores Cruz,Ventas,Ventas Internacionales,2026-07-04,7.5,9.2,7.7,9.4,9.0,8.48,10.0,10.0,7.9,9.4,9.43,10.0,9.2,8.0,9.0,7.6,8.89,7.2,7.9,8.0,8.3,8.1,7.85
63,Luis Ramírez González,Recursos Humanos,Reclutamiento,2026-02-11,5.2,7.6,7.5,7.8,6.7,6.88,4.4,6.1,5.8,4.4,5.11,6.6,3.5,2.9,5.1,3.8,4.44,3.2,4.4,4.9,4.8,4.5,4.29
64,Miguel Jiménez Reyes,Ventas,Atención a Clientes,2026-02-15,1.5,4.5,4.8,5.7,4.0,3.92,4.3,5.2,5.6,6.3,5.28,4.5,2.6,4.5,4.0,4.5,3.95,3.7,3.1,3.3,5.2,4.2,3.82
65,Karla Ramírez Romero,Marketing,Comunicación de Marca,2026-06-20,6.1,6.1,5.8,7.7,6.5,6.34,5.7,5.1,5.5,5.4,5.44,4.5,7.3,8.2,4.2,7.1,6.28,6.5,6.0,6.5,7.3,7.3,6.62
66,Juan Sánchez López,Operaciones,Control de Calidad,2026-04-23,5.0,4.5,5.1,5.8,4.3,4.91,3.5,8.0,5.1,6.4,5.67,6.2,5.8,6.2,5.4,6.2,5.98,5.9,4.6,5.9,5.0,6.0,5.4
67,Daniela Romero Ramírez,Recursos Humanos,Nómina,2026-08-19,6.6,5.6,8.9,7.0,6.2,6.81,9.5,8.7,7.9,7.8,8.56,10.0,9.2,7.0,6.2,9.7,8.58,7.1,6.6,7.7,8.6,6.7,7.36
68,Camila Flores Jiménez,Ventas,Ventas Nacionales,2026-03-19,10.0,10.0,10.0,7.7,10.0,9.65,6.5,6.7,6.1,7.9,6.82,8.5,6.6,8.2,9.3,9.1,8.18,8.0,9.4,8.8,8.5,8.7,8.68
69,Ricardo Pérez Vázquez,Marketing,Investigación de Mercado,2026-01-03,1.6,2.0,1.3,1.8,3.2,1.91,3.8,2.7,4.2,2.9,3.38,2.5,1.3,1.3,0.9,3.1,1.81,2.5,1.4,2.6,3.7,0.3,2.26
70,Ximena Pérez Vázquez,Operaciones,Control de Calidad,2026-05-18,6.6,6.5,4.2,6.4,7.2,6.16,5.7,6.5,6.1,4.5,5.68,3.8,2.1,3.0,3.4,6.7,3.59,6.8,6.5,8.1,5.6,6.7,6.74
71,Sofía Torres Vázquez,Recursos Humanos,Capacitación,2026-02-23,5.4,5.0,6.0,2.5,3.6,4.72,3.0,4.4,1.6,3.5,3.2,3.4,1.2,2.4,1.4,3.3,2.34,4.1,4.2,3.6,2.9,3.7,3.75
72,Ricardo Torres Pérez,Finanzas,Auditoría Interna,2025-09-24,9.1,8.2,6.4,6.7,4.9,7.34,5.4,6.1,5.4,6.5,5.85,8.3,7.1,8.4,8.4,8.8,8.11,6.8,9.0,9.2,9.0,8.9,8.48
73,Juan Martínez Cruz,Tecnología,Soporte Técnico,2026-06-14,3.2,3.1,0.1,2.3,1.5,2.16,2.8,0.7,1.6,2.3,1.91,2.2,4.6,3.0,5.2,0.2,3.11,1.9,2.6,1.8,0.5,2.8,1.87
74,Camila López Flores,Tecnología,Infraestructura,2026-05-24,3.1,5.7,3.8,6.0,5.1,4.62,5.6,7.7,7.0,6.9,6.73,5.2,4.8,4.6,5.1,6.5,5.16,6.2,6.1,4.7,4.9,6.0,5.6
75,Valeria González Torres,Operaciones,Control de Calidad,2026-07-26,7.6,5.8,6.0,6.3,7.4,6.6,6.4,5.1,8.0,5.8,6.24,8.1,9.5,6.5,8.1,7.0,7.96,6.1,6.3,7.9,4.1,5.5,6.05
76,Miguel Ortiz Morales,Recursos Humanos,Capacitación,2026-02-22,9.2,5.9,7.0,6.9,7.7,7.36,6.4,5.2,7.2,5.7,6.08,5.8,4.4,4.4,6.4,5.4,5.2,7.1,4.6,8.2,7.0,5.4,6.5
77,Andrea Hernández Flores,Ventas,Atención a Clientes,2026-06-25,4.3,6.4,7.1,7.7,6.4,6.21,5.6,6.6,6.6,4.9,5.88,7.2,8.5,6.6,9.7,6.7,7.7,6.8,6.8,6.0,6.1,6.8,6.5
78,Mariana García Vázquez,Ventas,Ventas Internacionales,2025-10-31,9.6,6.8,7.9,8.8,9.9,8.48,8.1,8.1,7.6,9.2,8.27,7.7,8.5,8.3,6.4,8.2,7.9,8.5,8.1,6.6,10.0,8.1,8.28
79,Paola Torres Jiménez,Marketing,Marketing Digital,2026-05-24,7.7,6.3,7.8,6.5,6.3,6.98,4.9,5.3,6.4,5.4,5.43,6.0,7.3,4.9,7.1,4.5,6.05,7.8,5.5,6.2,7.8,6.3,6.76
80,Ricardo Sánchez Reyes,Marketing,Investigación de Mercado,2026-01-08,2.0,0.9,2.5,1.7,3.4,1.99,2.2,3.2,2.2,4.7,3.08,3.9,1.6,2.4,0.0,1.8,2.12,3.1,3.9,4.5,2.4,1.9,3.32
81,Ana Morales Martínez,Operaciones,Control de Calidad,2026-06-30,3.4,5.2,4.7,6.4,8.3,5.3,8.6,6.0,5.0,6.5,6.7,4.2,5.6,5.6,1.8,6.1,4.76,5.7,6.2,7.0,8.9,7.1,6.86
82,Roberto Reyes Martínez,Finanzas,Contabilidad,2026-05-13,7.2,8.2,7.2,7.2,6.4,7.33,6.0,5.9,6.2,6.1,6.04,7.3,6.7,7.4,4.6,7.0,6.72,3.3,5.2,3.0,3.8,4.6,3.94
83,Gabriela Cruz Vázquez,Tecnología,Desarrollo,2026-07-07,6.0,7.2,7.2,6.3,6.3,6.63,6.0,5.7,4.9,6.4,5.8,7.2,9.1,6.1,5.9,4.2,6.81,4.7,5.5,6.2,5.6,7.9,5.7
84,José Hernández Flores,Operaciones,Producción,2026-02-18,10.0,8.8,9.1,10.0,7.5,9.14,8.8,10.0,9.9,10.0,9.62,7.8,8.9,7.1,5.7,7.8,7.62,9.6,9.7,9.8,8.9,7.9,9.36
85,Laura Sánchez Jiménez,Marketing,Investigación de Mercado,2026-08-28,5.0,5.4,5.5,5.1,4.0,5.06,6.6,7.4,6.4,6.3,6.68,6.7,5.2,4.9,6.8,4.7,5.68,7.0,8.1,8.3,7.2,8.7,7.75
86,Luis Jiménez López,Tecnología,Soporte Técnico,2026-08-08,9.0,8.9,8.8,9.0,9.9,9.07,8.7,10.0,9.0,9.5,9.28,10.0,10.0,9.3,9.6,8.5,9.58,10.0,10.0,8.1,9.2,8.2,9.28
87,Luis Morales Vázquez,Marketing,Investigación de Mercado,2026-03-08,3.3,6.6,4.5,2.8,2.1,4.11,2.9,3.5,0.8,3.8,2.86,4.3,5.7,5.4,4.1,2.6,4.58,3.5,1.6,3.8,4.8,2.2,3.22
88,Luis Pérez Castillo,Finanzas,Tesorería,2026-02-20,8.6,8.5,7.8,8.4,7.3,8.19,10.0,9.7,10.0,10.0,9.93,6.9,7.5,7.5,7.9,9.1,7.65,10.0,10.0,10.0,10.0,10.0,10.0
89,Ximena Morales Cruz,Operaciones,Logística,2026-05-10,2.5,1.7,5.2,1.8,3.5,2.88,4.6,3.5,1.6,5.3,3.9,1.3,2.2,3.8,1.2,3.6,2.36,4.2,3.2,4.9,4.4,3.8,4.09
90,Daniela Reyes Morales,Tecnología,Desarrollo,2026-04-03,5.5,7.3,4.9,6.0,6.6,6.07,6.2,7.6,5.9,7.1,6.72,5.4,5.7,6.1,6.0,6.8,5.91,5.6,4.9,6.1,6.2,6.0,5.68
91,Miguel García Hernández,Finanzas,Auditoría Interna,2026-04-08,5.8,6.9,8.5,4.6,6.3,6.51,5.9,6.1,5.6,3.8,5.36,6.3,3.8,4.9,7.6,4.8,5.36,9.0,8.5,9.0,9.0,9.3,8.9
92,Raúl Cruz Flores,Marketing,Investigación de Mercado,2025-12-05,6.6,6.4,6.2,7.5,5.8,6.48,5.0,5.6,5.6,4.5,5.14,7.6,6.8,5.7,6.8,6.6,6.75,6.0,6.8,5.9,5.3,6.0,6.04
93,Paola Vázquez Martínez,Operaciones,Control de Calidad,2026-03-29,0.3,1.5,4.5,1.7,3.2,2.08,2.0,0.7,4.4,3.1,2.43,4.4,1.3,3.3,4.8,4.7,3.51,2.8,4.6,3.1,3.0,3.9,3.46
94,Juan Pérez Flores,Tecnología,Soporte Técnico,2025-11-02,8.9,6.8,9.1,8.6,10.0,8.54,6.2,8.2,5.8,5.8,6.52,8.4,8.8,8.3,7.5,9.7,8.54,9.0,7.3,5.9,9.6,7.1,7.89
95,Roberto Flores Cruz,Marketing,Marketing Digital,2026-06-20,5.4,4.0,3.8,4.2,4.0,4.34,3.5,4.9,4.0,4.8,4.28,7.3,4.8,4.6,3.7,4.9,5.24,4.9,6.5,2.6,4.3,5.0,4.73
96,Raúl Hernández Morales,Ventas,Ventas Internacionales,2026-06-27,9.1,8.8,9.5,9.6,8.3,9.06,7.2,6.9,9.0,7.4,7.54,7.7,7.4,7.4,6.7,8.2,7.49,6.9,8.6,6.3,6.5,7.4,7.18
97,Andrea Flores Ortiz,Marketing,Comunicación de Marca,2026-04-13,9.1,7.8,9.1,10.0,10.0,9.04,8.1,9.2,7.7,10.0,8.77,10.0,9.9,10.0,10.0,10.0,9.98,10.0,9.4,9.5,10.0,8.1,9.56
98,Sofía Romero Sánchez,Ventas,Atención a Clientes,2026-08-09,6.8,6.5,7.2,7.0,5.9,6.7,5.5,7.0,6.8,5.5,6.14,6.3,6.1,8.0,7.0,7.2,6.83,5.4,6.9,7.5,6.6,8.1,6.7
99,Andrea Rodríguez Ortiz,Recursos Humanos,Reclutamiento,2026-01-06,9.4,8.3,8.7,9.4,9.3,8.97,5.7,8.0,10.0,7.4,7.56,10.0,8.6,10.0,8.3,10.0,9.4,7.7,7.7,8.6,9.5,8.5,8.32
100,Ricardo Pérez García,Ventas,Atención a Clientes,2026-04-18,4.2,5.2,4.5,6.6,2.9,4.68,2.9,4.6,4.5,5.2,4.22,3.9,1.9,2.9,3.9,2.2,2.94,6.5,6.3,6.5,3.4,7.0,5.88
101,Jorge Ortiz García,Marketing,Investigación de Mercado,2026-04-27,7.8,7.6,6.4,8.3,4.2,7.0,6.7,7.9,8.5,6.7,7.36,5.7,5.4,3.8,6.3,5.3,5.28,9.0,7.1,6.6,8.5,7.5,7.8
102,Camila Rodríguez López,Finanzas,Contabilidad,2026-02-25,5.0,7.1,7.0,5.2,7.0,6.26,7.3,9.9,8.9,7.4,8.3,7.6,7.3,7.5,8.0,7.1,7.49,6.0,5.5,6.2,1.9,3.9,4.88
103,Miguel Morales Sánchez,Tecnología,Soporte Técnico,2026-08-09,9.0,10.0,7.8,8.1,7.7,8.68,7.8,8.3,9.2,7.3,8.08,8.4,9.8,9.8,9.5,9.7,9.39,10.0,7.5,7.7,8.2,8.7,8.42
104,Ana Jiménez Jiménez,Recursos Humanos,Reclutamiento,2026-04-23,3.5,4.7,2.5,2.9,2.8,3.4,3.3,2.7,2.8,2.3,2.8,2.9,3.5,5.3,4.6,4.0,3.95,1.9,1.8,0.0,3.9,2.0,1.9
105,Ana Pérez González,Recursos Humanos,Reclutamiento,2025-09-18,5.7,4.8,5.6,5.3,5.6,5.38,4.5,6.0,3.6,4.4,4.67,5.0,3.8,4.3,5.4,4.2,4.5,4.5,5.8,4.1,6.9,5.2,5.3
106,Roberto Torres Torres,Marketing,Comunicación de Marca,2026-01-21,5.2,5.1,6.7,5.6,6.9,5.79,5.1,3.7,6.4,5.2,5.04,6.9,4.8,3.5,3.7,4.7,4.88,4.4,5.6,4.9,6.5,5.2,5.3
107,Raúl Vázquez Sánchez,Tecnología,Infraestructura,2026-02-10,6.1,6.2,5.5,6.3,5.6,5.96,7.9,6.5,6.1,7.6,7.12,4.8,2.7,5.0,6.1,5.2,4.57,7.6,6.9,6.4,7.9,7.5,7.24
108,Ana Reyes Castillo,Marketing,Investigación de Mercado,2026-03-07,3.7,3.6,4.1,4.4,5.8,4.18,4.1,3.0,5.1,6.8,4.7,4.3,3.3,3.5,5.0,3.8,3.92,5.8,4.9,3.6,5.1,4.0,4.82
109,Ximena González González,Tecnología,Infraestructura,2026-03-20,4.7,5.5,3.0,5.6,5.0,4.74,4.2,2.9,4.3,6.7,4.52,4.5,5.5,4.4,6.3,4.1,4.94,5.0,5.2,5.0,3.3,4.3,4.64
110,José López Morales,Recursos Humanos,Nómina,2025-10-01,8.3,8.4,9.0,8.7,8.5,8.56,9.0,10.0,7.9,8.5,8.9,5.1,8.6,7.5,7.4,6.5,7.01,7.0,5.1,8.2,7.2,8.3,6.94
111,Andrea Ramírez Sánchez,Finanzas,Tesorería,2025-10-03,2.4,5.4,5.1,3.1,4.4,4.1,2.4,1.0,4.7,4.1,2.94,3.5,4.4,3.8,4.0,3.4,3.85,4.9,5.0,3.7,3.9,4.6,4.46
112,Mariana Flores Ortiz,Finanzas,Contabilidad,2026-04-11,5.4,6.2,4.7,5.3,4.2,5.26,5.8,7.8,6.8,6.5,6.68,4.2,4.7,6.0,5.2,5.3,5.0,7.1,6.2,7.4,6.4,6.8,6.76
113,Raúl Sánchez González,Ventas,Ventas Internacionales,2025-10-05,10.0,10.0,10.0,8.8,10.0,9.82,10.0,10.0,8.5,9.7,9.62,10.0,8.6,9.5,7.3,8.9,8.98,9.5,8.4,10.0,9.0,10.0,9.28
114,Raúl Reyes Pérez,Marketing,Marketing Digital,2026-08-08,7.0,8.3,9.3,4.5,4.5,7.04,7.4,7.5,7.1,5.2,6.82,6.1,7.9,7.9,9.2,8.5,7.74,6.4,8.8,6.1,8.7,8.4,7.6
115,Karla Rodríguez Castillo,Tecnología,Infraestructura,2026-05-14,3.5,2.3,1.8,4.0,3.7,2.97,3.7,5.4,4.4,2.8,4.04,4.0,3.1,2.3,2.2,4.9,3.3,2.5,2.9,2.9,0.9,0.8,2.19
116,Sofía Romero Castillo,Marketing,Investigación de Mercado,2026-05-20,4.7,5.8,5.7,6.7,6.8,5.79,7.7,5.3,4.2,7.2,6.28,6.9,6.4,8.9,7.3,7.1,7.26,7.1,7.6,5.7,6.6,6.2,6.76
117,Laura Hernández Rodríguez,Tecnología,Infraestructura,2025-12-27,5.3,5.4,3.7,5.6,4.6,4.94,5.8,3.5,3.3,2.6,3.92,4.7,4.8,4.6,5.0,3.5,4.57,3.4,3.3,5.0,3.0,2.7,3.54
118,José Pérez Cruz,Finanzas,Auditoría Interna,2026-01-29,8.6,7.8,9.6,10.0,8.4,8.78,5.3,7.8,10.0,6.6,7.19,9.7,9.9,6.1,10.0,9.1,8.98,10.0,10.0,8.6,10.0,10.0,9.72
119,Ximena Romero Hernández,Marketing,Investigación de Mercado,2026-03-19,6.1,6.0,6.2,4.4,5.2,5.71,5.9,5.8,2.8,5.8,5.23,6.8,7.4,6.7,7.7,5.2,6.82,7.9,6.2,7.1,5.8,5.6,6.66
120,Pedro Martínez Torres,Finanzas,Auditoría Interna,2026-06-06,4.7,4.9,4.1,2.3,6.0,4.46,7.0,7.6,5.9,4.6,6.33,6.4,7.4,6.7,5.8,7.9,6.85,7.4,7.7,8.8,8.7,7.1,7.98
121,Mariana Gómez González,Finanzas,Auditoría Interna,2026-03-06,6.0,6.2,6.6,5.1,4.9,5.87,7.6,8.3,5.2,9.5,7.77,8.2,7.5,9.2,8.2,8.3,8.24,5.8,7.0,8.4,6.3,6.2,6.76
122,Camila López Rodríguez,Finanzas,Auditoría Interna,2026-06-01,6.6,7.1,6.5,4.8,6.8,6.46,8.2,7.9,6.1,7.9,7.63,5.4,7.3,5.8,5.6,6.0,6.07,7.2,7.3,8.1,5.5,6.6,7.01
123,Paola Sánchez García,Ventas,Ventas Nacionales,2026-03-10,2.2,2.3,2.9,2.7,1.9,2.4,5.8,2.9,2.3,3.9,3.9,1.7,3.0,2.5,3.3,3.7,2.72,3.5,4.1,3.5,4.5,6.0,4.1
124,Gabriela Sánchez Jiménez,Marketing,Investigación de Mercado,2026-05-07,9.1,8.6,8.3,8.7,8.3,8.64,9.7,9.8,8.2,8.8,9.2,5.7,8.0,7.5,6.4,7.2,6.96,4.7,8.2,7.7,7.6,10.0,7.28
125,Fernanda Ramírez Gómez,Ventas,Atención a Clientes,2025-10-18,3.3,5.1,4.0,5.0,5.8,4.52,6.3,4.0,7.1,5.8,5.76,5.1,4.6,3.7,5.0,5.0,4.66,7.9,6.0,6.1,5.8,6.2,6.48
126,Juan Torres Torres,Ventas,Atención a Clientes,2025-12-09,8.4,7.4,7.7,9.3,5.9,7.77,7.3,6.9,8.3,6.2,7.12,7.0,3.9,6.1,6.4,7.1,5.97,5.3,4.9,5.2,6.2,5.5,5.38
127,Jorge Pérez García,Ventas,Ventas Internacionales,2026-07-06,10.0,8.9,10.0,10.0,10.0,9.72,8.4,9.5,7.7,9.4,8.78,9.1,9.3,8.6,10.0,9.7,9.27,10.0,7.3,9.8,8.5,9.2,8.91
128,Raúl Castillo González,Operaciones,Logística,2025-09-29,6.3,6.5,5.2,4.7,6.9,5.98,3.9,2.8,6.3,5.4,4.48,5.0,4.9,3.9,3.7,6.9,4.84,5.0,4.4,5.7,5.1,6.7,5.18
129,María López Martínez,Ventas,Ventas Nacionales,2026-01-10,5.1,6.4,5.2,3.9,4.7,5.2,4.0,3.8,3.4,3.2,3.63,3.3,2.7,3.8,5.1,3.7,3.58,5.4,5.2,4.4,3.1,4.3,4.58
130,Mariana Gómez Hernández,Marketing,Investigación de Mercado,2026-05-03,6.4,6.4,6.8,6.6,5.4,6.36,5.1,6.4,4.4,5.2,5.31,4.7,7.2,4.3,4.4,6.5,5.47,5.7,4.0,2.3,4.8,2.2,4.06
131,Francisco Hernández Ramírez,Finanzas,Tesorería,2026-02-26,10.0,10.0,9.8,9.7,10.0,9.91,9.9,10.0,9.3,10.0,9.83,10.0,10.0,9.3,10.0,7.8,9.53,10.0,8.1,10.0,10.0,9.4,9.46
132,Alejandro Torres Gómez,Finanzas,Auditoría Interna,2026-06-28,2.4,4.5,4.9,0.0,2.8,3.12,0.3,2.5,0.4,2.6,1.44,6.0,4.4,4.5,6.3,4.5,5.12,4.1,3.4,4.1,3.0,2.2,3.52
133,José Hernández Pérez,Finanzas,Contabilidad,2026-08-21,6.8,7.6,7.2,7.5,9.2,7.54,5.4,5.9,4.6,6.4,5.62,7.5,6.9,7.6,8.6,8.6,7.7,7.2,6.5,6.1,6.9,6.0,6.62
134,Miguel Romero Vázquez,Ventas,Ventas Internacionales,2026-04-07,8.6,7.7,7.6,8.2,8.9,8.16,8.3,8.5,7.7,6.2,7.7,7.0,5.1,5.4,5.6,4.2,5.58,7.2,6.7,7.0,7.5,6.8,7.06
135,Miguel Romero Flores,Tecnología,Desarrollo,2025-11-26,7.0,7.6,5.6,8.3,7.5,7.14,8.4,5.5,7.2,6.7,7.01,6.6,4.9,6.8,6.3,9.0,6.53,6.5,8.8,9.7,8.9,7.0,8.25
136,Diego Cruz López,Tecnología,Infraestructura,2026-05-02,6.0,4.3,7.3,5.9,7.5,6.04,4.4,7.1,4.9,5.9,5.55,4.5,4.8,3.0,6.8,6.9,4.98,4.8,6.1,6.2,6.1,6.1,5.8
137,Raúl García Hernández,Ventas,Ventas Nacionales,2026-04-20,4.1,2.0,5.3,3.1,4.2,3.68,2.0,2.8,3.1,2.9,2.64,3.7,4.3,3.8,4.0,4.0,3.96,2.0,5.2,5.5,3.0,5.1,4.01
138,Carlos Pérez López,Finanzas,Contabilidad,2025-09-11,5.9,6.5,8.1,5.7,5.9,6.46,6.3,6.2,7.7,6.8,6.68,5.5,6.4,6.2,5.4,8.2,6.26,5.7,5.9,8.0,4.3,4.7,5.83
139,María Jiménez Romero,Operaciones,Logística,2025-09-12,6.5,6.4,6.4,5.4,6.3,6.26,7.3,6.5,6.3,5.9,6.55,6.9,4.9,8.3,6.2,7.8,6.71,6.2,8.2,7.5,6.2,8.9,7.23
140,Ana Pérez Rodríguez,Finanzas,Contabilidad,2026-03-22,2.5,5.3,5.0,4.3,7.2,4.68,6.5,8.6,5.6,7.8,7.17,6.1,3.9,3.3,6.8,5.0,4.93,6.7,7.1,5.7,6.9,7.0,6.67
141,Camila Jiménez Vázquez,Ventas,Ventas Internacionales,2026-08-22,9.1,7.9,8.3,7.7,5.8,7.94,6.7,4.7,6.9,6.6,6.22,8.7,5.3,5.3,5.3,7.2,6.44,5.5,7.8,7.9,7.4,8.0,7.18
142,Alejandro Cruz Hernández,Tecnología,Soporte Técnico,2026-01-03,6.9,5.7,7.1,7.9,7.2,6.84,7.2,6.7,9.1,7.5,7.53,7.6,8.8,7.9,8.1,7.0,7.94,7.2,5.4,5.2,6.8,7.9,6.34
143,Pedro Ortiz García,Ventas,Ventas Internacionales,2025-12-21,4.5,3.8,4.3,4.8,2.6,4.04,2.7,1.6,4.3,1.7,2.49,0.9,3.2,3.4,2.8,2.6,2.52,3.9,3.3,4.7,3.2,4.3,3.81
144,Francisco Martínez Torres,Finanzas,Auditoría Interna,2025-10-09,5.3,7.8,6.0,5.9,3.7,5.91,5.4,6.2,6.2,6.5,6.04,5.7,4.2,5.3,5.0,5.4,5.1,6.7,8.3,6.8,7.0,7.5,7.26
145,Mariana López Cruz,Tecnología,Soporte Técnico,2025-09-26,6.6,6.4,9.2,6.1,6.1,6.92,6.6,9.0,5.4,6.5,6.94,6.1,6.1,4.3,6.1,6.4,5.78,5.0,7.1,5.9,8.5,4.9,6.4
146,Ana Morales Castillo,Ventas,Ventas Nacionales,2026-01-21,2.4,1.9,4.2,3.9,1.7,2.76,3.4,3.0,1.3,2.8,2.73,2.6,3.8,2.4,1.8,2.4,2.71,3.1,1.7,1.3,0.8,2.6,1.88
147,Juan Ramírez Romero,Marketing,Investigación de Mercado,2026-07-30,6.9,5.8,8.2,9.5,7.6,7.38,7.6,6.1,7.6,7.6,7.22,7.0,9.8,7.9,8.3,9.2,8.41,8.8,8.2,7.3,7.7,10.0,8.25
148,Miguel López Flores,Operaciones,Control de Calidad,2026-06-08,7.7,10.0,10.0,10.0,10.0,9.43,9.2,9.5,10.0,8.6,9.28,10.0,10.0,10.0,10.0,10.0,10.0,9.6,9.5,10.0,10.0,10.0,9.78
149,Diego Jiménez Sánchez,Ventas,Ventas Internacionales,2025-12-20,8.8,8.2,7.5,8.1,7.5,8.09,7.6,7.1,6.5,4.9,6.58,5.8,7.3,6.5,7.1,9.4,7.05,5.9,7.2,7.1,7.4,8.0,6.98
150,Raúl Rodríguez Pérez,Ventas,Ventas Nacionales,2026-01-29,9.0,9.1,7.8,9.0,9.5,8.86,7.5,7.7,6.7,7.3,7.34,9.8,10.0,8.0,9.2,7.7,9.09,9.0,10.0,9.8,8.6,7.0,9.13
151,Raúl Castillo Flores,Finanzas,Auditoría Interna,2026-04-01,2.1,2.0,2.8,2.6,3.3,2.47,5.8,4.2,1.9,2.7,3.84,4.1,6.2,3.1,6.5,2.3,4.51,2.1,2.2,3.9,4.6,4.8,3.26
152,María Morales Morales,Finanzas,Auditoría Interna,2026-04-14,9.9,9.4,9.6,9.2,9.6,9.56,5.9,6.4,10.0,7.8,7.32,7.9,8.2,8.7,7.9,7.7,8.1,9.6,8.4,10.0,9.9,8.2,9.3
153,Luis Reyes Ortiz,Tecnología,Desarrollo,2025-12-23,8.2,7.6,6.5,6.3,7.0,7.24,7.2,5.7,8.7,8.1,7.35,10.0,10.0,8.3,9.1,8.8,9.35,6.3,8.6,7.1,7.2,9.4,7.52
154,Juan Torres López,Finanzas,Tesorería,2026-04-06,3.6,4.4,3.8,4.0,6.5,4.34,2.7,3.8,2.4,3.1,3.02,3.8,3.7,4.3,4.5,3.9,3.99,4.0,4.7,3.5,4.4,6.8,4.43
155,Francisco Cruz García,Tecnología,Soporte Técnico,2026-07-13,7.6,5.9,5.5,8.3,6.7,6.72,6.0,8.3,7.8,7.6,7.34,6.2,6.6,10.0,7.9,5.7,7.24,5.7,4.1,4.7,7.4,8.0,5.67
156,Ximena Hernández Morales,Ventas,Ventas Nacionales,2025-09-15,7.7,6.7,5.7,7.5,7.6,7.0,6.8,6.7,7.8,8.6,7.43,7.9,7.1,6.0,7.5,9.4,7.48,4.8,5.2,6.5,6.7,7.3,5.87
157,Laura Castillo Torres,Recursos Humanos,Reclutamiento,2026-05-03,4.9,5.6,6.8,7.1,5.2,5.83,6.8,6.0,6.5,5.7,6.26,7.3,6.5,7.0,5.4,6.9,6.7,4.8,6.9,3.2,5.7,5.2,5.22
158,Sergio Cruz Flores,Ventas,Atención a Clientes,2026-05-29,6.9,4.3,7.5,7.4,6.1,6.32,5.4,6.0,7.5,6.4,6.22,5.5,6.5,7.0,6.4,5.3,6.16,5.6,6.2,4.3,9.1,7.5,6.38
159,Karla Vázquez Ortiz,Recursos Humanos,Capacitación,2026-08-13,6.6,6.9,7.2,5.8,8.4,6.94,4.6,4.7,7.4,4.9,5.26,6.1,5.8,7.1,5.9,4.9,6.02,7.5,6.5,6.8,7.9,7.2,7.16
160,María Jiménez López,Operaciones,Control de Calidad,2026-03-20,5.7,3.8,4.1,2.3,4.4,4.2,4.8,3.3,4.6,4.9,4.41,4.3,2.7,1.9,4.3,2.9,3.21,4.9,3.6,4.8,4.1,5.4,4.44
161,Miguel Ortiz Pérez,Ventas,Ventas Internacionales,2025-09-13,3.8,3.8,1.5,3.0,1.6,2.89,1.9,3.1,2.9,3.9,2.9,3.6,2.9,3.8,4.7,3.3,3.58,6.2,6.1,5.6,4.4,5.2,5.6
162,Sergio Flores González,Marketing,Investigación de Mercado,2026-07-11,6.2,6.0,5.7,6.5,5.5,5.99,6.9,4.6,4.7,6.6,5.81,7.0,7.9,5.5,7.9,7.7,7.16,7.8,7.3,5.5,6.5,4.1,6.58
163,Daniela Rodríguez Vázquez,Recursos Humanos,Nómina,2026-06-10,8.2,9.2,8.3,9.2,10.0,8.89,7.3,9.6,8.5,10.0,8.79,9.7,8.9,9.5,9.9,7.4,9.14,9.1,6.7,5.4,8.1,8.5,7.5
164,Alejandro Castillo Gómez,Finanzas,Contabilidad,2026-07-04,7.8,6.7,6.6,6.1,5.6,6.7,5.7,5.5,9.0,6.3,6.46,6.7,7.2,6.2,6.2,6.0,6.54,7.5,6.9,8.2,5.7,4.7,6.85
165,Gabriela Reyes Pérez,Tecnología,Soporte Técnico,2026-08-04,6.0,8.3,5.8,7.5,6.1,6.78,6.9,5.7,4.8,7.8,6.4,5.1,6.4,6.2,6.1,6.9,6.06,5.4,5.1,4.9,6.2,7.5,5.6
166,Fernanda López Ramírez,Ventas,Ventas Nacionales,2026-01-30,4.3,4.5,2.3,1.4,2.8,3.29,2.4,2.3,3.6,3.7,2.94,3.8,5.3,5.1,5.0,3.1,4.51,2.0,1.0,3.3,3.2,3.3,2.38
167,Camila Cruz López,Finanzas,Contabilidad,2026-05-22,3.4,4.1,5.2,2.8,3.3,3.83,3.1,2.6,3.1,4.0,3.2,3.4,5.6,4.5,4.7,5.1,4.62,5.2,4.3,4.2,1.7,3.1,3.86
168,Roberto Romero Gómez,Recursos Humanos,Nómina,2025-12-07,7.2,4.5,5.2,5.9,7.6,5.99,6.0,7.0,5.0,5.6,5.95,5.7,6.6,5.9,5.0,5.7,5.86,6.5,7.0,5.3,4.8,8.4,6.24
169,Sofía Flores Rodríguez,Operaciones,Logística,2026-04-14,3.0,1.6,0.5,2.2,0.9,1.72,3.4,3.3,3.9,3.0,3.38,2.9,1.7,1.5,0.7,1.6,1.8,0.6,0.9,1.4,1.5,2.1,1.16
170,Carlos Pérez González,Tecnología,Soporte Técnico,2026-01-18,7.6,6.0,7.9,9.9,6.9,7.5,5.3,5.7,5.5,6.3,5.69,4.4,4.3,6.9,6.5,4.9,5.26,6.6,7.0,6.9,7.9,5.0,6.86
171,Ximena Torres Ortiz,Finanzas,Tesorería,2026-08-06,4.4,4.0,4.8,3.8,5.5,4.46,7.1,6.5,5.6,5.5,6.25,6.9,6.4,6.2,6.3,7.0,6.56,7.7,3.4,5.6,7.9,6.2,6.1
172,Sergio Romero López,Operaciones,Control de Calidad,2026-05-10,6.6,9.2,6.5,6.3,6.0,7.1,7.9,7.5,7.1,6.5,7.29,7.6,6.8,7.2,6.9,6.7,7.08,7.5,6.6,5.0,2.3,8.5,5.84
173,Pedro Martínez Flores,Ventas,Ventas Internacionales,2026-04-09,5.2,6.0,7.1,6.6,6.1,6.12,3.3,5.8,4.0,5.4,4.59,4.9,4.2,5.4,6.5,2.3,4.68,5.9,8.5,6.0,6.4,6.7,6.75
174,Alejandro Ramírez López,Ventas,Atención a Clientes,2026-08-17,8.0,5.3,6.9,7.1,7.9,6.96,6.6,5.2,8.6,8.8,7.2,10.0,9.5,9.6,8.0,10.0,9.5,8.6,9.5,6.8,7.3,5.2,7.86
175,Laura Ortiz Sánchez,Tecnología,Infraestructura,2026-04-07,4.5,5.3,3.8,3.4,4.4,4.38,3.4,3.3,4.7,5.3,4.11,4.0,4.0,4.2,5.3,4.3,4.28,3.4,4.2,5.6,3.5,4.9,4.21
176,Miguel Castillo López,Finanzas,Auditoría Interna,2026-03-20,7.7,7.9,8.6,8.7,7.8,8.09,6.4,6.6,8.8,7.5,7.2,8.6,7.1,6.9,7.0,6.5,7.33,10.0,10.0,10.0,9.6,10.0,9.92
177,Camila Castillo Morales,Recursos Humanos,Nómina,2026-04-13,4.0,6.9,3.8,7.1,6.5,5.52,5.3,5.2,5.1,4.2,4.96,7.2,7.2,5.5,7.0,5.5,6.58,5.6,6.5,4.8,5.2,6.1,5.64
178,Luis Hernández Pérez,Tecnología,Desarrollo,2026-03-07,5.8,4.3,6.6,5.7,5.8,5.57,4.0,2.6,3.7,6.7,4.27,5.4,5.3,2.8,5.0,4.4,4.64,3.4,3.9,4.3,3.9,1.3,3.6
179,Alejandro Hernández Flores,Marketing,Marketing Digital,2025-11-21,6.2,5.3,4.3,4.9,3.6,5.01,6.6,6.9,7.8,4.9,6.49,5.8,6.0,5.4,4.0,4.8,5.35,5.4,6.5,4.3,6.0,5.4,5.58
180,Ana Rodríguez García,Operaciones,Producción,2025-11-30,5.0,5.9,3.5,4.4,5.4,4.89,6.5,5.6,6.1,3.2,5.37,5.7,7.3,6.7,4.8,6.9,6.34,4.9,4.2,3.7,3.5,5.3,4.25
181,Valeria Martínez Hernández,Ventas,Ventas Internacionales,2026-09-02,5.5,5.1,7.7,5.5,6.0,5.91,5.6,8.3,8.6,8.1,7.5,7.1,6.4,8.2,6.3,8.8,7.28,6.5,7.3,8.2,6.2,8.2,7.15
182,Luis Ortiz Martínez,Operaciones,Control de Calidad,2026-01-17,9.7,9.1,9.9,10.0,10.0,9.68,10.0,10.0,10.0,10.0,10.0,9.4,8.3,8.2,9.2,8.5,8.72,9.7,8.2,8.7,8.3,7.6,8.64
183,Ricardo Morales Rodríguez,Tecnología,Infraestructura,2025-10-13,8.7,9.2,9.0,10.0,10.0,9.27,8.1,6.5,6.6,7.9,7.35,9.0,9.5,10.0,10.0,9.4,9.54,7.4,8.9,10.0,9.3,7.7,8.7
184,Valeria Ortiz Ramírez,Finanzas,Contabilidad,2025-10-24,6.5,4.7,3.6,3.7,5.4,4.88,5.0,4.9,6.1,3.2,4.74,6.9,6.0,3.6,5.9,4.4,5.49,7.8,4.5,5.1,4.9,3.8,5.46
185,Mariana Sánchez Romero,Finanzas,Contabilidad,2026-05-12,8.2,9.5,8.6,9.5,8.5,8.84,8.0,10.0,7.6,8.0,8.42,10.0,9.3,9.4,8.0,6.5,8.88,8.3,6.2,8.8,8.9,8.7,8.04
186,Diego Torres Gómez,Recursos Humanos,Reclutamiento,2025-11-26,7.7,6.5,6.2,5.6,8.0,6.83,4.3,4.1,4.1,6.4,4.73,6.0,9.4,6.4,7.5,6.4,7.22,6.6,5.6,6.3,6.7,6.9,6.34
187,Sergio Gómez Rodríguez,Ventas,Ventas Internacionales,2025-11-19,4.7,3.6,2.9,3.1,2.1,3.44,1.2,3.6,0.3,2.7,2.0,0.0,0.8,2.3,1.8,3.9,1.52,3.0,2.0,0.0,3.6,2.8,2.25
188,José Flores Hernández,Recursos Humanos,Capacitación,2026-04-27,9.8,10.0,10.0,9.6,10.0,9.89,9.2,10.0,7.6,10.0,9.28,10.0,9.3,9.5,8.2,9.0,9.3,6.8,8.4,8.9,8.1,8.0,8.0
189,Pedro González González,Marketing,Marketing Digital,2025-10-25,5.5,8.0,7.3,3.6,4.6,6.06,5.6,4.7,5.0,3.9,4.83,4.9,4.5,4.8,4.7,4.6,4.7,6.9,5.6,6.0,5.6,3.9,5.84
190,Carlos Reyes Morales,Tecnología,Infraestructura,2026-01-20,3.9,3.5,3.7,4.3,2.3,3.58,1.6,3.1,2.8,2.5,2.44,4.9,4.7,6.0,4.2,4.1,4.85,2.8,4.1,4.4,3.6,4.1,3.74
191,Raúl Cruz Pérez,Finanzas,Contabilidad,2025-12-07,3.1,4.1,3.7,4.1,6.9,4.19,1.5,3.4,4.5,2.6,2.85,5.0,6.0,3.8,4.1,4.5,4.8,6.1,4.7,2.9,6.8,6.6,5.3
192,José García Ramírez,Finanzas,Tesorería,2025-12-09,4.9,5.9,6.8,4.9,5.8,5.67,3.7,5.3,7.2,5.2,5.18,7.1,6.3,5.6,7.1,4.8,6.26,7.2,6.2,7.6,7.1,6.9,6.98
193,Camila Rodríguez Gómez,Tecnología,Infraestructura,2025-11-26,7.4,7.0,6.6,7.4,9.0,7.38,4.6,4.0,4.7,3.9,4.3,5.4,6.6,6.2,5.8,9.0,6.46,4.3,4.9,4.5,3.6,5.1,4.43
194,Juan Martínez Ortiz,Marketing,Marketing Digital,2025-09-23,8.3,4.4,3.2,5.1,6.1,5.5,6.6,8.0,6.6,5.7,6.72,7.3,6.4,6.6,5.9,7.3,6.72,7.4,6.3,6.1,6.5,5.6,6.5
195,Juan Martínez Cruz,Tecnología,Infraestructura,2025-10-30,4.9,6.1,4.8,6.0,6.1,5.52,3.9,6.8,5.1,3.6,4.79,6.6,8.0,5.1,6.9,6.9,6.74,6.3,5.9,6.0,6.2,5.2,6.01
196,Camila Jiménez Martínez,Recursos Humanos,Nómina,2026-04-06,8.8,8.2,4.4,5.0,3.8,6.45,6.4,7.4,7.7,9.1,7.59,8.1,7.1,8.2,8.0,10.0,8.14,9.8,8.5,9.4,8.5,10.0,9.16
197,Mariana Ortiz Ortiz,Tecnología,Infraestructura,2026-02-14,8.9,7.5,8.7,6.6,10.0,8.33,10.0,7.4,8.4,8.1,8.56,10.0,5.8,9.4,10.0,9.5,8.76,9.0,7.9,7.4,7.8,7.8,8.04
198,Camila González Romero,Operaciones,Logística,2026-01-14,2.6,1.5,2.4,1.5,3.0,2.18,3.5,0.4,2.0,1.6,1.95,4.1,2.5,4.9,4.0,2.2,3.56,3.0,3.5,2.9,0.6,2.9,2.62
199,Miguel Ortiz Morales,Operaciones,Producción,2025-10-30,5.0,3.1,1.9,3.1,3.6,3.41,5.4,6.3,4.1,2.2,4.57,2.2,6.1,4.3,2.8,2.3,3.7,4.2,2.8,4.6,3.2,4.8,3.79
200,Gabriela Reyes Reyes,Tecnología,Desarrollo,2026-04-17,9.2,7.4,6.1,5.1,7.7,7.29,7.0,7.8,7.4,7.5,7.4,7.6,5.4,7.8,6.6,8.8,7.12,5.5,6.7,6.5,6.9,6.7,6.4
201,Karla Vázquez Torres,Ventas,Ventas Internacionales,2026-05-16,4.2,6.4,2.2,3.2,3.8,4.14,3.5,4.1,1.4,1.6,2.76,3.1,3.4,4.0,0.4,3.8,3.06,1.4,5.4,3.0,3.0,1.8,3.08
202,Ana Ortiz Rodríguez,Finanzas,Auditoría Interna,2025-12-12,9.3,7.1,7.9,7.4,7.0,7.84,7.1,6.8,6.9,7.9,7.18,8.3,7.6,7.3,8.7,8.4,8.0,7.8,6.2,8.4,6.2,7.6,7.18
203,Daniela Rodríguez Romero,Ventas,Atención a Clientes,2025-09-24,4.8,5.9,4.9,5.8,6.2,5.45,3.6,4.5,6.0,4.2,4.46,6.3,6.5,5.5,6.2,5.4,6.04,5.3,5.9,6.2,6.5,7.2,6.06
204,Pedro Ortiz Flores,Finanzas,Auditoría Interna,2025-10-10,7.6,8.2,9.3,8.8,8.0,8.33,7.6,8.1,8.5,9.2,8.3,9.6,10.0,8.9,9.1,9.0,9.4,10.0,8.2,9.3,10.0,10.0,9.41
205,Gabriela Ramírez Jiménez,Ventas,Ventas Internacionales,2026-07-15,2.0,3.1,3.6,5.3,4.3,3.44,4.3,0.8,3.7,2.9,2.96,4.2,3.5,5.2,3.0,4.5,4.09,3.4,4.7,3.8,3.5,4.1,3.9
206,Karla González Pérez,Tecnología,Infraestructura,2025-10-07,5.6,6.1,7.9,6.6,5.8,6.36,6.2,4.2,6.3,5.0,5.42,4.2,7.6,6.3,7.3,8.2,6.53,5.5,5.2,5.9,3.9,5.3,5.16
207,José López Cruz,Operaciones,Control de Calidad,2025-11-23,6.4,5.3,5.3,4.7,5.3,5.48,5.9,6.5,5.3,6.0,5.96,5.3,6.3,5.1,3.8,5.0,5.24,7.3,6.3,7.0,6.6,5.5,6.67
208,Paola Hernández Cruz,Tecnología,Infraestructura,2026-07-12,8.7,10.0,10.0,9.2,7.9,9.24,9.1,8.7,8.9,8.6,8.83,7.7,8.2,7.8,9.5,6.9,8.0,9.9,6.9,7.6,10.0,9.5,8.67
209,Alejandro González Sánchez,Operaciones,Control de Calidad,2026-09-05,8.0,6.9,6.1,7.6,5.1,6.85,6.5,5.9,6.8,7.6,6.68,6.5,6.0,7.2,4.4,4.7,5.93,5.4,4.9,4.6,6.6,6.2,5.44
210,Jorge Rodríguez Ramírez,Finanzas,Tesorería,2026-06-25,10.0,8.2,8.1,7.5,8.1,8.51,9.2,9.6,9.9,9.4,9.49,6.7,6.5,5.6,6.4,7.4,6.49,10.0,6.9,7.0,7.9,8.3,8.04
211,Francisco Sánchez Cruz,Ventas,Ventas Nacionales,2025-10-03,6.4,7.8,9.2,5.4,7.0,7.25,8.5,6.9,7.6,9.4,8.14,10.0,6.8,7.7,5.2,8.9,7.86,4.7,5.7,6.7,7.3,8.3,6.23
212,Jorge Hernández Jiménez,Finanzas,Contabilidad,2025-12-06,5.7,6.8,4.5,4.9,5.7,5.62,7.7,7.1,5.4,4.7,6.34,6.1,5.0,7.9,5.4,8.3,6.41,4.1,7.8,6.4,6.5,6.9,6.24
213,Carlos Pérez Vázquez,Recursos Humanos,Nómina,2026-02-10,6.1,4.9,4.2,4.2,3.5,4.74,6.0,6.5,4.9,8.0,6.4,3.1,5.5,5.4,5.1,7.8,5.16,3.8,4.6,6.7,7.7,4.7,5.45
214,Raúl Jiménez Castillo,Recursos Humanos,Reclutamiento,2026-01-20,7.5,5.9,4.2,6.5,6.9,6.2,8.4,7.1,8.0,7.3,7.72,7.6,8.1,7.3,8.1,6.1,7.52,4.2,5.5,6.7,6.5,6.0,5.66
215,Mariana Flores Vázquez,Ventas,Ventas Nacionales,2026-04-10,7.2,6.5,4.7,8.4,6.6,6.62,4.8,5.2,4.5,4.6,4.79,6.2,7.2,7.0,6.4,6.7,6.72,5.0,7.0,6.7,4.7,6.2,5.9
216,Daniela Flores Rodríguez,Ventas,Atención a Clientes,2025-10-12,6.5,4.4,3.4,6.7,6.5,5.38,5.9,3.6,3.8,5.6,4.83,7.6,8.5,5.7,6.8,6.9,7.22,6.7,7.0,8.1,6.9,7.9,7.22
217,Raúl Ortiz Flores,Operaciones,Producción,2026-07-12,7.5,5.1,7.6,7.4,6.7,6.78,7.5,5.5,6.3,8.8,7.08,6.3,6.8,6.1,9.4,6.6,6.9,4.8,6.1,6.0,5.5,8.3,5.86
218,Roberto González Ortiz,Marketing,Comunicación de Marca,2026-05-16,7.6,9.1,7.3,8.8,8.1,8.17,6.9,6.5,8.6,10.0,7.92,8.8,9.5,7.7,8.0,7.2,8.4,7.4,9.7,8.9,6.8,9.5,8.36
219,Andrea Rodríguez Vázquez,Recursos Humanos,Reclutamiento,2026-06-26,1.7,2.8,2.8,3.5,1.1,2.38,5.5,4.8,3.5,2.9,4.27,3.6,1.8,2.4,6.7,4.0,3.44,2.1,3.9,4.6,3.7,4.7,3.63
220,Karla Martínez Pérez,Finanzas,Tesorería,2025-11-02,6.1,7.1,7.1,6.6,4.9,6.44,5.0,4.2,6.7,6.1,5.41,6.5,8.1,6.9,7.8,4.8,6.92,5.7,4.4,7.9,5.2,4.3,5.58
221,Luis Torres García,Operaciones,Producción,2026-02-22,3.2,2.4,3.9,4.8,2.4,3.26,4.0,4.1,4.4,5.1,4.38,4.6,3.0,1.7,2.3,3.5,3.11,2.7,2.9,2.8,2.6,3.4,2.82
222,Laura Morales Jiménez,Recursos Humanos,Capacitación,2026-01-01,5.1,3.6,5.3,4.8,5.1,4.72,6.7,6.0,5.1,5.7,5.95,5.2,4.3,6.4,4.6,6.4,5.31,5.9,6.1,5.3,5.4,7.3,5.87
223,Diego Gómez Castillo,Ventas,Ventas Internacionales,2025-10-07,5.2,6.2,6.7,5.7,5.3,5.84,4.7,4.4,6.4,6.0,5.29,4.7,6.0,6.7,7.9,5.6,6.04,5.5,3.8,7.3,5.5,7.4,5.62
224,Ana Romero Reyes,Recursos Humanos,Reclutamiento,2026-06-28,5.4,6.9,9.0,6.8,6.1,6.81,7.1,7.0,7.5,7.7,7.3,5.4,7.7,5.2,4.4,7.2,6.06,8.6,6.3,6.9,8.9,5.7,7.46
225,Karla Martínez Reyes,Ventas,Atención a Clientes,2025-09-20,5.0,8.3,5.9,7.4,4.3,6.26,6.6,6.3,7.4,4.8,6.24,5.4,6.1,6.3,8.4,7.0,6.44,7.7,6.6,8.9,6.9,6.1,7.35
226,Francisco Morales Martínez,Recursos Humanos,Reclutamiento,2026-07-23,7.5,6.7,7.2,6.4,7.2,7.03,4.0,4.6,5.3,6.3,4.98,5.0,5.7,5.6,5.5,6.7,5.62,5.1,6.3,5.3,5.8,6.4,5.71
227,Diego Castillo Torres,Operaciones,Producción,2025-12-06,7.3,10.0,7.8,6.7,9.0,8.24,5.6,6.4,5.8,6.0,5.94,3.3,6.0,8.1,4.4,7.5,5.73,7.0,5.3,7.5,4.7,4.0,5.92
228,Ana Romero Romero,Operaciones,Control de Calidad,2025-12-25,7.4,8.5,7.5,8.6,8.7,8.07,6.6,6.5,6.8,7.0,6.72,9.1,8.6,8.0,6.9,7.1,8.12,7.1,7.7,6.3,7.1,9.1,7.29
229,Luis Ortiz Cruz,Marketing,Investigación de Mercado,2025-11-10,3.4,4.5,2.4,5.7,3.0,3.76,6.0,4.6,5.1,3.9,4.94,3.1,6.1,5.8,4.5,4.7,4.84,4.1,2.9,5.2,2.8,4.1,3.76
230,Alejandro Cruz Vázquez,Operaciones,Logística,2026-07-12,8.0,9.9,8.4,9.0,10.0,9.0,9.8,7.1,8.5,7.8,8.36,9.1,8.6,8.3,7.7,7.8,8.41,8.5,10.0,10.0,9.7,10.0,9.56
231,Ximena Vázquez Castillo,Finanzas,Contabilidad,2025-09-22,6.2,7.0,6.8,7.6,7.9,6.98,5.4,6.5,6.7,7.7,6.51,5.6,5.9,7.0,5.5,7.3,6.2,7.3,7.4,10.0,10.0,7.2,8.4
232,Raúl Martínez Pérez,Recursos Humanos,Capacitación,2025-11-22,9.7,6.8,10.0,9.6,9.2,8.94,9.6,9.5,9.0,9.7,9.48,7.5,7.4,9.4,6.2,7.6,7.68,7.8,10.0,10.0,10.0,8.5,9.3
233,Francisco Morales Martínez,Operaciones,Producción,2026-07-29,6.3,6.9,5.3,6.4,5.9,6.2,5.4,5.0,6.7,6.8,5.91,7.7,6.1,6.2,5.9,7.1,6.64,6.1,6.1,6.6,6.5,4.9,6.16
234,Juan Rodríguez Reyes,Marketing,Comunicación de Marca,2026-02-16,7.8,9.2,4.5,7.3,6.9,7.28,6.7,7.1,7.1,6.6,6.86,5.4,6.4,4.6,7.5,6.3,5.94,6.9,8.0,7.7,7.1,7.3,7.42
235,Luis Hernández López,Tecnología,Desarrollo,2025-11-13,3.1,0.0,2.3,2.1,4.3,2.19,4.8,0.2,2.9,3.0,2.82,2.0,4.1,2.9,4.8,3.3,3.32,3.1,1.2,4.4,3.4,5.0,3.14
236,Andrea García Morales,Recursos Humanos,Capacitación,2026-03-17,9.2,9.3,7.4,8.2,10.0,8.84,9.8,10.0,10.0,7.6,9.34,6.9,6.3,9.6,8.8,7.7,7.7,8.8,10.0,7.5,8.6,8.1,8.73
237,Paola Flores Jiménez,Marketing,Marketing Digital,2026-04-21,5.6,3.0,4.5,5.2,4.6,4.52,5.7,4.8,6.3,6.8,5.87,4.2,5.0,5.0,5.4,6.7,5.11,7.9,5.8,6.8,7.5,7.9,7.08
238,Diego Torres Vázquez,Recursos Humanos,Capacitación,2026-05-30,6.7,6.6,7.4,7.2,6.9,6.92,5.5,8.1,7.0,6.8,6.78,7.8,8.4,4.8,8.2,7.6,7.38,7.6,8.5,9.0,7.9,6.3,8.04
239,Camila Vázquez Rodríguez,Finanzas,Tesorería,2026-03-03,10.0,8.7,8.5,9.6,6.2,8.74,9.0,8.6,8.6,8.3,8.64,8.7,8.6,7.0,6.3,9.1,8.04,9.1,8.1,10.0,8.1,6.9,8.61
240,Paola González Morales,Finanzas,Contabilidad,2025-09-13,6.8,6.7,5.4,5.8,7.2,6.4,5.2,6.8,6.6,3.3,5.4,4.5,5.0,4.6,5.5,3.7,4.68,6.2,4.8,6.1,6.5,7.6,6.03
241,Ana Castillo Ortiz,Tecnología,Desarrollo,2026-01-29,6.9,6.1,5.7,4.6,6.7,6.08,6.6,6.2,8.2,10.0,7.67,6.7,6.7,6.4,7.6,5.3,6.56,3.2,5.3,4.1,5.1,3.6,4.32
242,Ana Vázquez López,Marketing,Marketing Digital,2025-12-18,9.1,10.0,10.0,10.0,10.0,9.78,8.8,8.2,7.6,8.5,8.33,9.6,6.4,10.0,9.8,9.0,8.82,8.6,8.5,10.0,10.0,8.9,9.17
243,Francisco Martínez Flores,Marketing,Investigación de Mercado,2025-11-27,3.1,4.1,1.5,2.0,2.1,2.71,3.8,3.5,3.6,3.7,3.66,2.7,3.7,2.1,1.2,2.7,2.61,4.7,3.1,3.2,4.4,2.2,3.69
244,Roberto Torres Cruz,Recursos Humanos,Reclutamiento,2025-11-28,5.3,7.1,8.1,6.5,7.4,6.8,8.3,9.2,8.8,9.1,8.83,8.9,10.0,10.0,7.6,7.6,9.0,8.8,8.9,8.5,8.8,9.6,8.85
245,Camila Vázquez González,Operaciones,Logística,2026-04-14,10.0,10.0,8.3,8.9,10.0,9.5,8.7,10.0,10.0,9.4,9.46,9.3,9.7,10.0,8.9,10.0,9.59,10.0,6.1,9.5,5.2,9.9,7.96
246,Roberto Torres Sánchez,Ventas,Ventas Nacionales,2025-12-01,7.1,7.4,8.4,5.9,8.2,7.42,10.0,10.0,10.0,10.0,10.0,7.7,8.7,9.5,7.2,7.1,8.14,7.7,6.9,8.4,6.9,7.4,7.45
247,Francisco Gómez Ortiz,Recursos Humanos,Reclutamiento,2026-05-11,7.4,7.4,6.2,7.7,10.0,7.6,8.9,8.6,7.9,9.4,8.75,6.3,8.7,10.0,8.7,10.0,8.56,9.0,7.5,10.0,8.4,8.1,8.62
248,Gabriela Reyes Pérez,Ventas,Ventas Nacionales,2026-02-06,4.9,5.1,7.0,7.1,7.3,6.06,7.3,6.8,6.3,6.5,6.78,7.2,6.5,7.1,7.4,9.5,7.38,8.7,5.4,6.3,6.6,5.1,6.62
249,Sergio Ramírez Rodríguez,Finanzas,Tesorería,2026-05-20,6.7,8.2,6.6,6.2,5.7,6.83,6.8,7.9,6.5,8.1,7.34,7.2,6.7,9.2,7.0,6.7,7.37,8.8,9.0,8.0,6.1,7.3,8.0
250,Miguel Sánchez Hernández,Operaciones,Logística,2025-09-30,3.6,3.6,4.0,5.4,3.5,3.94,1.6,2.6,2.3,3.4,2.44,1.7,4.2,4.6,2.2,0.8,2.84,2.5,4.5,2.0,2.3,1.8,2.79
251,Raúl López Martínez,Operaciones,Logística,2025-12-15,10.0,5.4,9.1,9.5,7.3,8.19,9.0,10.0,8.8,10.0,9.46,8.8,8.5,7.9,9.1,7.3,8.36,8.0,10.0,8.0,7.7,7.2,8.36
252,Raúl Morales Cruz,Ventas,Ventas Nacionales,2026-02-06,6.2,5.9,4.4,6.3,6.2,5.78,4.1,5.7,4.6,7.8,5.52,4.1,3.4,5.9,4.1,3.5,4.2,1.8,5.3,4.4,7.7,1.9,4.39
253,Francisco Ramírez López,Marketing,Marketing Digital,2026-03-27,7.1,7.1,7.6,5.5,8.9,7.23,9.0,7.5,7.2,9.8,8.46,9.5,8.4,10.0,7.5,7.5,8.72,9.0,8.7,7.8,10.0,8.6,8.84
254,Francisco Hernández Morales,Finanzas,Contabilidad,2026-03-02,4.5,6.0,6.7,7.9,8.2,6.38,4.2,6.3,4.2,4.9,4.9,5.6,4.6,6.4,4.8,5.8,5.42,5.3,7.5,6.8,5.5,6.7,6.33
255,Raúl Castillo Ramírez,Tecnología,Desarrollo,2025-11-27,0.0,2.2,2.1,2.2,2.1,1.62,1.7,2.3,1.1,1.8,1.76,2.6,2.9,0.6,2.1,3.2,2.29,2.9,2.5,5.0,5.0,2.0,3.55
256,Gabriela Reyes Flores,Finanzas,Auditoría Interna,2026-05-31,3.3,4.0,5.2,6.2,4.9,4.53,3.8,3.6,3.7,4.2,3.83,2.6,3.0,1.5,1.2,3.8,2.45,1.4,4.4,3.5,2.8,1.9,2.9
257,Ana Ramírez Jiménez,Finanzas,Auditoría Interna,2025-11-09,6.7,10.0,8.5,7.5,9.5,8.43,8.1,8.1,7.4,6.5,7.56,7.6,8.3,8.7,8.0,7.4,8.02,10.0,9.5,9.3,8.6,9.6,9.41
258,Ximena García Torres,Ventas,Ventas Nacionales,2026-05-28,5.5,6.9,4.5,5.0,6.8,5.77,2.4,4.7,4.2,4.6,3.88,1.8,2.5,2.7,5.1,4.9,3.12,1.0,1.8,1.4,2.3,2.4,1.68
259,Mariana Romero Cruz,Operaciones,Logística,2026-07-18,4.0,4.9,5.5,4.3,2.8,4.39,3.7,5.1,5.2,4.7,4.6,5.8,6.0,3.5,4.0,3.5,4.78,3.3,2.9,0.9,1.8,2.9,2.38
260,Ana Pérez Gómez,Finanzas,Tesorería,2025-12-13,2.5,2.8,3.1,1.5,3.2,2.65,2.7,5.9,5.1,4.2,4.36,4.2,4.2,4.1,3.6,2.7,3.86,4.1,5.8,3.4,2.1,4.4,4.01
261,Pedro Reyes López,Operaciones,Control de Calidad,2025-12-23,4.8,7.1,4.9,4.1,4.5,5.24,5.8,6.1,6.6,4.1,5.61,4.8,5.3,5.5,6.5,4.7,5.3,8.6,9.3,6.7,4.7,6.6,7.42
262,Ana Flores Morales,Tecnología,Infraestructura,2026-05-08,8.7,8.8,7.5,5.8,7.8,7.92,7.6,7.1,9.0,7.6,7.75,9.2,7.7,9.6,7.9,7.8,8.5,6.6,4.3,6.6,6.9,6.4,6.06
263,María Jiménez Rodríguez,Tecnología,Infraestructura,2026-01-14,5.7,8.2,7.0,10.0,5.8,7.24,5.1,5.2,7.7,5.1,5.64,4.9,5.7,7.3,5.0,6.3,5.81,6.5,7.5,5.6,6.2,6.9,6.55
264,María Martínez Flores,Recursos Humanos,Reclutamiento,2025-12-16,6.7,7.4,7.3,5.0,6.1,6.65,6.9,5.5,4.4,3.5,5.2,7.1,7.8,5.4,7.3,5.4,6.71,7.0,7.0,7.9,6.0,6.3,6.91
265,Francisco Ortiz Cruz,Finanzas,Tesorería,2025-11-24,4.1,3.3,0.7,1.3,1.6,2.42,3.2,3.8,3.3,1.5,2.94,3.6,4.8,3.5,3.2,2.3,3.62,0.3,1.4,2.9,1.9,1.1,1.5
266,Miguel Romero Flores,Finanzas,Tesorería,2025-09-25,2.5,4.0,2.1,3.6,1.6,2.82,1.3,1.8,2.7,2.1,1.91,2.6,2.6,2.8,1.5,5.1,2.85,2.3,4.2,3.6,2.5,4.8,3.32
267,Miguel Cruz García,Tecnología,Soporte Técnico,2025-10-31,6.4,5.5,5.3,4.4,4.9,5.43,6.2,6.3,7.4,5.0,6.16,3.2,4.5,5.7,5.4,4.2,4.51,3.7,6.3,5.5,4.0,5.8,4.98
268,Miguel Rodríguez Castillo,Tecnología,Infraestructura,2026-03-31,1.1,3.4,1.7,1.5,3.6,2.23,5.0,6.9,5.2,5.5,5.64,3.6,2.3,4.0,4.5,5.1,3.72,4.3,2.5,5.3,4.4,2.8,3.92
269,Francisco Vázquez Rodríguez,Operaciones,Logística,2026-06-15,0.7,1.9,1.9,0.0,3.0,1.48,3.8,1.6,4.8,4.9,3.72,2.7,0.8,3.6,0.7,2.7,2.11,5.2,2.9,4.4,6.4,4.3,4.62
270,Ana Ramírez Romero,Ventas,Ventas Internacionales,2026-08-03,3.4,2.1,3.2,3.4,1.3,2.72,4.0,4.2,3.9,4.0,4.03,0.6,2.5,2.3,0.0,3.4,1.74,4.5,3.3,3.2,1.7,2.8,3.21
271,José Gómez Jiménez,Recursos Humanos,Reclutamiento,2026-02-10,6.8,2.9,5.1,4.5,8.7,5.42,6.3,6.1,5.7,3.1,5.33,4.2,4.6,6.7,4.2,5.2,4.95,5.1,3.5,4.7,3.9,3.0,4.17
272,Sofía Vázquez Ortiz,Ventas,Ventas Nacionales,2026-01-07,8.6,9.3,8.4,9.6,8.3,8.84,8.5,7.3,7.6,6.9,7.62,8.8,7.0,7.7,10.0,7.4,8.1,7.2,7.4,6.5,7.0,8.9,7.24
273,José López Jiménez,Recursos Humanos,Reclutamiento,2025-12-29,5.1,3.5,1.2,2.6,1.2,2.96,5.0,2.8,4.3,5.3,4.38,2.8,2.4,1.2,5.5,2.5,2.74,2.2,3.8,1.4,3.4,2.3,2.69
274,Ximena García Jiménez,Operaciones,Control de Calidad,2026-09-04,3.4,6.2,4.8,5.1,5.6,4.96,5.4,4.0,5.4,4.4,4.8,9.3,6.8,7.1,8.1,5.6,7.5,3.8,4.7,3.6,4.6,3.3,4.1
275,Ana Jiménez Reyes,Recursos Humanos,Capacitación,2025-12-26,4.5,4.0,3.6,4.7,5.2,4.33,8.0,4.1,4.7,6.7,6.04,5.9,5.6,5.1,4.6,5.7,5.44,7.0,6.7,6.1,5.7,6.2,6.4
276,Juan Jiménez Gómez,Finanzas,Auditoría Interna,2025-11-24,9.2,9.6,10.0,8.8,8.2,9.25,7.3,6.5,8.4,8.2,7.54,9.0,10.0,7.0,8.3,8.6,8.68,5.6,5.5,6.8,6.2,5.9,5.96
277,Pedro García González,Tecnología,Infraestructura,2025-12-18,3.9,3.4,5.3,2.4,3.8,3.81,3.7,5.6,3.3,3.5,4.04,3.5,7.3,4.1,3.1,2.3,4.33,5.1,6.7,6.2,5.1,6.4,5.85
278,Carlos Flores López,Tecnología,Soporte Técnico,2026-02-28,8.7,10.0,8.8,8.4,8.6,8.98,9.1,8.0,9.0,9.7,8.96,6.8,6.9,8.7,6.7,8.4,7.43,8.0,9.3,6.5,9.8,9.1,8.49
279,Mariana Vázquez Ortiz,Operaciones,Control de Calidad,2026-09-02,7.1,7.6,7.1,7.1,8.0,7.36,6.9,9.1,4.8,7.9,7.28,8.8,7.3,9.5,9.4,8.6,8.62,8.8,10.0,7.6,9.8,8.8,9.06
280,Laura García Castillo,Operaciones,Logística,2026-03-13,10.0,9.4,10.0,10.0,10.0,9.85,8.1,9.8,7.0,8.6,8.43,9.0,10.0,10.0,10.0,10.0,9.75,8.9,9.7,10.0,8.1,10.0,9.27
281,Miguel Jiménez Castillo,Ventas,Atención a Clientes,2026-01-15,9.0,7.2,9.5,8.5,9.0,8.57,10.0,9.1,10.0,10.0,9.78,8.4,8.7,8.7,8.5,8.8,8.61,10.0,8.8,9.5,8.2,9.9,9.23
282,José García García,Ventas,Ventas Nacionales,2026-02-12,4.3,3.8,6.7,2.1,5.3,4.47,2.1,4.2,4.1,2.2,3.05,3.1,3.8,2.5,2.4,3.8,3.16,4.7,2.7,4.8,4.8,2.3,4.0
283,Luis Martínez Ortiz,Recursos Humanos,Capacitación,2026-02-10,10.0,9.5,10.0,9.8,8.9,9.68,10.0,8.5,10.0,10.0,9.62,7.5,7.0,7.2,7.2,8.7,7.45,9.9,10.0,10.0,8.1,9.5,9.54
284,Alejandro Romero Ortiz,Finanzas,Auditoría Interna,2026-03-03,8.5,8.8,6.4,7.8,8.8,8.1,6.7,8.6,9.1,7.2,7.78,8.4,6.3,8.4,7.3,7.4,7.56,9.0,7.7,8.8,8.7,7.6,8.44
285,Raúl González Pérez,Ventas,Atención a Clientes,2026-02-18,3.0,1.3,4.4,3.1,2.3,2.76,4.5,4.5,5.1,6.0,4.99,5.0,5.7,5.5,3.8,5.2,5.12,3.5,2.5,4.1,4.8,3.2,3.6
286,Mariana González Martínez,Marketing,Marketing Digital,2026-05-12,4.4,4.1,4.4,4.3,3.7,4.2,4.6,2.3,5.4,3.8,3.99,2.9,2.2,2.9,2.0,5.0,2.9,5.2,1.3,4.9,5.2,4.7,4.12
287,Roberto Ortiz Romero,Tecnología,Infraestructura,2026-01-30,6.3,7.4,7.8,8.9,6.8,7.34,6.6,5.9,7.8,6.6,6.67,7.7,9.0,9.1,7.7,6.5,8.12,8.9,8.9,7.9,6.5,10.0,8.33
288,Camila López Vázquez,Recursos Humanos,Reclutamiento,2026-05-28,1.4,4.0,3.3,2.0,1.7,2.56,3.2,3.9,6.7,5.9,4.75,1.0,4.5,4.5,2.6,1.3,2.86,3.6,5.4,3.7,5.1,3.3,4.34
289,Mariana Jiménez Ortiz,Recursos Humanos,Nómina,2026-03-12,6.4,6.1,7.8,7.9,8.1,7.09,8.1,10.0,6.8,6.7,7.96,8.3,7.1,8.9,7.3,8.9,8.06,8.6,10.0,8.5,9.7,8.8,9.17
290,Mariana Cruz García,Recursos Humanos,Capacitación,2026-04-09,5.8,6.3,6.8,6.5,6.4,6.32,5.7,7.1,5.8,5.2,5.94,6.2,7.6,5.8,5.9,6.5,6.47,6.8,7.3,6.8,6.8,7.1,6.96
291,Ricardo González López,Ventas,Ventas Nacionales,2025-12-21,7.2,8.6,8.6,7.8,6.7,7.84,9.2,9.1,8.5,6.7,8.41,6.7,9.6,10.0,6.7,10.0,8.58,10.0,9.5,9.7,8.4,10.0,9.49
292,Ana Jiménez Rodríguez,Marketing,Comunicación de Marca,2025-10-16,5.7,4.2,3.6,4.9,6.6,4.92,3.6,4.3,3.1,3.9,3.75,1.6,3.4,2.8,2.0,3.8,2.68,2.9,0.3,1.5,2.5,2.0,1.8
293,Andrea Torres Rodríguez,Operaciones,Control de Calidad,2026-01-19,7.6,6.7,8.9,6.8,8.3,7.62,10.0,10.0,10.0,9.9,9.98,9.8,10.0,7.8,10.0,9.9,9.49,5.9,8.1,8.2,7.1,8.8,7.44
294,Karla Martínez Gómez,Ventas,Ventas Nacionales,2026-07-20,2.7,2.8,3.0,2.6,5.2,3.15,4.9,5.6,5.4,5.2,5.25,4.3,2.9,6.0,3.7,5.5,4.38,3.8,3.8,3.9,5.0,2.0,3.88
295,Ricardo Hernández Ortiz,Operaciones,Logística,2026-01-07,10.0,9.0,10.0,8.2,9.3,9.38,9.5,9.3,9.9,9.8,9.6,9.9,8.5,10.0,10.0,10.0,9.6,10.0,9.0,8.0,9.1,8.3,9.0
296,Francisco Martínez Hernández,Operaciones,Logística,2026-05-12,3.8,4.9,2.9,4.7,2.1,3.78,3.4,2.6,4.4,1.6,2.95,3.6,4.4,4.5,2.7,4.2,3.93,2.5,2.0,2.2,3.2,3.8,2.58
297,María Pérez Martínez,Finanzas,Tesorería,2026-08-20,1.8,2.4,2.8,6.2,1.8,2.81,2.8,3.9,4.5,4.0,3.72,5.4,3.9,5.1,4.0,3.4,4.46,4.9,3.8,3.0,4.6,1.5,3.84
298,Valeria Rodríguez Romero,Marketing,Investigación de Mercado,2026-06-29,5.9,3.2,4.0,3.3,6.0,4.47,2.5,2.6,2.9,3.4,2.83,2.4,4.4,4.1,1.1,4.2,3.32,5.1,3.7,2.2,3.1,3.0,3.56
299,Francisco Reyes Rodríguez,Finanzas,Auditoría Interna,2025-09-08,5.5,4.2,2.3,4.2,2.2,3.84,3.2,4.5,3.1,2.7,3.38,5.4,5.2,6.1,3.8,3.6,4.98,2.8,2.5,4.6,3.0,1.3,2.98
300,José Martínez Reyes,Recursos Humanos,Nómina,2026-04-05,8.9,9.9,8.2,10.0,8.3,9.09,6.4,5.9,4.1,6.9,5.94,7.1,6.3,8.0,9.4,6.9,7.4,9.1,6.1,9.0,6.7,6.1,7.55
301,María García González,Recursos Humanos,Reclutamiento,2026-06-26,2.0,2.2,3.3,1.7,1.8,2.24,1.4,3.0,1.6,1.9,1.96,2.6,1.0,2.6,2.6,3.9,2.4,1.3,3.4,1.3,2.5,4.3,2.37
302,Pedro Flores Torres,Recursos Humanos,Capacitación,2026-07-21,3.0,3.8,1.7,5.1,2.0,3.1,2.6,3.5,1.5,1.5,2.33,2.1,1.7,2.8,3.6,3.4,2.56,4.4,4.7,3.2,3.9,5.3,4.23
303,Fernanda Hernández Ramírez,Finanzas,Auditoría Interna,2026-01-13,6.1,7.1,10.0,10.0,8.8,8.12,7.3,6.4,6.9,7.6,7.07,7.5,8.3,10.0,9.0,8.5,8.57,8.1,7.4,6.7,7.5,7.8,7.5
304,Juan Vázquez Hernández,Marketing,Comunicación de Marca,2025-12-04,4.8,3.5,4.4,3.8,5.2,4.3,4.7,5.6,5.0,5.1,5.08,4.7,5.5,4.6,4.0,5.5,4.89,4.1,6.3,5.2,3.5,6.1,4.95
305,Jorge Romero Morales,Operaciones,Logística,2026-05-02,7.6,7.8,5.6,8.6,7.1,7.32,6.5,6.6,5.9,3.7,5.7,5.5,6.4,4.9,4.2,7.3,5.68,5.4,5.6,6.0,5.8,6.4,5.75
306,Ricardo Rodríguez Vázquez,Tecnología,Desarrollo,2026-08-01,5.3,4.4,5.0,3.9,3.9,4.6,6.2,4.9,6.2,2.9,5.05,4.1,6.1,4.3,4.7,5.2,4.89,5.2,4.8,5.0,3.8,5.7,4.83
307,Sofía Reyes Gómez,Finanzas,Contabilidad,2026-05-01,5.0,5.6,2.3,3.9,5.3,4.49,5.7,4.7,6.4,7.1,5.94,7.2,8.5,7.8,6.4,6.4,7.4,7.2,4.5,5.9,6.9,7.3,6.22
308,Alejandro Cruz López,Ventas,Ventas Internacionales,2026-01-08,9.1,9.4,7.7,7.9,10.0,8.85,6.6,9.0,8.1,8.9,8.07,8.4,8.5,9.9,9.5,8.1,8.84,8.9,7.5,7.1,8.5,8.0,8.02
309,Carlos Castillo Rodríguez,Operaciones,Producción,2026-07-28,6.5,8.7,7.5,8.7,6.2,7.53,8.1,10.0,7.7,10.0,8.97,7.5,6.7,6.3,6.9,8.2,7.07,10.0,9.4,8.4,10.0,8.2,9.35
310,Miguel Cruz Morales,Marketing,Investigación de Mercado,2026-06-02,7.4,3.9,4.0,5.3,6.7,5.42,6.2,1.7,6.4,6.5,5.19,7.3,5.0,4.7,5.0,6.9,5.8,4.8,4.7,5.9,4.4,4.8,4.92
311,Andrea Jiménez Pérez,Marketing,Marketing Digital,2026-09-07,5.5,6.3,5.7,7.2,7.3,6.26,7.6,8.5,5.7,6.7,7.22,8.3,6.8,6.0,5.3,7.2,6.85,4.7,6.8,8.7,5.3,4.3,6.1
312,Roberto Cruz Castillo,Recursos Humanos,Capacitación,2026-03-19,6.6,8.5,9.0,7.6,7.2,7.8,10.0,7.3,10.0,9.6,9.22,6.7,8.0,8.5,8.6,7.2,7.74,7.4,5.8,6.9,8.0,8.3,7.11
313,Luis López Flores,Marketing,Marketing Digital,2026-07-07,5.1,6.3,6.0,7.3,6.0,6.04,5.0,4.7,3.9,4.1,4.48,5.1,6.4,5.4,3.9,4.3,5.18,4.4,5.1,5.8,3.4,6.1,4.82
314,Diego Jiménez Cruz,Recursos Humanos,Capacitación,2026-06-27,7.9,8.8,9.1,9.2,9.0,8.73,7.0,6.2,5.2,8.3,6.76,7.4,6.8,6.2,8.7,8.7,7.4,7.4,8.8,9.7,6.6,8.0,8.11
315,Camila Flores López,Finanzas,Contabilidad,2026-07-28,6.3,4.7,5.6,8.1,5.4,5.9,4.5,4.3,5.5,5.5,4.9,5.4,7.8,7.2,7.6,4.7,6.58,6.4,7.7,5.2,5.8,6.1,6.34
316,Ana Romero López,Recursos Humanos,Nómina,2025-12-15,6.2,5.8,5.0,5.5,4.7,5.53,5.6,6.7,6.2,6.2,6.14,6.4,7.0,5.5,4.2,3.9,5.66,7.5,5.7,6.4,5.7,3.5,6.07
317,Raúl Pérez Martínez,Marketing,Investigación de Mercado,2026-03-13,7.3,7.2,6.9,6.9,8.1,7.26,7.7,9.0,9.7,8.9,8.72,10.0,8.6,10.0,10.0,8.7,9.46,10.0,9.4,8.9,8.9,8.8,9.29
318,Miguel Reyes Cruz,Ventas,Ventas Nacionales,2025-09-26,0.8,0.1,0.0,1.7,0.3,0.52,3.3,4.7,4.2,4.4,4.11,5.2,3.1,3.8,3.7,1.7,3.64,2.0,2.6,2.2,1.6,5.2,2.43
319,Gabriela Reyes Cruz,Operaciones,Control de Calidad,2026-04-16,6.5,7.2,5.1,5.4,5.1,6.02,6.9,5.9,6.3,7.4,6.65,7.0,5.4,6.2,6.0,6.4,6.2,7.2,7.6,7.4,5.7,6.8,7.0
320,Karla Romero Cruz,Tecnología,Infraestructura,2026-06-19,2.9,4.0,2.7,3.0,3.5,3.24,4.5,4.3,4.7,1.8,3.82,1.6,2.0,3.4,2.5,1.0,2.1,4.2,3.5,5.1,3.5,4.2,4.07
321,Luis Cruz Ortiz,Recursos Humanos,Reclutamiento,2026-06-25,10.0,7.0,7.0,9.6,9.5,8.52,10.0,9.8,8.0,10.0,9.55,9.4,8.7,10.0,9.4,10.0,9.44,10.0,8.6,9.3,8.1,8.0,8.93
322,Carlos Castillo Morales,Operaciones,Logística,2025-09-25,6.4,5.0,6.3,6.3,5.0,5.81,6.6,5.4,6.1,4.3,5.62,4.6,5.0,7.4,6.0,3.9,5.36,5.9,5.6,6.0,5.2,6.5,5.76
323,Alejandro Sánchez Castillo,Marketing,Marketing Digital,2026-02-04,5.5,5.2,5.4,5.6,4.7,5.3,5.0,7.1,6.8,4.4,5.74,6.9,5.7,5.3,7.6,8.5,6.62,4.4,6.6,4.8,6.1,4.7,5.4
324,José Pérez Cruz,Finanzas,Tesorería,2026-05-12,4.1,4.7,4.1,6.0,5.9,4.8,4.8,4.7,2.7,4.1,4.18,4.5,2.8,2.3,3.4,4.6,3.48,3.5,3.5,3.8,3.7,4.1,3.66
325,Paola Flores López,Finanzas,Tesorería,2026-01-12,8.6,9.8,9.0,7.0,7.9,8.64,8.9,5.9,10.0,8.4,8.24,8.4,7.7,7.6,5.8,10.0,7.92,7.0,7.3,8.2,9.3,6.0,7.68
326,Carlos Martínez Morales,Tecnología,Soporte Técnico,2026-02-16,6.1,7.7,5.2,6.6,6.2,6.41,7.8,5.9,6.2,6.1,6.58,9.9,5.9,7.4,5.6,6.8,7.29,7.5,7.9,6.8,5.9,8.3,7.22
327,Daniela Morales Morales,Recursos Humanos,Capacitación,2026-07-28,5.9,4.4,4.4,4.6,6.3,5.09,5.6,5.3,6.6,5.1,5.6,6.1,7.2,5.8,5.2,5.6,6.1,6.2,6.6,6.3,7.3,5.9,6.51
328,Valeria Rodríguez Reyes,Finanzas,Tesorería,2025-12-25,3.2,1.7,4.6,3.5,3.4,3.18,2.8,2.3,4.1,5.9,3.71,1.9,1.5,3.0,2.3,4.2,2.43,4.3,5.9,6.2,4.7,5.0,5.23
329,Alejandro Jiménez Reyes,Operaciones,Logística,2026-07-26,9.3,6.1,8.9,6.9,6.4,7.63,5.3,6.0,6.6,5.5,5.78,5.0,4.9,2.0,6.4,4.0,4.43,7.4,10.0,6.6,7.1,7.8,7.87
330,Miguel González Vázquez,Ventas,Ventas Nacionales,2026-06-27,5.5,7.0,7.6,8.3,7.3,6.98,8.3,5.9,3.9,5.9,6.22,4.9,5.5,4.7,4.0,6.9,5.18,5.0,5.9,5.1,5.4,6.2,5.44
331,Daniela Rodríguez Hernández,Tecnología,Infraestructura,2025-12-21,5.6,9.6,9.1,7.3,8.4,7.98,7.4,6.3,4.1,7.0,6.36,7.1,9.0,8.0,7.7,7.8,7.95,9.3,9.0,10.0,7.6,9.9,9.09
332,Ricardo Rodríguez Reyes,Operaciones,Control de Calidad,2026-03-29,5.8,8.4,5.9,6.9,7.4,6.88,6.1,4.4,3.6,3.6,4.55,6.1,5.7,6.0,7.7,7.2,6.39,4.5,7.4,5.2,5.7,4.3,5.59
333,Diego Ramírez Romero,Recursos Humanos,Nómina,2026-06-18,0.7,4.6,2.0,4.2,1.1,2.52,0.9,0.3,0.0,0.8,0.55,3.6,4.7,5.3,3.5,4.7,4.36,5.7,4.0,4.2,2.2,3.7,4.07
334,Diego Ortiz Torres,Recursos Humanos,Nómina,2026-08-14,4.4,4.7,5.5,4.1,6.6,4.98,7.4,6.9,5.4,6.0,6.52,4.8,6.2,5.8,4.4,5.2,5.35,5.3,8.1,5.2,5.4,6.3,6.1
335,Andrea Gómez López,Operaciones,Producción,2026-02-03,6.0,8.5,8.9,6.1,6.4,7.28,7.9,7.9,7.3,8.1,7.83,6.0,6.4,5.9,7.6,6.6,6.41,6.3,8.5,7.9,8.0,9.2,7.8
336,Camila Gómez Rodríguez,Operaciones,Control de Calidad,2025-12-27,4.0,5.5,5.5,3.4,3.2,4.46,3.3,3.4,0.0,1.6,2.24,5.4,4.4,3.9,4.5,3.2,4.38,2.6,2.8,3.3,3.4,2.8,2.97
337,Francisco Rodríguez Pérez,Operaciones,Control de Calidad,2026-06-25,6.2,6.2,8.4,8.1,6.5,6.97,6.8,6.8,5.2,6.6,6.43,5.1,6.0,7.2,7.4,4.5,6.0,7.2,5.6,5.8,3.4,5.2,5.56
338,Sergio González Sánchez,Tecnología,Infraestructura,2026-04-08,3.8,0.6,1.7,1.9,2.3,2.07,6.5,5.2,5.2,3.8,5.24,5.0,5.6,4.5,5.6,4.2,5.02,3.9,2.5,3.9,5.5,5.3,4.01
339,Diego Ortiz Ramírez,Tecnología,Desarrollo,2026-05-05,9.5,9.7,10.0,10.0,8.7,9.6,7.2,7.1,8.0,8.1,7.56,9.5,8.4,6.0,8.5,8.2,8.18,7.2,7.4,9.4,7.4,7.4,7.75
340,Paola García López,Tecnología,Desarrollo,2025-10-17,9.0,6.1,7.0,7.5,6.7,7.3,7.3,6.9,7.3,8.5,7.5,9.1,8.0,9.0,8.8,7.7,8.55,8.9,6.3,6.4,6.8,7.5,7.19
341,José Martínez Gómez,Tecnología,Soporte Técnico,2025-11-23,3.9,2.9,4.0,5.8,5.0,4.12,4.6,3.6,4.8,3.9,4.22,2.3,0.8,2.9,1.7,2.0,1.91,1.2,3.3,5.3,5.1,4.9,3.7
342,Mariana Ortiz Martínez,Finanzas,Tesorería,2026-05-30,9.3,7.5,9.0,9.2,7.3,8.48,10.0,9.5,7.4,10.0,9.36,10.0,9.7,9.1,8.3,10.0,9.49,10.0,9.9,10.0,10.0,10.0,9.98
343,Juan Pérez Morales,Marketing,Comunicación de Marca,2026-03-04,6.7,7.3,6.4,6.1,4.6,6.38,7.3,9.3,8.7,8.0,8.26,7.8,7.2,7.0,8.3,7.0,7.44,6.0,5.4,8.3,8.7,4.4,6.69
344,Daniela Flores Hernández,Marketing,Marketing Digital,2025-10-05,4.8,4.4,1.9,2.7,2.6,3.48,3.6,4.1,4.5,3.3,3.83,2.7,3.1,4.9,3.1,3.5,3.42,6.6,2.6,4.6,3.1,4.6,4.3
345,Francisco Sánchez Martínez,Recursos Humanos,Nómina,2026-05-04,6.6,6.1,6.5,6.9,8.3,6.76,5.6,6.2,6.9,7.9,6.59,10.0,6.6,5.5,8.0,9.1,7.82,6.9,8.6,6.0,8.3,6.7,7.4
346,Francisco Castillo García,Finanzas,Auditoría Interna,2026-07-18,5.3,5.5,6.0,4.9,4.9,5.37,7.9,8.3,8.1,7.5,7.94,9.5,10.0,9.8,9.7,9.4,9.7,6.9,7.1,7.9,7.0,6.1,7.09
347,Ricardo Ortiz Torres,Tecnología,Infraestructura,2026-05-22,6.6,3.6,6.0,7.2,4.9,5.56,6.0,4.2,3.1,6.1,4.99,8.0,5.9,7.6,6.1,7.4,7.02,6.3,5.2,5.3,5.9,7.4,5.86
348,Mariana Cruz Ramírez,Operaciones,Logística,2026-01-29,6.3,6.8,7.0,6.0,5.8,6.44,5.1,6.9,9.5,6.5,6.78,6.4,6.8,7.2,5.9,5.6,6.46,6.6,7.6,6.9,7.4,7.5,7.16
349,Valeria Hernández González,Operaciones,Logística,2025-09-10,6.2,6.4,7.8,7.3,8.1,7.02,4.7,2.5,7.4,2.5,4.14,5.0,6.9,5.6,8.5,7.9,6.56,5.2,3.7,4.8,4.0,3.3,4.32
350,Alejandro Jiménez López,Operaciones,Logística,2026-05-18,6.3,5.6,6.9,6.0,5.8,6.12,6.9,6.7,6.6,6.5,6.69,5.8,6.2,6.7,8.2,6.5,6.54,4.6,5.9,3.4,7.7,2.5,5.1
351,Diego Ramírez Rodríguez,Ventas,Atención a Clientes,2026-08-17,3.7,4.2,3.5,2.3,1.7,3.28,1.6,4.2,3.2,3.0,2.92,4.0,1.5,3.3,2.7,0.2,2.47,1.8,1.1,2.1,3.2,2.2,2.01
352,Raúl Martínez Romero,Tecnología,Infraestructura,2026-07-03,4.3,5.3,6.0,5.8,7.0,5.52,4.6,6.1,6.7,7.2,6.04,2.8,4.9,5.5,4.6,2.7,4.12,5.7,6.9,6.3,6.4,8.6,6.55
353,Ricardo Vázquez Cruz,Marketing,Investigación de Mercado,2026-04-10,9.4,9.1,9.4,10.0,10.0,9.5,9.2,9.5,10.0,10.0,9.64,8.8,8.4,6.2,8.6,8.1,8.05,8.3,8.7,8.0,4.9,6.9,7.52
354,Miguel Vázquez Jiménez,Marketing,Marketing Digital,2026-08-04,8.8,7.8,8.5,7.7,8.6,8.3,8.5,8.4,8.8,7.5,8.28,9.3,8.4,9.9,8.2,7.9,8.82,8.6,7.8,8.8,8.5,7.9,8.35
355,Luis Torres Vázquez,Tecnología,Soporte Técnico,2026-08-26,4.2,3.3,3.5,7.3,2.8,4.09,3.5,2.6,3.8,2.8,3.16,2.7,4.2,4.3,3.0,3.2,3.52,3.4,4.2,3.8,4.7,1.8,3.78
356,Jorge Castillo Reyes,Finanzas,Auditoría Interna,2026-01-11,4.7,6.6,6.5,6.1,5.3,5.84,5.8,5.9,5.2,7.4,6.1,8.6,6.2,6.9,7.8,4.4,6.91,8.7,6.5,6.6,6.4,6.3,7.03
357,Daniela García Jiménez,Marketing,Investigación de Mercado,2025-11-11,0.1,3.2,1.8,1.7,3.9,2.02,1.2,2.2,2.7,3.1,2.22,2.3,4.0,4.1,3.2,4.1,3.49,4.1,2.8,0.0,3.2,2.3,2.6
358,Laura Vázquez Rodríguez,Finanzas,Contabilidad,2026-06-14,7.8,7.1,8.1,4.2,6.4,6.94,7.1,6.6,8.5,7.6,7.38,4.7,4.6,6.6,4.1,4.5,4.94,5.9,7.2,6.6,5.8,5.1,6.26
359,Paola Hernández Torres,Tecnología,Soporte Técnico,2026-03-01,6.1,6.9,6.5,7.7,7.2,6.78,3.4,4.4,5.7,3.1,4.04,7.5,8.2,7.3,8.1,8.3,7.84,4.6,6.1,6.6,5.0,3.5,5.34
360,Luis Cruz Ortiz,Finanzas,Tesorería,2026-02-10,8.4,6.6,6.8,6.5,6.6,7.08,7.2,6.2,6.9,5.8,6.54,7.4,8.4,5.1,6.5,6.2,6.88,7.5,6.2,6.4,6.1,6.4,6.56
361,Camila Romero Romero,Operaciones,Producción,2026-01-07,8.7,7.4,7.3,8.7,8.9,8.12,8.2,7.6,8.8,6.7,7.79,9.4,9.5,8.5,8.1,10.0,9.14,9.7,7.2,8.2,8.4,9.8,8.52
362,Andrea González Ortiz,Finanzas,Auditoría Interna,2025-09-15,4.1,5.5,7.1,7.6,5.3,5.76,6.6,5.9,5.5,7.3,6.38,6.5,7.7,7.9,6.1,6.1,6.96,6.1,7.8,4.8,5.6,5.1,6.06
363,Sergio Romero Jiménez,Tecnología,Desarrollo,2025-10-19,3.1,5.6,4.5,6.6,5.3,4.86,5.7,8.1,3.7,5.2,5.78,5.2,5.3,5.7,5.5,5.4,5.4,7.3,5.9,7.5,6.4,7.2,6.8
364,Ana Rodríguez Cruz,Recursos Humanos,Capacitación,2026-05-15,8.0,8.6,7.7,8.9,9.3,8.42,6.1,5.1,7.2,6.0,6.04,7.5,8.9,8.1,7.8,6.4,7.85,7.6,6.1,9.1,9.3,8.6,7.97
365,Mariana Ramírez Sánchez,Tecnología,Infraestructura,2025-09-16,7.2,7.8,8.1,8.6,6.2,7.59,8.8,5.7,7.8,8.0,7.62,5.7,6.4,5.0,7.3,5.9,6.0,7.4,8.3,5.9,6.4,8.7,7.26
366,Juan Ortiz Vázquez,Operaciones,Logística,2026-08-26,8.5,8.2,8.3,8.9,9.7,8.62,9.1,7.2,7.3,8.7,8.16,8.8,7.8,8.9,8.7,9.8,8.7,8.1,9.4,8.9,9.8,10.0,9.12
367,José Cruz Flores,Tecnología,Desarrollo,2025-09-21,7.3,8.9,7.9,7.2,9.7,8.16,9.2,8.2,9.9,9.4,9.14,7.6,10.0,10.0,9.9,9.3,9.28,7.9,8.0,7.6,10.0,8.5,8.35
368,Paola Castillo Hernández,Finanzas,Contabilidad,2026-07-17,6.3,5.3,5.5,7.6,5.8,6.01,5.1,3.9,4.5,4.0,4.4,6.2,7.3,10.0,7.7,6.7,7.54,5.7,4.8,4.4,4.4,4.9,4.88
369,Miguel Hernández González,Recursos Humanos,Capacitación,2026-07-28,5.8,7.1,5.3,5.6,5.4,5.94,4.8,6.1,3.1,5.2,4.88,6.8,4.8,6.7,3.8,6.2,5.74,8.5,8.5,7.5,9.4,7.6,8.39
370,Camila Castillo García,Ventas,Ventas Nacionales,2026-07-26,7.3,5.0,6.3,7.9,6.3,6.46,4.3,5.3,5.5,4.8,4.92,5.0,3.6,6.7,5.6,5.1,5.1,3.4,8.1,5.9,6.4,5.7,5.9
371,Karla González Hernández,Recursos Humanos,Nómina,2026-07-25,9.2,10.0,10.0,10.0,9.3,9.7,10.0,9.6,10.0,9.1,9.68,10.0,9.6,7.6,8.1,8.8,8.96,10.0,8.7,8.3,8.5,9.0,8.94
372,Miguel Hernández Flores,Finanzas,Contabilidad,2026-03-22,4.6,3.5,4.7,5.4,5.5,4.6,4.9,5.9,3.8,6.0,5.2,3.9,3.2,3.8,3.5,3.9,3.64,5.0,3.0,3.5,5.5,1.9,3.99
373,Ximena Morales Torres,Recursos Humanos,Nómina,2026-01-17,9.5,10.0,10.0,9.0,8.6,9.51,8.6,8.1,8.0,9.1,8.48,7.5,10.0,10.0,7.1,9.0,8.79,7.3,8.0,10.0,8.9,10.0,8.6
374,Paola García Martínez,Operaciones,Producción,2025-12-10,5.9,5.9,4.4,3.2,3.2,4.79,4.9,7.8,5.4,7.5,6.38,8.1,8.6,7.6,7.2,6.6,7.76,5.6,4.6,5.1,6.9,4.8,5.43
375,Sofía González Ortiz,Operaciones,Control de Calidad,2026-09-02,7.3,8.2,8.7,8.8,7.9,8.12,7.8,10.0,9.3,9.0,8.95,8.6,4.2,8.0,5.4,8.2,6.84,9.8,9.4,9.8,7.0,10.0,9.16
376,Mariana Gómez Reyes,Recursos Humanos,Capacitación,2026-05-22,4.2,9.3,5.9,8.7,8.4,7.12,7.7,7.1,7.9,6.7,7.34,7.6,9.6,9.8,7.5,7.3,8.48,7.0,8.8,8.1,8.1,6.2,7.81
377,Andrea Reyes Cruz,Tecnología,Soporte Técnico,2026-07-21,8.3,8.4,8.8,8.0,9.7,8.59,7.5,5.9,6.5,9.9,7.5,8.8,8.0,8.0,8.7,8.2,8.34,7.0,8.7,7.8,8.4,8.0,7.96
378,Roberto Vázquez Vázquez,Operaciones,Logística,2026-07-16,3.6,4.9,4.0,3.7,4.0,4.08,4.2,4.0,5.6,4.5,4.5,5.6,5.9,4.9,5.3,6.1,5.56,4.6,6.0,4.9,6.0,5.6,5.39
379,Karla Martínez Torres,Operaciones,Producción,2025-12-09,5.5,6.0,8.8,4.4,6.1,6.21,5.0,7.2,6.7,6.9,6.36,6.9,7.8,7.2,6.7,5.5,6.94,6.9,7.2,5.3,6.8,6.2,6.57
380,Jorge Torres Rodríguez,Operaciones,Logística,2026-01-17,6.3,8.4,9.7,7.8,7.9,7.97,7.7,8.3,7.7,5.9,7.4,8.9,10.0,9.2,9.8,9.0,9.38,7.2,8.0,7.2,8.8,6.6,7.66
381,Pedro Sánchez Castillo,Ventas,Ventas Nacionales,2026-06-23,3.9,3.5,4.2,3.1,3.8,3.72,5.3,4.3,8.5,6.5,5.99,5.8,8.0,4.5,6.1,7.2,6.35,5.9,4.6,7.5,6.4,6.8,6.08
382,Mariana Sánchez Flores,Ventas,Atención a Clientes,2026-05-21,5.4,5.6,4.6,6.1,3.0,5.04,4.8,3.4,5.6,7.0,5.16,8.1,4.7,7.6,7.7,5.4,6.68,5.8,5.1,4.8,6.2,4.7,5.4
383,Diego Vázquez Jiménez,Ventas,Atención a Clientes,2025-10-05,8.8,8.6,7.8,9.1,7.8,8.44,10.0,8.6,9.0,10.0,9.45,8.1,7.3,8.5,7.9,10.0,8.24,8.5,8.0,8.2,7.9,8.8,8.22
384,Mariana Ramírez Rodríguez,Operaciones,Logística,2026-02-10,6.1,9.6,8.3,8.6,9.2,8.25,9.8,9.0,8.8,8.3,9.02,8.7,9.9,9.5,10.0,8.1,9.26,6.4,7.7,5.8,8.7,8.9,7.32
385,Ricardo Castillo Sánchez,Tecnología,Soporte Técnico,2026-06-12,3.3,4.5,6.7,6.7,4.9,5.03,6.0,5.0,4.8,6.7,5.68,4.1,4.3,3.4,3.5,4.9,4.04,4.1,5.6,5.2,5.5,4.7,5.03
386,Alejandro López Gómez,Operaciones,Logística,2025-10-02,7.5,9.7,6.7,6.6,5.9,7.52,5.2,6.0,5.7,7.5,6.08,6.1,6.8,5.2,6.8,7.9,6.47,4.9,3.9,5.5,5.3,6.4,5.0
387,Jorge Sánchez Morales,Finanzas,Contabilidad,2026-06-27,5.9,4.6,6.7,6.3,7.3,6.0,4.9,6.3,6.8,5.9,5.88,5.5,5.9,6.0,7.9,6.5,6.21,6.8,4.6,7.2,6.8,5.1,6.16
388,Paola Ortiz Rodríguez,Marketing,Investigación de Mercado,2026-05-24,3.1,3.3,3.9,3.4,2.0,3.19,4.1,5.2,6.0,5.6,5.13,6.0,5.2,4.0,4.0,4.7,4.9,4.6,6.8,4.6,4.4,5.6,5.21
389,Diego López García,Operaciones,Control de Calidad,2025-12-29,4.2,6.0,4.6,5.1,4.8,4.95,5.3,5.7,6.4,8.4,6.4,8.0,7.0,9.7,8.3,9.3,8.33,9.7,6.1,9.2,8.3,6.1,8.06
390,Fernanda Romero Castillo,Marketing,Marketing Digital,2026-03-04,2.8,3.4,2.1,3.9,3.2,3.03,2.0,1.4,2.0,2.2,1.9,2.8,4.4,2.7,0.7,0.0,2.44,2.9,4.2,2.5,2.0,2.9,2.96
391,Karla Reyes Ramírez,Marketing,Investigación de Mercado,2026-08-13,5.0,4.8,5.9,4.4,4.6,4.98,4.8,6.6,3.4,6.1,5.3,7.7,8.6,4.8,9.5,7.4,7.57,5.9,2.8,5.9,5.4,6.0,5.04
392,Luis García Sánchez,Tecnología,Infraestructura,2025-11-17,4.9,5.9,4.8,6.1,4.8,5.3,5.1,4.2,5.7,4.1,4.74,4.7,3.0,3.4,4.7,5.4,4.12,4.6,7.3,5.7,5.0,3.9,5.5
393,Miguel Hernández Pérez,Marketing,Investigación de Mercado,2026-06-16,5.5,6.5,5.4,8.4,8.8,6.66,7.9,9.0,10.0,10.0,9.12,8.3,9.6,8.9,9.3,7.9,8.84,9.4,8.7,9.6,9.6,7.6,9.12
394,María Reyes Castillo,Marketing,Marketing Digital,2025-12-29,5.8,8.8,5.5,5.6,5.5,6.42,6.4,6.4,6.4,6.2,6.35,4.6,4.1,7.1,5.1,6.2,5.29,3.8,7.2,4.3,5.1,6.6,5.29
395,Valeria Cruz Cruz,Recursos Humanos,Capacitación,2026-05-08,6.6,3.7,5.5,2.9,3.6,4.65,2.3,1.4,1.9,1.6,1.82,0.8,2.3,1.3,0.0,0.0,1.03,3.7,3.4,2.2,3.7,2.9,3.24
396,Miguel López Morales,Recursos Humanos,Nómina,2025-12-07,8.6,8.9,8.6,7.9,9.5,8.7,8.8,8.6,9.3,10.0,9.15,9.7,8.5,8.9,8.8,10.0,9.15,8.2,10.0,8.1,7.0,8.2,8.39
397,Andrea García Cruz,Marketing,Comunicación de Marca,2025-10-15,8.7,7.1,8.1,9.9,7.8,8.23,8.1,7.5,8.4,7.7,7.91,6.9,7.8,7.4,7.5,7.7,7.44,10.0,9.3,8.9,8.8,9.1,9.28
398,Sofía Hernández Torres,Ventas,Ventas Internacionales,2025-11-30,5.9,5.2,5.0,5.4,4.6,5.28,5.9,6.0,6.4,6.6,6.2,7.5,5.3,6.7,6.7,5.6,6.38,5.6,5.6,5.5,5.6,4.4,5.46
399,Diego Reyes Torres,Marketing,Marketing Digital,2025-10-06,8.4,7.2,9.1,7.4,10.0,8.33,8.5,9.0,7.7,8.3,8.41,8.1,9.1,9.0,7.9,9.1,8.65,7.3,6.6,10.0,7.8,6.7,7.7
400,Ximena Ortiz Reyes,Tecnología,Infraestructura,2026-02-22,6.0,7.4,6.4,7.1,5.8,6.56,7.4,5.7,7.4,5.0,6.38,6.6,6.6,8.0,6.3,7.4,6.96,9.1,6.2,10.0,8.3,8.4,8.33
401,Pedro Flores Romero,Finanzas,Auditoría Interna,2026-08-15,6.3,4.0,5.3,1.8,4.5,4.58,4.9,6.1,5.1,5.7,5.44,4.3,4.7,6.0,5.1,4.4,4.88,6.4,5.1,6.1,6.5,8.5,6.24
402,Gabriela Jiménez Castillo,Ventas,Ventas Internacionales,2026-02-24,7.0,5.8,6.1,5.6,7.1,6.32,6.8,8.0,7.6,7.5,7.44,7.7,6.8,7.4,5.5,7.8,7.1,3.8,4.4,7.7,4.8,6.0,5.15
403,Diego Torres Pérez,Ventas,Atención a Clientes,2026-03-23,1.8,1.6,3.2,4.2,5.0,2.87,3.8,5.0,3.4,3.8,4.02,3.6,1.9,2.7,3.2,3.7,2.95,5.2,5.0,2.9,5.1,3.2,4.47
404,Raúl Reyes Vázquez,Tecnología,Infraestructura,2025-12-19,6.5,7.3,6.3,5.9,6.5,6.57,6.9,5.4,6.3,5.2,5.98,6.0,7.4,7.3,5.5,6.4,6.6,5.1,5.9,6.8,7.7,6.8,6.33
405,Ricardo Gómez Martínez,Finanzas,Contabilidad,2026-06-09,7.3,6.1,6.0,5.8,5.1,6.18,6.1,5.4,6.1,5.6,5.8,6.2,6.8,7.5,8.0,7.9,7.14,6.9,7.8,7.8,5.6,6.9,7.04
406,Ana Rodríguez Torres,Tecnología,Soporte Técnico,2025-12-27,5.6,8.8,8.5,9.1,9.3,8.06,7.3,6.7,5.5,8.9,7.19,7.0,6.5,6.8,6.7,7.3,6.84,8.9,6.9,10.0,8.6,9.8,8.65
407,Sergio Cruz Reyes,Finanzas,Tesorería,2026-03-30,5.6,4.5,5.3,5.6,7.6,5.56,4.8,5.5,5.1,3.4,4.68,6.1,6.1,5.0,5.0,4.9,5.54,4.9,4.4,5.9,4.5,3.8,4.78
408,Andrea Romero Jiménez,Tecnología,Soporte Técnico,2026-01-06,6.1,6.0,5.8,4.9,5.7,5.78,4.9,6.4,3.1,4.6,4.84,5.3,4.7,6.0,6.0,4.1,5.22,5.6,4.7,4.6,1.7,4.3,4.26
409,Fernanda Romero López,Ventas,Ventas Internacionales,2026-04-07,5.3,5.4,5.6,6.7,5.8,5.67,3.5,6.2,2.9,4.8,4.38,10.0,6.8,5.3,7.6,6.7,7.4,4.3,5.7,5.1,5.9,7.4,5.44
410,Ximena Hernández Pérez,Operaciones,Control de Calidad,2026-04-21,3.3,3.2,3.0,4.7,3.6,3.47,1.2,2.2,2.0,4.2,2.36,2.1,3.0,2.0,1.4,2.3,2.23,4.6,3.4,5.2,3.9,4.9,4.31
411,Mariana Torres Romero,Recursos Humanos,Reclutamiento,2026-06-21,9.4,8.7,9.1,7.7,6.6,8.49,8.9,9.8,9.7,10.0,9.56,6.8,8.4,8.6,9.4,8.7,8.24,7.6,9.3,9.2,8.4,9.4,8.68
412,Francisco Reyes Sánchez,Tecnología,Soporte Técnico,2025-11-09,6.5,6.0,8.4,7.3,7.1,6.96,6.4,8.2,7.3,7.5,7.3,7.1,7.3,6.9,7.8,8.4,7.41,7.9,8.1,8.6,7.6,6.2,7.86
413,María López Pérez,Marketing,Marketing Digital,2026-08-13,10.0,10.0,10.0,10.0,8.2,9.73,8.2,8.2,9.6,10.0,8.93,10.0,9.3,9.8,9.4,9.4,9.6,9.2,7.9,10.0,9.0,7.4,8.82
414,José Rodríguez Vázquez,Marketing,Investigación de Mercado,2026-06-13,7.3,7.6,6.0,7.7,6.5,7.06,6.2,6.2,5.6,6.4,6.13,7.3,6.6,7.7,6.8,7.0,7.08,6.8,4.8,6.9,7.5,7.2,6.5
415,Raúl Flores Gómez,Tecnología,Soporte Técnico,2026-04-05,8.1,8.5,8.4,8.3,7.7,8.23,10.0,8.1,7.9,6.0,8.1,7.5,8.7,6.1,8.0,9.0,7.82,7.6,8.5,7.2,5.3,8.0,7.32
416,Ximena Gómez Flores,Operaciones,Logística,2026-07-13,5.4,5.7,6.0,5.1,2.4,5.1,4.8,6.3,8.3,4.1,5.7,4.3,6.1,3.9,5.5,4.2,4.84,4.1,5.0,5.2,4.7,4.4,4.7
417,Daniela Romero González,Tecnología,Infraestructura,2025-10-08,7.8,9.3,5.5,5.3,7.2,7.25,6.3,5.5,5.2,7.1,6.08,5.2,4.9,6.8,8.2,6.0,6.02,5.5,8.2,5.2,4.7,5.1,5.92
418,Fernanda Martínez Vázquez,Operaciones,Logística,2026-05-05,10.0,10.0,7.6,7.8,9.7,9.14,8.2,8.9,7.2,8.9,8.35,10.0,8.1,9.3,6.8,9.7,8.86,10.0,9.2,10.0,9.2,10.0,9.64
419,Roberto Martínez González,Operaciones,Logística,2026-06-11,6.7,6.4,5.3,6.2,5.8,6.14,6.7,3.4,6.2,5.2,5.4,5.2,6.8,2.9,6.5,8.1,5.77,4.7,7.7,4.9,7.9,5.9,6.25
420,Andrea Rodríguez Ortiz,Tecnología,Soporte Técnico,2026-06-07,4.9,3.2,3.8,3.4,2.3,3.64,2.4,3.8,3.4,5.4,3.7,3.1,4.9,4.6,3.8,3.2,3.97,2.3,1.8,2.5,2.5,3.5,2.38
421,Sofía Castillo Cruz,Ventas,Atención a Clientes,2026-06-30,6.4,5.6,3.8,5.9,7.6,5.78,4.6,5.7,6.0,7.1,5.78,7.4,8.5,7.3,7.6,6.8,7.6,6.4,8.2,4.3,3.8,3.9,5.66
422,Mariana González García,Operaciones,Logística,2026-01-08,6.1,2.0,4.6,3.9,6.1,4.44,5.5,2.6,4.0,3.7,4.02,3.2,2.2,3.1,4.3,3.2,3.1,1.3,2.2,2.2,2.8,1.7,2.04
423,José Ramírez Romero,Operaciones,Producción,2026-03-16,4.5,5.7,5.9,8.7,6.5,6.01,3.8,5.7,5.0,5.6,4.96,4.8,4.8,4.1,6.2,5.2,4.93,5.7,6.0,6.3,8.0,4.8,6.26
424,José Ramírez López,Recursos Humanos,Capacitación,2026-06-15,1.8,4.5,1.1,3.2,3.3,2.77,4.9,4.8,1.9,2.3,3.62,1.6,2.3,4.6,3.6,2.5,2.81,2.9,2.1,3.0,3.5,1.6,2.71
425,Raúl Jiménez Vázquez,Recursos Humanos,Nómina,2025-10-24,5.8,6.4,4.5,7.2,5.3,5.82,5.3,5.6,6.6,7.9,6.28,6.9,8.3,7.2,6.5,6.7,7.22,6.8,6.1,5.9,4.2,6.9,5.94
426,Valeria Jiménez Vázquez,Operaciones,Logística,2026-01-11,6.5,6.4,5.4,7.2,6.2,6.32,4.7,6.6,7.1,4.3,5.56,5.1,5.9,5.2,3.1,7.3,5.35,6.2,5.9,8.0,6.0,5.4,6.36
427,María Gómez Torres,Marketing,Marketing Digital,2026-04-13,5.7,8.0,6.6,9.5,8.7,7.48,7.4,7.5,7.5,6.5,7.22,9.7,7.3,5.3,10.0,6.5,7.78,7.3,8.5,8.6,10.0,7.4,8.41
428,Francisco Ramírez Ortiz,Marketing,Investigación de Mercado,2026-03-04,7.5,8.1,8.5,6.5,7.9,7.76,10.0,10.0,8.9,8.7,9.46,7.3,7.0,6.9,4.9,4.8,6.41,9.1,8.4,8.3,8.2,8.7,8.54
429,Jorge García Castillo,Marketing,Marketing Digital,2026-01-11,3.6,4.7,4.0,3.9,4.3,4.1,2.7,1.8,1.2,6.7,3.18,2.8,1.8,1.6,3.6,1.2,2.19,5.4,4.6,3.3,6.5,3.5,4.81
430,Carlos López Reyes,Marketing,Comunicación de Marca,2026-07-14,8.8,5.5,8.7,7.5,7.1,7.51,8.9,9.3,9.3,7.8,8.8,8.3,7.7,7.7,8.6,7.1,7.9,8.6,10.0,10.0,9.9,9.4,9.57
431,Carlos Gómez Cruz,Recursos Humanos,Reclutamiento,2025-11-16,10.0,9.8,8.4,10.0,8.6,9.42,9.5,9.3,10.0,9.3,9.5,9.2,9.3,7.7,7.3,7.4,8.37,10.0,9.1,10.0,10.0,10.0,9.78
432,María Romero Rodríguez,Ventas,Ventas Internacionales,2026-06-05,3.8,8.1,6.2,6.2,5.5,5.97,7.0,6.4,7.3,6.5,6.78,4.7,6.0,7.6,9.2,5.8,6.44,5.7,6.0,4.0,6.3,4.6,5.44
433,Sofía Jiménez Rodríguez,Ventas,Ventas Nacionales,2026-08-28,6.1,7.0,6.6,7.0,7.8,6.82,10.0,10.0,8.9,9.2,9.58,7.9,7.7,9.3,8.6,6.5,8.02,8.4,8.0,6.0,7.3,6.6,7.42
434,María Vázquez Cruz,Tecnología,Infraestructura,2026-03-01,7.0,5.1,7.7,9.9,6.2,6.98,10.0,6.7,8.9,10.0,8.96,5.4,7.6,7.1,7.6,7.7,6.96,6.9,9.5,10.0,10.0,9.8,9.08
435,Valeria Gómez Reyes,Marketing,Investigación de Mercado,2025-10-23,2.7,1.0,2.3,1.5,1.7,1.86,0.3,0.9,0.7,0.3,0.53,0.5,0.0,0.0,0.0,0.0,0.12,2.8,2.2,1.6,1.6,4.3,2.32
436,Roberto Pérez González,Recursos Humanos,Reclutamiento,2025-12-14,7.3,4.9,6.8,7.5,6.9,6.57,8.8,7.1,7.8,7.1,7.75,8.1,5.5,7.0,9.1,6.1,7.08,6.0,7.5,8.5,7.0,8.4,7.32
437,Fernanda Gómez Rodríguez,Recursos Humanos,Reclutamiento,2026-05-18,5.7,5.6,7.2,7.1,5.8,6.2,3.5,5.5,6.8,4.9,5.01,8.8,6.0,6.0,8.3,4.3,6.79,5.7,4.7,5.6,6.0,6.3,5.55
438,Daniela Vázquez Gómez,Recursos Humanos,Reclutamiento,2026-04-15,7.4,5.9,7.4,7.6,8.7,7.25,7.2,4.6,5.8,7.9,6.44,6.3,6.5,9.2,7.7,8.5,7.47,7.3,8.0,7.3,7.7,7.6,7.58
439,Camila Pérez Torres,Operaciones,Logística,2026-02-02,6.9,9.1,7.5,7.9,9.4,8.1,7.2,7.6,8.8,9.3,8.14,6.6,7.9,7.5,9.6,9.0,7.91,6.8,7.8,6.9,6.3,7.4,7.03
440,Alejandro Cruz Ramírez,Operaciones,Control de Calidad,2026-06-15,7.9,6.5,6.6,6.6,6.1,6.82,5.1,4.1,3.6,3.2,4.08,3.7,5.2,7.1,5.9,5.8,5.4,5.1,3.9,4.6,3.6,6.0,4.49
441,Ana Pérez Rodríguez,Operaciones,Producción,2025-11-12,7.4,7.1,7.9,6.0,8.7,7.41,8.6,6.7,5.9,6.8,7.14,4.1,5.7,3.4,5.4,5.1,4.7,5.3,6.7,6.1,8.2,7.0,6.56
442,Pedro Gómez Hernández,Marketing,Comunicación de Marca,2026-05-23,8.0,8.5,7.3,8.4,8.1,8.06,7.7,10.0,8.3,10.0,8.97,9.6,7.7,7.1,7.1,7.8,7.98,10.0,7.5,9.6,8.9,9.8,9.06
443,Valeria Martínez Jiménez,Tecnología,Desarrollo,2026-06-20,9.2,7.1,9.2,7.4,7.9,8.21,9.7,8.8,8.9,7.0,8.64,5.7,8.4,6.3,8.4,8.4,7.3,8.6,7.8,8.2,7.0,10.0,8.14
444,Daniela Cruz Torres,Finanzas,Auditoría Interna,2026-08-04,7.6,6.6,6.2,8.0,6.0,6.89,6.9,6.4,6.0,7.5,6.74,2.6,5.4,5.8,6.7,4.7,4.87,9.7,8.1,6.5,7.3,6.0,7.81
445,Fernanda Ortiz Rodríguez,Marketing,Investigación de Mercado,2025-12-28,8.1,10.0,7.9,9.2,7.6,8.62,8.5,9.2,8.2,7.7,8.41,9.4,8.2,9.0,7.9,8.2,8.62,9.5,9.3,8.9,9.2,8.9,9.21
446,Ximena Reyes Pérez,Ventas,Ventas Internacionales,2026-08-29,5.6,6.4,5.8,6.4,6.2,6.05,4.7,7.1,6.1,5.2,5.7,5.3,6.6,2.7,3.2,5.5,4.82,5.9,4.1,2.8,4.3,4.8,4.4
447,Gabriela Cruz Rodríguez,Tecnología,Infraestructura,2025-11-18,6.5,5.7,4.9,5.0,4.7,5.48,5.9,3.3,6.8,7.5,5.83,5.6,4.4,4.9,5.4,4.9,5.03,5.8,4.6,5.4,4.9,7.2,5.38
448,Ana López Morales,Operaciones,Control de Calidad,2025-09-17,4.9,4.1,4.6,6.1,3.2,4.56,3.8,5.8,7.2,6.1,5.56,5.8,6.4,5.5,6.5,5.8,6.0,7.3,5.6,4.3,4.8,3.6,5.4
449,Laura Romero Gómez,Recursos Humanos,Nómina,2026-07-29,6.4,6.8,6.5,7.9,6.8,6.8,7.3,7.7,7.6,5.3,6.96,8.0,8.3,7.4,7.0,8.5,7.88,8.0,6.9,8.4,5.4,9.1,7.4
450,Valeria Torres Morales,Finanzas,Auditoría Interna,2026-08-03,8.1,4.8,4.8,2.4,7.0,5.6,3.7,4.9,3.0,5.9,4.41,6.8,6.4,4.2,4.9,8.5,6.15,6.8,4.3,4.6,4.7,2.8,4.92
451,José Ramírez Flores,Finanzas,Tesorería,2025-10-01,5.3,8.1,6.4,5.4,3.5,5.96,6.4,6.4,6.6,7.6,6.74,5.2,7.3,6.8,6.3,7.4,6.54,4.0,6.3,6.7,7.0,6.3,5.94
452,Camila González Flores,Operaciones,Control de Calidad,2026-07-24,5.6,5.8,8.8,7.7,9.1,7.13,7.5,5.6,6.8,4.5,6.14,4.9,6.3,6.8,5.1,4.9,5.66,7.2,8.1,6.6,7.9,6.0,7.33
453,Daniela López López,Finanzas,Auditoría Interna,2026-04-12,9.9,9.8,9.7,9.1,9.4,9.64,8.5,7.1,7.5,9.9,8.3,9.0,10.0,10.0,9.6,9.4,9.6,7.9,7.6,8.2,7.9,8.1,7.9
454,Jorge Martínez Martínez,Ventas,Atención a Clientes,2025-10-25,4.5,6.0,5.7,6.1,5.1,5.44,4.4,5.7,5.7,4.4,4.99,2.9,4.0,2.0,1.8,5.1,3.16,4.7,2.2,3.9,2.4,3.4,3.32
455,Daniela González Morales,Operaciones,Producción,2026-07-19,5.6,3.3,6.5,6.8,5.4,5.36,2.2,4.1,5.2,4.5,3.85,6.0,3.7,4.9,5.4,4.4,4.88,5.6,3.8,3.5,3.7,4.5,4.24
456,María Sánchez Flores,Marketing,Marketing Digital,2026-01-08,9.7,9.0,7.8,8.4,8.8,8.82,8.2,7.9,7.0,7.0,7.58,10.0,8.7,8.9,9.8,9.9,9.41,10.0,8.7,8.1,5.4,8.2,8.2
457,Raúl Reyes Gómez,Finanzas,Tesorería,2026-04-21,8.3,9.6,8.7,7.5,9.9,8.82,10.0,10.0,10.0,10.0,10.0,9.6,8.3,10.0,10.0,10.0,9.48,8.7,10.0,8.3,10.0,10.0,9.34
458,Daniela Cruz Cruz,Tecnología,Desarrollo,2026-04-01,5.7,4.3,5.4,6.0,6.8,5.5,4.5,6.4,6.5,4.7,5.42,4.5,4.9,4.2,4.6,5.3,4.68,5.8,3.7,5.0,5.1,3.1,4.7
459,Pedro Romero Romero,Operaciones,Logística,2025-10-03,7.8,6.6,6.1,7.5,7.1,7.01,4.9,3.7,5.9,4.9,4.8,5.9,6.2,5.4,6.2,8.0,6.24,5.5,6.3,6.0,6.7,5.9,6.08
460,Gabriela Rodríguez Rodríguez,Ventas,Ventas Internacionales,2026-01-14,6.3,4.6,4.9,5.6,5.7,5.4,6.3,6.4,7.0,3.7,5.82,4.8,6.8,5.9,6.3,4.5,5.7,6.7,4.5,5.8,6.4,5.5,5.79
461,Ximena Pérez Sánchez,Recursos Humanos,Capacitación,2026-05-14,6.5,6.5,7.4,6.9,5.5,6.59,6.1,7.0,6.4,8.4,6.96,5.4,5.1,9.5,7.0,4.2,6.2,6.5,5.3,7.8,7.3,6.1,6.58
462,Camila Ramírez González,Tecnología,Soporte Técnico,2025-10-01,6.9,3.7,5.3,3.8,4.2,4.91,5.3,5.9,6.7,6.7,6.08,4.6,4.6,5.1,5.2,3.6,4.64,8.1,8.0,8.5,6.4,6.4,7.65
463,Andrea Sánchez Gómez,Finanzas,Auditoría Interna,2026-02-08,8.6,7.8,6.8,9.8,6.5,7.9,8.4,8.6,9.8,8.4,8.73,10.0,9.5,7.7,10.0,9.4,9.32,7.5,9.5,7.9,7.6,7.9,8.14
464,Camila Sánchez Rodríguez,Operaciones,Control de Calidad,2026-08-02,3.3,1.5,2.7,2.4,3.3,2.6,4.1,4.8,4.5,4.3,4.4,4.9,6.7,6.2,2.7,3.5,5.07,4.3,2.2,2.4,2.6,4.9,3.12
465,Ximena Torres González,Ventas,Ventas Internacionales,2026-04-17,10.0,10.0,6.0,9.8,8.7,8.98,7.6,6.5,8.6,7.4,7.48,7.4,7.4,9.4,8.5,6.7,7.86,7.6,9.5,8.5,8.9,9.8,8.74
466,Alejandro Reyes Jiménez,Operaciones,Producción,2026-06-11,4.3,3.6,3.1,3.7,2.5,3.53,4.7,5.5,3.2,5.3,4.75,5.1,3.0,4.5,3.3,3.4,3.93,2.4,2.3,5.4,4.5,4.3,3.58
467,María Pérez Gómez,Tecnología,Infraestructura,2026-01-16,10.0,9.6,9.2,9.4,10.0,9.65,10.0,8.6,10.0,9.5,9.52,10.0,9.1,10.0,8.5,8.5,9.33,10.0,10.0,10.0,10.0,10.0,10.0
468,Carlos Pérez Sánchez,Marketing,Marketing Digital,2025-10-28,2.7,3.3,5.6,4.2,2.3,3.6,3.6,2.8,2.9,3.0,3.11,2.0,5.5,6.3,1.6,4.6,4.06,2.2,3.1,5.2,2.6,2.2,3.11
469,Luis Hernández Sánchez,Ventas,Atención a Clientes,2026-08-24,5.2,3.9,5.5,4.1,4.0,4.59,3.8,1.6,3.4,5.2,3.52,2.6,4.9,4.2,2.2,3.9,3.63,3.6,4.1,4.0,2.7,4.7,3.74
470,Pedro García Pérez,Recursos Humanos,Nómina,2025-11-27,2.8,1.8,3.6,4.0,2.2,2.8,1.3,2.7,3.9,1.4,2.19,1.4,3.7,4.2,2.5,2.4,2.85,5.4,3.4,5.3,5.3,4.1,4.73
471,José Morales Pérez,Tecnología,Infraestructura,2025-10-08,4.5,4.4,4.2,6.0,5.1,4.73,7.8,5.9,5.6,3.8,5.88,6.8,5.5,7.4,4.8,6.8,6.3,6.0,6.8,7.3,4.8,5.6,6.18
472,Sergio Morales Vázquez,Operaciones,Logística,2025-09-10,8.1,9.8,6.8,9.0,8.2,8.41,6.5,6.4,5.7,6.9,6.41,8.1,8.1,7.5,9.5,10.0,8.48,7.1,7.6,6.9,9.3,6.9,7.6
473,Karla Cruz Gómez,Tecnología,Soporte Técnico,2026-01-09,5.4,6.2,4.0,4.4,7.2,5.44,5.3,4.1,6.1,4.7,5.01,5.4,6.9,7.0,6.1,5.8,6.26,4.8,5.0,4.9,4.0,4.5,4.68
474,Paola Castillo Romero,Recursos Humanos,Nómina,2026-05-16,10.0,8.1,10.0,7.8,9.1,9.06,7.6,7.1,6.8,7.2,7.22,10.0,8.9,9.6,10.0,8.8,9.46,8.2,9.7,9.8,8.6,9.3,9.08
475,Alejandro Jiménez Pérez,Ventas,Ventas Nacionales,2026-07-16,6.3,4.3,4.9,6.0,7.4,5.64,6.5,7.4,7.5,6.9,7.02,7.5,7.0,8.6,7.4,5.7,7.31,7.0,7.0,5.3,4.9,6.3,6.17
476,Sergio Jiménez Castillo,Operaciones,Logística,2025-09-28,6.6,5.5,7.0,8.2,9.0,7.0,8.5,5.3,5.9,7.6,6.96,7.1,5.9,8.8,8.5,7.5,7.41,4.2,3.9,3.4,5.8,5.6,4.42
477,Sofía Vázquez Flores,Marketing,Investigación de Mercado,2026-04-10,3.9,4.4,4.1,5.6,5.9,4.62,6.0,6.1,3.2,6.2,5.52,4.3,3.8,4.7,3.7,4.1,4.14,6.2,6.9,5.9,6.8,4.9,6.31
478,Laura Hernández Morales,Ventas,Ventas Internacionales,2026-05-05,8.2,8.4,6.9,7.5,6.3,7.6,9.0,10.0,10.0,8.1,9.22,9.0,10.0,10.0,10.0,9.8,9.72,6.3,7.3,6.8,7.2,6.8,6.88
479,Miguel López Cruz,Ventas,Atención a Clientes,2025-12-14,2.0,3.6,3.8,4.3,3.2,3.28,6.0,6.7,4.6,3.8,5.34,4.6,1.5,3.3,5.7,5.6,3.88,6.1,4.0,4.8,4.2,4.1,4.74
480,Roberto Sánchez Romero,Operaciones,Producción,2025-12-20,4.7,5.6,5.6,4.8,4.3,5.06,4.6,4.6,5.1,6.1,5.07,5.0,8.6,7.1,5.9,5.9,6.59,3.1,3.9,4.1,3.2,3.5,3.56
481,Gabriela Rodríguez Castillo,Tecnología,Infraestructura,2025-11-16,4.1,4.7,1.9,5.1,7.5,4.47,0.9,3.4,1.5,4.0,2.42,2.5,2.8,4.0,4.8,2.4,3.2,2.5,2.3,4.9,3.5,4.9,3.37
482,Ricardo López García,Tecnología,Desarrollo,2025-10-20,3.6,2.9,2.7,4.4,3.0,3.28,1.9,3.4,4.4,5.1,3.58,1.7,4.3,4.5,2.6,4.6,3.48,6.4,3.9,5.8,5.8,5.1,5.4
483,Raúl Romero Torres,Recursos Humanos,Capacitación,2025-10-22,6.3,7.1,5.8,5.2,3.8,5.86,6.4,6.8,5.0,4.9,5.85,7.0,7.1,5.4,5.2,5.2,6.17,5.1,4.5,3.9,7.9,5.3,5.29
484,Juan Pérez García,Operaciones,Logística,2026-07-07,3.0,3.6,3.7,3.2,0.7,2.98,2.9,4.1,4.6,4.3,3.89,3.3,4.5,3.7,5.1,3.2,3.94,5.5,2.8,3.6,4.8,4.2,4.18
485,José González Morales,Tecnología,Desarrollo,2026-07-08,1.3,4.4,3.6,4.2,2.9,3.21,2.3,2.2,1.8,1.9,2.08,2.1,4.5,3.0,2.9,5.2,3.46,2.8,2.6,1.4,1.3,2.7,2.16
486,José Romero Flores,Recursos Humanos,Reclutamiento,2026-06-24,6.6,7.8,9.2,8.6,8.6,8.02,8.9,6.7,7.3,7.3,7.63,8.2,6.1,8.0,7.9,5.7,7.22,5.1,7.8,7.3,6.8,5.6,6.6
487,Sofía Rodríguez Vázquez,Tecnología,Infraestructura,2026-01-22,3.2,3.5,1.6,2.0,4.4,2.96,4.3,3.5,5.1,3.5,4.06,2.4,2.4,3.7,4.4,3.0,3.05,3.0,5.3,1.9,4.0,2.9,3.54
488,Miguel García Martínez,Finanzas,Tesorería,2026-02-07,4.4,7.3,4.4,5.7,3.9,5.24,3.7,4.2,3.8,4.3,4.0,3.1,5.6,4.9,3.5,4.9,4.42,2.6,5.8,6.3,1.8,5.0,4.22
489,Mariana López Reyes,Marketing,Marketing Digital,2025-10-30,4.5,4.8,6.5,7.2,7.2,5.78,7.9,6.1,4.5,6.9,6.52,6.6,6.4,5.7,6.1,5.5,6.13,6.5,7.9,4.3,6.4,6.9,6.43
490,Jorge Vázquez Martínez,Recursos Humanos,Reclutamiento,2025-11-04,10.0,8.7,9.2,10.0,9.8,9.49,9.5,9.9,8.8,10.0,9.59,10.0,10.0,9.7,9.0,10.0,9.79,10.0,9.1,10.0,10.0,8.6,9.64
491,Camila Jiménez Cruz,Recursos Humanos,Capacitación,2025-11-15,9.8,7.9,9.2,9.2,8.3,8.89,8.1,7.5,8.4,7.7,7.91,9.6,9.1,6.3,7.8,5.8,7.98,9.1,10.0,7.6,10.0,8.0,9.1
492,Laura Romero Sánchez,Tecnología,Infraestructura,2026-08-10,3.6,3.3,2.4,3.2,3.9,3.27,2.4,2.5,5.3,3.4,3.26,2.1,3.3,4.4,3.8,3.8,3.37,3.6,4.1,3.9,4.4,5.6,4.14
493,Paola Ramírez González,Ventas,Atención a Clientes,2025-12-28,7.3,6.4,6.1,7.2,8.6,7.02,6.7,8.6,8.1,7.5,7.66,7.4,10.0,7.3,7.8,7.6,8.12,8.0,10.0,7.2,9.4,7.4,8.56
494,Fernanda Hernández García,Tecnología,Desarrollo,2025-11-01,5.6,4.8,4.0,5.8,6.0,5.17,4.7,5.2,3.5,3.4,4.26,4.9,5.8,5.8,5.5,5.7,5.52,3.8,4.2,5.3,5.0,6.2,4.68
495,Miguel López Cruz,Finanzas,Auditoría Interna,2025-09-14,4.3,5.6,3.4,5.8,4.5,4.7,6.1,6.8,6.8,6.5,6.52,7.1,6.7,7.4,6.1,5.1,6.61,6.2,6.8,4.4,6.3,6.1,6.0
496,Pedro Hernández García,Tecnología,Soporte Técnico,2026-05-05,6.4,7.0,4.7,6.3,5.7,6.09,6.6,6.7,7.2,8.7,7.27,4.3,7.3,6.5,5.8,6.6,6.06,5.8,3.8,4.6,5.5,6.0,5.02
497,Ana Rodríguez Pérez,Ventas,Atención a Clientes,2025-11-28,9.1,8.0,8.7,8.1,8.7,8.54,9.6,6.9,6.0,7.1,7.58,9.3,9.1,10.0,7.8,10.0,9.27,8.4,7.8,10.0,10.0,8.8,8.93
498,Paola García Sánchez,Marketing,Marketing Digital,2026-04-12,4.3,6.4,6.4,4.5,6.3,5.58,7.4,9.4,4.5,7.2,7.27,7.9,7.9,6.5,8.5,7.4,7.64,5.7,9.0,6.6,8.0,4.9,7.09
499,Fernanda Cruz Morales,Tecnología,Soporte Técnico,2026-07-11,8.5,8.6,9.5,9.1,9.3,8.94,9.2,7.9,9.1,9.4,8.9,9.3,6.4,6.5,8.8,7.6,7.68,7.9,8.1,10.0,8.5,8.8,8.58
500,Gabriela Flores Ortiz,Recursos Humanos,Nómina,2026-05-06,4.2,4.5,3.4,4.3,1.3,3.7,1.6,3.1,3.8,1.5,2.39,1.8,2.9,0.2,3.5,1.8,2.01,5.3,3.9,3.5,1.9,4.2,3.8
501,Diego Pérez González,Operaciones,Logística,2026-06-08,5.3,7.2,3.4,5.8,6.1,5.59,6.4,7.0,7.5,6.9,6.9,6.4,6.2,7.0,5.0,6.2,6.23,5.9,5.5,6.2,7.7,8.0,6.43
502,Daniela Morales González,Finanzas,Auditoría Interna,2025-10-10,9.3,7.2,7.3,5.7,7.8,7.61,6.9,7.0,8.1,8.1,7.46,7.7,9.1,6.3,8.2,9.5,8.12,9.8,8.5,7.2,10.0,7.6,8.78
503,Camila Flores Gómez,Recursos Humanos,Reclutamiento,2026-07-05,8.6,6.4,5.2,5.5,4.8,6.34,8.7,6.2,8.5,7.1,7.64,4.4,5.7,7.6,4.0,5.7,5.5,6.4,8.8,7.1,4.9,6.2,6.82
504,Valeria Sánchez González,Marketing,Comunicación de Marca,2026-07-22,8.1,7.4,8.6,7.7,6.9,7.78,7.8,8.0,8.1,7.8,7.91,8.5,10.0,10.0,10.0,10.0,9.62,7.7,9.6,10.0,10.0,8.9,9.22
505,Francisco Sánchez González,Marketing,Comunicación de Marca,2026-02-08,2.9,3.9,0.6,2.5,4.2,2.82,2.8,2.7,3.3,3.7,3.1,2.7,1.1,3.3,1.5,2.7,2.24,2.7,2.9,4.7,2.6,5.3,3.39
506,Raúl Flores García,Finanzas,Auditoría Interna,2026-02-10,6.6,6.1,6.7,6.5,8.3,6.74,7.8,8.3,8.0,8.6,8.17,9.6,7.8,8.2,10.0,10.0,8.99,8.5,8.3,9.4,10.0,8.6,8.94
507,Paola Flores Gómez,Tecnología,Infraestructura,2026-02-15,8.8,8.6,10.0,8.2,10.0,9.08,8.1,8.0,9.3,8.0,8.29,10.0,7.8,6.8,8.0,6.6,8.0,8.7,9.2,10.0,9.3,9.7,9.31
508,Valeria Hernández Hernández,Finanzas,Contabilidad,2026-07-15,5.2,6.4,6.8,8.6,5.4,6.36,7.5,7.4,10.0,8.8,8.3,7.1,6.7,7.1,7.0,6.1,6.84,7.9,7.2,8.0,8.6,7.4,7.84
509,Alejandro García Sánchez,Finanzas,Tesorería,2026-03-10,2.8,4.0,2.0,3.9,2.5,3.06,5.3,1.1,3.1,4.1,3.51,3.0,2.2,3.1,2.8,2.1,2.66,2.3,3.3,3.9,3.3,0.4,2.88
510,Ana García Castillo,Operaciones,Control de Calidad,2025-10-04,8.8,7.4,6.5,6.9,7.0,7.44,4.2,3.3,4.3,1.5,3.32,5.9,4.1,5.6,4.9,5.2,5.14,4.8,5.6,5.6,5.9,5.0,5.4
511,Juan García Castillo,Ventas,Ventas Nacionales,2026-08-06,4.8,3.1,2.6,3.1,1.2,3.14,1.6,2.2,4.5,2.4,2.53,3.2,3.5,4.7,4.5,4.7,4.0,5.3,5.0,6.7,5.3,5.5,5.52
512,Laura Ortiz García,Finanzas,Contabilidad,2025-11-20,7.1,5.1,5.9,8.2,6.4,6.42,6.0,7.3,6.8,8.5,7.11,8.1,5.7,6.1,6.7,10.0,7.18,6.3,7.3,5.5,5.2,5.5,6.09
513,Luis López Torres,Tecnología,Desarrollo,2026-07-24,6.0,10.0,9.4,10.0,8.8,8.7,6.6,6.0,6.2,8.4,6.82,8.1,9.3,8.6,7.1,9.0,8.48,8.0,6.8,8.0,9.8,10.0,8.26
514,Karla Flores González,Ventas,Atención a Clientes,2026-06-14,4.1,6.0,5.3,5.3,6.9,5.42,8.9,6.9,7.6,5.0,7.16,7.8,7.9,7.7,7.3,8.5,7.83,6.8,7.4,9.2,8.5,8.9,7.98
515,Juan Morales González,Tecnología,Desarrollo,2025-10-15,3.6,2.1,1.7,2.7,1.8,2.44,4.5,3.2,2.9,3.2,3.53,3.0,1.9,5.8,4.5,2.4,3.42,3.8,1.6,1.7,2.0,2.7,2.36
516,Alejandro Jiménez Ortiz,Ventas,Ventas Internacionales,2026-05-22,8.1,7.0,4.6,6.2,7.7,6.78,8.9,5.6,4.4,5.2,6.25,5.1,6.4,6.3,5.4,5.1,5.71,4.9,4.8,3.9,5.5,5.2,4.82
517,Paola García Pérez,Marketing,Investigación de Mercado,2026-03-01,7.8,6.7,8.0,6.9,7.3,7.36,5.8,5.5,4.5,5.2,5.32,7.1,4.0,5.6,4.4,6.2,5.48,6.1,6.2,6.2,5.0,7.3,6.04
518,Mariana Rodríguez Reyes,Operaciones,Producción,2026-04-21,7.2,6.7,7.2,7.3,9.4,7.42,7.2,6.4,6.6,6.9,6.8,5.4,5.8,5.3,9.4,4.7,5.98,7.4,8.2,6.5,5.1,7.9,7.01
519,Ricardo Hernández Gómez,Operaciones,Control de Calidad,2026-01-26,9.5,7.3,6.6,7.9,8.8,8.02,6.0,6.8,5.6,6.2,6.17,6.6,6.4,7.6,6.2,4.9,6.44,5.6,6.4,8.4,7.1,6.4,6.74
520,Gabriela Romero Gómez,Tecnología,Infraestructura,2026-04-13,9.1,7.6,9.2,8.5,8.6,8.58,7.5,8.5,7.7,6.3,7.49,7.8,8.4,10.0,7.3,8.4,8.4,6.6,8.3,6.3,8.6,8.0,7.5
521,Miguel Pérez González,Finanzas,Tesorería,2026-03-30,3.6,1.1,2.3,2.6,1.1,2.19,5.7,3.9,3.8,2.6,4.1,3.9,1.2,1.3,5.3,2.7,2.74,0.5,2.3,0.8,1.7,2.8,1.48
522,Camila Morales Flores,Operaciones,Control de Calidad,2025-11-13,4.7,5.3,5.8,8.3,5.2,5.68,5.5,5.1,7.1,2.9,5.07,5.8,7.8,5.3,5.4,7.5,6.4,4.9,3.9,8.0,7.3,5.1,5.77
523,Ximena Reyes Castillo,Recursos Humanos,Reclutamiento,2026-02-17,6.9,7.6,7.5,5.6,8.3,7.21,4.3,5.6,6.3,4.2,5.0,4.9,5.2,5.4,4.3,3.4,4.76,6.1,5.7,4.4,4.5,8.2,5.55
524,Ximena Martínez Ramírez,Finanzas,Auditoría Interna,2026-02-13,4.6,3.3,2.2,3.7,3.6,3.51,3.3,5.1,5.2,3.5,4.18,3.8,7.0,4.7,6.0,4.5,5.22,2.8,7.0,4.1,6.1,5.7,5.06
525,Francisco Ortiz López,Recursos Humanos,Reclutamiento,2025-11-17,6.5,5.1,4.2,4.8,5.6,5.3,6.4,5.5,5.6,7.1,6.19,8.8,7.8,8.7,6.1,6.9,7.84,5.7,6.3,4.9,4.0,4.8,5.26
526,Miguel Rodríguez Vázquez,Marketing,Marketing Digital,2026-04-04,7.6,7.5,7.5,6.8,6.0,7.2,3.1,6.8,4.7,9.7,5.99,8.9,9.2,6.3,8.4,7.8,8.22,6.6,7.1,5.1,8.1,10.0,7.06
527,Ana Reyes Pérez,Recursos Humanos,Reclutamiento,2025-11-11,6.3,6.6,5.3,7.4,6.5,6.37,6.6,6.9,3.4,5.2,5.68,5.4,5.2,5.2,7.1,7.1,5.82,5.9,4.8,5.9,5.4,4.8,5.42
528,Carlos Rodríguez Cruz,Marketing,Marketing Digital,2025-12-19,8.4,7.9,10.0,8.9,6.8,8.43,4.8,4.5,8.4,8.1,6.27,7.1,6.7,6.8,10.0,8.5,7.59,7.2,7.2,6.4,9.0,9.0,7.58
529,Karla Sánchez Ortiz,Operaciones,Control de Calidad,2025-10-20,7.8,4.9,5.7,5.9,5.8,6.07,8.9,6.2,7.2,6.9,7.38,6.0,8.0,5.4,7.7,5.3,6.53,7.5,7.7,7.6,7.4,6.5,7.45
530,Juan Gómez García,Tecnología,Desarrollo,2026-03-24,6.3,7.4,4.7,7.3,7.7,6.62,4.5,7.5,8.1,6.1,6.37,7.1,6.7,6.5,5.8,6.6,6.61,7.6,7.0,5.2,7.4,6.4,6.81
531,Francisco Sánchez Ramírez,Marketing,Comunicación de Marca,2026-02-16,6.4,9.3,9.1,9.1,8.1,8.32,7.0,8.1,8.4,8.0,7.8,8.0,9.7,6.0,6.9,5.8,7.53,7.6,6.9,9.3,8.5,9.0,8.09
532,María Torres Hernández,Ventas,Ventas Internacionales,2026-07-23,6.9,7.4,7.3,6.7,7.0,7.09,4.1,5.9,4.2,6.0,5.04,6.3,8.0,10.0,5.6,6.9,7.45,5.3,6.5,5.5,6.4,5.9,5.92
533,Roberto Torres Ortiz,Finanzas,Contabilidad,2026-07-29,3.4,4.5,3.6,4.0,5.2,4.08,6.3,3.3,3.7,6.4,5.06,5.8,5.8,1.8,3.4,5.1,4.53,5.0,6.3,5.5,4.3,5.8,5.36
534,Valeria Sánchez Torres,Recursos Humanos,Capacitación,2026-07-30,5.5,7.0,7.6,8.3,8.4,7.15,8.9,9.0,9.4,8.6,8.95,7.0,7.2,6.1,7.1,6.6,6.82,7.8,8.0,8.7,5.4,8.3,7.6
535,Mariana Sánchez López,Ventas,Ventas Nacionales,2026-01-19,7.6,7.8,5.2,6.4,5.9,6.74,10.0,7.3,6.7,6.6,7.82,6.8,6.9,8.1,5.8,8.5,7.19,6.7,7.1,7.8,9.1,7.9,7.62
536,Pedro López Morales,Operaciones,Logística,2026-05-12,3.7,3.7,1.4,5.8,2.5,3.38,5.5,1.4,4.9,3.5,3.86,1.6,2.8,5.3,4.1,2.4,3.14,4.4,3.0,4.0,2.1,5.3,3.6
537,Carlos López Vázquez,Marketing,Investigación de Mercado,2026-05-25,7.0,3.4,8.1,8.3,6.7,6.47,6.6,6.7,4.8,4.1,5.64,8.5,4.0,5.1,4.1,8.7,6.06,9.4,8.6,7.0,8.9,10.0,8.68
538,Luis Jiménez Jiménez,Finanzas,Auditoría Interna,2026-01-30,0.4,1.9,0.9,3.9,2.2,1.67,2.5,3.2,3.7,3.6,3.19,2.2,1.9,0.5,2.8,1.5,1.77,6.5,3.5,4.6,4.3,6.4,4.92
539,José Hernández Vázquez,Finanzas,Tesorería,2026-04-15,8.3,7.5,9.1,8.6,6.7,8.07,6.2,5.7,4.3,7.2,5.94,2.9,5.5,4.4,4.9,2.7,4.12,5.2,6.7,7.2,8.4,6.5,6.75
540,Diego López Romero,Recursos Humanos,Reclutamiento,2026-07-20,10.0,9.9,9.2,6.8,9.0,9.18,9.5,6.0,10.0,7.7,8.28,8.3,7.8,10.0,8.6,6.5,8.29,7.1,8.4,9.9,9.9,7.6,8.6
541,Sofía García Castillo,Operaciones,Control de Calidad,2026-02-16,5.9,5.3,5.6,4.0,6.2,5.45,5.7,4.7,5.0,5.8,5.34,3.2,5.1,2.8,2.1,8.3,4.2,6.1,5.1,6.1,5.4,6.6,5.76
542,María Morales Romero,Ventas,Atención a Clientes,2026-02-19,6.8,6.8,6.2,6.7,7.7,6.8,8.3,9.8,9.0,8.4,8.84,8.6,4.9,8.4,8.3,8.4,7.56,5.4,6.5,5.2,6.3,6.2,5.9
543,Alejandro Morales Ramírez,Marketing,Marketing Digital,2026-07-19,6.4,4.8,7.9,4.7,5.5,5.91,6.6,7.2,5.3,6.5,6.46,7.5,6.4,6.5,6.2,4.8,6.42,6.3,6.0,7.1,6.3,6.2,6.38
544,Ana Morales Gómez,Ventas,Atención a Clientes,2026-06-01,8.0,8.3,5.8,7.3,4.1,6.94,7.5,7.0,6.6,6.2,6.87,7.7,9.7,8.5,7.5,9.3,8.57,5.8,6.4,6.3,7.1,5.7,6.3
545,Juan Gómez Cruz,Recursos Humanos,Nómina,2026-06-13,8.2,9.3,6.9,4.5,8.7,7.74,5.7,6.6,7.6,8.2,6.93,7.5,7.9,10.0,9.3,10.0,8.74,7.6,6.8,6.6,8.2,7.6,7.32
546,Andrea Hernández Reyes,Ventas,Ventas Internacionales,2025-12-28,1.9,0.5,2.0,2.0,0.4,1.36,2.0,2.6,3.1,1.1,2.14,4.2,2.1,2.9,4.2,2.1,3.1,1.4,2.7,2.6,5.2,1.2,2.7
547,Laura Pérez Torres,Recursos Humanos,Reclutamiento,2026-06-09,7.1,3.7,4.5,5.1,5.7,5.22,6.7,6.5,6.6,5.1,6.23,7.5,4.4,7.2,4.6,7.5,6.23,5.7,6.1,4.9,2.5,5.2,4.95
548,José Cruz Morales,Finanzas,Tesorería,2026-08-28,7.6,4.8,5.6,6.2,6.6,6.14,9.1,6.5,9.2,8.2,8.25,6.0,5.4,6.3,6.3,5.7,5.91,7.3,7.0,7.2,6.3,5.1,6.78
549,Ana Pérez Sánchez,Marketing,Investigación de Mercado,2026-06-02,6.0,7.6,6.8,9.0,9.4,7.52,8.0,8.0,8.5,8.6,8.25,7.4,7.4,6.4,8.6,8.6,7.56,3.9,4.3,6.3,6.6,6.7,5.3
550,Roberto Romero Ortiz,Recursos Humanos,Reclutamiento,2026-03-20,9.8,8.6,9.1,8.1,10.0,9.14,7.0,8.2,8.0,7.6,7.65,7.4,8.4,8.1,6.5,9.3,7.94,9.4,8.4,7.9,7.3,10.0,8.49
551,Laura García Martínez,Finanzas,Contabilidad,2025-12-01,5.3,4.5,7.4,3.6,4.9,5.21,5.3,5.5,4.8,6.1,5.45,4.9,6.1,5.2,5.5,6.3,5.56,5.4,4.7,3.8,6.1,4.6,4.96
552,Alejandro Hernández González,Operaciones,Logística,2026-08-19,5.5,5.8,7.7,6.0,4.0,5.86,4.7,5.5,5.2,4.1,4.85,5.7,4.8,3.2,7.2,5.6,5.18,6.0,4.8,4.1,6.9,3.3,5.23
553,Mariana Gómez Ortiz,Operaciones,Logística,2025-10-21,6.6,5.1,4.5,6.9,5.1,5.62,6.3,5.6,5.0,6.0,5.79,6.1,6.0,5.5,6.8,5.7,6.0,6.1,5.5,5.8,6.9,8.0,6.24
554,Sofía Reyes Reyes,Marketing,Comunicación de Marca,2026-05-10,6.4,6.2,6.4,5.1,5.6,6.04,6.4,5.8,4.9,5.7,5.78,3.4,2.7,5.0,3.9,5.0,3.86,7.0,8.4,7.6,6.6,7.1,7.4
555,Laura Morales Rodríguez,Operaciones,Logística,2026-05-05,7.1,4.8,4.0,7.8,4.6,5.64,7.5,6.6,5.3,4.9,6.18,7.9,6.7,6.3,4.6,7.0,6.65,5.3,3.0,5.3,5.8,5.8,4.88
556,Fernanda Vázquez Jiménez,Finanzas,Tesorería,2026-09-02,4.5,3.3,3.4,4.7,3.3,3.83,4.5,7.4,6.3,4.6,5.61,5.6,5.4,7.0,4.7,6.4,5.82,3.7,5.4,3.9,4.8,3.5,4.36
557,Diego Torres Vázquez,Tecnología,Soporte Técnico,2026-05-30,9.3,7.0,6.7,8.5,6.8,7.71,9.9,7.8,9.2,7.5,8.64,6.2,6.5,8.2,6.3,6.7,6.76,5.9,4.5,8.3,6.1,8.2,6.3
558,Andrea Pérez Vázquez,Marketing,Marketing Digital,2026-03-20,6.5,5.9,5.6,6.7,6.8,6.24,5.4,4.6,6.6,4.8,5.29,7.1,8.3,5.9,7.8,7.6,7.34,7.2,5.9,5.8,6.5,3.2,6.06
559,Francisco Romero López,Tecnología,Infraestructura,2026-01-22,4.6,3.4,1.8,4.4,2.9,3.46,2.2,5.4,2.5,4.7,3.69,3.9,3.8,2.9,4.3,1.9,3.44,3.6,2.7,4.4,3.1,1.9,3.26
560,Fernanda Castillo Rodríguez,Recursos Humanos,Nómina,2025-12-02,8.8,9.8,5.9,8.2,8.0,8.26,8.2,8.9,6.2,10.0,8.43,8.6,10.0,6.9,8.2,9.5,8.68,8.6,9.0,8.9,9.4,9.8,9.04
561,Raúl García García,Ventas,Ventas Internacionales,2026-03-01,2.4,4.2,4.5,1.8,2.5,3.2,2.1,2.9,2.0,1.1,2.03,1.6,3.7,3.4,1.9,2.6,2.68,5.0,5.3,1.6,4.2,1.9,3.92
562,Sergio Ramírez Rodríguez,Recursos Humanos,Nómina,2026-08-02,10.0,9.3,10.0,9.9,8.9,9.64,7.4,5.4,9.0,7.4,7.22,8.4,7.9,7.8,7.7,9.6,8.23,8.6,7.7,8.6,9.0,8.7,8.46
563,Fernanda Cruz Castillo,Marketing,Marketing Digital,2026-04-18,6.0,6.4,6.6,7.0,6.9,6.5,7.8,7.7,8.3,5.6,7.32,5.7,4.3,6.8,6.8,5.7,5.74,7.9,7.1,7.2,4.8,6.3,6.78
564,Juan Vázquez Gómez,Marketing,Comunicación de Marca,2025-12-13,7.1,7.2,6.7,8.7,8.1,7.44,10.0,7.7,8.2,7.9,8.54,10.0,10.0,10.0,8.5,10.0,9.78,8.3,9.3,7.4,9.2,9.3,8.65
565,Roberto Ramírez Hernández,Operaciones,Control de Calidad,2026-01-17,5.1,4.5,7.7,5.8,4.6,5.5,7.0,5.8,5.2,5.1,5.86,6.6,7.5,6.9,6.4,7.0,6.92,4.6,5.5,4.0,4.7,6.4,4.91
566,Valeria Flores López,Tecnología,Soporte Técnico,2026-02-06,9.7,8.3,8.2,8.8,8.5,8.74,9.0,8.0,9.0,9.2,8.8,8.2,6.5,7.5,7.4,7.6,7.42,7.6,6.7,8.3,10.0,6.7,7.9
567,Jorge Romero Pérez,Finanzas,Auditoría Interna,2026-03-06,9.6,7.0,7.2,6.2,7.5,7.64,8.5,9.9,9.3,5.9,8.36,8.5,9.0,10.0,10.0,8.9,9.21,9.1,9.8,8.7,7.1,10.0,8.88
568,Luis Jiménez Hernández,Marketing,Comunicación de Marca,2026-03-07,6.6,7.5,4.3,5.6,5.1,5.99,8.9,5.6,5.8,6.3,6.81,8.6,4.9,5.8,5.5,6.8,6.38,7.9,7.3,7.4,7.0,6.7,7.35
569,Camila Gómez Romero,Marketing,Investigación de Mercado,2025-09-10,5.1,6.0,6.8,5.5,5.8,5.83,4.6,7.9,5.1,5.9,5.85,7.0,6.0,6.8,5.1,6.9,6.41,7.0,5.3,5.3,6.4,7.3,6.14
570,Camila González González,Operaciones,Logística,2026-02-01,2.3,3.1,1.9,2.9,3.6,2.7,4.1,2.7,2.8,2.9,3.19,3.7,3.3,0.8,4.6,3.2,3.08,4.3,2.4,4.2,3.5,5.5,3.76
571,Daniela Flores Gómez,Finanzas,Contabilidad,2026-02-02,6.1,5.9,6.7,5.9,7.4,6.34,6.1,7.2,8.6,7.7,7.28,6.6,6.2,6.4,6.2,7.0,6.46,4.7,5.1,4.0,4.3,5.9,4.7
572,Francisco Reyes Gómez,Finanzas,Contabilidad,2026-05-08,7.3,7.7,8.6,7.0,8.6,7.81,6.4,7.1,9.0,8.2,7.54,7.5,7.8,7.7,7.8,8.3,7.78,8.8,8.0,8.6,8.1,10.0,8.54
573,Roberto Ramírez Cruz,Operaciones,Logística,2026-03-13,6.9,8.1,8.1,6.8,6.4,7.35,8.0,6.8,5.2,8.7,7.32,5.0,4.6,6.0,4.5,7.6,5.42,7.0,5.8,6.3,4.4,3.7,5.71
574,Diego Martínez Torres,Recursos Humanos,Nómina,2025-12-22,7.6,7.3,7.2,7.7,5.5,7.14,5.4,7.0,8.1,8.7,7.16,6.3,7.3,5.9,6.1,6.2,6.42,8.3,9.1,7.7,6.9,10.0,8.27
575,Roberto Torres Rodríguez,Finanzas,Contabilidad,2025-10-29,6.3,7.3,6.6,7.1,5.9,6.67,6.2,6.8,6.7,6.4,6.5,4.6,6.8,4.0,4.8,6.3,5.32,5.5,6.7,7.0,6.6,6.4,6.41
576,Gabriela Castillo Morales,Finanzas,Auditoría Interna,2025-11-27,8.2,7.7,8.4,7.0,7.9,7.89,10.0,9.1,9.2,7.9,9.09,5.5,6.9,7.1,7.0,8.6,6.86,7.7,6.6,7.5,8.9,5.0,7.36
577,Ricardo López Vázquez,Recursos Humanos,Reclutamiento,2026-01-09,4.3,7.1,7.3,7.2,6.3,6.34,7.4,8.1,8.1,8.6,8.02,9.9,6.7,5.3,5.5,7.0,7.09,6.1,5.7,6.2,8.1,10.0,6.81
578,Camila Jiménez Gómez,Tecnología,Soporte Técnico,2025-11-27,6.9,5.7,6.7,6.7,4.3,6.14,8.3,7.0,6.9,7.2,7.42,5.5,5.5,4.3,4.7,3.5,4.84,5.4,6.6,5.1,4.8,4.1,5.39
579,Pedro Vázquez Rodríguez,Finanzas,Tesorería,2026-08-26,5.6,3.6,4.7,7.0,6.9,5.32,4.1,7.9,6.6,6.6,6.18,6.3,7.6,5.5,7.0,6.1,6.54,7.9,8.8,5.3,7.7,6.7,7.45
580,Juan García González,Marketing,Marketing Digital,2026-06-01,7.4,6.1,7.6,3.9,6.8,6.5,6.7,6.7,5.0,4.4,5.78,5.5,5.9,6.9,4.8,5.5,5.78,4.1,8.4,6.3,4.8,7.2,6.06
581,Ricardo Torres Flores,Operaciones,Logística,2026-06-11,2.6,3.5,0.6,2.7,0.0,2.05,0.0,2.1,0.5,2.4,1.23,2.2,0.7,3.6,1.8,1.8,1.99,2.8,2.8,5.4,1.0,5.0,3.18
582,María González Romero,Recursos Humanos,Reclutamiento,2026-01-12,5.8,4.2,6.4,5.2,5.4,5.37,5.0,5.8,5.0,5.6,5.35,4.0,3.0,2.5,3.0,5.0,3.45,4.2,3.5,3.6,4.8,4.5,4.06
583,Ximena Ramírez Ortiz,Ventas,Ventas Nacionales,2025-12-07,5.0,4.4,5.5,4.0,7.1,5.12,7.0,5.5,5.3,8.6,6.68,5.8,7.1,7.3,8.2,7.0,6.96,8.4,6.0,6.9,7.2,6.1,7.03
584,Francisco Castillo Gómez,Tecnología,Infraestructura,2026-07-15,1.3,2.0,3.0,0.7,2.4,1.89,3.7,4.2,3.5,3.1,3.64,4.6,1.4,2.3,1.9,6.0,3.14,4.3,5.4,5.1,3.8,3.7,4.58
585,Karla Ramírez Reyes,Finanzas,Tesorería,2026-06-29,7.0,8.4,9.4,8.7,8.4,8.3,7.3,6.4,7.3,7.9,7.22,5.9,5.4,6.4,6.7,8.4,6.37,8.8,4.4,7.5,5.4,5.6,6.44
586,Miguel Sánchez Reyes,Marketing,Comunicación de Marca,2026-03-11,7.4,6.8,7.5,7.5,7.0,7.22,4.6,7.4,7.4,6.7,6.38,8.1,7.1,6.3,5.9,6.2,6.87,8.1,5.5,5.9,5.4,4.7,6.13
587,Andrea Morales Ramírez,Recursos Humanos,Nómina,2025-09-19,4.8,4.8,3.3,3.5,3.3,4.08,3.9,2.7,3.1,2.1,2.99,3.9,5.6,5.3,2.8,4.9,4.59,2.8,1.3,2.0,3.6,2.4,2.38
588,Fernanda García Reyes,Operaciones,Producción,2026-09-07,7.3,8.9,6.7,6.1,6.8,7.32,3.7,6.3,7.3,4.0,5.14,8.1,9.1,7.7,9.5,7.8,8.43,5.7,5.5,5.0,4.2,6.9,5.33
589,Alejandro Castillo Rodríguez,Finanzas,Auditoría Interna,2025-10-21,4.2,3.0,4.6,6.4,5.4,4.49,3.6,6.2,3.1,5.2,4.55,5.4,6.2,6.3,7.4,6.5,6.24,3.7,5.0,5.3,4.8,5.5,4.74
590,Paola Martínez Hernández,Tecnología,Desarrollo,2026-06-29,7.4,6.9,8.5,6.0,6.7,7.18,8.4,9.0,8.2,8.0,8.41,5.7,4.7,5.2,6.4,7.4,5.71,7.9,9.2,8.0,6.8,9.6,8.2
591,Daniela Ramírez Ramírez,Ventas,Ventas Internacionales,2026-06-01,5.4,3.0,5.4,4.5,6.7,4.86,6.5,6.6,8.7,7.3,7.16,5.5,3.6,5.0,10.0,4.4,5.44,5.3,6.2,5.7,8.4,5.8,6.28
592,Fernanda Vázquez López,Recursos Humanos,Capacitación,2026-01-20,2.3,3.4,0.3,2.3,4.2,2.46,4.7,1.3,4.1,3.8,3.5,3.8,3.3,2.9,4.7,2.7,3.46,1.0,1.7,2.2,3.8,1.9,2.07
593,Daniela Hernández Sánchez,Ventas,Ventas Internacionales,2025-12-15,6.7,6.0,7.7,5.0,6.1,6.38,6.5,7.7,6.9,6.0,6.76,5.6,8.5,6.6,7.7,6.8,7.02,4.7,6.4,6.9,5.2,7.7,5.96
594,Valeria García Sánchez,Marketing,Comunicación de Marca,2025-10-23,7.6,6.2,7.7,5.8,5.5,6.68,6.4,6.2,5.3,5.9,6.0,5.5,5.5,7.2,6.4,7.3,6.24,8.5,7.0,7.1,6.5,6.2,7.22
595,María Romero Torres,Finanzas,Auditoría Interna,2026-09-05,3.1,5.2,4.0,5.1,2.4,4.0,5.9,6.6,6.5,5.3,6.04,6.8,7.0,5.4,7.4,4.9,6.38,6.0,5.4,4.7,6.2,4.0,5.43
596,Carlos Hernández Martínez,Finanzas,Tesorería,2026-08-21,2.3,1.2,1.8,1.7,3.1,1.96,2.2,1.9,1.4,1.2,1.72,2.7,2.6,3.8,2.4,3.8,3.01,0.0,0.2,1.3,2.2,1.5,0.9
597,Paola Vázquez Morales,Ventas,Ventas Nacionales,2026-03-17,3.5,0.6,1.1,3.2,3.0,2.17,0.9,2.1,1.1,2.0,1.52,1.6,2.4,2.8,2.0,4.1,2.48,4.0,5.0,5.0,3.9,4.5,4.48
598,Pedro Sánchez Pérez,Operaciones,Producción,2026-02-16,5.9,2.8,4.5,6.0,5.8,4.84,3.7,5.9,6.7,5.9,5.4,6.4,4.6,4.3,5.0,4.0,4.96,5.6,5.7,3.0,4.2,4.1,4.68
599,Paola González Romero,Ventas,Atención a Clientes,2026-06-04,6.7,6.6,5.5,5.1,5.8,6.06,4.2,3.3,7.6,6.1,5.13,7.3,4.0,6.8,5.4,5.9,5.88,3.7,3.5,4.9,3.8,3.2,3.86
600,Laura Flores Rodríguez,Marketing,Comunicación de Marca,2026-01-18,8.3,7.9,4.7,5.2,6.1,6.69,6.4,6.5,4.2,5.3,5.71,5.3,6.1,6.4,4.3,6.6,5.76,5.9,4.0,6.9,6.3,4.3,5.54
601,José Flores Flores,Finanzas,Auditoría Interna,2026-06-03,6.2,7.4,8.2,7.8,5.5,7.04,7.4,5.6,7.7,9.2,7.46,6.0,7.2,5.9,9.0,9.2,7.21,5.4,8.9,7.2,7.8,8.5,7.43
602,Sofía López García,Marketing,Marketing Digital,2025-10-02,3.8,2.0,3.5,1.1,2.9,2.75,3.6,3.3,4.2,4.5,3.87,0.4,2.9,3.7,2.1,0.5,1.95,1.6,1.5,2.6,4.0,2.5,2.34
603,María Flores Martínez,Tecnología,Desarrollo,2026-07-05,5.5,6.9,7.4,5.4,7.9,6.58,7.3,6.9,7.9,5.8,6.94,5.3,5.7,5.3,5.8,5.2,5.46,4.9,4.5,6.8,6.0,7.1,5.62
604,Raúl González Jiménez,Recursos Humanos,Capacitación,2026-01-11,4.1,8.5,6.2,5.7,5.8,6.12,5.0,5.4,6.8,4.9,5.44,7.0,5.4,5.5,7.6,6.8,6.36,4.5,3.5,2.3,3.9,5.4,3.78
605,Roberto Flores Gómez,Finanzas,Tesorería,2026-02-26,6.7,7.3,6.8,8.6,8.1,7.36,6.9,5.7,7.6,9.6,7.42,5.8,3.3,4.6,5.8,4.4,4.72,6.2,4.9,8.3,4.4,6.1,5.93
606,Ana González Pérez,Operaciones,Producción,2026-08-01,6.6,5.6,5.0,6.7,7.9,6.24,5.7,4.7,4.8,3.8,4.8,6.1,7.8,7.0,8.8,8.1,7.41,4.5,7.5,5.5,7.8,6.8,6.34
607,Ana Pérez Sánchez,Recursos Humanos,Nómina,2026-01-30,4.8,6.5,4.2,4.5,4.2,4.97,4.2,5.4,2.7,5.1,4.43,6.5,5.5,3.0,3.7,4.9,4.89,4.6,5.9,4.1,4.8,6.3,5.03
608,Gabriela Sánchez Gómez,Operaciones,Producción,2026-07-16,4.0,3.4,6.2,3.9,4.9,4.41,7.2,4.7,6.1,8.7,6.73,4.5,6.0,4.9,3.7,4.4,4.82,5.6,5.7,3.6,4.8,6.2,5.13
609,Gabriela Castillo López,Ventas,Ventas Internacionales,2026-02-23,4.3,3.9,4.7,3.8,4.9,4.3,4.8,3.1,3.4,2.2,3.44,4.2,2.4,2.7,3.4,0.8,2.82,2.2,2.6,2.3,3.6,5.2,2.9
610,Ximena Reyes Romero,Marketing,Comunicación de Marca,2026-01-18,9.7,4.1,7.6,7.7,5.9,7.01,5.7,4.4,3.7,8.5,5.68,7.0,7.6,7.0,7.5,8.5,7.45,6.3,8.0,6.7,5.0,7.5,6.66
611,Daniela Romero Morales,Recursos Humanos,Capacitación,2026-08-12,1.0,2.6,2.2,3.3,3.3,2.33,3.7,3.6,5.8,6.4,4.77,2.8,5.3,5.9,5.2,4.1,4.6,4.9,3.4,5.3,4.3,4.5,4.44
612,Juan Cruz López,Recursos Humanos,Capacitación,2026-06-21,6.0,3.3,5.3,4.7,6.2,5.02,7.6,3.3,4.4,4.7,5.16,3.0,3.5,5.4,6.0,4.3,4.25,5.8,5.2,4.2,5.3,7.2,5.37
613,Raúl Sánchez González,Tecnología,Desarrollo,2026-05-23,5.6,7.0,3.9,6.3,5.1,5.64,7.1,7.2,6.3,4.3,6.26,7.0,7.3,7.9,10.0,8.5,7.93,6.7,6.6,4.8,5.8,6.5,6.1
614,Andrea Cruz Martínez,Recursos Humanos,Capacitación,2025-10-04,3.7,3.1,5.2,4.2,2.3,3.72,5.5,3.8,3.0,4.3,4.27,3.2,1.5,5.0,1.1,2.8,2.76,3.8,5.6,3.4,4.3,4.0,4.29
615,Sergio Ortiz Torres,Recursos Humanos,Capacitación,2026-06-19,3.5,6.6,4.4,4.2,5.9,4.92,9.1,7.2,7.9,8.0,8.11,6.6,4.9,4.8,5.4,6.1,5.56,5.5,6.5,6.4,5.8,5.5,5.99
616,Karla Cruz Rodríguez,Operaciones,Logística,2025-10-06,8.0,7.0,5.0,5.9,6.4,6.6,7.9,3.9,8.8,7.2,6.9,10.0,8.7,9.2,9.6,9.0,9.3,7.9,9.8,7.9,6.5,7.2,8.02
617,Diego Hernández Martínez,Marketing,Marketing Digital,2026-02-25,7.8,9.5,10.0,10.0,9.6,9.26,7.0,7.7,9.5,10.0,8.43,8.5,7.7,9.9,10.0,7.9,8.72,10.0,8.0,9.2,6.9,9.1,8.63
618,Sofía Flores Hernández,Finanzas,Auditoría Interna,2025-09-26,3.8,3.5,3.1,1.4,2.0,2.96,2.3,2.4,5.9,3.7,3.4,2.8,2.9,4.5,2.6,2.2,3.04,2.1,4.3,3.0,3.8,2.6,3.22
619,Juan Gómez Ramírez,Finanzas,Contabilidad,2025-11-08,5.2,3.2,3.4,2.9,3.3,3.71,4.5,3.4,4.4,2.0,3.58,2.2,3.9,1.6,3.2,3.9,2.91,1.7,4.1,0.3,2.0,2.3,2.14
620,Alejandro Rodríguez Torres,Ventas,Ventas Nacionales,2026-05-24,4.3,5.0,3.6,5.6,7.0,4.94,4.3,6.1,6.1,5.2,5.33,6.1,5.7,4.2,4.6,4.0,5.08,5.5,5.9,3.5,5.0,6.8,5.23
621,Francisco Pérez Ortiz,Recursos Humanos,Reclutamiento,2026-02-15,9.8,7.6,9.2,7.4,8.5,8.57,6.6,5.2,6.6,7.2,6.4,10.0,9.4,9.7,9.1,7.8,9.32,6.9,7.5,9.6,7.5,9.1,7.93
622,Jorge Ortiz Cruz,Ventas,Ventas Nacionales,2025-12-20,5.6,6.1,6.5,3.7,3.7,5.33,6.1,3.6,5.0,5.6,5.13,4.6,5.0,4.7,5.2,5.3,4.92,4.5,5.8,6.3,7.2,6.7,5.94
623,Ana Vázquez García,Finanzas,Tesorería,2026-08-10,3.1,3.3,5.2,4.1,5.8,4.12,5.3,3.3,6.3,6.6,5.32,7.4,7.0,7.6,8.5,8.3,7.64,7.9,5.9,4.0,3.7,3.6,5.35
624,Gabriela García González,Tecnología,Soporte Técnico,2026-01-08,6.2,9.4,8.5,5.6,7.6,7.58,8.5,8.1,9.4,6.0,7.95,7.2,5.5,6.3,8.2,6.0,6.56,7.1,7.8,6.8,7.9,9.6,7.62
625,Alejandro Castillo Cruz,Recursos Humanos,Capacitación,2026-03-24,3.7,3.6,4.8,4.2,3.7,3.97,4.9,1.0,3.6,4.5,3.56,3.0,4.7,3.9,3.5,3.0,3.68,1.5,0.0,2.9,0.0,0.2,0.98
626,Ana González Gómez,Recursos Humanos,Capacitación,2026-08-26,7.6,6.8,7.7,7.6,8.2,7.51,9.0,5.5,8.0,7.0,7.42,5.8,8.8,3.9,8.8,7.4,6.86,8.0,6.9,7.4,8.7,8.0,7.74
627,Francisco López Ramírez,Tecnología,Soporte Técnico,2025-10-26,3.8,5.8,3.1,4.7,4.9,4.46,5.8,6.4,5.7,6.1,6.01,5.4,6.6,4.8,4.4,4.2,5.25,8.3,8.7,7.3,7.1,7.4,7.87
628,Sofía Hernández Ortiz,Marketing,Comunicación de Marca,2026-06-03,6.5,5.8,5.2,5.0,6.2,5.8,8.3,8.6,7.2,7.9,8.06,7.0,6.7,6.3,6.6,6.2,6.6,7.0,7.8,7.4,6.8,7.1,7.25
629,Karla Hernández Jiménez,Recursos Humanos,Reclutamiento,2025-10-23,9.4,8.3,10.0,9.8,7.4,9.01,4.7,5.9,5.9,5.0,5.32,6.8,7.3,7.3,7.1,5.4,6.86,5.5,8.1,5.9,7.0,6.8,6.66
630,Fernanda Martínez Cruz,Tecnología,Infraestructura,2026-06-24,8.0,5.6,7.0,7.4,7.1,6.98,5.5,4.9,5.3,4.9,5.16,7.2,6.1,7.4,5.4,8.9,6.95,7.0,8.6,9.4,6.4,6.1,7.67
631,Laura González Gómez,Tecnología,Desarrollo,2026-02-22,5.5,6.3,6.0,5.2,6.1,5.85,5.6,7.4,6.1,5.7,6.18,7.0,3.3,3.3,5.8,4.7,4.81,4.9,5.8,5.5,6.4,4.8,5.54
632,Valeria López Gómez,Marketing,Comunicación de Marca,2026-04-25,7.6,7.0,6.2,8.4,6.8,7.17,6.3,5.8,6.3,5.8,6.05,7.2,3.8,6.3,4.9,4.0,5.34,5.1,3.8,6.8,5.0,5.0,5.08
633,Alejandro Gómez Torres,Ventas,Ventas Internacionales,2025-10-17,5.3,4.4,3.5,4.3,5.0,4.52,1.6,1.3,1.1,2.2,1.58,2.8,3.4,4.1,1.4,1.6,2.82,2.8,5.1,4.3,2.1,0.6,3.32
634,Daniela Rodríguez Rodríguez,Tecnología,Soporte Técnico,2025-09-25,10.0,10.0,10.0,10.0,8.5,9.78,7.6,8.2,8.5,7.7,7.96,9.0,10.0,10.0,9.2,9.6,9.57,7.4,9.0,10.0,8.6,10.0,8.82
635,Francisco González Sánchez,Operaciones,Logística,2025-11-30,7.2,5.3,7.8,5.0,6.3,6.38,5.9,7.5,5.6,7.2,6.56,8.0,9.8,8.1,9.4,7.1,8.54,6.6,7.8,6.6,5.4,8.6,6.86
636,Carlos Pérez Hernández,Tecnología,Soporte Técnico,2025-11-03,7.5,7.2,8.3,5.7,8.0,7.39,6.1,8.5,8.4,8.8,7.84,5.0,6.7,7.1,8.6,5.4,6.44,6.4,7.1,6.3,8.3,10.0,7.3
637,José Castillo Martínez,Operaciones,Producción,2025-12-01,6.8,5.1,7.6,5.2,6.3,6.22,8.0,8.7,7.5,7.3,7.9,6.7,6.9,6.1,5.0,8.2,6.6,6.4,7.4,4.8,5.1,7.3,6.16
638,Pedro García Vázquez,Finanzas,Auditoría Interna,2026-05-23,6.9,7.2,7.3,8.9,5.1,7.08,6.2,6.5,7.3,7.3,6.77,5.1,6.1,5.2,4.3,6.6,5.48,4.3,5.8,8.7,8.0,7.8,6.64
639,Daniela Rodríguez Pérez,Recursos Humanos,Reclutamiento,2025-10-07,6.7,7.5,7.5,6.6,5.7,6.9,8.0,6.7,6.9,7.7,7.38,8.2,8.0,8.3,9.4,5.9,8.01,7.6,8.2,5.5,8.0,6.9,7.34
640,Paola Flores Rodríguez,Operaciones,Producción,2026-02-26,5.8,4.6,3.2,4.6,4.7,4.64,5.0,5.9,8.0,5.3,5.9,3.4,5.1,5.6,8.2,6.1,5.39,5.9,4.1,7.9,5.5,6.2,5.8
641,Fernanda Rodríguez Ortiz,Recursos Humanos,Nómina,2026-05-05,3.3,4.8,3.4,5.4,6.8,4.54,5.5,4.1,5.1,5.9,5.17,7.1,4.3,6.7,4.9,3.4,5.44,4.2,4.5,2.9,5.1,4.1,4.18
642,Ricardo Ramírez López,Tecnología,Infraestructura,2026-06-29,6.3,6.2,8.3,6.8,6.2,6.74,8.6,7.5,8.6,8.8,8.38,6.5,7.8,5.1,7.1,5.5,6.48,7.2,7.1,6.8,9.5,6.6,7.5
643,Jorge López Hernández,Tecnología,Infraestructura,2025-12-22,6.2,9.0,6.2,6.1,6.7,6.96,6.1,6.5,7.2,4.4,6.0,8.2,8.2,6.2,6.4,5.4,7.11,7.1,6.1,7.0,6.9,4.4,6.52
644,Raúl Martínez Flores,Tecnología,Soporte Técnico,2026-05-29,2.6,2.1,2.6,1.8,0.0,1.96,3.0,2.3,3.8,0.0,2.24,3.3,1.5,1.9,2.3,3.3,2.42,4.6,4.0,3.6,2.6,4.1,3.8
645,Mariana Romero López,Finanzas,Auditoría Interna,2026-01-12,8.6,8.2,8.1,8.4,8.3,8.32,8.0,8.6,8.4,7.2,8.03,7.2,7.0,7.7,5.4,5.7,6.76,8.0,6.3,8.0,6.7,7.0,7.22
646,Luis Ramírez Morales,Marketing,Marketing Digital,2026-08-15,5.9,3.0,4.6,3.2,3.1,4.09,2.5,5.6,8.2,4.5,4.92,4.6,4.5,5.5,5.3,4.6,4.86,5.4,3.8,6.3,3.4,4.3,4.67
647,Raúl González Hernández,Operaciones,Control de Calidad,2026-01-19,7.0,7.9,7.3,6.5,6.5,7.14,5.9,7.2,7.0,7.7,6.9,7.4,7.0,5.9,6.3,5.7,6.58,8.6,6.7,5.7,6.8,7.2,7.04
648,Sofía Gómez García,Marketing,Investigación de Mercado,2026-01-16,7.5,8.2,9.1,5.8,8.4,7.88,10.0,8.3,7.6,8.5,8.72,7.8,9.5,6.9,9.1,9.1,8.44,9.6,8.5,8.4,10.0,9.7,9.18
649,Jorge López Hernández,Tecnología,Soporte Técnico,2026-02-28,8.4,9.1,7.7,6.5,6.8,7.91,8.0,5.9,7.3,6.6,6.98,6.5,8.5,5.2,6.0,5.6,6.53,5.8,6.5,7.1,4.7,6.9,6.13
650,Camila García Sánchez,Finanzas,Contabilidad,2026-01-11,3.9,5.2,5.5,2.8,7.7,4.95,4.9,4.4,6.5,7.6,5.77,5.9,6.5,6.7,7.3,6.6,6.52,5.0,5.8,5.5,6.4,4.3,5.51
651,Camila Reyes Martínez,Tecnología,Soporte Técnico,2025-09-10,6.6,5.9,5.2,6.9,5.3,6.0,7.8,8.6,7.9,8.8,8.27,8.3,6.8,8.2,6.9,6.3,7.4,3.8,5.4,5.3,6.6,6.4,5.32
652,Paola Romero Cruz,Marketing,Marketing Digital,2025-11-05,7.0,7.4,8.4,7.8,8.8,7.77,7.5,4.8,5.6,5.1,5.85,8.9,6.9,6.6,7.0,10.0,7.82,6.5,8.0,9.8,8.6,8.3,8.14
653,Diego Rodríguez Jiménez,Finanzas,Auditoría Interna,2026-03-31,7.4,5.1,6.3,8.4,9.3,7.04,9.4,7.9,7.3,9.2,8.56,8.3,8.7,9.1,7.7,10.0,8.73,8.5,7.1,7.4,8.7,7.6,7.88
654,Laura Ortiz Romero,Recursos Humanos,Reclutamiento,2025-10-24,7.8,5.6,5.9,6.5,6.4,6.46,6.4,7.1,6.0,8.6,7.04,5.5,7.1,6.2,6.0,3.2,5.77,6.2,8.5,7.6,6.1,6.4,7.06
655,Ana Ortiz Ortiz,Operaciones,Producción,2025-09-24,4.3,3.4,3.4,4.4,2.8,3.68,3.6,3.5,3.5,4.1,3.68,4.5,4.0,4.2,4.1,5.6,4.42,3.7,3.5,3.1,3.6,1.0,3.24
656,Francisco Ramírez Flores,Ventas,Ventas Nacionales,2026-07-11,6.2,6.1,7.4,6.3,7.4,6.61,7.2,7.7,7.7,7.4,7.48,7.8,7.6,8.0,5.9,7.5,7.46,6.5,5.3,7.9,7.8,9.0,6.99
657,Mariana Hernández Ortiz,Operaciones,Producción,2026-04-29,5.9,7.9,7.1,6.4,4.3,6.48,5.3,6.1,6.4,3.9,5.37,4.7,7.4,5.5,4.7,5.7,5.68,6.1,8.0,4.9,7.4,4.7,6.46
658,Camila Jiménez Sánchez,Recursos Humanos,Capacitación,2025-12-10,6.2,9.7,8.7,8.9,8.3,8.3,8.5,7.9,8.4,7.7,8.13,7.9,9.7,9.1,9.1,9.4,9.0,8.8,9.6,9.9,10.0,10.0,9.58
659,Andrea Martínez Castillo,Tecnología,Desarrollo,2026-03-04,5.2,3.3,7.5,7.7,7.1,5.85,5.7,4.6,4.8,5.4,5.17,5.7,5.5,6.7,6.2,6.4,6.03,6.5,5.1,3.8,5.5,6.8,5.44
660,Daniela Martínez Vázquez,Marketing,Comunicación de Marca,2026-07-20,10.0,8.4,9.1,7.8,6.7,8.59,7.4,7.7,8.6,7.3,7.69,9.4,7.5,10.0,9.0,8.3,8.82,7.4,10.0,7.9,9.5,7.2,8.55
661,Roberto Reyes Martínez,Ventas,Atención a Clientes,2026-03-19,7.1,7.5,8.1,9.2,7.5,7.78,7.4,7.4,6.6,7.1,7.17,9.4,10.0,8.8,10.0,7.6,9.25,6.7,8.0,7.4,9.3,9.2,7.94
662,Gabriela Reyes Vázquez,Finanzas,Tesorería,2026-04-24,4.0,6.0,5.5,5.5,7.7,5.58,7.0,3.4,3.9,5.4,5.08,5.3,6.0,5.3,5.4,4.7,5.4,7.3,4.4,6.6,7.2,6.7,6.36
663,Mariana González González,Operaciones,Logística,2025-12-12,7.6,7.5,8.7,7.6,8.1,7.87,6.7,7.8,10.0,9.8,8.41,8.3,8.4,8.2,7.5,6.6,7.93,7.5,8.3,9.0,5.7,5.7,7.46
664,Camila Rodríguez Cruz,Recursos Humanos,Nómina,2026-03-03,5.6,4.0,5.4,5.6,3.6,4.86,6.3,6.0,5.4,5.3,5.8,4.6,4.3,5.5,6.2,5.7,5.11,4.9,4.6,3.4,3.7,3.9,4.19
665,Miguel Reyes Vázquez,Operaciones,Control de Calidad,2026-07-18,5.7,4.9,2.5,5.9,4.2,4.66,2.4,4.7,1.6,3.0,2.96,2.7,3.6,4.4,2.3,3.6,3.34,4.7,4.2,3.0,2.9,2.2,3.63
666,María Morales Romero,Ventas,Ventas Internacionales,2026-08-20,7.1,7.5,7.3,6.9,6.1,7.06,8.9,7.7,6.5,7.7,7.82,6.7,8.0,7.5,9.4,6.8,7.6,7.0,8.4,7.7,9.2,8.9,8.12
667,Sofía Pérez Gómez,Operaciones,Producción,2026-05-26,5.0,8.0,5.1,5.6,3.4,5.62,7.9,6.1,4.5,6.4,6.4,6.2,4.8,7.2,6.5,5.6,6.0,7.0,5.2,7.5,4.4,6.7,6.1
668,José Ramírez Flores,Recursos Humanos,Reclutamiento,2026-07-12,8.1,7.9,8.7,8.6,6.6,8.02,7.7,9.4,10.0,10.0,9.16,9.5,10.0,10.0,10.0,10.0,9.88,8.5,7.0,8.7,7.0,7.7,7.78
669,Sergio López Cruz,Operaciones,Producción,2025-10-23,7.7,4.1,6.9,6.0,8.0,6.43,4.3,6.2,5.0,4.9,5.06,6.8,8.7,7.4,7.8,6.3,7.47,5.3,6.1,6.6,7.1,7.6,6.35
670,Luis Vázquez Reyes,Tecnología,Desarrollo,2026-06-01,6.2,7.6,6.9,9.0,6.9,7.22,5.1,2.8,3.3,5.4,4.24,5.9,4.2,5.8,6.1,5.7,5.46,4.5,3.5,5.1,3.0,4.0,4.02
671,Paola Ramírez Hernández,Operaciones,Producción,2026-01-19,7.4,8.2,4.7,8.0,8.8,7.36,8.5,8.1,9.4,10.0,8.95,6.7,8.0,7.6,7.3,6.8,7.31,9.4,6.9,7.6,8.3,9.0,8.16
672,Camila Reyes Sánchez,Operaciones,Control de Calidad,2026-07-23,2.4,2.8,0.2,1.1,1.0,1.65,4.2,0.2,4.5,4.5,3.34,4.6,3.8,6.3,4.4,3.1,4.48,2.4,2.7,3.8,3.4,4.2,3.14
673,Fernanda Torres Torres,Marketing,Investigación de Mercado,2026-03-30,4.6,5.5,6.9,7.7,6.2,5.99,3.7,3.8,4.8,4.8,4.22,7.4,7.5,5.4,7.5,6.3,6.88,5.8,6.2,6.2,4.2,7.2,5.8
674,Ricardo Sánchez Jiménez,Marketing,Investigación de Mercado,2025-10-02,7.2,4.9,3.4,6.9,5.9,5.62,8.5,8.9,9.1,6.9,8.32,6.7,8.6,8.2,6.3,9.0,7.76,6.1,6.2,7.3,6.8,6.0,6.5
675,Roberto Morales Martínez,Marketing,Comunicación de Marca,2026-01-16,5.1,4.8,4.9,5.2,3.6,4.77,7.7,4.0,4.9,4.3,5.36,5.1,3.1,5.0,1.0,1.9,3.48,3.5,1.1,2.5,4.4,3.0,2.83
676,Paola Reyes Romero,Recursos Humanos,Nómina,2026-05-25,2.6,3.8,5.9,5.3,5.0,4.32,5.1,5.0,3.3,4.8,4.64,3.8,2.8,6.7,5.2,4.7,4.48,6.5,4.4,4.8,3.9,5.4,5.0
677,Diego Sánchez Morales,Operaciones,Logística,2025-12-09,8.0,9.2,10.0,10.0,8.3,9.04,8.7,9.7,10.0,7.6,8.94,8.8,8.1,7.8,9.5,8.3,8.46,10.0,8.9,8.8,8.4,9.2,9.08
678,Luis Martínez Jiménez,Recursos Humanos,Reclutamiento,2026-03-09,2.3,6.5,3.1,3.8,4.7,4.1,3.0,3.1,3.1,6.3,3.87,5.2,4.8,4.5,3.1,4.1,4.48,3.1,2.9,2.0,4.5,1.5,2.95
679,Ximena Ortiz Morales,Marketing,Marketing Digital,2026-06-14,8.9,10.0,8.5,7.8,8.6,8.88,8.0,7.5,7.5,7.6,7.68,7.5,8.1,7.2,6.3,6.3,7.23,9.5,10.0,7.7,9.2,9.3,9.18
680,José Romero Cruz,Marketing,Comunicación de Marca,2025-09-09,8.4,10.0,9.4,9.3,9.0,9.22,9.7,10.0,10.0,9.0,9.66,8.1,8.7,10.0,7.1,7.5,8.39,8.7,7.8,9.7,8.4,7.7,8.51
681,Miguel Gómez Torres,Finanzas,Tesorería,2025-09-30,7.4,6.3,5.4,6.9,7.1,6.6,5.3,7.9,7.0,7.3,6.79,5.6,5.7,5.6,5.8,9.0,6.16,7.6,6.2,6.2,6.6,5.6,6.57
682,Francisco Pérez Romero,Finanzas,Auditoría Interna,2026-02-13,5.5,4.9,6.5,6.1,5.4,5.62,5.8,8.5,6.1,4.9,6.31,5.4,5.8,4.8,4.2,6.5,5.36,5.3,7.4,8.5,4.9,6.0,6.46
683,Ricardo Rodríguez Vázquez,Operaciones,Producción,2026-08-26,4.1,4.8,5.5,4.1,2.1,4.26,4.2,1.1,3.8,5.2,3.6,3.4,4.1,2.6,4.3,5.3,3.84,4.6,5.5,4.4,5.9,5.0,5.09
684,Roberto Hernández Sánchez,Marketing,Comunicación de Marca,2026-04-10,8.9,10.0,9.1,8.0,7.3,8.84,7.5,6.3,5.1,6.4,6.44,7.2,9.2,4.5,7.6,8.3,7.38,6.5,7.3,8.6,7.7,5.8,7.29
685,Jorge Castillo Torres,Recursos Humanos,Nómina,2026-03-04,2.5,1.7,1.7,2.0,2.0,1.99,5.1,0.4,3.3,2.8,2.99,3.7,5.1,4.1,4.1,4.4,4.3,2.4,0.5,1.1,2.8,3.0,1.8
686,Jorge Torres Torres,Ventas,Ventas Nacionales,2025-10-03,5.8,5.3,6.7,5.8,5.5,5.81,6.3,6.3,6.9,6.8,6.54,6.0,7.2,6.5,6.0,8.2,6.73,6.6,8.3,7.5,7.5,7.9,7.52
687,Fernanda Cruz Gómez,Operaciones,Control de Calidad,2025-12-14,8.4,8.1,9.5,6.1,8.8,8.26,5.4,6.2,6.3,6.5,6.06,7.6,7.1,7.0,6.2,7.5,7.13,8.3,8.6,5.9,7.4,8.9,7.78
688,Andrea López Torres,Tecnología,Infraestructura,2026-06-18,6.6,4.9,7.7,7.5,7.0,6.59,6.5,5.0,7.0,6.3,6.18,6.8,5.1,6.2,3.8,8.1,6.0,6.4,5.0,6.6,6.1,6.4,6.03
689,Alejandro Rodríguez Torres,Recursos Humanos,Reclutamiento,2026-03-05,3.4,2.1,4.8,4.0,3.0,3.38,5.5,4.5,5.7,4.6,5.06,5.7,4.6,5.7,4.1,6.3,5.28,3.7,4.4,6.7,6.6,5.6,5.24
690,Camila Sánchez Cruz,Ventas,Ventas Internacionales,2026-07-04,6.8,6.0,5.5,6.6,6.2,6.22,8.1,6.3,7.2,6.9,7.17,5.6,8.0,7.0,8.3,8.1,7.26,8.0,7.3,8.0,6.7,8.0,7.56
691,Laura Reyes Cruz,Ventas,Atención a Clientes,2026-03-19,5.0,3.5,3.3,3.6,3.7,3.88,2.3,3.2,2.5,3.3,2.82,3.1,4.1,3.1,1.2,3.8,3.17,5.2,4.1,5.1,5.4,4.7,4.9
692,Daniela Jiménez Cruz,Marketing,Comunicación de Marca,2026-02-24,3.6,4.4,4.8,3.5,4.3,4.13,2.4,2.1,3.0,2.6,2.5,6.3,2.3,3.7,3.7,3.8,4.02,3.4,5.3,4.2,3.3,5.4,4.22
693,Paola Cruz Pérez,Ventas,Ventas Internacionales,2026-03-05,8.0,7.8,7.7,6.0,5.8,7.26,5.0,4.1,5.4,5.3,4.93,5.2,4.6,5.1,3.8,7.0,5.09,7.3,6.6,6.8,7.9,6.5,7.06
694,Ana Ortiz Martínez,Tecnología,Soporte Técnico,2026-04-05,9.1,8.0,10.0,10.0,8.6,9.06,7.7,8.5,6.7,6.0,7.28,7.9,9.7,9.9,6.8,7.7,8.56,5.2,7.4,7.0,7.1,6.3,6.6
695,Daniela Jiménez López,Finanzas,Contabilidad,2026-04-01,7.7,5.1,8.5,8.4,6.1,7.08,7.7,8.8,10.0,9.5,8.88,10.0,8.9,10.0,10.0,10.0,9.72,10.0,8.3,10.0,6.2,6.6,8.48
696,Roberto Torres Jiménez,Marketing,Investigación de Mercado,2025-11-21,10.0,8.9,6.4,8.7,8.8,8.63,7.3,10.0,5.5,6.9,7.51,7.5,6.6,8.7,8.8,7.7,7.74,9.2,9.2,8.0,8.2,8.5,8.69
697,Miguel García Gómez,Operaciones,Producción,2026-03-07,8.5,7.9,9.4,8.0,10.0,8.68,7.9,9.4,8.7,7.4,8.31,10.0,9.9,8.5,9.2,7.9,9.24,9.1,9.7,8.0,10.0,9.1,9.21
698,Daniela Ortiz Hernández,Marketing,Investigación de Mercado,2026-08-23,2.0,1.9,3.3,2.4,2.5,2.37,3.3,3.2,3.2,2.1,2.96,1.4,2.2,0.4,0.2,2.1,1.32,3.5,3.0,2.3,3.3,3.0,3.04
699,Luis Vázquez Castillo,Ventas,Ventas Nacionales,2025-12-11,6.0,7.6,7.5,7.4,5.6,6.85,7.0,6.3,7.5,7.0,6.92,6.2,6.0,6.9,6.6,2.7,5.82,4.6,4.6,6.5,6.0,5.6,5.36
700,Pedro Vázquez González,Recursos Humanos,Nómina,2026-01-25,5.1,4.5,6.8,5.5,7.5,5.71,5.0,7.4,5.0,5.6,5.75,5.7,7.0,7.2,7.1,7.4,6.79,4.6,4.6,4.4,6.3,3.6,4.8
701,Camila Jiménez Hernández,Marketing,Investigación de Mercado,2025-12-28,8.3,7.4,6.9,9.0,7.5,7.78,9.7,7.6,8.0,9.7,8.84,10.0,8.7,8.5,10.0,10.0,9.38,8.6,7.8,9.6,9.0,8.6,8.68
702,Ana Gómez Pérez,Tecnología,Desarrollo,2025-12-22,8.4,8.2,10.0,8.9,7.6,8.62,6.8,8.6,8.9,8.6,8.12,8.8,8.9,8.6,8.2,8.3,8.62,8.5,8.7,9.7,8.2,8.6,8.74
703,Gabriela López Pérez,Recursos Humanos,Capacitación,2026-07-06,4.9,5.2,6.3,6.2,4.9,5.45,5.2,5.8,4.1,5.4,5.18,4.3,4.3,4.8,4.5,3.8,4.35,4.5,3.6,4.7,6.5,3.9,4.65
704,Sofía Pérez Jiménez,Finanzas,Tesorería,2025-09-18,10.0,8.9,7.9,10.0,7.6,8.94,8.3,8.5,6.7,8.0,7.96,8.3,6.9,7.7,6.2,7.1,7.33,9.3,8.4,7.7,8.9,7.9,8.54
705,Camila Castillo Torres,Marketing,Marketing Digital,2025-09-11,6.2,5.1,5.4,4.9,7.8,5.81,8.1,7.8,7.8,8.8,8.14,6.4,5.6,5.8,3.7,7.1,5.78,5.0,6.7,5.9,4.8,6.8,5.74
706,Laura Romero Rodríguez,Tecnología,Soporte Técnico,2026-07-16,2.2,2.7,3.1,5.5,1.1,2.84,1.9,2.1,3.4,2.1,2.3,3.8,3.1,2.8,1.9,5.7,3.42,4.6,4.6,3.4,5.1,3.9,4.39
707,Andrea Torres Vázquez,Finanzas,Auditoría Interna,2026-06-20,9.3,9.6,8.7,9.4,9.0,9.22,7.6,7.2,6.3,9.1,7.62,5.7,6.7,9.4,7.3,8.7,7.38,4.7,4.9,6.3,5.4,5.2,5.26
708,Raúl Morales Reyes,Operaciones,Control de Calidad,2026-06-10,9.7,10.0,9.2,10.0,8.8,9.59,8.1,7.2,9.7,10.0,8.67,8.4,8.1,8.6,7.7,9.9,8.48,9.4,7.4,8.6,9.5,10.0,8.82
709,Francisco Pérez Sánchez,Ventas,Ventas Nacionales,2025-09-20,7.3,4.3,5.1,4.7,5.1,5.39,6.1,5.3,5.3,3.9,5.19,5.4,3.8,7.1,6.3,6.3,5.61,6.2,4.6,6.0,4.7,5.6,5.4
710,Karla Martínez Sánchez,Marketing,Investigación de Mercado,2025-10-02,5.9,4.1,4.4,4.2,3.4,4.52,7.7,3.7,5.0,6.9,5.96,3.6,4.3,0.9,4.2,1.4,3.0,2.2,2.0,3.8,4.7,5.8,3.33
711,Francisco Romero Rodríguez,Recursos Humanos,Capacitación,2026-06-03,8.1,7.5,7.2,7.9,7.4,7.64,6.3,7.1,6.1,6.8,6.58,7.6,8.1,6.4,7.7,7.6,7.5,6.4,8.5,9.4,9.7,9.9,8.54
712,Fernanda Cruz Jiménez,Recursos Humanos,Nómina,2026-01-20,5.4,5.6,7.0,6.6,5.8,6.01,4.5,6.9,5.0,4.5,5.2,7.7,7.9,7.5,4.5,7.3,7.17,5.0,5.0,4.4,4.8,4.9,4.83
713,Andrea García Rodríguez,Marketing,Comunicación de Marca,2026-06-11,2.7,3.9,6.7,5.3,4.3,4.43,6.8,6.4,5.4,4.5,5.85,7.8,5.8,7.1,6.1,8.3,6.98,6.8,5.5,3.9,6.6,6.1,5.79
714,Fernanda Torres Gómez,Marketing,Investigación de Mercado,2026-08-25,7.7,9.6,7.8,9.1,8.7,8.56,8.5,9.2,10.0,9.8,9.3,8.1,7.3,9.6,8.6,8.2,8.29,10.0,9.9,9.2,10.0,4.6,9.27
715,Raúl Reyes Ramírez,Marketing,Marketing Digital,2026-06-15,5.1,5.7,4.9,5.7,4.0,5.14,5.3,5.2,4.5,7.9,5.76,7.2,7.5,5.8,6.7,4.4,6.5,5.6,6.8,5.8,3.8,5.9,5.61
716,Ricardo Hernández Castillo,Marketing,Investigación de Mercado,2026-08-10,4.4,8.4,6.7,5.6,8.1,6.6,5.4,5.9,7.5,5.3,5.92,9.4,6.5,7.6,8.1,8.8,8.03,4.6,6.5,6.8,5.7,8.5,6.12
717,Mariana Gómez Sánchez,Recursos Humanos,Reclutamiento,2025-11-02,1.1,1.4,3.1,2.3,4.0,2.19,2.6,2.2,2.5,4.5,2.96,1.9,2.6,1.8,3.5,1.7,2.26,1.5,5.2,1.8,3.7,3.5,3.13
718,Daniela Gómez Rodríguez,Finanzas,Auditoría Interna,2025-11-25,8.8,6.8,7.2,9.2,9.3,8.12,8.2,6.5,7.4,8.9,7.79,7.3,7.3,8.7,7.3,6.7,7.49,9.3,7.1,8.8,10.0,8.3,8.69
719,Valeria Flores Cruz,Ventas,Atención a Clientes,2026-07-02,8.5,9.9,8.6,7.1,7.2,8.46,5.7,6.2,6.5,5.8,6.01,7.1,9.5,7.5,8.0,9.0,8.2,7.7,6.5,4.5,6.4,6.8,6.41
720,Karla Ortiz Sánchez,Recursos Humanos,Nómina,2026-02-12,5.6,5.8,5.2,5.7,6.8,5.76,7.4,6.2,6.1,8.0,6.99,5.9,5.5,6.4,6.1,5.7,5.9,6.2,5.8,3.5,8.0,4.2,5.72
721,Sergio González Cruz,Recursos Humanos,Capacitación,2026-06-25,9.1,7.6,8.3,6.5,8.4,8.07,10.0,10.0,10.0,10.0,10.0,10.0,8.7,10.0,9.8,9.8,9.62,10.0,9.2,10.0,8.3,10.0,9.46
722,Camila Romero Castillo,Tecnología,Infraestructura,2026-02-13,4.3,3.8,2.5,3.6,3.7,3.62,6.3,4.5,3.6,3.8,4.68,6.5,5.4,5.0,5.1,3.7,5.3,4.8,3.2,3.4,3.8,3.8,3.82
723,Miguel Ortiz Castillo,Finanzas,Tesorería,2025-10-15,10.0,7.6,10.0,8.1,8.5,8.89,7.9,9.9,7.9,8.8,8.62,8.5,7.9,8.7,8.7,8.7,8.45,8.8,9.2,9.3,7.3,8.2,8.64
724,Ximena García Torres,Ventas,Ventas Internacionales,2025-10-21,10.0,8.0,7.1,7.6,7.9,8.24,8.8,9.0,8.0,9.7,8.91,9.5,8.3,8.3,9.1,7.0,8.52,5.9,6.7,8.1,7.2,6.5,6.86
725,Ximena Vázquez González,Recursos Humanos,Nómina,2025-11-07,10.0,8.5,9.6,7.4,10.0,9.16,9.2,8.9,7.0,9.1,8.66,8.9,6.3,9.7,7.5,8.6,8.15,7.5,8.7,10.0,7.8,8.6,8.47
726,Gabriela López Flores,Ventas,Ventas Nacionales,2026-06-11,7.5,7.8,6.4,6.6,6.8,7.12,4.1,5.6,7.2,8.1,6.1,4.6,7.1,6.3,6.0,7.3,6.18,3.5,7.4,5.8,5.4,7.0,5.66
727,Karla Flores Jiménez,Finanzas,Auditoría Interna,2026-06-30,4.2,5.7,4.2,5.7,4.4,4.83,7.1,6.5,4.7,3.5,5.57,4.7,6.5,5.5,5.0,4.7,5.36,6.7,4.1,5.5,5.7,6.2,5.56
728,Carlos Reyes Reyes,Operaciones,Control de Calidad,2026-07-11,6.0,6.9,6.3,5.2,6.0,6.17,5.3,6.1,5.7,4.6,5.4,7.0,5.1,4.8,4.1,5.8,5.47,7.2,6.4,6.2,5.9,7.7,6.59
729,Karla Pérez Sánchez,Ventas,Ventas Internacionales,2026-07-23,9.8,8.3,6.9,7.0,8.1,8.17,8.8,10.0,7.3,10.0,9.1,6.8,8.2,7.8,9.0,9.1,8.02,9.3,10.0,8.1,7.4,8.9,8.82
730,Sofía Flores Morales,Recursos Humanos,Reclutamiento,2026-01-26,6.8,9.6,9.8,8.7,7.2,8.44,8.5,7.4,7.1,7.5,7.7,8.4,8.5,7.8,8.7,7.2,8.17,8.0,9.3,8.2,8.3,6.9,8.32
731,Jorge Cruz Pérez,Recursos Humanos,Nómina,2026-01-10,8.1,7.1,6.7,7.5,5.7,7.12,7.7,7.7,6.8,6.8,7.3,7.1,4.8,7.5,6.5,4.4,6.11,5.2,6.5,5.9,6.6,6.7,6.1
732,Carlos Jiménez Ortiz,Operaciones,Logística,2025-10-20,4.5,4.1,4.0,5.1,5.5,4.54,3.6,6.1,6.6,3.6,4.82,5.5,5.7,4.8,5.5,5.1,5.35,5.7,4.7,5.0,7.2,6.1,5.65
733,Miguel Gómez Morales,Marketing,Comunicación de Marca,2026-08-06,3.1,1.9,2.4,2.3,4.2,2.7,2.8,3.7,3.3,1.3,2.75,4.0,2.9,3.7,3.8,4.9,3.77,2.1,1.7,1.3,2.9,2.3,2.02
734,Luis Ramírez García,Ventas,Atención a Clientes,2026-06-03,5.2,5.3,6.1,5.4,8.6,5.94,8.3,10.0,7.8,6.7,8.23,7.5,4.1,6.9,8.0,4.9,6.22,7.4,6.7,8.4,4.9,7.9,6.98
735,José Sánchez Flores,Finanzas,Tesorería,2025-12-16,7.5,9.6,10.0,8.6,9.4,8.98,9.2,9.8,8.4,9.9,9.36,10.0,10.0,10.0,10.0,10.0,10.0,9.3,7.7,7.8,8.2,7.8,8.23
736,Sergio López Ortiz,Marketing,Investigación de Mercado,2026-01-02,9.1,8.0,8.4,9.4,9.5,8.79,9.9,10.0,9.2,8.7,9.48,10.0,9.5,7.7,10.0,9.3,9.31,7.9,7.3,7.6,10.0,9.3,8.25
737,Carlos López Jiménez,Finanzas,Contabilidad,2026-04-04,8.2,6.9,6.3,4.8,7.7,6.91,4.8,5.8,4.8,5.1,5.12,6.6,8.9,9.6,7.1,9.3,8.25,8.0,5.8,4.2,6.7,4.9,6.12
738,Gabriela Reyes López,Tecnología,Soporte Técnico,2026-07-14,8.4,8.2,9.1,8.0,8.1,8.39,5.7,7.3,7.7,7.0,6.82,7.7,8.8,7.7,8.2,7.2,7.98,8.6,9.9,7.5,8.6,8.7,8.72
739,Ana Ramírez Flores,Recursos Humanos,Reclutamiento,2026-03-15,3.7,0.6,3.7,3.4,2.7,2.73,1.7,0.7,3.3,2.8,2.04,2.4,1.8,2.8,2.4,1.4,2.18,1.4,2.2,1.5,1.4,3.5,1.83
740,Ximena Pérez Hernández,Recursos Humanos,Nómina,2026-07-07,6.2,5.7,8.0,7.1,8.0,6.84,5.7,5.5,6.0,4.7,5.46,8.2,8.8,7.3,8.3,6.0,7.86,6.9,5.0,5.7,6.0,5.3,5.85
741,Raúl Hernández García,Finanzas,Tesorería,2026-02-24,2.6,3.7,5.5,5.1,4.9,4.18,3.6,2.9,3.8,3.7,3.49,4.5,3.8,1.3,1.4,5.3,3.34,3.9,6.2,5.2,3.8,3.1,4.64
742,Fernanda Cruz Reyes,Ventas,Ventas Nacionales,2025-10-13,6.6,7.1,6.3,7.4,8.1,7.01,5.1,4.4,5.3,5.5,5.06,4.7,4.1,4.8,5.7,5.2,4.8,4.8,4.5,3.8,5.7,5.3,4.76
743,Pedro Castillo Pérez,Finanzas,Auditoría Interna,2026-06-28,10.0,8.7,10.0,9.1,8.8,9.36,8.0,7.5,7.5,7.0,7.52,7.1,9.3,7.6,8.4,8.0,8.08,6.8,9.9,8.0,6.9,9.7,8.12
744,Ximena Reyes Martínez,Ventas,Ventas Nacionales,2026-07-26,6.3,3.8,7.5,5.8,5.5,5.72,5.3,5.6,6.9,7.1,6.14,4.6,6.2,4.5,7.0,7.4,5.76,5.1,7.3,6.8,5.9,7.4,6.38
745,Raúl López Morales,Finanzas,Tesorería,2025-12-12,6.1,9.4,6.7,7.0,5.7,7.12,5.2,5.6,4.7,2.5,4.53,7.5,7.8,5.5,5.0,4.2,6.31,5.4,2.0,4.0,5.7,5.2,4.31
746,Sergio González Pérez,Marketing,Marketing Digital,2026-08-30,5.9,5.4,5.0,5.0,2.9,5.01,4.6,2.6,4.2,4.4,3.97,4.7,6.4,4.8,2.8,5.0,4.9,3.5,2.2,4.6,6.0,4.6,4.0
747,Paola Gómez González,Finanzas,Contabilidad,2025-09-14,6.6,7.6,5.9,7.6,7.1,6.94,5.8,7.8,6.7,7.4,6.88,7.9,7.3,8.3,9.8,7.6,8.07,4.8,5.8,5.6,5.0,5.0,5.27
748,Roberto Flores López,Ventas,Ventas Nacionales,2025-11-29,4.3,6.6,6.8,4.8,5.5,5.63,7.6,6.5,5.3,5.9,6.44,2.5,2.3,3.8,3.6,5.4,3.31,5.7,5.1,5.2,6.1,5.3,5.49
749,Valeria Ortiz Morales,Operaciones,Logística,2026-04-13,5.9,7.3,6.9,7.3,7.8,6.94,6.9,8.1,8.5,10.0,8.3,8.5,7.9,8.4,9.5,9.5,8.63,7.0,6.6,6.7,7.5,4.8,6.72
750,Luis Hernández Cruz,Tecnología,Infraestructura,2026-04-28,8.0,6.4,7.2,6.3,6.7,6.99,5.9,7.0,8.1,7.7,7.06,5.2,3.6,7.9,5.8,5.6,5.49,5.9,6.9,3.0,4.6,7.3,5.45
751,Diego Morales González,Finanzas,Auditoría Interna,2026-04-19,2.5,4.4,3.7,2.9,4.1,3.52,5.0,6.1,4.8,3.1,4.76,3.6,3.5,3.1,4.7,5.4,3.91,2.9,3.2,3.9,2.9,3.8,3.26
752,Diego Pérez Jiménez,Ventas,Atención a Clientes,2026-04-16,7.6,9.5,6.5,7.2,8.6,7.94,7.6,7.3,8.2,9.0,7.99,8.9,10.0,7.4,10.0,9.4,9.12,9.3,6.1,8.3,7.2,6.2,7.57
753,Sergio Jiménez García,Ventas,Atención a Clientes,2025-11-05,7.4,6.9,6.2,6.1,5.6,6.57,8.0,7.3,7.0,7.5,7.5,4.9,5.7,4.8,7.1,6.4,5.64,4.6,5.4,7.8,4.8,6.2,5.64
754,Ximena García Romero,Tecnología,Soporte Técnico,2025-11-20,8.1,6.9,6.1,5.7,2.6,6.21,4.8,6.3,6.9,5.8,5.84,8.0,7.2,8.0,6.4,7.2,7.44,5.2,2.9,5.8,5.3,5.0,4.74
755,María Rodríguez López,Ventas,Ventas Internacionales,2026-06-25,6.2,4.6,5.8,5.5,5.6,5.52,5.0,5.9,6.6,6.8,6.0,8.1,7.5,6.5,8.2,8.6,7.72,4.1,5.4,6.0,6.7,4.3,5.34
756,Juan Jiménez Torres,Recursos Humanos,Reclutamiento,2026-07-04,5.2,5.1,5.3,6.3,5.4,5.39,5.6,6.0,6.6,6.4,6.1,8.0,9.1,6.5,8.1,4.8,7.51,6.1,8.2,6.5,7.0,6.4,6.92
757,Ana Romero Sánchez,Ventas,Atención a Clientes,2026-02-22,4.0,5.9,5.7,2.5,4.1,4.61,5.0,5.4,4.6,6.7,5.44,3.5,5.6,6.2,3.5,6.0,4.94,4.0,6.4,3.4,4.6,5.6,4.76
758,Miguel Pérez Flores,Finanzas,Tesorería,2026-01-13,2.4,3.8,2.0,3.3,2.7,2.85,3.4,4.5,4.4,1.3,3.35,2.2,3.2,5.1,4.9,5.9,3.99,3.6,2.4,3.3,4.7,3.4,3.44
759,Luis Cruz González,Tecnología,Soporte Técnico,2025-12-16,6.3,5.1,5.3,5.7,6.1,5.68,7.6,8.2,5.4,8.0,7.41,6.1,6.6,7.0,7.9,5.8,6.63,6.1,7.3,6.2,6.3,6.9,6.54
760,José Ramírez Jiménez,Finanzas,Contabilidad,2026-05-16,5.6,5.4,5.3,5.0,5.0,5.31,6.9,5.8,7.3,7.6,6.88,8.2,7.9,6.8,5.8,5.0,7.01,6.8,5.6,6.4,7.3,7.0,6.54
761,Gabriela Ramírez Sánchez,Ventas,Ventas Internacionales,2026-03-15,6.2,6.9,6.0,4.3,4.0,5.72,5.0,8.0,6.2,4.9,5.96,6.6,4.8,7.1,5.3,5.7,5.92,4.9,6.5,5.2,5.3,4.2,5.37
762,Sergio Jiménez Ortiz,Marketing,Comunicación de Marca,2026-07-31,8.3,8.9,9.3,8.9,8.9,8.83,4.9,8.2,7.9,8.0,7.1,10.0,10.0,10.0,7.8,10.0,9.67,7.3,6.6,7.9,6.7,7.2,7.11
763,Camila Ortiz Castillo,Operaciones,Producción,2026-03-25,6.2,4.9,5.4,2.2,5.9,5.07,6.7,5.1,7.1,5.2,6.0,4.9,5.4,6.4,5.9,6.1,5.66,4.6,4.0,5.6,3.6,4.9,4.48
764,Fernanda Ramírez Sánchez,Ventas,Ventas Internacionales,2025-12-31,6.7,7.1,7.9,7.0,5.5,6.9,4.6,6.7,4.7,6.3,5.57,3.0,3.8,4.6,5.3,4.4,4.08,5.3,6.3,5.8,6.0,5.2,5.78
765,Carlos Torres Torres,Ventas,Atención a Clientes,2026-05-19,4.0,4.3,4.7,4.5,4.3,4.34,3.7,2.1,4.5,3.9,3.51,6.4,5.8,5.2,5.4,5.3,5.7,6.7,5.6,6.3,7.8,7.0,6.6
766,Sergio Hernández Flores,Marketing,Marketing Digital,2026-05-14,8.1,6.1,6.1,5.6,7.5,6.74,6.5,5.8,6.1,8.1,6.64,3.6,6.3,3.7,6.3,5.6,5.0,7.2,5.9,5.0,5.9,4.2,5.88
767,Carlos Gómez Pérez,Recursos Humanos,Nómina,2026-03-23,3.5,2.6,2.5,3.7,3.3,3.08,2.2,3.4,2.0,3.4,2.76,2.3,0.3,0.8,1.6,1.7,1.3,5.5,3.7,3.6,3.0,4.2,4.04
768,Luis Morales Gómez,Recursos Humanos,Nómina,2025-10-26,7.9,9.2,6.7,6.7,8.8,7.94,7.3,6.4,8.0,10.0,7.89,9.8,9.9,9.7,8.2,7.7,9.25,10.0,9.2,8.5,8.0,9.0,9.0
769,Camila Martínez Sánchez,Ventas,Ventas Internacionales,2026-01-30,5.4,5.6,5.1,5.3,6.5,5.54,4.7,5.9,5.2,5.5,5.3,3.6,2.8,7.7,4.9,7.2,4.96,5.7,6.2,6.5,6.5,7.3,6.3
770,Luis Sánchez Rodríguez,Ventas,Atención a Clientes,2025-10-07,9.5,8.7,8.7,6.5,8.3,8.51,7.5,7.8,4.7,9.6,7.54,9.9,10.0,7.7,8.6,8.5,9.08,8.1,8.7,6.2,6.8,8.2,7.62
771,Sofía Martínez Rodríguez,Tecnología,Desarrollo,2026-08-16,7.6,7.9,7.5,9.5,6.7,7.8,7.5,9.9,8.9,8.9,8.73,8.6,7.4,8.7,8.5,7.8,8.18,9.2,8.3,8.0,9.5,8.2,8.7
772,José González García,Operaciones,Logística,2025-11-02,6.4,6.6,5.1,6.0,6.5,6.14,1.7,3.8,4.4,4.1,3.36,3.5,3.5,3.6,3.7,4.4,3.69,6.5,5.2,5.4,5.0,5.4,5.54
773,Juan Cruz Gómez,Recursos Humanos,Reclutamiento,2026-08-23,4.0,4.8,3.1,4.6,4.0,4.11,6.3,8.4,8.6,7.9,7.68,5.9,5.9,7.0,6.2,2.7,5.68,5.9,5.2,5.3,4.8,4.7,5.26
774,Gabriela Martínez García,Marketing,Investigación de Mercado,2026-05-13,4.5,4.2,6.1,2.2,3.0,4.18,4.7,4.9,3.8,4.1,4.42,2.1,3.0,1.0,3.0,0.5,2.0,4.6,4.4,0.9,1.5,3.2,3.05
775,Daniela Jiménez Torres,Operaciones,Control de Calidad,2026-04-05,5.9,5.9,4.8,5.4,6.3,5.67,4.2,5.3,6.2,2.7,4.5,4.9,4.0,5.1,5.0,5.9,4.88,5.4,4.2,5.6,5.0,4.7,4.99
776,Mariana Sánchez Hernández,Marketing,Investigación de Mercado,2026-06-13,10.0,9.3,10.0,10.0,10.0,9.82,10.0,10.0,10.0,10.0,10.0,9.3,10.0,10.0,8.3,10.0,9.57,9.2,10.0,9.6,10.0,9.6,9.68
777,María López Martínez,Marketing,Comunicación de Marca,2025-09-11,3.5,2.2,3.6,2.7,2.2,2.88,3.0,3.6,4.0,4.0,3.6,1.7,0.1,1.5,1.8,1.9,1.3,5.6,3.7,3.4,3.6,4.5,4.18
778,Pedro Pérez Ortiz,Recursos Humanos,Reclutamiento,2025-10-17,8.9,10.0,10.0,10.0,9.5,9.65,9.3,9.9,9.4,9.1,9.42,8.1,7.7,7.6,7.1,6.4,7.5,6.3,6.2,7.6,9.3,8.1,7.32
779,Andrea Rodríguez Flores,Operaciones,Control de Calidad,2026-02-11,6.7,7.3,5.7,6.8,6.4,6.62,6.8,5.8,7.6,7.5,6.88,7.3,4.1,6.7,6.3,5.8,6.0,7.2,8.3,9.2,8.2,8.6,8.22
780,Sergio García Martínez,Tecnología,Desarrollo,2026-03-26,5.2,5.8,5.1,4.6,4.4,5.12,4.8,4.7,5.1,5.1,4.91,5.4,6.1,6.2,5.0,5.4,5.68,6.8,8.0,5.8,5.3,6.7,6.59
781,Fernanda Ramírez Rodríguez,Ventas,Ventas Internacionales,2025-12-03,3.3,1.5,0.6,1.8,0.0,1.59,2.1,3.0,2.4,3.6,2.76,2.9,4.2,3.2,4.6,1.9,3.39,2.3,2.0,0.5,2.5,4.3,2.1
782,Francisco Morales Pérez,Tecnología,Infraestructura,2025-12-23,6.5,5.3,7.0,5.5,5.0,5.93,2.3,3.8,2.8,4.1,3.22,4.1,4.8,5.1,4.6,3.8,4.5,5.2,4.4,7.0,5.2,5.3,5.37
783,Daniela Vázquez González,Operaciones,Control de Calidad,2026-03-16,4.9,4.6,5.1,4.1,2.8,4.43,5.6,5.0,5.3,3.3,4.81,8.0,7.0,5.4,9.0,8.6,7.47,7.2,7.7,7.2,5.7,3.2,6.62
784,Diego Rodríguez Vázquez,Finanzas,Auditoría Interna,2025-11-10,5.0,5.1,3.0,2.1,2.9,3.88,0.4,2.3,1.0,3.5,1.77,2.1,3.7,1.6,3.9,1.8,2.63,3.3,2.8,2.8,3.8,5.3,3.38
785,Francisco Flores Sánchez,Operaciones,Producción,2026-06-29,6.0,7.1,5.1,8.7,7.1,6.66,5.8,5.4,3.9,8.4,5.97,7.9,7.6,6.4,8.4,6.9,7.45,6.3,8.6,6.9,6.2,8.0,7.14
786,Jorge Cruz González,Ventas,Ventas Internacionales,2026-05-29,2.4,4.5,2.8,4.5,3.7,3.52,4.0,3.0,3.0,3.8,3.5,6.4,3.5,6.5,5.1,4.2,5.17,8.3,6.6,7.4,5.6,7.6,7.08
787,Karla González Reyes,Recursos Humanos,Capacitación,2026-09-01,7.3,7.6,7.5,9.6,8.4,7.92,9.8,10.0,9.2,10.0,9.78,8.0,5.6,8.6,6.0,6.3,6.96,8.5,7.9,10.0,8.1,5.7,8.29
788,Gabriela Romero López,Ventas,Ventas Internacionales,2026-07-26,7.1,5.5,7.8,5.5,6.1,6.45,4.2,4.5,5.2,4.7,4.6,3.9,5.0,4.0,6.2,3.8,4.53,4.9,5.4,5.9,5.3,6.9,5.51
789,Gabriela Martínez Sánchez,Finanzas,Auditoría Interna,2026-06-27,3.8,3.4,5.3,7.7,2.7,4.42,4.8,6.0,7.9,6.2,6.07,3.7,5.5,6.5,5.8,4.0,5.07,8.8,8.6,6.6,8.3,9.4,8.27
790,Luis Hernández Hernández,Operaciones,Producción,2026-01-22,6.8,7.1,8.8,8.5,9.8,7.98,6.2,7.9,8.6,7.2,7.36,6.8,7.3,6.1,7.2,7.4,6.94,6.7,8.2,8.4,7.2,9.9,7.84
791,José Ortiz Martínez,Recursos Humanos,Capacitación,2025-10-30,6.8,8.9,9.1,10.0,9.0,8.6,6.9,7.0,8.3,6.8,7.18,7.6,8.9,9.5,9.6,8.4,8.72,5.6,6.1,6.4,4.8,5.9,5.76
792,Fernanda Jiménez Romero,Tecnología,Soporte Técnico,2026-02-04,8.5,7.8,10.0,7.7,7.1,8.3,5.1,7.2,7.1,8.5,6.88,10.0,8.8,7.2,8.3,8.0,8.59,7.4,7.2,6.7,8.7,5.4,7.27
793,Mariana López Romero,Operaciones,Logística,2026-03-29,5.4,7.2,6.5,7.2,6.5,6.5,7.6,8.0,4.9,6.5,6.88,9.2,8.4,6.5,6.9,10.0,8.24,7.9,8.7,7.5,7.4,6.6,7.79
794,Roberto Hernández Cruz,Tecnología,Desarrollo,2026-06-01,4.3,4.7,5.4,3.5,1.4,4.07,4.3,2.6,3.2,4.5,3.7,0.7,0.9,1.1,2.8,2.4,1.4,2.8,6.4,5.4,4.2,4.6,4.68
795,Camila Ramírez Hernández,Marketing,Investigación de Mercado,2026-08-01,4.5,5.0,4.4,4.3,5.1,4.66,3.6,3.3,4.4,4.3,3.86,4.4,6.0,4.9,6.5,4.9,5.29,4.1,5.5,5.8,5.5,5.4,5.2
796,Pedro Romero Romero,Ventas,Ventas Internacionales,2026-02-06,3.7,4.1,3.7,5.6,5.2,4.31,6.5,4.7,5.2,3.9,5.14,7.6,7.2,6.4,4.2,3.2,6.09,4.9,7.4,3.3,6.0,4.2,5.36
797,Raúl Gómez Flores,Recursos Humanos,Capacitación,2026-07-18,4.3,5.2,5.4,5.4,4.7,4.97,3.8,4.2,4.9,3.2,3.97,3.7,2.6,2.3,4.4,0.8,2.82,4.2,4.5,4.0,5.2,5.6,4.57
798,Laura Reyes González,Finanzas,Auditoría Interna,2025-11-23,7.9,7.9,7.6,8.6,6.7,7.76,9.8,10.0,9.6,9.3,9.68,7.2,8.2,8.6,10.0,10.0,8.57,8.8,10.0,7.9,9.7,9.3,9.15
799,Paola Jiménez Castillo,Finanzas,Auditoría Interna,2026-04-11,1.7,2.1,3.2,3.5,2.7,2.52,4.0,3.5,3.2,2.8,3.42,2.4,1.3,1.3,0.0,2.3,1.53,1.6,2.9,3.7,2.3,2.4,2.57
800,Miguel Pérez Torres,Marketing,Comunicación de Marca,2026-05-03,7.2,8.3,4.6,8.7,8.5,7.38,6.9,7.6,6.6,6.1,6.82,6.8,6.6,8.3,6.7,7.5,7.14,8.3,10.0,8.8,7.3,8.4,8.64
801,María Morales Torres,Operaciones,Producción,2026-08-29,9.3,8.8,9.0,9.3,10.0,9.22,6.9,8.0,7.5,10.0,8.07,9.0,9.5,8.2,8.2,9.8,8.96,8.7,8.3,8.6,8.5,6.7,8.34
802,Andrea Ramírez Ortiz,Operaciones,Control de Calidad,2026-06-11,7.3,6.9,6.0,5.0,7.5,6.62,6.0,6.0,4.9,4.4,5.38,3.8,3.0,6.0,4.0,4.0,4.1,4.1,5.6,4.3,3.0,3.9,4.27
803,Jorge Torres Flores,Recursos Humanos,Nómina,2026-09-03,7.4,5.5,5.6,6.1,8.6,6.55,7.4,5.6,5.8,8.3,6.86,6.4,6.9,9.5,7.2,7.2,7.39,4.2,5.5,5.9,5.6,5.5,5.28
804,María Rodríguez García,Tecnología,Desarrollo,2025-12-17,8.3,9.3,6.7,8.1,9.2,8.34,6.7,8.4,10.0,8.7,8.28,8.9,9.8,10.0,10.0,9.8,9.65,7.8,7.7,8.7,10.0,7.8,8.4
805,Raúl Reyes Ramírez,Recursos Humanos,Capacitación,2026-03-13,7.0,9.8,7.8,8.2,9.5,8.41,8.2,8.2,10.0,9.1,8.78,9.0,8.6,8.2,6.6,8.8,8.35,8.3,9.6,8.0,6.1,7.0,7.99
806,Paola Reyes Pérez,Finanzas,Tesorería,2025-11-25,7.9,5.9,6.9,8.9,7.5,7.29,6.6,6.6,5.3,7.6,6.59,5.5,5.0,5.8,5.6,6.3,5.57,7.3,7.1,6.3,7.7,7.5,7.15
807,Miguel Cruz Pérez,Operaciones,Control de Calidad,2026-02-13,10.0,10.0,9.3,10.0,9.4,9.77,7.3,8.9,8.8,7.6,8.08,10.0,9.8,10.0,10.0,10.0,9.95,7.5,9.4,10.0,8.8,7.4,8.72
808,Gabriela López Ortiz,Tecnología,Soporte Técnico,2025-09-24,4.0,4.1,2.4,4.0,5.4,3.92,3.5,3.1,2.2,3.1,3.04,3.7,4.5,3.3,4.6,4.5,4.08,5.3,2.1,4.4,2.2,4.2,3.59
809,Daniela Morales Hernández,Tecnología,Desarrollo,2025-11-25,3.8,4.4,4.2,6.8,3.1,4.38,3.1,3.1,3.9,5.9,3.96,2.8,6.3,4.8,4.0,4.4,4.5,5.3,5.5,4.8,4.0,6.1,5.07
810,Jorge Vázquez Pérez,Finanzas,Contabilidad,2026-07-16,7.0,4.8,3.4,3.9,4.8,4.93,7.1,5.6,6.1,7.9,6.72,2.8,3.3,1.1,3.6,4.1,2.9,5.1,2.8,4.0,4.3,3.9,4.02
811,Ana Rodríguez Hernández,Operaciones,Logística,2026-07-27,5.3,4.3,4.9,6.4,6.0,5.24,6.2,8.8,6.7,7.5,7.28,3.0,4.2,3.8,5.0,4.5,3.98,6.4,5.6,9.0,9.5,7.4,7.44
812,Miguel Flores Morales,Marketing,Marketing Digital,2025-10-18,7.1,7.4,6.0,5.4,6.9,6.67,6.6,7.1,8.5,6.8,7.16,6.7,5.4,7.1,7.2,7.3,6.62,7.4,8.6,8.1,8.2,8.1,8.07
813,Karla Jiménez Ortiz,Operaciones,Logística,2026-06-01,7.4,7.5,5.4,4.6,6.6,6.48,3.6,5.1,5.8,4.5,4.64,4.3,5.7,5.5,5.9,4.6,5.18,4.9,5.5,3.7,6.1,6.7,5.23
814,José Ramírez García,Tecnología,Infraestructura,2025-12-02,9.3,10.0,9.8,8.4,9.9,9.53,10.0,9.4,9.6,7.4,9.12,7.8,7.3,9.6,8.6,10.0,8.48,9.0,8.0,9.1,7.8,8.4,8.47
815,María González Morales,Finanzas,Tesorería,2026-01-21,2.5,1.6,2.0,3.8,2.6,2.38,4.4,4.9,5.5,4.2,4.7,3.1,1.3,3.0,2.5,3.2,2.56,2.2,0.4,2.9,0.5,2.7,1.6
816,Camila Vázquez Reyes,Recursos Humanos,Nómina,2025-12-25,9.2,9.6,8.1,10.0,10.0,9.32,6.3,5.0,6.7,7.3,6.3,5.3,7.3,7.3,6.3,6.7,6.56,6.4,9.2,8.4,7.8,9.3,8.07
817,Gabriela Hernández Ortiz,Ventas,Atención a Clientes,2026-06-02,5.6,5.0,4.6,4.6,6.3,5.2,6.9,8.5,4.8,6.5,6.78,7.7,5.3,7.4,6.4,7.3,6.78,7.6,7.2,4.8,7.6,5.5,6.73
818,Pedro Martínez Flores,Tecnología,Soporte Técnico,2026-05-16,5.7,2.6,2.8,4.9,3.2,3.85,6.7,6.0,6.2,7.9,6.72,5.2,5.8,3.4,5.2,5.8,5.08,6.4,6.1,6.9,5.0,4.6,5.96
819,Mariana Flores Ortiz,Ventas,Ventas Internacionales,2026-02-17,3.9,3.4,5.3,5.0,4.0,4.23,3.8,2.3,2.9,5.6,3.7,2.2,2.1,3.1,2.6,2.9,2.52,3.8,1.1,3.4,3.3,1.9,2.76
820,Raúl Flores Martínez,Operaciones,Logística,2026-08-30,10.0,7.2,9.8,6.2,8.0,8.39,8.9,8.0,7.6,10.0,8.69,6.2,9.0,7.5,7.1,8.4,7.62,7.3,9.4,9.5,8.2,6.5,8.36
821,Daniela González Flores,Finanzas,Auditoría Interna,2026-05-17,6.7,7.5,8.7,9.1,7.4,7.76,8.3,6.5,6.3,5.8,6.82,6.4,5.8,6.5,7.7,7.8,6.68,6.6,6.6,6.5,6.4,5.9,6.47
822,Alejandro Flores Hernández,Finanzas,Tesorería,2026-03-06,7.8,4.5,5.6,7.5,5.8,6.19,3.9,4.6,5.2,4.4,4.46,6.1,7.4,5.3,4.8,6.2,6.08,3.0,4.5,3.1,4.9,5.2,4.0
823,Miguel Jiménez García,Ventas,Atención a Clientes,2026-06-25,6.6,4.9,7.4,6.9,7.4,6.5,6.5,6.5,7.8,5.4,6.48,4.0,5.4,6.0,6.2,6.1,5.4,7.3,6.9,7.5,7.3,5.9,7.1
824,Laura Gómez Martínez,Ventas,Ventas Nacionales,2026-05-26,8.1,7.4,8.4,9.3,7.9,8.14,4.0,3.7,3.4,7.0,4.56,8.1,5.6,7.4,7.0,6.6,6.94,6.1,5.1,7.0,5.5,5.6,5.86
825,Fernanda González López,Recursos Humanos,Reclutamiento,2025-09-14,7.8,7.0,5.2,3.9,7.2,6.4,6.4,7.5,5.3,7.7,6.78,6.7,6.0,7.7,5.5,5.9,6.42,6.8,6.8,5.0,6.8,4.9,6.25
826,Fernanda Rodríguez Hernández,Operaciones,Logística,2026-05-25,4.5,9.3,5.6,6.0,5.2,6.25,7.9,8.2,7.5,6.7,7.6,5.3,5.5,4.6,5.1,5.7,5.24,4.4,5.6,8.6,8.1,6.8,6.52
827,Juan López Jiménez,Operaciones,Control de Calidad,2025-10-13,6.4,6.3,5.7,7.3,5.6,6.25,6.0,5.1,4.9,6.9,5.78,6.3,7.2,8.0,7.4,4.9,6.82,4.8,6.6,4.6,5.7,5.9,5.5
828,Pedro Hernández Sánchez,Finanzas,Tesorería,2025-10-04,7.5,7.2,8.4,8.3,7.6,7.74,10.0,8.3,6.2,8.2,8.36,8.7,7.7,9.4,8.9,7.4,8.42,6.8,7.7,6.4,6.8,7.7,7.04
829,Daniela Ramírez González,Finanzas,Contabilidad,2026-01-05,8.1,7.9,9.0,9.4,9.0,8.56,8.6,7.6,10.0,9.3,8.8,10.0,7.7,8.1,9.3,8.7,8.74,8.2,8.4,9.8,7.9,7.7,8.46
830,José Rodríguez Ramírez,Finanzas,Contabilidad,2026-07-14,2.9,4.2,3.4,5.0,2.1,3.52,2.0,3.5,4.6,5.5,3.77,3.9,3.1,4.7,3.3,1.8,3.46,3.2,3.5,1.4,3.7,2.5,2.94
831,Daniela Pérez Castillo,Recursos Humanos,Capacitación,2026-06-24,6.9,6.5,7.6,8.8,6.1,7.1,8.4,8.0,10.0,8.0,8.52,7.5,9.5,9.0,8.1,8.1,8.48,10.0,9.3,8.2,7.0,8.4,8.7
832,Karla Cruz González,Finanzas,Auditoría Interna,2025-10-02,5.0,8.0,8.3,6.5,6.1,6.8,7.6,6.1,3.3,5.1,5.74,4.3,5.2,3.7,5.2,6.0,4.8,6.0,5.1,5.7,7.8,4.9,5.96
833,Sergio Gómez García,Recursos Humanos,Nómina,2026-09-07,9.7,9.6,9.2,9.9,9.9,9.63,5.9,8.7,10.0,8.9,8.17,8.2,8.4,9.0,8.7,8.4,8.52,8.3,10.0,8.9,9.1,8.9,9.07
834,Raúl Jiménez Martínez,Finanzas,Tesorería,2026-03-08,6.0,5.9,5.8,4.2,5.1,5.53,7.4,5.1,5.1,6.5,6.14,5.5,5.6,2.2,4.2,4.6,4.54,7.8,4.4,5.2,6.7,6.0,6.03
835,Gabriela López Martínez,Tecnología,Infraestructura,2026-02-02,4.7,3.2,4.8,5.6,5.3,4.57,2.8,3.9,4.9,4.5,3.92,4.0,2.6,4.4,1.8,3.5,3.32,2.4,2.9,5.2,2.9,1.5,3.1
836,Ana Flores Reyes,Ventas,Ventas Nacionales,2025-11-06,9.1,9.3,8.2,9.1,7.6,8.74,8.3,8.9,5.9,8.3,7.97,8.9,10.0,7.7,7.7,5.6,8.26,7.5,8.3,5.8,6.8,6.2,7.09
837,Fernanda López Hernández,Recursos Humanos,Nómina,2025-10-16,5.7,4.4,3.7,5.4,3.3,4.57,2.0,2.6,3.8,4.9,3.24,2.8,4.8,1.2,3.2,3.1,3.08,1.9,3.2,3.8,2.0,2.5,2.68
838,Mariana Romero Vázquez,Finanzas,Contabilidad,2026-05-27,7.4,7.9,6.6,9.0,8.6,7.78,9.2,7.3,8.6,9.8,8.75,5.5,6.8,4.8,8.3,8.1,6.5,6.6,7.2,5.9,6.5,6.6,6.59
839,Juan Ortiz Jiménez,Marketing,Investigación de Mercado,2026-03-08,10.0,8.9,10.0,9.4,9.8,9.6,8.6,8.8,8.4,8.8,8.66,8.3,8.0,8.2,5.7,8.9,7.9,10.0,9.2,9.5,8.3,10.0,9.36
840,Diego López Romero,Operaciones,Control de Calidad,2026-01-19,8.0,5.2,5.1,7.1,6.9,6.42,7.0,6.4,4.2,8.2,6.59,5.1,5.9,5.9,5.5,5.5,5.58,7.9,5.8,8.5,5.4,8.1,7.02
841,Ricardo García González,Tecnología,Infraestructura,2025-09-20,9.4,6.4,7.0,8.7,6.7,7.66,6.8,7.4,7.7,8.3,7.5,6.8,5.7,5.9,6.5,7.9,6.46,9.0,10.0,8.6,9.8,8.2,9.25
842,Fernanda Martínez Sánchez,Tecnología,Desarrollo,2026-02-16,5.2,4.3,6.0,4.6,5.4,5.08,5.7,6.2,6.2,6.5,6.12,3.3,5.8,5.1,4.9,5.0,4.78,6.5,3.6,6.7,5.1,5.6,5.44
843,Paola Castillo Martínez,Recursos Humanos,Capacitación,2026-07-25,7.9,6.9,8.7,9.1,6.5,7.78,3.8,5.0,5.1,8.1,5.44,7.0,5.5,7.1,7.1,8.2,6.84,6.6,5.0,6.1,6.7,5.9,6.05
844,Alejandro Castillo Ortiz,Operaciones,Logística,2025-10-05,3.3,5.1,5.0,6.1,6.1,4.93,6.6,4.1,3.5,6.1,5.23,5.2,4.1,5.3,3.9,4.2,4.6,3.6,2.2,4.7,4.5,4.0,3.69
845,Camila Hernández Ortiz,Finanzas,Contabilidad,2026-03-04,7.8,8.9,10.0,9.1,8.1,8.75,10.0,6.6,8.5,10.0,8.85,9.9,8.3,7.8,6.9,9.4,8.56,6.4,8.7,7.1,7.1,7.7,7.38
846,Ximena Sánchez Flores,Recursos Humanos,Capacitación,2026-07-04,5.3,5.9,6.2,5.5,6.3,5.81,7.5,5.4,5.6,5.6,6.12,5.3,7.7,5.4,6.5,5.4,6.12,6.2,5.5,4.7,6.6,4.7,5.65
847,Diego Flores Pérez,Finanzas,Tesorería,2026-06-30,9.2,4.9,7.4,6.3,5.3,6.74,7.3,6.5,3.8,5.3,5.9,6.5,6.5,4.5,5.3,5.4,5.76,4.9,5.8,6.4,6.6,4.6,5.74
848,Ximena Romero Ramírez,Tecnología,Desarrollo,2026-06-25,2.4,2.5,4.3,2.3,3.7,2.98,1.9,2.4,1.9,3.1,2.32,3.5,1.7,2.7,2.4,2.5,2.58,1.5,2.5,0.9,2.0,1.9,1.77
849,Sergio Ramírez Vázquez,Ventas,Atención a Clientes,2025-12-18,8.1,7.6,10.0,7.8,9.6,8.54,8.0,8.6,8.2,8.8,8.39,6.5,6.2,7.6,9.2,5.7,6.93,10.0,9.4,9.3,8.0,7.6,9.07
850,Alejandro Flores López,Finanzas,Tesorería,2025-09-26,6.2,5.4,7.8,7.9,8.0,6.85,6.5,6.4,5.7,6.7,6.36,7.1,6.7,6.5,8.5,8.9,7.36,7.7,7.2,6.8,8.4,7.4,7.51
851,Roberto Sánchez González,Ventas,Ventas Internacionales,2026-03-30,7.0,6.5,6.8,5.4,6.8,6.56,6.7,4.8,5.1,6.2,5.78,4.9,7.1,5.1,6.1,5.2,5.72,5.6,6.8,7.0,5.0,7.9,6.29
852,Laura Romero López,Marketing,Investigación de Mercado,2026-08-03,3.6,2.8,4.2,4.4,5.6,3.94,4.1,4.0,6.3,4.6,4.64,5.7,7.0,6.9,7.6,5.2,6.48,5.7,5.4,4.1,4.7,4.8,5.02
853,Sergio Gómez García,Marketing,Investigación de Mercado,2025-10-18,9.7,8.8,8.9,7.5,9.5,8.96,7.9,8.7,10.0,9.5,8.92,7.5,10.0,9.6,9.9,8.3,9.02,7.7,8.5,10.0,8.7,9.3,8.72
854,Alejandro Morales Ramírez,Marketing,Marketing Digital,2026-01-19,4.9,5.2,7.1,7.6,8.0,6.28,4.7,6.0,7.0,5.6,5.71,6.8,8.7,7.0,7.7,8.9,7.76,7.5,6.9,8.4,8.3,6.8,7.62
855,Roberto Cruz Cruz,Recursos Humanos,Capacitación,2026-02-11,8.9,7.7,6.7,10.0,9.4,8.4,8.6,8.2,8.6,7.3,8.17,6.4,10.0,7.9,8.1,10.0,8.4,8.7,10.0,8.3,7.5,8.6,8.7
856,Ricardo Ortiz Reyes,Operaciones,Control de Calidad,2026-08-16,6.1,8.8,7.9,10.0,8.4,8.06,7.2,6.2,7.3,6.7,6.84,8.9,8.7,8.8,9.8,7.8,8.8,10.0,9.9,9.1,10.0,10.0,9.8
857,Jorge Castillo Ortiz,Marketing,Investigación de Mercado,2025-09-18,8.2,8.8,9.7,7.6,9.0,8.68,8.1,5.4,9.9,8.2,7.81,8.9,6.4,7.9,7.3,7.8,7.67,9.3,6.0,8.4,8.1,7.2,7.85
858,Raúl Torres Ramírez,Ventas,Ventas Internacionales,2026-08-10,2.1,0.3,0.9,1.5,3.4,1.52,3.7,5.3,4.3,2.7,3.97,4.2,6.6,4.3,5.0,3.4,4.82,2.5,3.2,3.2,3.1,2.3,2.92
859,Gabriela Sánchez Pérez,Marketing,Comunicación de Marca,2026-01-28,6.7,6.8,6.3,7.3,6.9,6.76,6.8,10.0,9.7,8.6,8.63,9.3,7.8,7.8,10.0,6.7,8.34,8.5,7.6,6.4,9.5,7.8,7.99
860,Ricardo Romero Morales,Recursos Humanos,Capacitación,2026-02-02,7.6,8.5,9.5,9.1,8.8,8.61,7.7,7.7,8.7,7.4,7.83,6.6,7.6,7.7,5.7,8.1,7.16,6.6,9.0,9.7,8.5,7.2,8.26
861,Jorge Flores Pérez,Recursos Humanos,Reclutamiento,2026-03-04,8.8,7.1,9.2,7.6,10.0,8.45,5.8,5.0,7.3,5.4,5.8,9.2,7.3,8.1,7.9,6.0,7.83,7.4,7.2,8.1,7.6,8.4,7.63
862,Roberto Ramírez Morales,Marketing,Marketing Digital,2026-02-18,10.0,9.3,8.9,10.0,10.0,9.6,10.0,10.0,10.0,10.0,10.0,10.0,9.0,9.2,10.0,10.0,9.59,9.2,9.8,9.8,10.0,10.0,9.71
863,Jorge Sánchez Romero,Ventas,Atención a Clientes,2026-04-15,7.0,6.9,6.8,7.3,5.3,6.72,6.0,3.4,7.3,6.8,5.81,3.8,5.6,4.5,5.0,5.9,4.88,5.5,3.5,4.9,3.8,4.7,4.46
864,Daniela Martínez Ramírez,Tecnología,Soporte Técnico,2026-02-10,6.0,7.0,6.9,5.1,6.6,6.38,7.1,7.8,4.2,7.1,6.7,9.7,7.3,8.8,7.9,7.0,8.25,6.4,7.3,8.7,6.5,7.1,7.18
865,Diego Martínez Sánchez,Recursos Humanos,Capacitación,2026-04-28,6.4,5.3,7.7,6.5,7.0,6.49,4.7,6.4,5.8,7.3,6.0,8.3,5.7,7.9,7.8,7.1,7.32,5.6,6.0,4.5,5.6,4.6,5.38
866,Luis Rodríguez Torres,Ventas,Ventas Nacionales,2026-03-19,3.1,3.5,2.9,2.2,2.7,2.96,4.5,4.1,5.5,3.7,4.4,2.3,2.0,2.4,1.8,4.4,2.48,3.3,5.3,1.4,2.1,2.2,3.07
867,Ximena Ramírez Gómez,Recursos Humanos,Reclutamiento,2026-01-03,7.9,6.6,6.5,6.4,5.9,6.77,5.6,8.0,7.8,7.4,7.09,8.7,8.3,8.1,5.6,6.0,7.61,10.0,7.5,8.1,10.0,8.4,8.84
868,Carlos Vázquez Morales,Marketing,Investigación de Mercado,2025-12-11,3.4,5.0,4.6,2.8,1.6,3.68,4.1,4.2,4.4,4.8,4.36,2.7,2.0,1.7,2.8,3.3,2.43,3.7,3.8,2.3,5.0,2.2,3.56
869,Gabriela Vázquez Rodríguez,Marketing,Comunicación de Marca,2026-07-14,4.0,5.6,4.7,6.7,5.5,5.17,6.0,6.5,6.0,7.2,6.42,5.0,6.6,7.7,5.5,7.7,6.42,6.7,6.0,6.3,7.6,6.2,6.58
870,Sofía Rodríguez Ortiz,Tecnología,Desarrollo,2025-09-10,9.7,8.6,7.9,8.6,10.0,8.94,8.4,8.8,9.9,9.4,9.05,8.5,8.6,9.0,10.0,9.3,8.97,9.0,9.6,8.3,10.0,9.1,9.22
871,Ximena Castillo Hernández,Ventas,Ventas Internacionales,2026-08-03,8.0,7.2,7.1,6.6,6.4,7.17,7.9,6.7,9.4,7.1,7.7,7.2,5.5,5.3,7.3,8.1,6.54,6.3,5.3,7.1,5.2,6.7,6.03
872,Alejandro López Jiménez,Marketing,Comunicación de Marca,2026-05-30,10.0,8.0,10.0,10.0,9.3,9.4,9.9,10.0,10.0,10.0,9.97,10.0,9.5,8.1,10.0,10.0,9.5,7.3,7.7,9.5,8.2,10.0,8.29
873,Ximena Martínez Jiménez,Ventas,Ventas Nacionales,2026-05-04,1.8,1.6,1.1,1.5,2.1,1.61,1.4,1.9,2.9,2.3,2.05,4.4,0.0,2.8,1.4,3.9,2.46,4.1,3.6,3.9,4.6,3.7,4.0
874,Raúl Ortiz Ramírez,Marketing,Marketing Digital,2026-05-12,6.6,6.8,5.5,6.7,5.9,6.34,6.1,6.3,6.5,5.5,6.08,6.4,5.8,5.7,7.4,7.8,6.47,8.1,5.3,6.4,6.2,6.2,6.49
875,Juan Castillo Castillo,Recursos Humanos,Reclutamiento,2026-05-02,6.1,7.9,8.0,8.3,8.0,7.54,8.4,9.9,10.0,10.0,9.5,6.6,9.2,10.0,8.7,10.0,8.75,9.7,10.0,8.3,10.0,10.0,9.59
876,Alejandro Romero García,Marketing,Comunicación de Marca,2026-05-13,5.9,8.3,6.8,6.3,4.3,6.5,5.2,7.0,7.0,6.3,6.28,5.9,7.7,8.6,7.5,7.9,7.43,5.9,5.0,2.4,6.2,4.9,4.94
877,Karla García Castillo,Ventas,Ventas Internacionales,2026-04-01,9.3,9.7,9.1,8.0,10.0,9.27,6.6,7.2,9.8,7.7,7.66,8.2,8.2,10.0,10.0,10.0,9.1,7.1,9.8,8.9,10.0,10.0,9.0
878,Valeria Castillo Morales,Marketing,Comunicación de Marca,2025-12-03,9.2,10.0,9.8,9.0,10.0,9.61,7.8,10.0,9.5,8.6,8.89,7.3,6.9,5.4,6.3,7.4,6.68,10.0,10.0,9.4,9.3,10.0,9.74
879,Juan García Sánchez,Ventas,Atención a Clientes,2025-11-09,6.3,6.7,6.1,6.7,7.1,6.54,5.5,4.4,4.7,4.3,4.76,4.8,6.5,5.1,7.1,7.6,6.05,6.6,8.4,7.0,7.6,5.7,7.24
880,Francisco Hernández Gómez,Tecnología,Soporte Técnico,2026-05-03,8.9,8.0,7.1,10.0,8.5,8.42,9.6,9.0,8.5,8.2,8.88,10.0,10.0,7.6,7.9,8.7,9.01,9.1,7.5,8.3,6.7,7.9,7.94
881,Carlos Flores González,Finanzas,Contabilidad,2026-06-05,2.8,1.9,3.4,3.3,3.8,2.92,3.6,3.9,3.3,3.2,3.52,5.2,4.1,4.1,3.6,5.6,4.53,3.7,4.6,3.4,2.9,2.3,3.57
882,Paola Flores García,Marketing,Marketing Digital,2026-01-03,7.0,4.3,7.1,4.1,6.5,5.84,3.4,4.6,5.8,4.6,4.48,5.1,6.1,4.6,5.3,4.6,5.2,5.7,5.8,6.7,4.3,5.7,5.64
883,Andrea Vázquez Castillo,Recursos Humanos,Capacitación,2026-08-17,6.3,7.3,5.1,6.6,6.4,6.37,5.4,3.5,6.5,6.4,5.4,3.1,6.4,7.0,4.8,3.8,5.07,3.7,4.6,3.1,4.5,2.5,3.84
884,Daniela Gómez Gómez,Operaciones,Producción,2026-03-29,7.6,9.0,6.6,9.3,6.5,7.84,7.5,6.9,6.7,7.4,7.17,8.8,9.4,7.3,8.8,9.1,8.7,6.7,7.3,6.5,9.3,7.1,7.37
885,Ximena Ramírez Gómez,Ventas,Ventas Nacionales,2026-06-19,4.6,7.0,5.8,5.2,5.2,5.62,7.6,6.2,6.2,5.4,6.42,3.6,3.7,6.2,6.1,5.6,4.82,8.2,6.7,8.0,5.7,3.6,6.82
886,Andrea Martínez Pérez,Recursos Humanos,Nómina,2026-01-29,6.9,6.2,6.0,6.1,5.9,6.28,5.1,5.3,5.9,6.6,5.68,4.4,4.6,5.3,5.9,6.0,5.1,5.6,5.0,6.4,3.6,6.8,5.33
887,Roberto Hernández Cruz,Marketing,Marketing Digital,2026-08-10,7.3,9.7,9.9,8.0,8.1,8.64,7.2,8.5,9.6,10.0,8.7,9.5,6.1,7.6,7.4,9.8,8.0,7.6,9.2,8.3,6.7,7.7,7.97
888,Gabriela López Flores,Tecnología,Soporte Técnico,2025-11-09,3.6,2.0,1.5,3.9,2.4,2.64,2.6,1.8,2.9,1.1,2.08,0.0,3.4,2.8,1.2,0.7,1.69,3.8,1.5,0.9,1.1,5.1,2.24
889,Carlos Rodríguez González,Tecnología,Infraestructura,2026-06-01,6.9,7.1,7.1,7.9,7.8,7.28,8.1,7.6,7.2,8.5,7.9,10.0,8.7,9.6,9.3,10.0,9.49,8.2,7.6,7.3,4.8,7.5,7.12
890,Ximena Martínez Romero,Tecnología,Soporte Técnico,2026-03-04,3.6,3.4,4.0,3.8,3.9,3.7,4.6,5.1,5.2,4.6,4.84,3.6,2.3,4.1,2.8,4.0,3.32,4.1,4.1,2.2,3.9,3.2,3.59
891,Sergio Gómez Gómez,Ventas,Atención a Clientes,2026-02-11,3.9,7.7,5.6,7.9,5.8,6.08,5.2,5.7,4.2,5.7,5.25,6.1,6.1,6.4,5.9,6.8,6.24,4.9,4.2,3.9,5.0,3.4,4.4
892,Laura Castillo Morales,Marketing,Marketing Digital,2026-03-18,4.7,3.1,4.9,2.5,3.4,3.82,4.6,5.2,5.4,6.1,5.28,5.0,7.2,7.0,6.2,4.6,6.07,6.7,6.1,4.1,4.3,4.7,5.35
893,Raúl Gómez Morales,Recursos Humanos,Nómina,2026-03-28,6.0,4.3,6.0,4.9,7.2,5.59,7.0,7.1,4.4,7.2,6.56,5.2,5.7,4.4,5.4,5.8,5.29,5.0,5.1,4.3,6.0,7.6,5.34
894,Jorge López López,Finanzas,Auditoría Interna,2026-06-02,6.4,6.0,6.5,6.0,6.6,6.29,7.9,5.8,6.0,5.6,6.42,6.4,7.0,6.7,6.3,8.3,6.88,6.7,7.2,7.3,8.1,7.6,7.32
895,Jorge Ortiz Rodríguez,Ventas,Atención a Clientes,2025-11-30,6.1,7.6,5.0,8.0,5.4,6.44,8.0,9.6,7.6,8.4,8.42,7.7,10.0,7.6,8.2,10.0,8.68,7.7,10.0,7.7,10.0,9.9,8.96
896,Paola González Morales,Operaciones,Logística,2026-03-03,5.9,3.6,7.4,7.4,5.4,5.78,9.8,7.5,5.6,7.5,7.81,6.5,6.3,6.4,5.5,5.0,6.06,8.9,8.2,8.1,9.0,8.7,8.56
897,Karla Romero Torres,Finanzas,Contabilidad,2026-06-21,3.0,4.5,3.7,4.7,2.2,3.65,3.8,4.5,4.8,3.6,4.12,6.9,2.8,4.9,4.6,4.1,4.71,3.6,4.2,2.1,1.9,4.7,3.22
898,Karla Castillo Cruz,Marketing,Marketing Digital,2026-06-04,4.4,2.7,3.9,2.4,4.2,3.54,3.6,5.4,3.3,3.7,4.02,4.0,2.8,1.7,2.3,6.3,3.33,3.0,4.7,5.4,4.7,4.8,4.42
899,Raúl Ramírez López,Operaciones,Control de Calidad,2026-03-31,4.7,4.8,2.7,4.5,5.3,4.38,2.8,4.1,3.8,3.4,3.48,2.2,2.0,3.4,2.8,0.2,2.18,4.5,6.0,4.0,2.6,2.9,4.23
900,Fernanda López López,Finanzas,Contabilidad,2025-11-04,6.9,4.4,6.8,3.6,8.2,5.96,4.0,6.8,4.9,8.0,5.88,5.8,6.1,5.2,6.6,6.8,6.02,6.5,5.5,6.7,6.5,6.8,6.32
901,Pedro Vázquez González,Finanzas,Tesorería,2025-09-22,1.2,0.6,3.0,3.8,3.0,2.07,2.8,4.1,4.0,0.5,2.79,2.2,3.7,2.6,4.5,3.1,3.14,5.6,3.8,3.9,5.9,5.3,4.84
902,Mariana Martínez Pérez,Tecnología,Soporte Técnico,2026-04-19,7.8,6.4,5.1,7.2,7.8,6.82,6.1,5.9,7.2,6.4,6.35,5.9,4.4,5.2,5.1,4.5,5.06,7.9,6.3,5.9,6.2,3.6,6.33
903,Valeria Sánchez Torres,Recursos Humanos,Nómina,2026-04-16,8.6,9.6,7.7,8.0,8.5,8.56,10.0,8.7,8.6,8.7,9.07,5.5,4.6,7.2,10.0,6.6,6.46,7.7,8.1,8.6,9.2,7.6,8.27
904,Pedro Martínez García,Tecnología,Infraestructura,2026-07-22,6.8,7.4,8.3,5.0,8.7,7.26,6.7,6.3,7.0,6.7,6.66,8.5,9.9,5.0,8.4,10.0,8.36,6.5,7.6,8.8,5.5,5.3,6.92
905,Raúl Rodríguez Rodríguez,Marketing,Marketing Digital,2026-02-20,9.8,10.0,10.0,9.3,8.7,9.65,9.8,10.0,7.0,9.5,9.22,7.1,9.1,8.8,9.1,9.9,8.66,8.3,9.8,10.0,10.0,10.0,9.52
906,Ricardo Cruz Jiménez,Finanzas,Auditoría Interna,2026-06-12,2.7,1.3,3.5,3.8,0.7,2.38,2.2,3.2,3.0,3.8,3.01,3.5,1.6,3.1,6.0,3.8,3.36,3.2,2.2,3.6,0.5,4.1,2.58
907,Alejandro Hernández Reyes,Ventas,Ventas Nacionales,2025-11-12,5.2,4.2,5.6,5.9,5.0,5.1,6.4,5.4,6.9,5.6,6.05,7.6,4.7,6.2,5.6,5.7,6.01,5.6,6.9,6.7,9.6,7.6,7.14
908,Roberto López Ramírez,Ventas,Ventas Nacionales,2026-02-24,4.3,4.3,4.4,6.8,4.5,4.73,4.3,3.7,5.5,3.9,4.29,6.6,5.0,5.6,4.7,5.8,5.6,2.3,5.4,4.2,5.8,3.4,4.26
909,Sergio Reyes López,Tecnología,Desarrollo,2026-06-19,7.1,5.6,6.0,5.8,8.9,6.58,6.4,8.4,8.1,7.2,7.44,3.3,5.3,5.4,5.6,5.6,4.91,7.2,5.9,5.8,6.0,6.6,6.3
910,José Morales Flores,Finanzas,Tesorería,2025-10-08,9.0,7.4,5.7,9.5,7.1,7.73,7.4,5.0,8.3,6.5,6.76,3.7,6.5,4.3,3.7,4.2,4.6,6.9,6.6,5.6,5.6,6.5,6.26
911,Raúl Rodríguez Castillo,Recursos Humanos,Capacitación,2025-11-14,5.0,6.4,7.0,5.1,6.1,5.93,8.6,10.0,7.9,9.3,8.98,8.6,8.1,9.0,9.8,8.5,8.72,10.0,9.1,9.6,9.6,10.0,9.62
912,Carlos Cruz López,Recursos Humanos,Nómina,2026-05-21,8.2,7.4,8.0,6.1,7.9,7.6,6.2,6.4,4.2,3.8,5.25,7.3,6.5,5.3,6.9,7.1,6.61,6.8,5.7,6.6,7.8,6.2,6.63
913,Alejandro Hernández Flores,Operaciones,Control de Calidad,2026-07-26,7.1,7.7,7.1,5.8,6.2,6.92,7.9,6.5,8.3,7.9,7.63,6.8,6.9,8.9,8.3,7.4,7.56,7.5,8.1,8.0,5.2,7.1,7.25
914,Daniela Hernández Martínez,Operaciones,Producción,2026-06-03,7.5,9.0,6.5,8.1,7.4,7.75,5.5,6.7,7.2,5.2,6.06,6.5,6.5,8.8,7.4,8.7,7.42,8.4,7.7,6.3,7.1,8.0,7.5
915,Diego Castillo Hernández,Operaciones,Producción,2026-04-23,9.7,7.7,7.4,7.0,9.2,8.26,8.4,8.2,10.0,8.3,8.64,8.2,8.3,6.7,6.4,9.2,7.8,6.8,6.3,7.9,7.7,8.3,7.22
916,Fernanda González Ortiz,Marketing,Marketing Digital,2026-04-12,1.5,4.8,4.4,5.6,3.4,3.8,3.2,2.7,1.3,3.1,2.67,3.7,5.4,4.6,5.2,3.6,4.52,4.6,4.2,3.6,5.7,4.1,4.47
917,Fernanda Romero González,Operaciones,Control de Calidad,2025-11-11,10.0,10.0,8.1,10.0,10.0,9.62,10.0,7.8,8.5,7.2,8.45,8.7,9.1,10.0,7.9,9.7,9.09,9.5,9.0,10.0,7.4,8.9,9.0
918,Juan Morales Jiménez,Ventas,Ventas Internacionales,2025-09-19,3.7,2.2,1.2,2.6,3.5,2.63,2.2,2.4,4.2,1.3,2.43,2.6,2.7,2.1,3.7,2.3,2.65,2.7,4.3,2.2,3.0,2.4,3.03
919,Ximena Gómez Gómez,Marketing,Comunicación de Marca,2025-12-09,3.2,3.7,5.6,3.9,4.3,4.07,5.3,5.3,5.6,4.7,5.21,5.6,4.6,3.2,2.5,3.7,4.12,3.9,1.7,5.1,4.2,3.6,3.62
920,Karla Ramírez Cruz,Finanzas,Tesorería,2025-11-03,6.6,5.8,7.0,7.1,10.0,7.06,8.7,9.3,9.7,10.0,9.38,8.6,10.0,8.2,9.3,8.9,9.02,10.0,10.0,10.0,10.0,10.0,10.0
921,Ana Cruz Ramírez,Recursos Humanos,Nómina,2026-07-24,5.8,4.1,3.1,4.8,3.6,4.35,4.3,4.1,3.5,3.3,3.84,4.6,1.8,4.6,2.5,2.7,3.3,2.3,4.4,3.6,5.8,4.9,4.04
922,José González Rodríguez,Ventas,Atención a Clientes,2026-07-15,4.4,7.0,6.6,5.9,7.2,6.14,7.7,7.5,4.1,8.5,7.13,8.1,7.5,9.7,8.5,9.5,8.54,4.8,10.0,7.8,7.1,9.6,7.64
923,Jorge Romero Flores,Marketing,Comunicación de Marca,2025-10-11,3.7,3.1,2.7,4.2,3.5,3.4,1.7,2.6,5.4,4.0,3.24,2.1,3.2,2.7,2.8,4.2,2.92,2.1,4.3,3.0,5.8,2.1,3.57
924,Raúl Jiménez García,Marketing,Investigación de Mercado,2026-01-26,7.7,5.7,6.7,8.4,5.9,6.84,6.0,5.2,6.5,4.9,5.62,5.2,5.5,7.2,5.9,4.5,5.68,4.3,8.1,5.1,7.7,5.0,6.16
925,Laura Torres Rodríguez,Marketing,Marketing Digital,2026-06-13,7.6,5.3,8.1,6.9,6.4,6.84,9.0,7.8,5.6,5.7,7.19,4.8,6.0,5.4,6.5,8.6,6.04,8.7,6.4,6.3,5.6,5.3,6.68
926,Miguel Rodríguez Castillo,Recursos Humanos,Reclutamiento,2025-11-22,8.7,8.6,6.4,9.6,10.0,8.54,7.1,6.3,6.4,5.2,6.28,6.9,6.0,8.7,7.6,8.7,7.41,8.2,4.8,5.9,5.4,5.8,6.09
927,Jorge García Sánchez,Finanzas,Tesorería,2026-07-06,7.8,8.1,8.9,8.4,9.2,8.4,10.0,10.0,9.2,9.2,9.64,7.1,7.6,7.0,9.3,5.6,7.31,8.0,7.8,8.7,8.6,5.6,7.97
928,Raúl Vázquez Ortiz,Recursos Humanos,Nómina,2025-12-01,6.6,7.6,5.4,6.8,7.0,6.7,6.1,5.1,6.3,6.4,5.96,5.3,5.6,5.4,6.6,5.5,5.62,2.2,3.2,6.0,3.6,5.6,3.83
929,Camila López Pérez,Operaciones,Control de Calidad,2025-10-20,4.8,4.0,5.3,4.2,4.9,4.62,7.6,6.8,5.2,6.7,6.69,6.4,6.2,4.2,6.7,5.3,5.79,2.6,3.8,3.7,3.7,3.7,3.45
930,José García Ortiz,Ventas,Ventas Nacionales,2026-03-13,2.6,2.7,5.3,2.6,4.0,3.38,1.7,2.9,1.4,1.7,1.94,2.5,2.9,1.7,3.0,2.1,2.46,2.9,2.4,2.7,5.7,4.0,3.4
931,Raúl Hernández Torres,Ventas,Ventas Internacionales,2026-01-11,6.8,5.3,5.3,6.1,6.4,5.96,5.5,6.9,6.2,5.6,6.02,4.9,6.0,6.4,5.9,8.7,6.2,5.5,5.3,8.1,7.0,4.7,6.19
932,Diego Martínez Castillo,Recursos Humanos,Nómina,2025-12-14,4.8,7.6,7.1,8.1,8.3,6.98,7.0,7.1,5.4,6.8,6.66,9.1,7.3,6.8,8.3,7.2,7.78,3.1,7.0,6.0,5.0,3.8,5.1
933,Pedro Morales Torres,Recursos Humanos,Reclutamiento,2025-10-21,5.2,6.0,5.9,4.3,5.9,5.51,3.8,4.5,2.2,4.9,3.93,3.8,3.6,4.4,2.9,4.3,3.81,5.9,4.5,5.1,4.0,3.1,4.73
934,Fernanda Vázquez Cruz,Tecnología,Soporte Técnico,2026-02-06,6.1,10.0,8.1,9.6,9.8,8.56,10.0,8.9,7.9,9.4,9.15,10.0,8.7,10.0,7.9,8.5,9.14,7.4,6.6,5.9,5.5,9.0,6.68
935,Ximena Martínez Hernández,Tecnología,Infraestructura,2026-05-23,6.6,6.7,5.4,6.2,7.1,6.4,4.3,4.4,5.3,5.7,4.88,7.3,6.9,6.4,5.7,5.5,6.51,4.7,5.8,3.4,5.7,6.2,5.07
936,Ximena Pérez Sánchez,Finanzas,Contabilidad,2026-06-26,5.1,5.5,4.2,4.3,4.5,4.81,3.0,2.7,1.1,4.2,2.84,4.3,4.2,3.3,2.9,3.8,3.79,4.2,3.1,3.4,1.5,3.7,3.18
937,Sergio Hernández Rodríguez,Recursos Humanos,Reclutamiento,2026-05-01,7.5,8.8,7.6,6.9,8.9,7.97,9.2,10.0,10.0,8.4,9.36,8.0,9.2,8.4,8.3,6.7,8.23,8.2,9.7,9.1,7.3,7.1,8.46
938,Miguel Hernández Romero,Ventas,Ventas Internacionales,2026-08-18,4.0,6.0,5.4,3.4,7.0,5.14,8.3,4.3,6.7,4.7,6.08,7.8,7.1,7.7,7.7,6.4,7.38,5.6,8.4,7.4,6.0,7.4,6.92
939,Laura Martínez Jiménez,Operaciones,Control de Calidad,2025-12-26,6.7,7.2,8.1,6.9,7.7,7.29,6.1,5.9,7.5,5.5,6.18,7.9,7.5,6.4,4.8,6.2,6.78,9.2,8.5,7.1,8.9,9.1,8.54
940,Pedro López Torres,Ventas,Ventas Nacionales,2026-04-26,4.8,4.8,3.7,3.9,3.2,4.2,4.2,2.2,3.8,3.3,3.4,5.9,3.3,5.0,4.0,3.1,4.36,4.2,6.9,3.8,5.4,7.1,5.32
941,Andrea Ortiz López,Operaciones,Control de Calidad,2025-12-22,6.5,8.5,7.2,5.3,7.5,7.11,4.6,6.0,5.5,8.5,6.1,7.3,6.6,5.8,6.8,5.9,6.54,6.3,6.6,7.7,7.4,9.3,7.18
942,Ximena Reyes Ortiz,Tecnología,Desarrollo,2026-08-16,2.6,4.0,5.3,4.1,3.1,3.79,3.8,3.8,4.2,4.3,4.0,5.9,6.8,6.5,6.2,8.3,6.65,7.1,8.1,6.5,4.4,6.3,6.61
943,Jorge Castillo Reyes,Marketing,Investigación de Mercado,2026-05-13,7.0,6.9,7.3,9.1,6.8,7.32,6.2,4.5,7.3,5.0,5.7,3.4,4.4,3.5,4.1,3.6,3.8,3.1,5.3,4.0,6.1,3.9,4.51
944,Ana Castillo Vázquez,Ventas,Ventas Internacionales,2026-04-16,8.2,8.2,8.5,9.7,7.4,8.36,7.8,8.4,7.2,6.2,7.43,8.5,8.4,8.7,8.3,8.4,8.47,7.5,9.0,8.0,8.1,8.4,8.18
945,Miguel Rodríguez Ramírez,Operaciones,Logística,2026-08-07,5.5,5.1,4.6,5.3,2.4,4.73,5.6,6.7,5.8,6.6,6.16,4.6,4.8,4.9,5.4,5.1,4.9,7.0,3.4,4.8,4.3,4.9,4.91
946,Andrea Romero Gómez,Tecnología,Infraestructura,2025-11-09,1.4,2.7,0.0,2.6,2.7,1.82,3.5,4.3,3.6,3.9,3.82,3.4,6.2,5.4,4.9,6.3,5.16,3.9,3.7,2.9,3.4,5.2,3.68
947,Carlos Romero Cruz,Recursos Humanos,Nómina,2026-02-01,4.1,3.7,4.5,4.7,6.3,4.5,4.2,3.3,4.2,5.9,4.4,5.6,2.1,3.3,2.5,4.4,3.62,1.2,2.1,2.6,4.4,4.0,2.62
948,Valeria Vázquez Flores,Ventas,Atención a Clientes,2025-11-03,7.9,8.1,7.7,7.2,7.2,7.7,6.3,6.3,8.0,9.7,7.49,5.1,6.5,5.4,3.2,4.1,5.08,5.4,4.6,8.0,5.0,5.6,5.66
949,Ricardo Flores Gómez,Marketing,Marketing Digital,2025-11-19,6.4,6.9,6.0,6.5,9.0,6.85,5.8,3.6,5.6,4.7,4.93,4.0,5.6,4.7,5.1,3.3,4.6,4.6,4.3,5.7,5.7,6.2,5.12
950,Jorge Pérez Ramírez,Recursos Humanos,Capacitación,2026-08-26,10.0,10.0,10.0,9.9,9.4,9.9,10.0,9.0,9.9,10.0,9.73,10.0,9.9,8.7,10.0,9.4,9.62,7.4,10.0,9.9,9.3,10.0,9.19
951,Laura Ramírez López,Recursos Humanos,Nómina,2025-10-27,8.6,6.7,6.2,6.9,7.0,7.15,7.6,5.3,6.1,7.9,6.8,6.4,6.9,6.0,5.8,6.4,6.36,4.9,7.3,6.3,5.8,5.3,6.0
952,Juan Torres Martínez,Finanzas,Contabilidad,2026-08-13,2.5,2.7,2.9,1.7,2.2,2.46,4.1,2.7,3.0,2.4,3.1,4.2,3.6,3.8,5.6,1.8,3.82,1.0,2.0,1.0,1.9,2.5,1.58
953,Andrea Vázquez Torres,Recursos Humanos,Capacitación,2025-10-25,4.9,6.1,7.5,6.3,5.9,6.08,4.4,7.8,6.5,8.6,6.72,6.8,6.2,8.0,8.2,8.7,7.38,6.6,10.0,9.5,9.4,9.1,8.84
954,Ricardo Hernández Castillo,Finanzas,Tesorería,2026-01-06,4.8,6.0,6.5,3.3,6.2,5.42,6.4,6.7,5.6,4.4,5.82,7.4,7.9,6.1,6.3,6.4,6.95,5.0,6.6,6.3,5.9,5.5,5.89
955,Mariana Reyes Martínez,Tecnología,Soporte Técnico,2025-11-12,5.5,6.5,6.8,5.6,6.9,6.24,8.8,8.6,6.4,6.8,7.77,7.6,7.1,8.0,5.1,8.4,7.3,3.5,6.6,5.7,4.9,3.6,5.01
956,María Sánchez Hernández,Finanzas,Tesorería,2026-03-09,7.3,7.1,10.0,6.7,8.0,7.8,10.0,10.0,8.0,8.3,9.18,8.0,7.0,9.3,8.7,7.4,8.02,7.4,8.1,6.4,6.7,8.2,7.32
957,Pedro González Pérez,Operaciones,Control de Calidad,2026-07-11,7.9,8.7,6.9,8.6,8.2,8.05,8.2,7.6,7.6,8.9,8.1,6.6,9.0,6.3,6.4,6.4,7.08,8.0,6.8,7.3,5.7,8.2,7.12
958,Ximena Ortiz González,Finanzas,Contabilidad,2026-07-15,6.5,8.1,6.7,4.9,6.6,6.72,5.1,3.5,4.5,5.2,4.6,4.6,4.9,4.3,3.6,3.1,4.24,3.6,4.3,4.2,5.2,6.7,4.53
959,Jorge Rodríguez Jiménez,Operaciones,Control de Calidad,2026-07-26,6.1,6.3,4.1,6.3,6.2,5.79,6.7,5.3,3.8,6.8,5.8,6.8,6.6,7.3,5.4,6.7,6.62,5.6,6.6,6.5,5.1,4.9,5.86
960,Raúl Gómez Romero,Operaciones,Control de Calidad,2025-11-17,3.1,6.1,3.5,4.9,2.4,4.1,2.3,3.6,5.5,4.5,3.82,2.1,4.6,4.8,2.1,4.8,3.67,5.1,2.3,4.4,4.6,5.4,4.19
961,José González Morales,Recursos Humanos,Reclutamiento,2026-02-25,8.2,9.0,7.8,8.2,6.6,8.08,6.8,8.2,6.8,6.6,7.1,10.0,9.2,9.4,8.6,9.7,9.42,7.4,8.9,7.8,9.0,10.0,8.43
962,José Ramírez Hernández,Operaciones,Control de Calidad,2026-06-20,9.0,8.4,10.0,9.6,9.1,9.15,7.7,5.9,4.9,8.3,6.84,8.4,7.6,7.9,6.1,5.3,7.29,6.9,7.5,8.2,7.1,6.5,7.31
963,Raúl Martínez López,Ventas,Ventas Nacionales,2026-07-24,7.8,6.9,7.2,6.9,9.0,7.5,7.9,5.5,8.1,7.9,7.34,7.3,8.0,8.6,6.3,7.2,7.57,8.3,6.3,8.6,9.3,8.2,8.05
964,Laura López Morales,Finanzas,Contabilidad,2026-08-10,9.7,8.7,7.6,10.0,9.0,8.97,7.3,7.4,6.6,5.5,6.74,8.7,7.2,8.4,7.1,7.6,7.86,10.0,8.0,8.8,8.0,8.0,8.66
965,Jorge Castillo Pérez,Operaciones,Producción,2026-06-05,7.2,6.0,5.7,8.1,8.0,6.86,6.7,5.7,6.2,6.9,6.4,7.3,7.1,7.0,9.3,4.9,7.13,7.7,7.0,5.3,6.1,8.6,6.82
966,Andrea Jiménez Reyes,Finanzas,Auditoría Interna,2025-12-08,10.0,10.0,10.0,8.9,10.0,9.84,9.9,9.1,9.9,9.2,9.52,9.3,9.5,10.0,10.0,10.0,9.7,7.5,8.6,7.7,8.4,8.3,8.08
967,Sergio González Rodríguez,Operaciones,Control de Calidad,2025-10-17,7.0,7.3,4.8,4.6,5.7,6.08,5.5,4.9,6.9,6.4,5.86,7.5,8.0,5.7,6.3,7.5,7.09,5.7,7.9,5.9,7.2,5.8,6.6
968,Sergio Gómez Reyes,Finanzas,Tesorería,2026-01-29,7.8,5.9,3.2,5.0,5.2,5.6,7.4,5.5,6.1,6.2,6.36,4.4,3.6,4.6,3.4,7.0,4.48,6.9,6.3,6.1,6.0,6.1,6.33
969,Roberto Gómez Reyes,Tecnología,Infraestructura,2025-09-09,3.0,3.9,1.5,2.9,3.5,2.99,6.3,4.4,2.6,5.3,4.84,5.0,5.0,2.9,5.2,5.5,4.69,4.5,1.1,4.7,2.7,3.6,3.24
970,Raúl López Sánchez,Recursos Humanos,Reclutamiento,2026-04-17,4.5,5.3,5.2,3.8,5.2,4.84,4.4,1.8,3.1,5.5,3.76,4.3,6.5,6.0,7.1,3.3,5.46,5.6,4.7,4.6,3.1,3.7,4.49
971,Ana Martínez Flores,Recursos Humanos,Nómina,2026-05-09,6.2,7.9,8.1,6.8,7.5,7.29,5.1,6.5,4.8,5.6,5.52,4.8,4.4,6.9,7.6,4.8,5.54,3.5,6.6,7.1,5.4,7.2,5.74
972,Carlos Cruz Cruz,Marketing,Investigación de Mercado,2025-12-29,5.6,3.9,5.7,5.5,6.0,5.24,5.4,6.4,5.0,5.1,5.5,6.8,6.7,4.6,6.5,7.7,6.42,5.5,5.9,9.2,6.0,7.8,6.67
973,Karla Castillo Ortiz,Recursos Humanos,Reclutamiento,2026-07-20,8.7,8.2,8.6,7.7,7.6,8.24,8.7,9.1,9.0,8.4,8.78,10.0,10.0,8.9,9.8,8.2,9.48,10.0,7.3,10.0,9.9,9.2,9.22
974,Jorge Sánchez Vázquez,Finanzas,Contabilidad,2025-10-10,6.1,4.7,6.2,5.0,4.1,5.31,2.8,7.6,4.3,6.5,5.22,5.9,5.2,4.9,4.4,6.2,5.34,6.7,7.1,7.5,4.8,5.2,6.43
975,Ana Rodríguez Cruz,Tecnología,Desarrollo,2025-11-27,6.9,6.1,5.3,6.7,6.8,6.34,6.5,4.6,4.2,4.6,5.09,5.4,5.5,5.9,5.6,4.8,5.46,5.9,7.0,6.7,6.0,6.6,6.43
976,Laura Reyes Sánchez,Finanzas,Contabilidad,2026-08-26,4.9,5.9,5.5,5.7,4.5,5.33,3.7,4.3,3.6,4.8,4.11,2.7,4.5,4.7,5.5,4.6,4.26,3.1,3.3,3.6,5.3,4.6,3.84
977,Laura Jiménez Hernández,Finanzas,Contabilidad,2026-07-01,7.2,7.1,7.2,8.3,7.0,7.31,6.5,8.8,6.6,8.4,7.57,5.8,5.0,6.7,6.6,4.8,5.75,6.6,8.0,6.3,8.9,8.1,7.5
978,Roberto Hernández Cruz,Tecnología,Infraestructura,2026-01-21,10.0,7.9,9.6,9.3,7.7,8.94,7.7,8.2,8.8,8.2,8.17,6.6,7.7,8.2,9.4,8.5,7.9,8.0,7.1,9.4,8.4,8.1,8.15
979,Sergio González Vázquez,Operaciones,Logística,2025-12-12,2.5,2.6,2.7,3.2,3.1,2.76,2.1,4.2,2.2,4.5,3.24,3.7,2.9,3.9,4.4,3.2,3.57,2.9,3.2,4.8,3.6,3.4,3.54
980,Francisco Castillo Hernández,Finanzas,Tesorería,2026-06-20,10.0,7.6,7.8,9.9,9.2,8.83,9.8,10.0,10.0,9.1,9.72,9.2,7.5,9.3,7.4,10.0,8.64,7.8,8.6,6.6,9.1,8.4,8.08
981,Francisco Castillo Vázquez,Marketing,Comunicación de Marca,2025-12-09,5.4,3.7,5.0,2.0,3.8,4.15,5.2,4.5,3.6,4.9,4.63,3.5,5.2,4.9,3.2,3.1,4.1,6.4,4.2,3.8,5.8,4.2,4.99
982,Laura Ortiz López,Tecnología,Desarrollo,2026-03-18,2.1,1.8,4.1,2.5,2.6,2.56,5.8,4.4,4.3,4.8,4.9,4.3,4.8,3.2,5.4,6.9,4.76,3.7,3.9,3.5,2.4,4.5,3.53
983,Alejandro Flores Rodríguez,Recursos Humanos,Nómina,2026-01-04,7.2,6.9,9.0,7.8,8.6,7.78,9.0,7.9,7.8,8.3,8.31,9.2,8.2,7.8,6.8,9.2,8.31,6.7,8.0,7.0,5.9,7.9,7.05
984,Diego García Rodríguez,Finanzas,Tesorería,2026-04-06,3.2,4.6,5.1,4.1,2.3,3.93,2.8,3.8,4.0,1.5,2.96,2.9,1.7,1.3,2.3,2.0,2.05,1.1,4.3,2.8,0.6,0.0,2.03
985,Raúl Cruz Pérez,Marketing,Marketing Digital,2026-03-26,5.7,4.2,6.2,4.5,4.4,5.05,6.9,6.1,7.6,6.8,6.82,6.5,5.7,6.6,5.7,5.4,6.04,6.0,3.0,7.0,5.6,6.6,5.43
986,Ximena Martínez Flores,Ventas,Atención a Clientes,2026-04-18,3.3,2.2,4.3,4.9,6.2,3.9,5.0,5.7,4.9,3.0,4.65,6.2,4.3,3.3,3.8,4.9,4.59,4.0,6.8,6.9,5.8,5.6,5.8
987,Diego Flores Castillo,Operaciones,Producción,2026-07-12,10.0,7.9,7.7,9.1,7.6,8.52,8.6,10.0,10.0,7.7,9.01,4.8,7.1,5.4,8.5,7.0,6.38,9.4,8.2,8.6,10.0,7.6,8.88
988,Fernanda Romero Martínez,Finanzas,Tesorería,2026-06-30,5.2,4.2,4.5,3.9,6.2,4.76,6.3,3.8,7.4,5.7,5.74,5.4,5.5,7.3,5.7,6.5,6.02,6.0,3.2,3.3,4.3,2.6,4.08
989,Francisco Morales González,Tecnología,Infraestructura,2026-07-08,5.1,6.0,2.6,4.6,3.8,4.56,3.9,5.1,3.1,6.3,4.64,4.1,4.4,2.1,5.9,3.3,3.92,4.2,4.1,5.1,3.2,2.9,4.03
990,Carlos Torres Reyes,Ventas,Atención a Clientes,2025-11-19,7.8,7.3,8.4,5.7,7.3,7.4,5.0,5.4,6.5,5.9,5.62,6.2,4.1,5.2,5.9,7.9,5.68,4.9,5.8,4.6,7.4,3.6,5.44
991,Karla Martínez Morales,Ventas,Atención a Clientes,2026-04-06,6.0,2.6,3.9,4.8,3.3,4.14,4.5,4.6,4.8,2.3,4.04,3.0,4.2,2.5,5.2,4.8,3.8,3.7,5.2,2.8,4.2,4.0,4.03
992,Ximena García Flores,Operaciones,Control de Calidad,2026-04-22,8.0,9.1,6.6,7.9,6.4,7.74,7.3,6.8,5.9,7.6,6.97,7.6,6.1,6.3,8.9,8.2,7.25,7.3,7.7,7.4,8.5,8.9,7.82
993,Paola Gómez Pérez,Operaciones,Logística,2025-10-30,1.4,1.4,2.7,0.4,0.8,1.42,2.3,1.0,0.0,1.7,1.36,1.9,2.1,4.3,1.4,2.4,2.43,1.6,0.6,1.4,0.5,1.5,1.08
994,Paola Torres Martínez,Ventas,Ventas Internacionales,2025-10-19,4.9,6.2,6.5,4.6,6.9,5.8,8.5,8.9,7.8,7.7,8.26,7.1,7.7,7.6,8.0,7.5,7.55,7.0,5.8,7.4,8.5,5.7,6.95
995,Sergio Ortiz Torres,Operaciones,Logística,2026-06-14,7.1,8.8,8.1,6.9,7.8,7.8,7.3,5.6,5.5,5.7,6.11,3.8,4.9,4.5,5.4,3.2,4.36,5.7,4.8,6.3,5.2,4.2,5.34
996,Roberto Torres Vázquez,Operaciones,Control de Calidad,2026-05-01,8.2,5.9,6.7,5.7,7.2,6.8,7.1,7.8,4.1,6.3,6.48,4.7,5.8,5.4,8.3,6.9,5.98,5.5,6.6,6.8,5.5,8.4,6.32
997,Camila Cruz Flores,Marketing,Comunicación de Marca,2026-04-10,6.3,7.2,5.2,4.5,5.2,5.87,9.1,6.9,7.7,7.9,7.97,8.1,9.6,8.1,8.6,8.2,8.56,8.1,8.1,7.7,5.0,7.2,7.31
998,Karla Hernández Gómez,Marketing,Investigación de Mercado,2025-11-05,9.1,6.2,7.1,6.8,7.6,7.4,5.3,5.4,5.7,5.9,5.56,6.1,4.7,7.2,5.3,6.0,5.84,4.4,4.7,6.0,6.0,6.9,5.37
999,Gabriela Reyes Sánchez,Tecnología,Soporte Técnico,2026-01-05,9.2,8.6,9.2,9.7,7.8,8.91,9.8,10.0,8.7,10.0,9.68,7.8,8.2,9.1,7.4,10.0,8.43,7.2,8.3,8.7,7.1,8.6,7.9
1000,Daniela Cruz Jiménez,Finanzas,Auditoría Interna,2026-02-21,5.9,5.7,6.2,6.9,5.8,6.05,6.7,6.3,7.6,6.8,6.81,6.1,5.6,8.9,7.0,7.3,6.85,8.2,6.8,7.1,7.3,5.1,7.14
1001,Gabriela Jiménez Castillo,Finanzas,Contabilidad,2026-06-14,7.6,6.3,8.5,5.5,6.0,6.9,6.0,8.0,6.9,8.0,7.18,6.6,6.6,5.8,5.6,5.5,6.12,6.4,7.1,8.5,5.7,4.9,6.7
1002,Raúl Torres Ramírez,Tecnología,Soporte Técnico,2026-04-20,4.4,5.6,7.1,5.9,5.6,5.64,5.4,5.4,5.4,5.9,5.52,5.3,4.4,2.0,5.3,4.6,4.31,5.6,4.8,4.5,3.7,4.4,4.68
1003,Alejandro Cruz Reyes,Ventas,Atención a Clientes,2026-08-28,4.6,3.3,6.1,6.2,5.1,4.89,5.6,6.4,6.3,6.2,6.09,4.7,3.7,5.6,6.5,5.7,5.05,3.5,2.3,3.4,4.6,3.2,3.37
1004,Sergio Ramírez Rodríguez,Finanzas,Contabilidad,2025-12-25,2.7,4.4,2.8,3.9,4.3,3.56,3.9,5.0,2.5,4.8,4.12,2.8,2.6,4.3,4.4,3.0,3.32,1.9,3.1,5.6,2.7,2.5,3.16
1005,José Torres Flores,Finanzas,Auditoría Interna,2025-10-07,3.5,3.6,2.1,3.9,2.0,3.08,2.8,4.9,2.3,2.4,3.12,3.5,0.7,2.0,1.8,2.8,2.14,2.6,3.7,3.8,1.4,2.2,2.84
1006,Ricardo Rodríguez González,Marketing,Marketing Digital,2025-11-24,8.1,6.5,9.4,7.6,7.6,7.81,8.2,7.2,5.0,5.4,6.61,7.5,5.1,5.2,7.4,5.5,6.12,8.4,5.9,8.3,10.0,9.4,8.18
1007,Alejandro Torres Sánchez,Operaciones,Control de Calidad,2026-05-18,8.6,8.0,4.9,6.8,6.4,7.11,9.7,10.0,10.0,7.9,9.38,7.1,7.8,7.9,8.6,7.6,7.74,10.0,8.0,9.1,8.6,10.0,9.04
1008,Ana Ramírez Hernández,Ventas,Ventas Internacionales,2026-03-15,7.2,8.9,7.2,6.6,7.8,7.63,6.5,5.9,7.8,4.7,6.16,7.3,8.4,6.7,6.2,6.2,7.12,6.0,5.7,6.9,6.9,5.3,6.22
1009,Jorge Reyes López,Recursos Humanos,Nómina,2025-09-23,4.4,4.8,5.7,6.2,5.9,5.26,5.0,5.1,5.1,5.5,5.17,4.6,5.4,5.5,4.7,4.8,5.02,6.7,4.6,6.5,3.9,5.0,5.4
1010,Francisco González Gómez,Recursos Humanos,Nómina,2026-04-05,10.0,7.7,8.0,9.3,7.4,8.53,7.9,8.9,8.8,8.7,8.53,8.9,7.1,8.5,7.9,7.9,8.07,7.8,6.6,7.9,8.2,8.3,7.65
1011,Francisco Pérez Morales,Ventas,Ventas Internacionales,2025-11-05,2.5,7.0,5.7,5.1,6.3,5.22,6.3,6.7,7.1,8.1,7.01,6.5,6.7,5.9,7.0,6.2,6.46,8.6,6.3,9.3,7.8,7.4,7.88
1012,Ana Martínez Romero,Recursos Humanos,Nómina,2026-02-09,6.9,7.3,7.3,7.6,6.8,7.17,4.9,6.0,7.8,6.8,6.23,4.1,4.3,4.0,7.4,6.5,4.98,4.8,5.9,5.4,3.6,5.7,5.04
1013,Sergio Hernández Pérez,Operaciones,Producción,2026-03-09,8.5,8.1,7.6,6.7,9.2,8.06,5.5,5.5,7.2,8.6,6.62,7.7,6.7,8.1,8.9,8.7,7.86,6.7,8.2,8.2,6.5,8.7,7.53
1014,Laura Ramírez Pérez,Tecnología,Soporte Técnico,2026-02-06,5.5,6.4,6.5,5.3,4.8,5.79,6.3,7.8,8.0,8.3,7.52,4.4,4.4,6.0,3.9,1.8,4.26,4.7,7.1,7.8,7.4,7.0,6.69
1015,Daniela Rodríguez Hernández,Marketing,Comunicación de Marca,2026-06-18,5.6,5.4,5.7,3.6,5.7,5.28,7.1,6.2,7.3,7.5,7.02,6.0,5.3,5.3,7.3,8.2,6.21,5.5,6.9,6.1,5.7,7.2,6.18
1016,Pedro Torres Vázquez,Recursos Humanos,Reclutamiento,2026-04-05,4.5,6.0,4.2,3.1,5.3,4.72,3.4,3.6,2.1,4.7,3.51,0.1,3.6,4.4,2.8,3.2,2.7,4.6,3.6,7.1,5.2,5.2,5.03
1017,Luis Torres Ortiz,Operaciones,Producción,2026-05-19,4.6,4.0,3.1,2.5,4.1,3.76,3.0,2.4,3.7,4.8,3.44,2.5,4.8,2.3,3.0,2.5,3.11,2.5,4.3,4.6,4.9,4.7,4.07
1018,Luis Vázquez Ramírez,Finanzas,Contabilidad,2025-12-05,4.8,6.0,5.4,4.8,7.8,5.67,6.4,7.6,5.5,9.1,7.2,4.1,7.3,7.6,6.1,5.4,6.09,7.1,6.9,5.5,7.6,3.1,6.43
1019,Sergio Flores Ortiz,Ventas,Ventas Internacionales,2026-01-27,6.3,9.1,10.0,8.6,8.5,8.41,10.0,8.9,8.0,8.7,9.0,6.7,5.9,8.8,6.9,7.6,7.08,4.9,7.7,9.9,7.6,8.4,7.49
1020,Luis Ramírez Pérez,Tecnología,Infraestructura,2026-04-15,8.9,6.2,8.1,8.8,10.0,8.22,9.7,8.3,9.3,10.0,9.34,5.3,7.9,6.1,9.7,7.2,7.06,8.9,9.7,7.8,8.3,9.1,8.78
1021,Carlos Sánchez Ramírez,Marketing,Marketing Digital,2025-11-11,2.5,4.9,5.3,3.0,6.4,4.32,2.0,2.5,4.0,2.0,2.53,2.4,4.2,4.2,3.3,3.2,3.47,2.5,2.2,1.6,2.3,1.7,2.12
1022,Ana Torres Morales,Finanzas,Tesorería,2026-03-26,6.4,6.7,5.3,7.0,5.4,6.2,6.4,6.4,6.7,7.0,6.61,9.0,8.8,10.0,7.7,8.0,8.8,9.5,8.9,7.8,7.6,9.1,8.59
1023,Mariana Torres López,Tecnología,Soporte Técnico,2025-09-25,10.0,9.9,8.4,7.1,10.0,9.22,10.0,8.7,9.0,10.0,9.48,9.8,10.0,8.6,8.3,8.6,9.2,9.1,9.9,8.6,8.6,6.9,8.88
1024,José Cruz Flores,Recursos Humanos,Nómina,2026-01-30,9.1,9.2,6.8,8.0,7.9,8.32,6.3,8.6,6.0,7.9,7.22,6.8,6.4,9.8,6.5,7.4,7.34,6.5,6.5,6.4,6.2,4.7,6.24
1025,Carlos Vázquez Morales,Ventas,Ventas Nacionales,2025-10-19,9.6,8.0,9.3,5.8,8.6,8.42,7.6,8.7,8.2,6.6,7.74,8.2,7.8,8.7,8.3,5.8,7.86,8.3,6.1,6.7,9.4,7.2,7.54
1026,Francisco López Ortiz,Recursos Humanos,Reclutamiento,2025-09-12,8.3,6.8,7.3,6.5,6.6,7.2,6.8,8.2,7.1,6.4,7.11,5.2,7.2,6.9,8.6,7.7,6.93,7.2,7.7,7.4,7.8,5.5,7.32
1027,Laura Cruz Cruz,Ventas,Ventas Nacionales,2026-05-11,7.0,6.8,8.4,6.8,5.9,7.04,7.9,9.1,9.3,7.1,8.28,8.0,6.6,6.9,6.3,6.0,6.88,9.0,8.3,7.3,6.1,9.1,7.92
1028,Sergio Pérez González,Operaciones,Producción,2026-06-04,8.5,5.7,7.0,7.8,6.2,7.05,8.2,6.9,6.9,6.5,7.19,8.7,5.7,5.6,8.0,7.2,7.0,8.3,9.3,8.2,7.0,8.8,8.32
1029,Daniela Ramírez Hernández,Marketing,Investigación de Mercado,2025-11-06,8.2,10.0,7.8,8.1,10.0,8.82,7.8,7.2,6.0,8.3,7.42,7.2,5.8,6.6,8.5,6.9,6.88,6.8,7.8,7.3,4.7,6.6,6.71
1030,Luis González Flores,Ventas,Atención a Clientes,2026-06-15,8.6,6.4,6.1,6.4,7.0,6.98,6.5,4.9,6.4,6.0,5.96,7.0,8.9,8.2,7.7,7.4,7.88,7.7,7.6,7.1,6.8,5.7,7.18
1031,Daniela Ramírez Torres,Tecnología,Soporte Técnico,2025-12-07,7.2,10.0,10.0,9.8,6.7,8.77,7.3,8.4,8.1,8.5,8.04,5.6,9.2,7.9,8.2,8.0,7.71,7.7,8.8,8.7,8.2,9.5,8.46
1032,Carlos Castillo Vázquez,Marketing,Marketing Digital,2026-07-05,8.0,6.9,6.1,9.5,6.2,7.3,10.0,7.8,8.7,7.8,8.64,6.4,5.2,6.8,5.7,6.0,6.02,7.3,7.5,7.1,10.0,5.6,7.68
1033,Luis Sánchez Hernández,Tecnología,Infraestructura,2025-10-25,1.3,2.7,2.1,2.7,0.5,1.9,3.0,3.5,4.1,1.2,2.89,4.8,2.1,5.3,4.8,4.2,4.14,4.2,4.2,3.9,4.5,3.9,4.17
1034,Sofía Ramírez López,Recursos Humanos,Reclutamiento,2025-12-30,6.3,6.6,4.5,5.5,6.9,5.98,5.7,5.6,4.7,3.6,4.95,5.4,5.0,6.2,4.7,6.0,5.44,4.8,4.7,5.1,3.3,5.7,4.62
1035,María Cruz Torres,Marketing,Investigación de Mercado,2026-03-01,5.0,5.6,7.5,6.7,6.9,6.19,5.4,7.8,6.5,7.2,6.67,6.1,5.9,6.4,6.6,6.3,6.22,7.2,9.6,7.2,6.5,6.3,7.57
1036,Miguel Gómez Ramírez,Recursos Humanos,Capacitación,2026-03-28,7.0,8.2,7.1,7.7,8.9,7.71,7.5,7.3,7.7,8.2,7.66,6.7,6.5,7.7,7.7,9.4,7.4,8.0,6.4,5.9,7.7,7.6,7.08
1037,Camila González Rodríguez,Marketing,Marketing Digital,2026-01-18,3.3,5.7,6.7,5.2,4.7,5.08,6.0,5.2,5.3,1.2,4.46,5.8,7.9,5.9,6.0,7.0,6.56,5.5,3.9,6.1,5.3,5.1,5.14
1038,Gabriela Martínez Castillo,Marketing,Investigación de Mercado,2026-04-19,6.3,5.8,6.1,7.5,7.1,6.44,4.3,7.6,5.6,6.0,5.81,6.1,8.5,7.4,8.3,6.6,7.36,7.6,7.3,5.8,7.6,6.9,7.1
1039,Jorge Flores Reyes,Tecnología,Soporte Técnico,2026-04-15,7.8,6.8,7.8,4.6,6.9,6.94,7.3,9.0,6.4,7.4,7.57,7.1,4.3,4.8,6.0,7.3,5.8,5.8,5.5,6.5,6.4,7.8,6.18
1040,Roberto García Gómez,Tecnología,Infraestructura,2026-06-25,7.1,5.7,5.0,4.3,4.8,5.56,3.3,4.0,4.5,4.2,3.94,5.6,6.4,5.3,4.2,4.5,5.36,3.8,4.6,1.8,3.8,3.0,3.52
1041,Karla Romero Flores,Tecnología,Desarrollo,2026-07-12,7.9,9.6,8.0,9.7,8.3,8.68,9.7,9.2,8.4,10.0,9.39,9.6,9.5,8.4,8.1,7.9,8.86,10.0,9.8,7.7,7.9,8.1,8.88
1042,Karla Cruz Gómez,Marketing,Comunicación de Marca,2025-10-17,8.0,8.8,7.2,7.5,5.8,7.64,7.5,5.8,5.4,5.4,6.13,5.5,6.2,5.4,5.5,5.7,5.68,7.6,3.9,7.9,6.2,5.9,6.28
1043,Mariana Castillo Rodríguez,Tecnología,Soporte Técnico,2025-12-08,2.9,1.9,2.8,3.1,1.9,2.51,1.9,3.0,2.3,2.9,2.5,4.0,4.1,4.4,6.6,5.6,4.74,3.1,2.4,4.3,3.7,2.6,3.24
1044,Sergio Ramírez Flores,Marketing,Comunicación de Marca,2026-03-30,5.6,4.2,5.4,3.1,4.5,4.67,1.7,6.2,3.0,3.7,3.58,4.7,6.2,5.0,6.4,7.7,5.84,5.6,4.2,6.5,5.5,7.2,5.57
1045,Gabriela Martínez Torres,Marketing,Marketing Digital,2025-11-08,7.2,6.6,6.2,7.8,7.4,6.97,6.7,7.4,8.7,6.2,7.15,9.4,9.7,8.3,9.5,8.2,9.09,9.5,8.4,7.0,8.0,8.6,8.33
1046,María Morales Flores,Finanzas,Contabilidad,2026-01-29,6.7,6.3,4.4,6.6,7.1,6.18,6.9,6.1,6.2,7.3,6.66,4.2,6.5,6.2,8.2,6.6,6.14,6.9,4.6,5.0,5.1,4.5,5.34
1047,Paola Flores Flores,Ventas,Atención a Clientes,2026-02-01,4.6,4.5,6.7,6.0,5.9,5.4,8.2,9.3,6.3,6.0,7.54,3.1,3.9,2.9,3.0,4.5,3.46,6.0,3.6,6.7,6.2,6.5,5.63
1048,Fernanda Flores Morales,Operaciones,Producción,2026-07-28,3.5,5.0,6.2,5.5,6.1,5.11,5.6,4.8,6.7,9.0,6.47,6.8,4.7,8.1,7.4,6.1,6.52,8.0,4.6,4.0,6.8,5.2,5.83
1049,Gabriela Morales Reyes,Operaciones,Logística,2026-02-23,8.1,6.9,5.4,8.1,8.0,7.24,9.6,8.9,8.7,7.3,8.67,6.8,7.7,7.6,6.8,7.4,7.28,9.1,8.2,6.9,6.9,7.8,7.86
1050,Mariana Romero López,Marketing,Comunicación de Marca,2026-07-30,5.8,6.7,7.2,6.6,7.6,6.7,4.5,7.5,5.7,6.6,6.02,8.1,8.4,8.5,7.3,7.2,8.0,9.8,10.0,7.6,9.0,5.7,8.84
1051,Valeria González Hernández,Recursos Humanos,Reclutamiento,2026-01-01,9.9,9.4,10.0,7.2,8.4,9.17,8.8,9.7,9.7,9.4,9.35,10.0,7.2,8.0,8.6,8.2,8.42,7.9,6.5,10.0,7.3,6.5,7.71
1052,Sergio Martínez Ortiz,Operaciones,Producción,2026-08-14,5.4,6.9,5.9,6.9,7.7,6.45,7.5,5.0,7.4,7.4,6.83,5.5,5.0,6.1,5.7,5.4,5.51,3.9,3.8,4.1,4.7,4.6,4.14
1053,Gabriela Romero Jiménez,Recursos Humanos,Nómina,2026-03-04,6.4,7.0,7.0,8.8,7.3,7.16,10.0,10.0,8.4,10.0,9.68,9.4,8.8,8.4,8.8,9.3,8.94,9.9,8.7,8.7,9.2,9.3,9.16
1054,Pedro López Gómez,Operaciones,Control de Calidad,2026-04-26,10.0,8.2,6.8,7.6,8.7,8.36,4.6,7.0,7.6,5.0,5.9,7.2,8.1,7.8,7.1,9.3,7.84,7.4,9.4,6.8,9.1,8.1,8.19
1055,Luis Sánchez López,Finanzas,Auditoría Interna,2026-07-22,5.6,2.9,5.0,4.4,5.0,4.54,5.0,5.4,6.4,7.4,5.98,4.3,2.9,5.8,4.6,6.0,4.55,4.8,8.8,7.7,5.5,5.2,6.56
1056,Fernanda Torres Pérez,Recursos Humanos,Capacitación,2026-03-19,8.3,8.0,7.3,7.6,9.9,8.16,10.0,8.9,10.0,10.0,9.72,9.6,9.1,10.0,8.7,9.1,9.34,10.0,10.0,10.0,6.5,10.0,9.3
1057,Mariana Reyes Reyes,Marketing,Marketing Digital,2026-06-26,8.6,9.2,8.3,8.0,6.8,8.33,7.6,6.1,9.3,5.4,7.02,9.2,9.4,7.1,7.6,7.3,8.3,10.0,9.4,8.1,10.0,8.3,9.3
1058,Raúl Cruz Sánchez,Finanzas,Contabilidad,2026-06-10,9.8,8.3,8.9,7.6,8.8,8.76,10.0,9.9,8.1,9.1,9.37,9.2,8.4,9.0,6.6,9.1,8.56,9.3,10.0,10.0,10.0,10.0,9.82
1059,Ximena Morales Reyes,Finanzas,Auditoría Interna,2025-10-18,9.2,6.7,7.5,9.3,9.0,8.22,8.0,7.0,6.9,6.8,7.23,3.8,6.1,5.9,6.4,7.5,5.74,10.0,10.0,10.0,6.3,7.5,9.01
1060,Miguel González Hernández,Tecnología,Soporte Técnico,2026-05-03,5.8,8.7,6.4,6.7,6.3,6.86,3.9,5.2,6.8,6.8,5.53,4.3,6.4,6.1,5.5,7.6,5.86,4.8,5.0,5.2,6.2,7.3,5.46
1061,Carlos Hernández Torres,Ventas,Ventas Nacionales,2026-04-13,8.0,6.2,9.1,7.8,8.3,7.78,6.5,5.4,5.6,6.4,6.02,8.3,6.5,7.3,6.2,3.5,6.62,7.1,6.6,7.8,6.7,6.3,6.95
1062,José Reyes Castillo,Tecnología,Infraestructura,2026-09-05,1.4,3.4,1.0,0.9,0.0,1.54,3.4,3.4,1.2,4.0,3.11,4.0,2.3,3.7,4.7,4.7,3.72,4.8,1.1,3.5,5.1,4.7,3.67
1063,Gabriela Cruz Martínez,Recursos Humanos,Nómina,2026-05-21,5.1,9.3,5.3,6.7,4.9,6.4,4.8,6.5,5.9,7.4,6.1,6.1,6.9,6.9,5.9,8.0,6.72,6.0,6.9,4.6,7.5,5.7,6.22
1064,Mariana García Jiménez,Operaciones,Logística,2026-05-02,6.8,6.6,6.5,7.5,6.6,6.76,5.9,7.7,6.7,6.4,6.64,5.7,6.4,6.9,5.8,5.0,6.02,6.2,7.2,5.8,6.4,3.5,6.14
1065,Roberto Hernández Torres,Ventas,Atención a Clientes,2025-12-19,4.8,8.1,6.7,4.9,9.4,6.71,5.9,7.5,6.9,6.9,6.75,5.0,4.7,7.8,6.7,4.8,5.71,6.2,7.3,6.0,6.2,7.0,6.52
1066,Luis González Ortiz,Tecnología,Soporte Técnico,2026-07-26,10.0,7.7,10.0,8.8,9.7,9.2,10.0,8.4,8.8,10.0,9.36,7.7,10.0,8.0,8.0,7.0,8.28,9.0,7.1,6.5,5.3,8.5,7.24
1067,Ximena Pérez Castillo,Recursos Humanos,Capacitación,2025-10-03,5.0,3.4,6.3,5.1,5.5,4.95,4.0,2.6,6.0,4.4,4.15,3.8,4.8,5.4,3.4,4.6,4.43,5.8,2.6,4.4,4.6,2.5,4.15
1068,Camila Vázquez López,Marketing,Comunicación de Marca,2026-07-23,6.0,5.7,7.5,6.0,7.8,6.49,5.4,7.6,6.8,6.9,6.6,7.6,8.0,7.4,8.9,7.4,7.82,6.8,8.9,7.5,5.8,8.2,7.4
1069,Miguel Jiménez Romero,Operaciones,Logística,2026-01-12,5.2,6.3,8.1,6.3,4.2,6.07,4.6,6.5,3.8,7.6,5.66,4.6,4.7,5.3,4.2,6.1,4.93,6.2,5.8,9.1,4.9,6.4,6.44
1070,Sergio Cruz González,Ventas,Ventas Nacionales,2026-09-06,4.8,5.0,3.1,4.3,1.7,3.97,4.7,4.1,2.3,4.0,3.89,4.3,3.4,3.3,2.2,4.4,3.58,4.0,4.1,4.4,7.7,5.9,5.04
1071,Raúl Pérez Sánchez,Recursos Humanos,Nómina,2025-11-12,4.4,2.9,3.3,3.9,5.0,3.82,4.2,2.5,3.8,3.7,3.57,4.0,4.6,4.0,5.3,3.4,4.26,4.2,2.0,2.3,2.9,3.9,2.98
1072,Ximena Morales Pérez,Finanzas,Tesorería,2025-12-27,4.4,4.2,5.0,6.1,6.3,5.01,4.7,6.2,6.6,8.2,6.33,5.7,7.0,6.6,4.2,6.1,6.04,3.9,5.7,4.7,5.7,4.4,4.92
1073,María Cruz Romero,Recursos Humanos,Reclutamiento,2025-11-06,4.8,5.1,7.5,5.1,4.8,5.46,5.8,5.1,6.0,4.1,5.24,4.2,4.0,6.8,5.7,4.2,4.9,5.7,7.1,6.3,6.1,4.6,6.14
1074,Ricardo Jiménez Pérez,Operaciones,Control de Calidad,2025-10-03,7.3,6.9,7.8,8.4,7.6,7.51,8.2,7.1,7.5,6.4,7.33,6.1,5.2,6.7,5.4,4.5,5.65,6.5,6.4,8.4,6.8,8.1,7.08
1075,Gabriela Vázquez Reyes,Ventas,Ventas Nacionales,2025-11-07,6.1,6.2,5.0,5.6,8.4,6.18,9.1,7.7,5.9,6.0,7.34,5.3,6.0,6.2,5.1,5.1,5.6,6.2,7.2,6.7,2.6,6.6,5.87
1076,Gabriela Morales Ramírez,Operaciones,Control de Calidad,2026-01-24,6.9,5.6,7.2,6.7,6.6,6.56,7.1,4.4,7.6,8.1,6.78,5.6,7.1,9.1,6.0,7.8,7.06,6.6,5.6,7.1,8.2,6.9,6.8
1077,Francisco Ortiz Ortiz,Finanzas,Contabilidad,2025-11-05,2.5,3.5,3.6,2.4,3.4,3.09,3.8,4.9,1.5,2.8,3.36,3.3,4.3,5.1,1.0,3.1,3.53,3.6,2.7,2.3,2.7,3.8,2.96
1078,Laura Jiménez García,Ventas,Ventas Internacionales,2026-08-03,2.9,3.7,5.3,4.4,6.7,4.38,5.9,4.9,6.2,5.3,5.56,4.8,5.3,4.8,6.5,3.5,4.99,4.0,5.2,4.4,5.5,6.0,4.88
1079,Alejandro Morales Ramírez,Marketing,Investigación de Mercado,2026-01-15,5.6,5.1,4.3,4.5,3.7,4.76,3.7,4.6,4.1,4.6,4.23,6.2,5.2,5.2,6.1,4.7,5.51,2.1,4.1,5.5,4.1,6.2,4.09
1080,Ximena Gómez García,Finanzas,Auditoría Interna,2025-09-11,4.8,1.1,3.5,3.2,3.7,3.21,1.1,3.0,1.1,3.0,2.05,3.1,2.1,1.2,1.2,0.3,1.76,3.7,1.9,3.2,2.0,4.8,2.92
1081,Laura González Gómez,Tecnología,Soporte Técnico,2026-04-23,3.1,3.6,2.7,3.0,1.7,2.92,4.8,2.9,5.1,2.9,3.91,4.4,3.0,1.8,4.4,2.6,3.26,1.3,2.0,1.0,1.8,4.3,1.82
1082,Diego Torres Ortiz,Marketing,Comunicación de Marca,2025-09-16,8.3,8.7,7.7,8.6,10.0,8.58,6.7,7.7,5.1,7.5,6.83,7.7,7.2,6.3,6.8,8.8,7.33,9.1,8.6,7.5,8.0,10.0,8.52
1083,Gabriela Martínez López,Ventas,Ventas Nacionales,2026-03-07,5.7,5.6,6.2,6.0,6.2,5.9,5.9,6.3,7.8,5.8,6.36,5.1,6.4,5.9,9.5,4.5,6.15,5.8,6.4,6.7,6.3,6.5,6.3
1084,Fernanda Sánchez Torres,Operaciones,Producción,2026-03-21,9.0,9.7,9.7,10.0,8.8,9.44,7.5,6.4,9.2,8.0,7.69,10.0,10.0,10.0,9.6,8.7,9.74,10.0,10.0,9.5,10.0,8.8,9.78
1085,Luis Ramírez González,Tecnología,Infraestructura,2026-05-21,9.1,8.8,9.0,6.4,6.2,8.16,8.7,9.2,7.0,7.9,8.28,8.4,7.1,6.2,6.5,5.7,6.94,6.8,5.2,6.9,7.1,9.8,6.78
1086,Laura Hernández Hernández,Finanzas,Contabilidad,2026-07-30,6.6,4.9,6.5,7.1,6.1,6.16,5.1,5.2,6.2,4.5,5.2,4.1,7.4,5.5,6.7,6.4,5.94,5.1,6.0,6.3,6.5,6.3,5.96
1087,Andrea Cruz Cruz,Finanzas,Auditoría Interna,2025-10-23,3.4,5.9,6.5,4.1,6.0,5.14,7.3,7.6,4.6,3.8,5.96,6.0,7.0,6.0,4.5,6.3,6.07,7.2,4.6,6.6,5.7,6.0,6.01
1088,Paola Torres Gómez,Operaciones,Control de Calidad,2025-12-18,3.9,1.2,1.3,0.0,3.9,2.12,3.3,3.6,2.9,2.2,3.02,3.7,4.2,1.2,1.4,4.8,3.14,3.7,4.1,3.4,3.5,2.4,3.57
1089,Diego Reyes Torres,Operaciones,Control de Calidad,2026-04-14,6.9,5.9,7.3,8.0,4.6,6.55,6.0,4.2,4.8,6.3,5.38,6.0,6.3,6.6,5.7,4.5,5.92,5.7,4.1,5.9,4.9,5.4,5.15
1090,Valeria López Romero,Finanzas,Contabilidad,2025-09-22,7.3,6.3,5.8,5.6,5.7,6.25,5.6,6.7,6.1,6.7,6.25,4.2,4.6,2.9,5.7,5.6,4.48,4.5,5.5,4.4,4.9,4.8,4.84
1091,Luis Cruz Jiménez,Recursos Humanos,Nómina,2026-07-02,2.2,5.2,6.2,4.7,4.7,4.5,4.9,6.2,4.9,4.9,5.22,4.8,3.9,4.7,2.6,6.1,4.42,3.9,6.5,5.2,3.5,4.1,4.75
1092,Fernanda González Castillo,Marketing,Comunicación de Marca,2025-11-27,7.5,8.5,7.8,5.5,6.7,7.39,8.6,10.0,7.9,10.0,9.16,7.0,7.4,5.1,5.8,7.1,6.56,8.2,5.6,7.7,7.9,7.7,7.34
1093,Juan González Romero,Recursos Humanos,Reclutamiento,2026-03-26,3.5,3.4,2.7,2.0,2.0,2.86,2.8,3.5,3.2,2.9,3.08,2.3,3.4,2.3,5.2,1.6,2.9,3.8,5.6,4.9,3.1,4.4,4.39
1094,Francisco Martínez Vázquez,Recursos Humanos,Capacitación,2026-01-23,4.8,5.6,5.2,4.6,3.4,4.84,3.7,3.0,3.9,3.8,3.59,5.5,4.7,4.6,4.7,4.5,4.85,4.0,5.9,5.3,5.9,5.7,5.28
1095,Ximena Martínez Cruz,Marketing,Marketing Digital,2026-08-25,9.5,8.9,6.9,9.6,9.8,8.89,10.0,9.6,10.0,8.5,9.52,6.1,7.3,7.7,5.2,8.9,7.0,8.0,7.3,6.9,6.1,6.9,7.12
1096,Paola López González,Finanzas,Tesorería,2026-01-28,7.3,7.1,5.7,5.0,5.8,6.36,4.5,5.3,7.7,6.6,5.86,5.2,5.0,4.8,5.0,5.0,5.01,8.2,2.9,5.4,4.7,4.7,5.26
1097,Luis Hernández Cruz,Marketing,Marketing Digital,2026-01-03,4.2,4.6,4.9,3.6,4.1,4.34,6.1,3.9,6.4,5.3,5.41,8.8,5.2,9.2,7.1,7.4,7.52,4.6,7.1,5.0,2.6,6.0,5.04
1098,Ricardo González Pérez,Tecnología,Soporte Técnico,2025-09-16,5.0,3.3,5.8,4.1,4.0,4.45,2.6,3.4,2.2,2.0,2.57,3.7,2.3,3.8,3.0,4.0,3.31,3.6,4.1,4.6,3.4,4.5,3.98
1099,Laura Vázquez González,Operaciones,Producción,2026-05-04,5.5,5.4,5.3,5.6,3.8,5.2,5.9,6.4,5.7,5.7,5.94,7.8,6.0,4.4,7.1,4.7,6.1,6.1,7.4,8.3,6.2,8.7,7.14
1100,Camila Rodríguez Ortiz,Recursos Humanos,Capacitación,2026-08-12,9.2,9.0,6.4,9.3,9.8,8.7,9.2,7.6,7.8,7.2,8.02,9.3,10.0,8.0,9.2,8.6,9.1,7.4,8.5,7.7,9.8,8.5,8.33
1101,Karla Pérez Reyes,Finanzas,Auditoría Interna,2026-08-16,6.4,7.0,5.1,6.3,5.7,6.17,6.1,3.9,4.9,6.1,5.31,6.8,7.7,8.1,7.7,5.8,7.27,7.5,8.6,6.6,7.9,6.1,7.54
1102,Sofía López Pérez,Operaciones,Control de Calidad,2026-07-15,3.6,4.9,4.0,3.9,4.3,4.15,4.6,4.6,6.8,4.6,5.04,4.1,2.5,4.6,4.6,4.5,3.93,6.7,3.6,2.8,5.9,3.1,4.62
1103,Sofía López García,Operaciones,Logística,2026-05-21,4.8,5.6,7.2,7.5,5.8,6.04,7.1,4.8,6.8,2.9,5.42,4.6,3.3,6.4,5.2,4.9,4.77,6.9,7.5,5.4,7.0,5.3,6.61
1104,Raúl Rodríguez Cruz,Recursos Humanos,Reclutamiento,2025-11-08,5.5,5.1,5.6,5.2,5.2,5.33,4.6,4.3,3.7,7.0,4.94,5.1,5.3,5.6,4.9,5.5,5.28,6.6,8.3,5.7,6.5,5.3,6.7
1105,Raúl González Cruz,Finanzas,Contabilidad,2026-06-28,6.5,6.9,4.5,6.6,5.9,6.12,4.0,4.5,5.3,4.8,4.58,4.4,5.6,5.2,6.2,4.6,5.16,5.5,4.2,5.1,4.8,5.8,4.98
1106,Mariana Reyes Ramírez,Finanzas,Auditoría Interna,2026-07-17,6.9,7.4,7.0,6.7,6.0,6.88,5.9,7.3,7.2,6.2,6.58,8.7,8.4,7.9,8.1,9.4,8.48,8.4,6.1,7.5,6.1,4.7,6.82
1107,Sofía García Martínez,Recursos Humanos,Reclutamiento,2026-08-27,2.1,1.4,1.7,0.0,0.0,1.22,2.5,4.0,1.4,3.9,3.0,2.4,1.2,1.3,1.1,3.5,1.85,4.1,3.4,4.1,2.2,3.1,3.44
1108,Luis Vázquez Reyes,Recursos Humanos,Reclutamiento,2026-04-21,7.4,8.2,6.7,7.9,9.2,7.81,8.2,7.8,7.2,6.1,7.38,6.6,7.3,9.0,9.7,8.9,8.06,8.8,7.8,4.8,8.1,7.2,7.45
1109,Ricardo Vázquez Hernández,Recursos Humanos,Reclutamiento,2026-01-30,9.5,10.0,10.0,9.0,8.9,9.56,9.1,9.1,10.0,9.2,9.3,9.3,7.4,8.4,7.4,10.0,8.46,7.6,9.8,9.0,8.7,7.7,8.66
1110,Laura Ramírez Castillo,Finanzas,Auditoría Interna,2026-05-28,7.7,8.1,7.7,7.2,8.4,7.83,6.5,8.6,5.0,6.3,6.68,10.0,6.0,10.0,8.0,8.7,8.51,10.0,10.0,10.0,10.0,9.0,9.9
1111,Karla Gómez González,Ventas,Ventas Internacionales,2026-03-11,7.9,7.7,7.2,7.1,8.9,7.74,6.9,7.9,6.7,8.0,7.38,9.5,7.3,7.8,6.4,6.9,7.76,9.2,8.4,8.7,6.9,7.5,8.27
1112,Mariana Martínez González,Tecnología,Infraestructura,2026-06-11,4.0,6.3,5.2,6.0,5.4,5.33,7.4,6.1,7.5,5.6,6.64,4.3,5.2,6.1,6.1,5.0,5.26,7.8,6.8,6.2,8.0,6.6,7.15
1113,Diego Martínez Gómez,Ventas,Ventas Nacionales,2025-11-19,8.2,7.7,7.8,6.4,8.4,7.76,8.5,8.1,7.3,7.8,7.98,10.0,8.3,8.7,8.7,9.5,9.04,10.0,7.0,7.8,7.5,7.9,8.1
1114,Pedro Rodríguez Sánchez,Tecnología,Soporte Técnico,2026-08-29,10.0,10.0,9.5,8.6,6.1,9.1,9.4,8.0,8.4,6.2,8.05,5.1,6.5,9.2,7.6,7.1,6.94,6.5,6.3,4.2,6.9,8.8,6.3
1115,Juan Reyes Rodríguez,Operaciones,Producción,2026-06-26,0.3,1.5,0.0,1.7,0.0,0.7,2.5,4.2,4.5,2.4,3.3,1.0,1.8,2.8,1.9,2.1,1.86,3.1,2.6,2.8,3.0,0.5,2.64
1116,Gabriela Reyes López,Marketing,Marketing Digital,2026-02-13,8.1,8.0,9.1,9.0,7.9,8.38,6.5,8.4,5.6,8.4,7.27,4.7,6.4,6.6,8.5,7.6,6.51,5.7,6.5,5.0,5.3,8.2,5.93
1117,Ana Vázquez Hernández,Finanzas,Auditoría Interna,2025-11-04,4.9,6.6,4.7,3.8,4.7,5.09,6.0,3.0,6.1,5.8,5.22,3.3,4.3,3.4,3.0,3.5,3.56,5.6,4.6,3.6,3.8,2.2,4.25
1118,Raúl López Torres,Recursos Humanos,Nómina,2026-04-14,9.8,7.2,8.8,10.0,10.0,9.01,8.7,7.8,9.3,9.6,8.82,5.6,4.6,9.0,7.1,6.3,6.36,6.2,5.1,8.5,6.6,8.0,6.64
1119,Ximena Cruz Martínez,Tecnología,Desarrollo,2026-08-13,8.1,9.4,9.2,9.6,10.0,9.15,9.5,9.4,9.2,8.2,9.09,5.3,6.7,10.0,7.7,6.5,7.13,6.8,9.2,9.4,10.0,7.2,8.6
1120,Pedro Hernández Rodríguez,Finanzas,Auditoría Interna,2026-02-18,9.6,8.3,8.1,9.0,7.3,8.54,7.4,9.5,10.0,9.6,9.0,6.7,6.5,10.0,7.9,8.6,7.78,7.0,9.0,7.1,7.4,8.6,7.76
1121,Ximena Torres García,Ventas,Ventas Internacionales,2026-06-01,4.8,5.4,3.6,6.8,6.8,5.31,7.7,8.9,8.6,8.8,8.46,7.2,6.4,8.8,9.4,6.5,7.54,7.1,5.4,8.0,9.4,8.9,7.49
1122,Sergio Hernández Torres,Tecnología,Soporte Técnico,2026-05-19,5.9,6.1,6.5,9.6,6.2,6.67,6.4,6.4,6.4,7.8,6.75,5.9,7.4,5.2,6.8,4.7,6.09,5.6,8.3,7.9,6.6,6.0,6.98
1123,Karla Pérez Cruz,Ventas,Atención a Clientes,2025-10-06,4.4,3.0,1.3,3.1,4.3,3.22,2.7,4.6,3.7,4.9,3.92,4.5,2.8,3.4,4.6,5.3,3.99,3.2,5.2,2.8,2.2,3.6,3.46
1124,Ana Romero González,Marketing,Investigación de Mercado,2025-09-29,3.7,3.0,1.5,2.2,2.5,2.68,4.6,3.1,2.1,1.7,3.0,3.6,2.5,2.4,2.2,2.9,2.77,4.1,4.4,3.7,3.5,2.4,3.81
1125,Miguel Rodríguez Jiménez,Marketing,Marketing Digital,2026-06-05,5.8,7.1,5.1,7.3,9.8,6.81,4.7,4.0,5.1,5.7,4.86,5.4,4.6,2.9,4.6,7.1,4.84,4.2,5.4,6.1,5.8,6.9,5.47
1126,Diego Rodríguez Morales,Tecnología,Infraestructura,2026-02-04,8.1,9.6,10.0,7.1,8.0,8.69,6.4,5.7,8.9,7.7,7.05,9.0,9.9,7.8,7.8,9.4,8.86,8.9,7.2,7.7,6.4,6.5,7.5
1127,Pedro Ramírez Ortiz,Tecnología,Infraestructura,2026-02-22,6.2,4.3,5.4,5.4,6.8,5.54,6.7,8.2,8.0,4.7,6.84,7.9,7.3,9.2,5.8,8.9,7.84,7.7,6.7,6.9,6.8,6.4,6.98
1128,Sergio Romero Castillo,Recursos Humanos,Reclutamiento,2025-09-22,4.2,5.8,5.9,7.4,6.2,5.72,3.7,6.5,6.3,6.1,5.52,6.7,4.4,3.7,5.1,5.7,5.14,6.9,5.5,8.0,5.6,5.6,6.38
1129,Sergio González Vázquez,Operaciones,Control de Calidad,2025-09-27,6.1,5.1,6.5,5.9,5.0,5.74,4.6,6.4,4.7,6.8,5.62,6.5,4.6,5.4,5.5,5.1,5.44,5.6,4.9,7.1,6.7,6.3,6.02
1130,Francisco Pérez Jiménez,Finanzas,Tesorería,2026-05-03,6.6,5.6,6.6,4.7,4.6,5.76,5.2,7.9,6.7,5.2,6.18,5.3,7.6,5.3,5.6,7.1,6.19,7.2,6.3,6.1,7.4,5.1,6.58
1131,Sofía Rodríguez Vázquez,Operaciones,Logística,2026-08-29,2.8,3.2,2.9,6.7,5.6,3.92,4.9,3.5,1.8,1.8,3.16,3.3,5.4,4.1,5.3,3.9,4.38,2.5,3.8,3.4,3.4,3.6,3.3
1132,Laura Sánchez Vázquez,Ventas,Ventas Internacionales,2026-09-07,8.7,7.8,8.4,7.2,8.0,8.08,9.5,8.7,10.0,8.4,9.12,9.3,9.3,10.0,10.0,9.7,9.6,8.8,9.4,9.3,9.7,8.3,9.18
1133,Ricardo Romero García,Ventas,Atención a Clientes,2026-09-06,5.4,3.6,5.5,6.0,4.6,4.94,3.7,3.6,4.8,4.3,4.04,4.8,5.6,7.1,5.5,4.2,5.48,4.6,5.0,7.6,7.3,6.6,6.04
1134,Francisco Ortiz Castillo,Ventas,Ventas Nacionales,2025-11-26,4.7,4.7,6.8,3.6,4.3,4.89,3.3,4.6,3.0,5.2,4.04,2.7,2.3,2.9,3.6,3.2,2.85,5.8,4.0,5.5,4.6,6.1,5.08
1135,Luis Romero Ramírez,Operaciones,Control de Calidad,2025-12-11,4.2,4.6,6.2,7.7,5.9,5.48,9.9,5.3,8.8,10.0,8.56,6.0,7.6,7.5,6.1,6.7,6.82,7.4,8.1,8.0,6.1,5.7,7.26
1136,Daniela Ramírez Reyes,Operaciones,Control de Calidad,2025-11-10,7.9,7.8,8.1,6.7,6.6,7.54,7.3,7.2,9.5,8.4,7.99,8.8,10.0,9.5,8.2,9.6,9.27,10.0,8.1,8.3,9.0,6.0,8.59
1137,Roberto Flores Martínez,Finanzas,Auditoría Interna,2026-07-19,7.2,7.5,10.0,8.2,9.5,8.33,9.4,8.8,8.4,7.5,8.57,5.6,7.0,5.8,6.8,6.0,6.23,8.7,7.7,8.5,9.0,6.1,8.21
1138,Ximena González Martínez,Ventas,Ventas Nacionales,2026-08-17,3.6,3.6,3.1,0.8,3.0,2.99,2.7,2.7,4.9,2.1,2.99,2.8,3.3,4.4,1.9,4.4,3.35,4.9,3.8,5.7,4.7,5.5,4.8
1139,Alejandro Cruz Reyes,Marketing,Marketing Digital,2026-07-07,1.7,2.8,4.1,5.1,2.9,3.14,1.5,2.5,3.7,3.7,2.74,2.3,1.3,3.4,2.9,1.3,2.21,4.0,3.8,4.8,3.6,5.5,4.18
1140,Pedro Martínez Pérez,Finanzas,Auditoría Interna,2026-01-22,7.1,8.5,9.0,7.8,9.1,8.24,7.2,7.6,8.2,8.6,7.85,8.9,7.3,7.7,8.3,7.0,7.88,6.9,7.2,8.8,8.0,6.9,7.58
1141,Diego Vázquez Reyes,Ventas,Ventas Internacionales,2026-09-04,6.2,6.0,6.8,6.8,5.3,6.22,7.6,4.7,4.1,7.2,6.08,5.9,7.2,5.2,6.5,7.6,6.43,9.2,7.6,7.8,6.4,7.7,7.81
1142,Jorge Reyes Romero,Operaciones,Producción,2026-01-09,7.0,6.6,6.0,7.0,6.4,6.61,4.6,4.0,6.4,5.7,5.08,5.9,6.9,4.3,7.9,6.0,6.15,4.5,5.6,4.8,4.1,5.4,4.84
1143,Paola Gómez Vázquez,Marketing,Investigación de Mercado,2025-10-18,3.3,2.9,2.0,2.6,3.2,2.82,3.9,4.0,3.2,5.0,4.06,3.6,3.3,4.3,3.5,3.5,3.64,2.0,1.4,3.6,3.3,2.5,2.48
1144,Miguel González Vázquez,Tecnología,Soporte Técnico,2026-07-16,8.4,10.0,8.8,7.0,10.0,8.91,9.1,7.5,7.4,7.9,8.06,9.0,7.2,10.0,10.0,10.0,9.05,9.0,7.9,7.4,6.0,9.5,7.86
1145,Laura Sánchez González,Finanzas,Tesorería,2025-12-12,8.0,6.1,8.8,7.5,7.5,7.54,6.3,7.3,6.5,6.1,6.54,10.0,10.0,10.0,10.0,10.0,10.0,7.7,8.0,9.6,7.1,9.2,8.18
1146,Alejandro Pérez Jiménez,Marketing,Investigación de Mercado,2026-02-18,3.4,2.3,3.9,2.7,2.7,3.02,2.6,1.4,2.3,0.0,1.59,1.5,2.9,1.2,4.1,3.6,2.5,3.1,1.5,4.6,4.8,2.1,3.24
1147,Raúl Ortiz Castillo,Operaciones,Producción,2025-09-28,4.0,3.8,4.2,3.0,0.4,3.3,4.0,3.0,1.7,2.5,2.92,4.2,4.7,2.8,2.2,3.5,3.64,4.4,4.3,5.0,3.2,2.0,4.01
1148,María Flores González,Operaciones,Producción,2026-06-11,3.6,4.3,3.4,5.8,2.7,3.93,3.7,4.8,5.9,4.0,4.49,4.2,1.9,2.9,3.0,3.1,3.02,0.0,4.9,2.1,3.6,2.8,2.64
1149,Camila Torres Sánchez,Recursos Humanos,Capacitación,2026-06-17,4.6,6.7,5.8,5.9,3.4,5.38,3.8,4.7,4.8,3.7,4.2,5.5,6.4,7.2,6.1,6.1,6.24,6.0,5.7,4.0,4.9,7.2,5.42
1150,Andrea Reyes Flores,Finanzas,Auditoría Interna,2026-09-01,1.2,2.6,3.3,3.6,1.2,2.33,3.3,3.1,2.5,3.9,3.24,5.2,4.5,4.7,5.7,3.9,4.8,1.1,3.0,4.2,6.2,3.9,3.5
1151,Paola Martínez Flores,Ventas,Ventas Internacionales,2025-12-24,4.4,4.6,6.0,5.7,6.5,5.28,5.6,4.4,5.2,4.7,5.0,3.6,5.0,6.7,5.5,4.6,5.01,6.2,5.9,6.6,8.3,6.5,6.66
1152,Daniela Ortiz Gómez,Operaciones,Control de Calidad,2025-10-26,3.2,1.6,2.5,1.4,6.5,2.88,2.1,5.2,2.7,1.4,2.82,4.2,4.2,1.6,4.2,2.2,3.38,2.3,0.2,0.3,0.7,0.9,0.92
1153,Gabriela García Ortiz,Recursos Humanos,Capacitación,2026-09-01,6.9,5.7,4.4,5.7,6.2,5.82,8.0,8.5,9.0,6.4,7.93,4.5,4.6,3.3,5.0,6.1,4.6,6.2,7.3,6.5,2.8,4.5,5.68
1154,Fernanda Cruz Castillo,Ventas,Atención a Clientes,2026-03-12,3.2,5.0,4.0,3.3,4.5,4.02,3.6,6.1,5.3,2.9,4.39,3.8,5.6,5.1,3.1,5.3,4.63,4.3,3.6,7.0,4.5,4.1,4.69
1155,Pedro Martínez Ramírez,Recursos Humanos,Capacitación,2025-12-17,6.8,6.3,6.4,6.5,5.7,6.38,4.1,6.5,6.4,4.5,5.26,7.0,8.4,5.8,8.1,4.1,6.84,6.6,7.1,8.1,9.1,5.2,7.38
1156,Francisco Rodríguez Pérez,Marketing,Investigación de Mercado,2025-11-26,8.5,8.3,9.9,8.1,7.5,8.52,6.9,6.5,6.8,6.3,6.63,4.9,5.1,6.6,4.9,6.9,5.59,7.1,7.5,7.9,8.1,9.2,7.77
1157,Diego Gómez González,Tecnología,Desarrollo,2025-10-03,8.5,8.1,9.0,5.8,9.9,8.3,6.9,6.5,6.5,6.4,6.6,6.0,5.6,5.2,5.8,6.4,5.77,4.6,7.5,4.6,4.5,7.3,5.57
1158,Francisco Torres Gómez,Finanzas,Contabilidad,2025-12-18,10.0,9.6,9.7,10.0,8.7,9.64,9.3,7.8,9.9,8.3,8.8,7.6,8.3,8.6,8.5,10.0,8.47,7.1,8.9,7.5,8.5,9.2,8.12
1159,Miguel González Rodríguez,Tecnología,Infraestructura,2025-10-07,5.5,7.5,10.0,7.8,5.8,7.29,8.7,7.8,8.0,9.8,8.61,8.7,7.9,8.4,7.8,7.9,8.18,7.0,9.0,7.0,7.6,7.4,7.66
1160,Diego Cruz Vázquez,Finanzas,Contabilidad,2025-09-10,9.9,7.6,9.0,8.4,9.0,8.78,9.3,9.5,7.9,9.6,9.14,7.6,9.9,8.7,8.8,7.4,8.54,9.5,9.0,8.0,7.6,8.7,8.61
1161,Sergio González Vázquez,Tecnología,Desarrollo,2025-10-04,3.5,4.3,4.4,2.0,2.7,3.54,2.1,1.6,1.8,0.7,1.57,2.6,3.0,2.5,1.9,2.6,2.58,6.1,5.0,3.4,1.2,6.4,4.34
1162,Carlos Cruz García,Marketing,Comunicación de Marca,2026-04-01,4.8,6.5,5.3,4.9,6.0,5.52,4.7,3.9,5.4,6.0,4.96,6.7,5.9,7.3,8.8,7.2,7.01,5.3,3.1,4.0,4.3,5.7,4.33
1163,Daniela Romero Cruz,Recursos Humanos,Nómina,2026-04-12,3.1,2.5,2.4,2.7,5.4,3.1,4.1,3.4,3.6,6.0,4.3,1.9,2.8,5.1,3.4,3.4,3.22,4.7,3.3,3.4,5.1,4.9,4.19
1164,Valeria López Reyes,Tecnología,Soporte Técnico,2026-04-04,4.9,4.4,4.4,3.5,5.3,4.53,5.0,4.4,5.0,5.6,5.0,5.3,4.0,4.4,4.8,4.9,4.66,2.7,2.4,3.1,5.2,3.0,3.24
1165,Jorge Torres Castillo,Marketing,Investigación de Mercado,2025-09-25,3.9,5.2,6.1,4.6,4.7,4.89,5.4,4.7,5.4,4.7,5.05,7.7,5.9,7.5,5.7,6.9,6.79,4.4,4.7,6.8,5.1,6.0,5.26
1166,Diego López Flores,Ventas,Ventas Internacionales,2026-05-28,0.4,0.2,1.2,1.0,2.2,0.87,3.6,2.8,4.1,5.1,3.88,1.5,1.3,1.2,0.0,4.0,1.54,2.0,2.5,4.1,3.5,3.7,3.02
1167,Ana Cruz Martínez,Tecnología,Infraestructura,2025-12-07,4.4,5.6,4.6,6.0,8.1,5.54,4.4,4.7,2.7,3.6,3.94,5.8,5.0,7.4,5.1,7.0,6.0,5.0,5.5,5.0,4.8,5.3,5.12
1168,Karla Sánchez González,Tecnología,Soporte Técnico,2026-01-22,7.0,7.8,8.2,7.8,10.0,8.01,7.6,6.3,5.4,8.8,7.14,7.2,7.9,8.8,6.3,8.0,7.68,6.7,9.3,8.0,6.9,8.1,7.79
1169,María Gómez Ortiz,Recursos Humanos,Reclutamiento,2026-08-16,7.2,4.4,5.3,5.8,5.4,5.64,6.9,5.9,4.6,6.2,6.02,4.6,4.2,4.6,3.5,3.3,4.14,5.1,4.6,5.3,5.3,4.1,4.96
1170,Sergio Martínez Sánchez,Ventas,Ventas Internacionales,2026-03-14,8.4,10.0,9.6,8.4,9.3,9.17,8.6,7.1,8.1,8.8,8.18,10.0,8.8,8.7,9.0,8.5,9.06,7.4,9.5,8.2,8.2,10.0,8.5
1171,Ximena Morales López,Tecnología,Desarrollo,2026-06-28,10.0,8.8,10.0,9.6,10.0,9.64,8.1,6.2,6.2,5.5,6.6,7.0,5.6,8.4,8.7,8.9,7.47,9.3,8.1,7.7,8.4,7.6,8.33
1172,Ana Pérez Romero,Recursos Humanos,Nómina,2025-12-16,3.3,3.4,2.8,1.9,3.6,3.06,3.8,2.6,1.8,3.5,3.02,2.4,3.0,5.5,4.9,4.1,3.8,4.7,4.5,4.8,2.4,4.2,4.16
1173,Luis Castillo Jiménez,Finanzas,Contabilidad,2026-03-28,6.0,4.1,5.9,6.3,5.2,5.43,5.7,5.8,6.4,6.8,6.14,7.3,4.5,7.4,8.6,3.9,6.31,5.9,6.4,5.1,6.8,7.5,6.21
1174,Camila Ortiz Sánchez,Finanzas,Tesorería,2026-04-30,1.8,4.7,4.1,1.7,2.5,3.08,5.0,5.3,4.0,4.4,4.72,2.1,3.0,4.0,3.0,0.8,2.65,0.7,3.3,3.1,4.4,2.1,2.71
1175,Mariana Hernández Pérez,Marketing,Marketing Digital,2026-08-15,8.3,10.0,8.6,8.6,8.6,8.88,8.1,8.0,9.0,8.0,8.23,7.5,6.9,8.1,8.3,5.5,7.29,6.8,6.2,6.0,4.4,7.0,6.03
1176,Laura López Martínez,Marketing,Comunicación de Marca,2026-07-22,7.7,6.0,6.7,6.3,6.4,6.67,6.9,6.5,6.8,7.9,7.03,8.1,8.7,10.0,6.7,8.9,8.54,8.2,6.4,6.0,7.2,9.8,7.27
1177,Laura López Ramírez,Tecnología,Soporte Técnico,2025-12-03,4.0,4.5,4.3,4.6,5.7,4.53,3.9,5.0,4.4,3.9,4.27,4.2,5.9,6.6,5.0,5.7,5.45,4.1,3.5,6.3,7.2,6.9,5.29
1178,José Martínez Romero,Operaciones,Logística,2025-10-28,6.0,8.0,6.9,7.5,8.0,7.2,8.0,6.3,7.6,5.7,6.92,5.6,8.1,5.4,7.4,6.2,6.54,5.3,7.5,8.2,4.8,4.5,6.25
1179,Juan Martínez García,Marketing,Comunicación de Marca,2026-05-24,7.0,6.1,7.0,7.2,6.1,6.67,7.7,5.8,6.1,7.8,6.93,7.5,5.8,4.6,7.6,5.5,6.21,8.7,9.0,7.1,6.1,7.5,7.82
1180,Ana Rodríguez Ortiz,Ventas,Ventas Internacionales,2025-11-09,10.0,10.0,7.9,10.0,9.4,9.49,9.0,9.5,8.7,8.6,8.96,9.3,8.4,10.0,10.0,8.1,9.14,7.8,8.1,9.7,9.9,10.0,8.9
1181,Francisco Morales Martínez,Ventas,Ventas Internacionales,2026-02-18,5.6,5.3,6.6,6.8,6.0,5.96,9.6,10.0,9.9,9.3,9.68,8.4,7.7,9.0,7.0,7.1,7.94,6.9,7.6,7.1,7.8,8.8,7.48
1182,Gabriela García Reyes,Operaciones,Logística,2026-05-02,9.0,7.8,7.9,9.7,9.2,8.62,9.3,8.1,10.0,6.1,8.34,8.9,8.3,9.6,6.9,9.8,8.73,7.4,7.3,9.2,8.3,9.0,8.07
1183,Fernanda Gómez Sánchez,Recursos Humanos,Reclutamiento,2026-03-27,6.8,6.5,7.1,5.4,6.2,6.48,7.7,6.8,5.1,5.2,6.33,6.0,4.7,5.5,3.3,6.3,5.22,5.3,6.0,6.1,4.6,7.8,5.74
1184,Karla Cruz Rodríguez,Ventas,Atención a Clientes,2025-12-30,1.5,1.5,1.4,1.7,0.6,1.38,2.5,4.1,2.0,3.5,3.05,1.5,1.7,1.1,1.9,3.0,1.76,0.4,0.7,0.2,1.6,1.2,0.76
1185,Raúl Torres Cruz,Ventas,Ventas Internacionales,2025-10-11,1.6,2.0,1.8,2.5,5.6,2.48,2.3,2.2,3.0,3.1,2.62,1.3,0.9,0.0,3.5,3.1,1.54,0.9,0.3,0.9,2.3,4.2,1.36
1186,Ricardo Torres Sánchez,Marketing,Investigación de Mercado,2026-03-12,4.7,2.5,3.7,5.1,2.3,3.65,2.8,2.4,4.1,2.5,2.88,3.0,2.2,1.7,2.0,3.9,2.53,1.1,1.3,2.4,2.8,1.5,1.79
1187,Luis Flores Martínez,Finanzas,Auditoría Interna,2026-05-04,4.1,7.6,7.8,6.3,5.3,6.22,6.9,8.5,7.4,7.3,7.5,6.6,6.6,5.5,6.4,6.0,6.26,4.3,8.1,7.6,6.4,7.4,6.64
1188,Luis Cruz Vázquez,Finanzas,Tesorería,2025-12-04,8.8,7.3,9.9,9.6,9.8,8.92,6.2,10.0,9.5,10.0,8.76,8.7,6.8,9.8,6.9,7.9,8.06,8.3,9.1,5.4,7.8,7.4,7.73
1189,Gabriela Pérez Cruz,Operaciones,Producción,2026-02-28,9.7,9.6,8.5,8.2,8.6,9.04,8.5,8.8,8.1,7.3,8.2,4.9,6.7,6.2,6.4,4.8,5.82,6.7,9.0,6.9,6.4,8.9,7.48
1190,Luis Vázquez González,Ventas,Atención a Clientes,2026-04-18,2.1,4.2,6.2,5.3,4.2,4.24,4.7,3.6,4.7,1.8,3.7,2.5,3.5,2.2,2.9,2.0,2.68,2.2,4.6,5.0,3.3,3.9,3.75
1191,Sergio Ortiz Jiménez,Ventas,Ventas Nacionales,2026-03-24,6.4,6.4,6.9,4.6,4.7,5.98,8.6,8.0,8.3,5.3,7.56,8.0,7.8,6.1,3.9,7.8,6.92,6.6,5.6,6.4,4.8,4.6,5.75
1192,Daniela Romero Jiménez,Finanzas,Tesorería,2026-02-24,3.4,3.6,0.8,2.4,3.3,2.76,3.9,2.4,2.2,1.6,2.61,4.4,2.6,1.4,2.2,2.6,2.75,3.4,2.8,2.0,2.9,1.5,2.68
1193,Roberto Gómez Gómez,Operaciones,Control de Calidad,2026-07-18,7.0,7.5,9.2,8.4,9.0,8.07,9.3,10.0,10.0,10.0,9.79,8.0,7.0,6.5,8.0,9.0,7.6,9.9,9.2,9.9,9.7,7.0,9.4
1194,Juan Gómez Vázquez,Ventas,Ventas Nacionales,2026-08-17,8.6,7.4,7.6,8.4,7.2,7.86,7.2,7.7,8.0,8.2,7.74,8.5,9.0,9.9,8.4,10.0,9.12,5.3,7.2,8.8,8.2,6.1,7.14
1195,Laura Sánchez Vázquez,Finanzas,Contabilidad,2026-01-08,8.0,6.4,5.5,6.0,8.0,6.8,5.5,4.2,4.7,5.6,5.04,6.7,8.7,8.3,5.7,6.3,7.31,6.5,8.2,5.7,6.4,7.4,6.84
1196,Carlos Flores Jiménez,Tecnología,Soporte Técnico,2026-07-06,4.5,5.4,5.5,4.4,6.4,5.2,4.1,4.7,4.8,4.9,4.59,8.5,6.7,7.4,6.3,5.8,7.1,5.6,6.1,4.7,5.2,5.6,5.46
1197,Roberto Castillo López,Operaciones,Logística,2026-02-25,5.8,5.2,7.4,4.3,8.1,6.09,5.2,5.9,5.0,6.6,5.68,5.6,6.2,7.1,5.8,6.2,6.17,4.1,4.2,6.0,5.4,5.4,4.9
1198,Miguel Romero Morales,Operaciones,Logística,2025-11-26,6.0,6.5,7.6,6.8,5.9,6.55,6.7,8.3,9.2,7.8,7.88,7.9,7.9,6.3,8.5,7.2,7.56,7.9,7.7,6.6,7.3,7.7,7.45
1199,Carlos Pérez Sánchez,Marketing,Marketing Digital,2026-06-21,5.3,3.5,2.8,5.3,5.1,4.32,3.1,4.3,2.6,4.1,3.55,2.1,2.7,4.0,2.9,2.1,2.75,4.0,4.6,0.5,2.9,2.0,3.03
1200,Andrea Pérez Reyes,Finanzas,Auditoría Interna,2026-04-21,6.2,6.6,7.4,4.5,6.5,6.33,6.2,6.0,4.5,5.4,5.61,7.9,6.2,6.2,6.4,6.1,6.64,6.5,7.1,5.3,6.0,6.1,6.27
1201,Ricardo Reyes Hernández,Recursos Humanos,Reclutamiento,2025-09-15,5.1,6.2,7.3,5.2,5.7,5.92,5.9,5.8,5.3,4.2,5.33,4.6,3.7,5.3,5.6,5.1,4.74,3.9,5.8,4.4,3.1,7.3,4.65
1202,Karla Castillo López,Marketing,Comunicación de Marca,2026-08-26,6.4,7.7,9.1,6.7,7.5,7.48,3.6,6.1,4.9,6.5,5.21,4.7,6.4,5.7,6.0,5.1,5.58,5.7,5.1,6.7,5.6,6.1,5.77
1203,Daniela Jiménez Reyes,Recursos Humanos,Capacitación,2025-12-06,5.5,4.8,1.7,6.8,6.4,4.89,3.1,6.1,4.7,3.6,4.3,6.4,4.7,6.4,4.9,5.3,5.59,3.4,7.3,6.3,7.3,6.2,6.02
1204,Roberto Morales Jiménez,Marketing,Comunicación de Marca,2026-07-08,8.8,8.8,10.0,7.4,8.2,8.74,9.0,7.8,8.5,8.4,8.45,8.2,10.0,10.0,8.2,9.2,9.16,10.0,10.0,7.2,8.3,9.4,9.04
1205,Karla Martínez Vázquez,Operaciones,Logística,2025-10-12,6.4,7.0,7.4,6.9,4.2,6.5,6.9,6.5,6.2,5.7,6.36,6.5,6.9,6.2,7.8,5.1,6.52,5.4,5.7,5.6,7.1,6.4,5.96
1206,Ricardo Martínez Cruz,Recursos Humanos,Nómina,2026-04-10,6.0,5.6,3.8,5.9,5.7,5.4,4.6,5.3,4.2,5.7,4.97,5.8,6.6,6.2,7.1,4.8,6.12,3.3,3.0,5.3,4.9,2.6,3.88
1207,Ricardo Martínez Romero,Ventas,Ventas Internacionales,2026-09-05,9.8,9.2,9.0,9.0,9.9,9.38,10.0,9.7,8.2,10.0,9.56,8.0,10.0,9.6,10.0,10.0,9.42,10.0,8.8,7.6,8.8,10.0,8.98
1208,Carlos Sánchez Cruz,Recursos Humanos,Nómina,2025-12-19,6.1,8.1,8.4,7.9,7.5,7.54,6.7,4.5,7.4,4.7,5.79,4.6,2.9,6.6,6.7,4.2,4.83,7.3,6.0,6.8,6.5,4.0,6.39
1209,Mariana Torres Vázquez,Marketing,Comunicación de Marca,2026-07-16,3.9,5.9,5.4,6.2,5.9,5.34,6.9,8.4,6.2,6.6,7.06,8.0,4.3,7.0,4.7,6.4,6.14,5.4,4.4,4.2,4.2,3.4,4.47
1210,Carlos Ortiz Ortiz,Recursos Humanos,Capacitación,2026-04-28,5.0,2.1,3.1,2.3,4.3,3.38,3.7,2.6,3.0,1.2,2.66,2.8,2.7,0.7,2.4,3.4,2.38,3.8,2.3,3.0,4.3,3.5,3.34
1211,Ricardo Rodríguez García,Operaciones,Control de Calidad,2026-03-08,10.0,7.2,8.4,9.6,7.5,8.54,8.2,8.1,8.3,8.9,8.37,7.8,10.0,9.1,8.7,10.0,9.07,7.0,7.1,5.3,6.7,7.5,6.68
1212,Gabriela Romero Flores,Ventas,Ventas Nacionales,2025-12-10,5.0,7.7,7.5,5.9,7.9,6.74,4.2,4.4,6.1,4.9,4.8,6.5,5.9,4.0,6.0,6.7,5.81,6.9,5.1,5.5,6.1,7.6,6.08
1213,Andrea Flores Martínez,Recursos Humanos,Capacitación,2026-04-08,4.0,2.1,2.7,0.8,2.5,2.56,5.3,4.6,4.6,3.9,4.64,1.1,1.6,1.4,2.2,2.3,1.63,5.0,4.5,4.1,5.0,2.1,4.4
1214,Karla Torres Castillo,Marketing,Investigación de Mercado,2025-10-29,4.7,4.7,3.6,3.8,5.2,4.42,5.0,3.3,4.5,4.1,4.25,3.7,4.4,3.6,3.9,3.5,3.86,4.3,1.0,3.1,3.8,4.0,3.1
1215,Raúl Flores Romero,Finanzas,Auditoría Interna,2026-03-16,6.7,10.0,9.1,8.6,9.5,8.71,9.8,8.0,9.1,8.3,8.84,9.6,10.0,9.0,9.5,8.5,9.4,7.9,10.0,10.0,9.9,9.3,9.38
1216,Diego Reyes Reyes,Finanzas,Auditoría Interna,2026-05-06,5.9,6.8,5.6,4.7,6.4,5.96,8.2,6.4,6.8,9.8,7.87,5.7,4.9,5.5,4.8,5.6,5.31,7.6,7.0,8.3,6.1,7.4,7.27
1217,Ximena Torres López,Marketing,Comunicación de Marca,2026-05-07,5.7,5.3,4.8,4.1,5.6,5.16,8.5,6.3,4.4,4.1,6.03,5.2,5.4,6.7,5.2,4.5,5.44,5.1,5.6,4.3,5.8,3.7,5.06
1218,Juan Cruz Rodríguez,Tecnología,Infraestructura,2025-11-19,7.3,5.4,4.5,4.7,4.5,5.46,4.4,6.7,6.3,5.8,5.7,7.7,7.5,5.3,6.0,5.7,6.62,5.3,3.5,5.1,6.0,5.7,4.99
1219,Roberto Flores Rodríguez,Operaciones,Control de Calidad,2026-01-08,10.0,9.5,7.4,7.7,7.2,8.59,7.3,7.3,8.9,6.0,7.3,5.4,4.3,4.5,5.7,7.1,5.24,6.7,6.8,7.6,6.7,6.4,6.88
1220,Camila Sánchez Flores,Tecnología,Infraestructura,2026-07-23,4.2,5.3,4.5,6.7,4.2,4.91,5.2,5.3,5.5,5.7,5.41,4.5,5.4,4.9,5.9,8.1,5.56,7.5,5.7,4.6,5.7,8.5,6.21
1221,Andrea Flores Romero,Tecnología,Soporte Técnico,2025-12-08,3.0,5.1,2.7,4.6,4.4,3.92,5.5,4.3,3.9,2.7,4.18,5.5,4.5,3.8,5.4,6.4,5.03,6.4,5.7,5.3,5.6,6.5,5.86
1222,Raúl Rodríguez Flores,Marketing,Marketing Digital,2026-04-09,7.7,6.0,7.1,7.7,6.2,6.93,6.2,4.9,6.0,5.7,5.71,7.1,6.0,4.8,4.3,4.9,5.61,6.7,7.1,8.0,8.4,5.5,7.28
1223,Alejandro Hernández Cruz,Tecnología,Infraestructura,2026-05-03,8.4,7.0,8.7,8.0,6.0,7.69,8.6,6.6,8.4,6.5,7.54,9.3,7.2,6.7,8.2,8.1,7.91,7.1,6.9,7.1,8.2,9.4,7.5
1224,Carlos López Martínez,Marketing,Marketing Digital,2026-08-03,10.0,9.8,8.0,10.0,8.3,9.3,9.1,8.3,8.5,10.0,9.0,7.6,9.9,10.0,10.0,10.0,9.38,7.9,8.8,7.6,5.5,9.2,7.72
1225,Alejandro García Reyes,Finanzas,Contabilidad,2025-09-08,4.5,4.9,5.0,4.7,5.8,4.92,6.5,6.8,4.8,4.8,5.81,5.6,7.5,6.7,6.0,6.2,6.44,6.8,3.7,5.9,7.5,6.5,5.96
1226,Ricardo Ramírez Vázquez,Finanzas,Auditoría Interna,2026-08-19,4.7,1.1,3.7,3.9,3.6,3.32,5.2,6.2,4.6,2.9,4.76,3.2,4.5,2.5,4.1,4.9,3.77,3.8,4.1,2.9,4.4,3.8,3.81
1227,Andrea Torres Torres,Ventas,Ventas Nacionales,2025-09-09,6.4,6.9,6.2,5.5,6.2,6.32,8.3,6.7,8.4,6.8,7.55,7.9,9.3,8.6,8.9,7.4,8.46,9.4,8.4,9.4,7.4,7.6,8.57
1228,María González Morales,Recursos Humanos,Reclutamiento,2026-08-15,8.9,8.5,9.2,9.1,5.5,8.38,9.1,9.0,8.9,9.1,9.04,5.1,6.6,7.5,6.6,6.2,6.34,8.6,10.0,9.3,9.5,9.3,9.34
1229,Ximena Hernández López,Finanzas,Tesorería,2026-03-07,5.9,7.1,5.0,7.2,7.2,6.41,7.8,6.8,6.6,7.3,7.18,6.6,6.8,5.5,5.3,6.5,6.22,8.2,7.4,6.8,7.1,7.7,7.45
1230,Raúl Romero Hernández,Ventas,Ventas Internacionales,2026-07-31,10.0,10.0,9.0,10.0,9.6,9.74,9.1,8.4,9.0,8.3,8.7,10.0,7.8,10.0,9.5,7.6,9.02,7.9,5.9,8.2,8.6,8.5,7.66
1231,Fernanda Reyes Hernández,Recursos Humanos,Reclutamiento,2026-03-12,3.6,3.2,2.3,3.0,3.5,3.14,4.6,3.0,3.3,4.2,3.84,2.4,4.2,4.5,3.5,3.2,3.56,3.2,1.6,2.8,1.2,1.8,2.18
1232,Daniela Ramírez Reyes,Finanzas,Tesorería,2025-11-06,9.9,10.0,10.0,8.6,10.0,9.76,9.8,10.0,9.3,7.3,9.12,9.2,10.0,8.9,9.6,10.0,9.52,10.0,9.4,9.4,8.4,10.0,9.41
1233,Miguel Cruz Pérez,Marketing,Marketing Digital,2026-02-04,3.1,3.1,2.7,2.9,3.5,3.05,2.6,0.0,2.1,2.1,1.72,4.8,3.0,3.9,4.8,5.5,4.28,5.4,2.8,2.9,4.3,3.6,3.85
1234,Gabriela Hernández González,Tecnología,Desarrollo,2026-02-21,4.9,5.4,7.2,4.3,5.3,5.46,4.8,4.6,6.1,5.8,5.26,6.9,5.6,4.6,4.8,4.0,5.36,7.8,6.0,5.4,5.9,6.8,6.39
1235,Carlos Castillo Castillo,Recursos Humanos,Reclutamiento,2026-07-26,7.6,8.7,9.3,9.9,9.0,8.77,10.0,10.0,10.0,10.0,10.0,9.9,9.0,9.3,9.8,7.7,9.21,10.0,9.4,10.0,8.6,10.0,9.57
1236,Diego Hernández Vázquez,Operaciones,Control de Calidad,2025-09-27,6.1,4.4,5.3,3.5,4.9,4.94,5.4,4.8,3.0,3.6,4.32,2.5,3.6,0.6,2.4,2.4,2.36,3.3,3.4,4.9,5.0,3.5,4.0
1237,Paola Ortiz Ramírez,Marketing,Investigación de Mercado,2026-04-23,10.0,8.1,8.5,8.4,9.9,8.97,6.5,10.0,8.7,8.8,8.39,8.4,9.0,9.0,7.2,4.4,7.89,7.0,9.7,6.5,7.5,8.7,7.84
1238,Ximena Ortiz González,Operaciones,Control de Calidad,2026-02-23,4.8,7.2,4.0,7.4,6.6,5.9,5.1,4.8,4.8,4.9,4.91,5.8,6.3,4.5,7.1,8.0,6.19,6.3,6.0,5.4,6.4,4.8,5.92
1239,Francisco Pérez Sánchez,Operaciones,Logística,2025-10-15,5.0,1.6,4.2,5.1,3.3,3.75,3.6,4.2,4.3,5.8,4.44,3.7,5.8,3.8,5.0,5.3,4.68,4.9,6.6,3.5,3.4,5.2,4.78
1240,Sofía Jiménez Pérez,Recursos Humanos,Nómina,2026-01-21,9.1,7.5,6.1,8.0,7.1,7.64,7.6,5.7,8.3,8.6,7.52,7.8,6.0,9.5,7.0,6.0,7.3,7.6,6.2,7.4,8.2,5.9,7.16
1241,Karla Morales Vázquez,Operaciones,Control de Calidad,2025-12-13,6.6,5.6,3.0,4.7,3.4,4.86,7.6,6.9,8.3,5.2,6.96,6.4,4.9,5.5,5.9,4.4,5.47,4.6,4.0,6.5,5.6,5.8,5.15
1242,Ximena García Romero,Operaciones,Producción,2026-07-02,8.7,9.4,10.0,7.8,8.5,8.97,7.6,8.2,8.3,8.5,8.12,8.8,8.6,9.2,8.5,8.8,8.78,10.0,10.0,8.8,9.5,10.0,9.66
1243,Ana Rodríguez Sánchez,Finanzas,Auditoría Interna,2026-03-24,6.9,5.7,7.1,8.2,6.8,6.82,8.9,7.9,10.0,8.3,8.72,8.2,6.2,7.6,6.8,7.5,7.26,6.8,5.4,6.8,5.9,7.4,6.33
1244,Karla Torres Gómez,Tecnología,Soporte Técnico,2026-02-22,3.0,3.0,4.1,6.5,5.7,4.15,3.9,4.2,5.5,3.7,4.24,4.1,4.7,4.9,3.1,6.7,4.65,2.5,4.4,2.3,3.5,2.3,3.12
1245,Fernanda Castillo Sánchez,Finanzas,Tesorería,2026-07-05,5.5,5.3,5.1,3.3,4.5,4.89,8.9,8.6,8.3,5.6,7.88,5.6,5.3,5.2,4.8,5.1,5.25,6.6,6.2,6.1,5.2,5.9,6.05
1246,Laura Ramírez Rodríguez,Recursos Humanos,Nómina,2026-04-20,6.1,6.2,4.8,4.2,5.5,5.49,5.7,7.6,4.6,5.7,5.95,6.3,5.8,6.6,5.9,6.4,6.19,7.0,6.7,5.8,6.8,7.6,6.7
1247,Roberto Ortiz González,Finanzas,Tesorería,2025-11-08,5.8,4.7,6.0,3.4,4.0,4.93,4.6,5.7,6.3,5.6,5.46,5.7,5.0,5.4,3.7,4.9,5.04,4.5,6.4,4.1,2.8,5.7,4.68
1248,Miguel Castillo Cruz,Marketing,Investigación de Mercado,2025-10-03,5.0,5.1,4.7,4.7,3.6,4.71,5.1,4.7,5.7,5.5,5.22,1.6,2.9,0.8,0.3,2.5,1.7,3.0,3.0,2.9,4.5,2.8,3.26
1249,Carlos Romero Cruz,Finanzas,Auditoría Interna,2025-11-11,6.5,5.6,5.9,7.3,5.2,6.08,5.0,6.7,5.9,4.7,5.53,7.8,5.7,4.5,3.9,7.8,6.03,6.5,5.2,5.9,6.1,5.4,5.86
1250,Ximena Castillo Castillo,Finanzas,Tesorería,2025-10-02,8.8,10.0,10.0,9.5,10.0,9.62,9.9,9.2,7.4,9.2,9.05,9.6,9.3,8.7,10.0,10.0,9.46,9.6,9.9,10.0,10.0,10.0,9.88
1251,Alejandro Vázquez Romero,Ventas,Ventas Nacionales,2025-09-08,5.3,6.3,5.0,4.6,4.6,5.28,6.3,5.7,2.0,4.0,4.72,3.9,3.5,4.5,6.0,4.7,4.35,3.8,5.0,5.3,6.4,3.9,4.93
1252,Sofía García Sánchez,Operaciones,Control de Calidad,2026-06-27,7.9,8.3,8.8,6.5,6.0,7.68,7.0,6.4,6.7,6.4,6.64,6.9,4.9,7.5,7.2,5.4,6.34,7.2,7.3,9.6,6.8,6.2,7.52
1253,Karla Rodríguez Martínez,Operaciones,Control de Calidad,2025-10-30,6.0,6.7,6.8,4.4,6.1,6.11,4.9,7.2,5.8,4.7,5.6,6.6,7.5,7.0,6.5,7.8,7.07,4.9,6.7,4.8,5.3,4.0,5.32
1254,Andrea Hernández Rodríguez,Operaciones,Logística,2026-01-24,1.8,0.8,1.3,4.3,1.6,1.8,3.1,3.5,1.9,2.4,2.78,4.9,2.4,3.3,4.5,3.3,3.66,1.7,2.7,3.2,2.6,3.0,2.56
1255,Alejandro Reyes Cruz,Recursos Humanos,Nómina,2025-10-29,4.9,3.7,3.4,4.9,4.6,4.26,4.2,2.6,3.7,3.0,3.4,3.5,2.7,2.3,1.2,2.7,2.6,4.1,3.4,4.9,1.1,2.9,3.36
1256,Fernanda Jiménez Torres,Recursos Humanos,Reclutamiento,2026-01-18,5.8,5.0,3.9,5.4,3.1,4.76,3.7,4.0,2.3,4.3,3.65,5.0,4.3,4.7,4.7,4.2,4.6,2.8,3.0,4.4,3.4,3.0,3.31
1257,Sergio Sánchez Cruz,Marketing,Marketing Digital,2026-07-24,5.4,7.1,4.7,4.6,5.0,5.51,5.2,4.0,2.6,4.2,4.13,8.8,8.5,5.0,6.4,5.4,7.1,6.5,6.8,6.0,4.7,6.9,6.16
1258,Daniela Rodríguez López,Tecnología,Infraestructura,2026-02-14,4.8,4.4,5.7,4.1,1.3,4.25,3.0,4.8,6.0,2.4,3.9,4.8,1.2,4.3,3.9,4.8,3.66,3.4,3.5,3.9,4.6,5.3,3.96
1259,Ricardo Hernández Rodríguez,Finanzas,Tesorería,2025-12-04,7.0,4.9,4.5,6.0,6.0,5.68,7.4,6.7,8.4,7.5,7.45,6.2,6.4,8.2,5.1,6.5,6.53,7.1,7.7,8.5,6.2,7.3,7.37
1260,Mariana Romero Cruz,Operaciones,Producción,2026-07-24,10.0,10.0,8.5,8.9,7.6,9.18,9.6,9.2,8.5,7.5,8.75,9.1,8.7,8.4,9.5,8.0,8.75,8.0,7.6,6.9,9.0,8.0,7.88
1261,José González López,Finanzas,Tesorería,2026-03-07,3.7,3.7,3.2,5.3,2.4,3.64,6.2,3.6,2.8,5.2,4.62,5.2,2.9,3.6,4.0,4.7,4.05,4.6,4.3,3.3,2.7,5.7,4.0
1262,Gabriela Romero Morales,Tecnología,Desarrollo,2026-01-12,8.8,9.0,10.0,7.5,9.1,8.94,7.3,9.1,6.8,9.4,8.18,10.0,8.6,7.6,7.9,9.0,8.7,7.5,10.0,7.6,9.6,9.0,8.72
1263,Luis García Romero,Finanzas,Auditoría Interna,2026-03-22,10.0,8.5,9.9,8.7,8.8,9.23,7.9,8.6,7.2,7.9,7.94,9.6,6.9,10.0,7.1,7.2,8.27,9.6,10.0,8.8,8.8,9.6,9.38
1264,Miguel López Hernández,Finanzas,Contabilidad,2025-11-20,3.4,2.8,2.9,1.8,2.4,2.76,5.1,3.9,3.3,4.7,4.34,3.0,2.8,2.7,3.5,3.2,3.0,4.1,2.6,2.7,2.9,5.2,3.32
1265,Sofía Jiménez Gómez,Ventas,Atención a Clientes,2026-07-23,6.1,7.7,9.4,6.2,7.5,7.38,8.5,8.3,8.0,7.5,8.1,7.3,6.3,4.7,6.6,5.7,6.18,10.0,10.0,9.6,10.0,9.9,9.91
1266,Sofía Jiménez Martínez,Recursos Humanos,Nómina,2026-05-04,4.6,7.9,3.9,6.4,6.4,5.82,6.4,7.5,4.4,5.9,6.15,4.1,6.7,4.9,6.6,6.6,5.66,4.0,6.7,6.8,7.2,4.6,5.94
1267,María Martínez Castillo,Marketing,Marketing Digital,2025-09-25,7.2,7.7,8.6,8.3,5.9,7.58,6.1,7.8,6.0,6.8,6.68,6.9,6.7,4.6,5.9,8.9,6.54,7.2,6.6,6.1,6.4,6.6,6.61
1268,Alejandro Ortiz García,Recursos Humanos,Capacitación,2026-03-04,5.4,7.7,4.9,6.6,7.4,6.36,3.6,2.7,1.7,4.6,3.24,5.8,4.1,3.4,4.9,4.3,4.53,6.1,6.5,5.7,3.7,4.6,5.49
1269,María Ortiz López,Recursos Humanos,Reclutamiento,2026-07-03,10.0,7.7,9.9,8.8,9.9,9.21,9.0,10.0,7.5,9.0,8.95,7.8,9.3,9.6,8.5,9.2,8.85,8.0,9.5,8.0,7.8,8.4,8.38
1270,Luis Rodríguez Reyes,Marketing,Investigación de Mercado,2026-07-27,9.4,5.4,8.0,9.4,8.9,8.05,5.7,6.9,5.9,7.4,6.46,7.4,7.6,6.7,7.6,6.9,7.26,6.3,7.1,7.7,7.0,6.1,6.9
1271,Carlos Cruz Jiménez,Ventas,Ventas Internacionales,2026-02-03,6.3,6.6,7.2,7.4,8.0,6.98,7.3,8.4,7.6,7.0,7.56,6.7,6.4,6.1,7.4,6.9,6.64,7.3,7.7,6.4,7.4,8.1,7.32
1272,Ricardo Ramírez Martínez,Operaciones,Logística,2025-10-03,7.4,10.0,9.9,9.4,7.9,8.93,7.8,5.0,7.0,8.0,6.99,6.5,8.1,8.4,6.7,5.7,7.19,6.7,6.3,6.8,6.1,7.3,6.56
1273,Ricardo Ortiz Reyes,Marketing,Comunicación de Marca,2026-08-21,3.7,3.7,5.2,4.3,4.2,4.16,3.4,3.7,3.3,2.0,3.1,2.6,2.2,1.3,0.3,1.8,1.78,3.4,3.5,3.7,2.5,1.1,3.08
1274,Camila López García,Tecnología,Infraestructura,2026-07-30,6.6,8.2,7.2,7.4,6.9,7.28,6.2,4.7,5.9,5.0,5.46,4.9,4.2,6.1,5.7,5.0,5.1,4.8,5.8,5.0,6.4,6.9,5.62
1275,Andrea Hernández Morales,Ventas,Ventas Nacionales,2026-04-24,7.5,4.7,5.3,5.6,6.7,5.95,5.8,5.0,6.0,4.2,5.24,5.6,5.9,6.7,4.2,7.7,6.0,6.5,4.5,3.8,6.8,5.7,5.44
1276,Camila Sánchez Rodríguez,Ventas,Atención a Clientes,2026-06-23,2.4,2.6,3.6,4.4,3.5,3.16,3.0,1.7,2.9,3.0,2.66,2.6,2.5,2.0,3.0,4.0,2.72,1.7,2.8,4.0,1.8,1.6,2.45
1277,Valeria Hernández Gómez,Operaciones,Control de Calidad,2026-07-25,4.7,3.8,3.8,2.7,3.6,3.83,1.2,3.4,4.0,4.0,3.01,3.6,1.2,1.9,2.4,2.0,2.24,1.1,2.8,2.4,2.5,3.5,2.31
1278,Laura Ortiz Jiménez,Recursos Humanos,Capacitación,2026-05-22,9.8,10.0,8.6,8.7,10.0,9.48,8.1,9.4,7.0,9.7,8.6,8.6,7.6,8.3,8.0,8.7,8.22,7.5,7.6,8.4,9.9,10.0,8.44
1279,Ana Torres Hernández,Marketing,Comunicación de Marca,2026-01-16,6.9,7.2,7.1,5.0,5.6,6.54,6.7,4.1,6.1,6.8,5.96,5.2,6.2,3.0,6.9,6.7,5.49,5.4,7.0,5.3,4.5,5.8,5.64
1280,Alejandro Romero Romero,Marketing,Marketing Digital,2025-11-10,2.8,0.1,2.9,2.9,1.7,2.0,2.7,3.7,3.6,2.9,3.18,3.0,5.7,5.6,3.2,2.1,4.09,3.7,3.6,2.9,2.9,3.5,3.34
1281,Pedro Flores Morales,Ventas,Atención a Clientes,2026-05-19,7.8,8.8,8.2,10.0,7.6,8.43,8.1,7.9,9.2,8.1,8.27,6.8,6.4,7.4,6.3,6.9,6.76,9.0,6.5,9.8,8.8,7.1,8.3
1282,Miguel Castillo Flores,Marketing,Comunicación de Marca,2025-12-26,10.0,9.4,10.0,10.0,10.0,9.85,10.0,10.0,7.1,10.0,9.42,9.9,9.8,9.6,9.5,10.0,9.77,8.7,10.0,8.3,10.0,9.2,9.26
1283,Gabriela Ramírez Torres,Marketing,Investigación de Mercado,2025-11-11,7.2,6.7,7.8,8.8,7.7,7.51,5.6,6.3,8.1,6.0,6.38,8.3,7.6,7.8,7.5,9.7,8.12,7.0,7.5,6.4,5.4,7.3,6.72
1284,Carlos Torres García,Marketing,Comunicación de Marca,2026-09-05,8.0,7.5,5.1,8.0,7.5,7.22,6.9,7.1,4.8,7.8,6.76,6.2,6.9,8.0,7.7,6.1,6.94,7.0,8.0,7.3,7.2,8.1,7.46
1285,Juan Ramírez Flores,Operaciones,Control de Calidad,2025-10-31,5.2,6.9,4.5,2.8,5.6,5.18,9.1,5.8,8.7,9.0,8.17,6.0,6.7,6.8,7.9,6.9,6.76,7.4,7.2,6.5,4.8,5.4,6.45
1286,Valeria Ramírez García,Marketing,Comunicación de Marca,2026-07-03,3.4,6.9,6.1,5.3,3.0,5.04,6.2,6.3,5.3,5.0,5.74,6.7,4.5,6.2,7.9,4.0,5.82,5.6,6.0,4.9,7.5,6.3,6.01
1287,Daniela Cruz Rodríguez,Recursos Humanos,Capacitación,2025-12-31,5.4,6.0,6.7,6.2,4.5,5.8,5.9,6.6,6.6,8.8,6.94,7.9,5.9,8.4,8.7,6.7,7.44,5.7,5.4,5.9,5.6,7.0,5.78
1288,Roberto González Reyes,Operaciones,Control de Calidad,2025-12-08,6.0,6.6,6.2,3.9,5.9,5.86,6.1,7.8,7.3,7.0,6.99,4.7,5.1,7.6,5.7,4.6,5.52,7.8,6.2,8.1,7.4,7.8,7.38
1289,Karla Vázquez Rodríguez,Recursos Humanos,Capacitación,2025-11-03,4.0,5.6,4.4,3.8,4.5,4.53,3.4,3.6,4.8,1.8,3.33,4.1,2.8,3.3,3.2,5.8,3.74,6.4,4.4,3.4,4.7,6.2,4.94
1290,Sergio González Torres,Tecnología,Soporte Técnico,2026-04-13,5.6,4.6,6.8,6.3,5.3,5.65,6.0,7.3,5.5,4.1,5.75,4.9,5.1,3.1,4.0,5.9,4.61,6.9,7.4,5.7,6.9,6.3,6.72
1291,José López Gómez,Tecnología,Desarrollo,2026-01-10,5.8,7.1,5.9,3.7,4.0,5.56,6.4,6.0,8.1,6.1,6.56,7.4,6.3,5.0,6.6,7.7,6.57,4.2,5.3,5.1,4.6,6.5,4.96
1292,Paola Reyes Reyes,Tecnología,Desarrollo,2026-08-29,6.4,4.8,5.4,4.5,5.3,5.35,4.2,5.2,3.9,4.2,4.39,6.5,5.6,6.4,5.7,5.5,5.98,6.3,3.7,5.3,3.8,4.7,4.79
1293,Valeria González Hernández,Finanzas,Auditoría Interna,2026-03-28,5.9,6.6,5.2,7.7,7.7,6.48,8.2,6.7,6.0,6.2,6.88,8.1,8.2,5.6,7.2,6.7,7.28,5.8,5.9,7.0,5.1,4.7,5.82
1294,José Gómez González,Marketing,Investigación de Mercado,2025-09-21,5.6,5.4,6.4,2.0,3.6,4.87,5.5,4.9,5.1,4.4,5.0,6.2,5.0,4.2,6.4,5.7,5.46,7.7,5.1,6.9,6.0,5.0,6.28
1295,Alejandro Flores Hernández,Finanzas,Tesorería,2026-07-12,6.2,6.1,9.5,7.7,4.5,6.81,5.2,4.3,6.3,4.0,4.89,7.0,3.6,7.5,6.7,9.0,6.5,6.7,5.7,5.7,7.5,7.8,6.52
1296,Fernanda Martínez Hernández,Marketing,Comunicación de Marca,2026-07-14,6.0,6.3,4.7,7.0,7.7,6.22,6.2,5.0,6.8,7.8,6.42,3.6,4.7,4.8,5.7,6.5,4.86,5.9,6.7,6.1,4.9,6.5,6.0
1297,Ana Ortiz Morales,Ventas,Ventas Nacionales,2025-12-26,3.5,2.2,1.8,1.9,0.3,2.12,4.0,3.2,1.1,2.8,2.92,4.1,5.4,4.5,4.4,7.4,5.04,4.8,2.7,4.9,5.3,3.5,4.26
1298,Camila Cruz González,Recursos Humanos,Reclutamiento,2026-03-05,10.0,9.6,9.3,10.0,9.3,9.66,7.6,9.2,6.8,8.8,8.14,8.2,7.9,8.6,4.6,6.5,7.41,6.0,7.5,6.8,8.3,8.0,7.2
1299,Karla Castillo Rodríguez,Finanzas,Contabilidad,2026-03-25,5.2,5.7,8.5,5.4,4.2,5.87,4.3,5.9,5.6,4.2,4.93,8.1,5.8,8.3,5.0,7.2,6.96,6.9,8.2,7.9,7.8,8.7,7.79
1300,María Sánchez Castillo,Ventas,Ventas Nacionales,2026-06-09,9.2,8.7,6.0,6.0,6.7,7.58,7.4,6.5,8.2,6.4,7.09,6.4,5.7,6.7,6.8,7.2,6.46,5.9,6.0,7.2,6.3,3.3,6.0
1301,Diego Romero Rodríguez,Tecnología,Soporte Técnico,2026-07-07,2.6,5.4,2.9,3.0,2.9,3.47,3.1,2.8,2.7,2.3,2.74,3.8,4.8,2.9,3.9,4.0,3.92,5.9,3.1,2.8,4.0,4.3,4.04
1302,María Gómez Vázquez,Tecnología,Infraestructura,2025-12-12,7.6,10.0,8.3,8.2,10.0,8.79,8.9,8.5,6.7,7.7,8.06,7.9,7.0,8.5,8.8,8.6,8.04,7.1,8.7,8.5,8.6,9.0,8.27
1303,Francisco Romero Hernández,Marketing,Marketing Digital,2026-04-30,4.4,6.2,4.5,5.3,6.7,5.35,3.7,4.8,7.0,7.0,5.46,5.3,5.9,5.3,6.6,5.2,5.63,6.4,5.8,5.8,7.0,5.8,6.19
1304,Camila González Romero,Tecnología,Soporte Técnico,2025-11-28,5.0,4.4,4.8,6.0,4.8,4.93,5.6,6.5,3.6,5.0,5.28,8.3,7.6,6.9,7.5,6.3,7.43,6.6,6.9,4.5,5.0,6.3,5.9
1305,Laura Morales Vázquez,Recursos Humanos,Reclutamiento,2026-03-30,8.0,8.4,8.3,6.8,5.6,7.62,7.2,7.9,8.1,7.3,7.58,8.8,10.0,8.1,9.1,10.0,9.18,7.9,8.0,8.1,6.7,6.2,7.56
1306,Juan Martínez Ortiz,Tecnología,Infraestructura,2026-04-16,7.9,8.9,8.9,7.2,8.7,8.36,8.2,8.2,6.9,8.5,8.02,9.4,8.5,9.1,10.0,8.5,9.07,8.2,8.5,8.2,9.4,10.0,8.7
1307,José Reyes Castillo,Tecnología,Soporte Técnico,2026-06-16,5.1,6.6,5.1,4.5,5.2,5.4,3.0,6.0,4.2,5.1,4.52,8.4,4.2,5.4,6.0,7.0,6.18,5.3,6.3,6.4,4.9,1.8,5.34
1308,Karla Flores Cruz,Finanzas,Contabilidad,2026-01-10,5.3,5.0,7.8,6.7,5.4,5.95,5.2,4.2,5.1,4.8,4.83,7.7,6.7,6.5,7.8,5.7,6.93,4.6,6.7,9.2,7.7,4.9,6.7
1309,Karla Morales Rodríguez,Marketing,Investigación de Mercado,2026-05-27,5.7,7.9,4.4,5.8,8.2,6.38,8.0,9.3,8.4,10.0,8.9,8.6,10.0,8.0,8.8,9.5,9.0,10.0,9.0,8.6,10.0,9.4,9.41
1310,Luis Jiménez Torres,Tecnología,Soporte Técnico,2025-10-11,7.4,10.0,7.0,7.0,6.4,7.76,5.7,9.9,10.0,8.5,8.31,9.9,9.2,10.0,7.6,7.8,9.09,10.0,8.3,10.0,10.0,9.1,9.48
1311,Valeria Martínez Torres,Marketing,Comunicación de Marca,2026-04-11,10.0,9.6,9.8,9.5,10.0,9.78,6.0,8.1,7.2,9.9,7.74,9.9,10.0,7.9,10.0,8.5,9.33,8.5,7.3,8.5,7.3,6.4,7.75
1312,Francisco Hernández Ortiz,Finanzas,Contabilidad,2025-11-14,9.5,8.3,7.5,7.8,8.2,8.35,7.7,8.3,8.8,10.0,8.64,6.0,8.1,9.3,9.1,9.2,8.13,9.6,8.1,7.4,10.0,10.0,8.91
1313,Diego Flores Torres,Marketing,Comunicación de Marca,2026-03-20,10.0,7.3,7.7,8.9,6.9,8.24,6.9,6.4,6.6,6.8,6.69,9.6,7.4,8.1,8.5,8.0,8.34,7.2,6.2,6.5,4.8,5.6,6.17
1314,Diego Rodríguez Sánchez,Finanzas,Auditoría Interna,2026-04-09,9.1,8.3,8.2,9.2,9.8,8.84,8.1,8.4,8.6,9.5,8.62,7.7,7.5,8.8,8.5,10.0,8.34,10.0,8.9,8.8,9.2,9.6,9.28
1315,Camila Romero López,Tecnología,Desarrollo,2026-03-26,4.7,4.2,5.8,5.5,4.1,4.82,4.6,4.8,6.6,6.1,5.43,6.4,4.1,4.7,5.4,5.0,5.12,5.3,4.5,7.1,4.9,2.2,5.07
1316,Francisco García Ramírez,Marketing,Comunicación de Marca,2026-03-30,5.9,6.2,8.2,7.2,6.5,6.72,7.8,9.7,8.4,9.2,8.75,10.0,9.4,8.3,8.1,8.9,9.06,7.4,8.4,8.3,8.6,6.4,7.97
1317,Ximena Hernández Ramírez,Recursos Humanos,Nómina,2026-03-17,10.0,9.0,10.0,9.3,8.6,9.43,10.0,7.0,10.0,9.8,9.2,10.0,8.7,10.0,10.0,9.8,9.65,9.2,8.3,6.1,8.5,9.6,8.25
1318,Carlos Torres Flores,Marketing,Investigación de Mercado,2025-10-19,7.6,8.3,7.9,8.3,4.8,7.52,6.9,7.1,5.6,8.8,7.16,7.2,8.9,8.7,9.8,7.2,8.32,7.1,6.9,7.3,6.3,9.0,7.12
1319,Alejandro Castillo Rodríguez,Marketing,Marketing Digital,2025-12-25,6.9,7.4,6.4,6.9,6.0,6.79,5.9,5.6,6.2,6.4,6.01,7.7,5.1,5.0,6.4,5.7,6.02,6.7,7.8,6.6,6.7,6.7,6.96
1320,Francisco Martínez González,Operaciones,Producción,2026-08-26,8.1,7.3,7.2,5.1,6.8,7.07,6.3,6.0,5.6,3.8,5.46,6.7,5.9,6.0,7.9,6.8,6.56,6.1,7.3,5.5,6.9,5.8,6.41
1321,Raúl Gómez Jiménez,Recursos Humanos,Capacitación,2026-08-17,8.9,7.9,10.0,7.5,7.5,8.45,9.6,7.8,8.0,9.1,8.7,8.4,9.1,9.2,8.9,8.4,8.81,7.4,6.5,8.2,10.0,6.5,7.76
1322,Jorge Hernández Gómez,Operaciones,Logística,2026-08-30,8.1,6.0,6.3,7.1,4.9,6.58,4.6,3.8,4.3,5.8,4.64,6.8,6.9,6.9,4.3,6.0,6.35,3.9,3.5,6.0,6.2,4.0,4.69
1323,Gabriela González Morales,Tecnología,Soporte Técnico,2025-12-29,2.0,2.0,2.7,3.4,2.6,2.44,3.6,5.6,5.3,3.8,4.49,2.7,3.6,3.5,4.9,3.6,3.55,1.8,4.1,4.1,4.8,2.8,3.53
1324,Karla Flores Castillo,Tecnología,Infraestructura,2026-06-24,7.7,7.1,7.5,8.4,7.8,7.63,3.6,5.5,7.3,4.6,5.06,6.2,6.5,5.7,5.8,7.8,6.36,7.0,6.9,7.5,8.3,6.5,7.28
1325,Ana Pérez Martínez,Marketing,Investigación de Mercado,2026-04-20,3.5,3.2,3.8,2.0,2.8,3.16,2.0,2.5,2.6,2.5,2.37,2.6,1.9,3.1,3.2,2.4,2.58,2.0,0.8,1.9,2.3,0.8,1.62
1326,Valeria Reyes Romero,Marketing,Comunicación de Marca,2025-11-09,4.7,4.7,5.1,5.3,5.8,5.04,5.5,5.3,4.8,8.0,5.94,5.6,5.4,3.2,3.8,5.3,4.76,4.5,5.5,3.7,5.0,5.9,4.83
1327,Andrea Hernández Flores,Marketing,Marketing Digital,2026-07-21,6.9,6.6,6.9,4.5,6.0,6.33,7.6,9.3,6.8,4.9,7.19,7.6,6.2,7.5,5.8,5.4,6.63,6.1,3.9,5.3,5.9,4.5,5.19
1328,Juan Jiménez Jiménez,Marketing,Comunicación de Marca,2026-07-14,8.7,6.9,7.4,7.8,6.5,7.52,6.5,7.4,6.3,5.0,6.31,5.9,6.6,5.4,7.9,5.5,6.22,8.7,7.5,6.2,5.0,8.4,7.13
1329,Pedro Sánchez Sánchez,Finanzas,Tesorería,2026-08-10,6.3,4.1,5.2,3.2,5.8,4.99,2.7,3.4,2.4,2.5,2.76,3.4,4.2,5.2,4.4,2.9,4.04,1.1,3.5,2.6,2.9,1.4,2.39
1330,José Cruz Flores,Operaciones,Logística,2026-05-26,3.6,4.5,2.1,2.6,2.0,3.14,3.8,4.2,3.9,4.4,4.07,2.7,2.5,4.0,4.3,2.6,3.14,4.0,3.9,0.5,2.5,2.5,2.82
1331,Gabriela Vázquez López,Operaciones,Control de Calidad,2026-08-06,4.4,6.0,4.6,8.7,7.3,5.92,4.2,6.3,4.5,3.6,4.64,6.2,6.5,4.8,4.6,3.4,5.33,5.8,5.7,6.6,6.2,6.6,6.1
1332,Sofía Rodríguez Sánchez,Recursos Humanos,Capacitación,2026-01-21,5.0,5.4,4.1,5.2,5.9,5.08,4.2,4.1,4.4,4.4,4.27,5.0,5.9,6.3,7.9,6.1,6.08,6.0,6.3,6.2,5.0,5.7,5.89
1333,María Ortiz Torres,Recursos Humanos,Capacitación,2025-12-13,6.1,6.8,5.3,6.0,5.1,5.95,3.8,5.8,6.5,6.5,5.52,4.7,6.6,6.0,9.0,7.0,6.42,6.2,8.1,7.0,7.1,5.2,6.92
1334,Diego Sánchez Ortiz,Recursos Humanos,Reclutamiento,2026-07-02,8.7,10.0,7.0,7.6,9.0,8.56,7.0,6.1,8.5,7.8,7.28,6.8,6.5,6.3,8.0,5.8,6.66,5.6,4.2,6.8,5.7,6.8,5.63
1335,María Cruz Ortiz,Tecnología,Infraestructura,2026-02-28,8.5,8.0,7.6,6.2,8.8,7.9,7.2,7.3,6.3,6.0,6.74,8.7,10.0,8.9,8.7,8.3,9.0,10.0,8.0,9.8,9.5,10.0,9.36
1336,Raúl Pérez Jiménez,Finanzas,Contabilidad,2026-05-20,5.9,5.4,7.9,7.5,6.1,6.44,8.4,6.2,8.6,6.9,7.52,5.5,8.0,7.3,6.9,7.7,7.02,4.3,5.8,5.8,5.2,5.5,5.28
1337,Laura López Ramírez,Finanzas,Contabilidad,2026-08-09,2.8,2.2,3.5,0.5,0.9,2.16,3.6,4.1,4.1,2.6,3.58,0.3,1.8,1.8,4.1,2.9,1.94,4.4,4.6,2.7,2.2,4.1,3.64
1338,Pedro Jiménez Flores,Marketing,Marketing Digital,2026-03-21,8.9,6.0,7.9,7.2,7.5,7.51,7.5,8.2,8.4,8.6,8.13,8.6,8.9,6.3,8.5,6.9,7.94,9.0,5.7,9.4,9.6,7.6,8.24
1339,Sofía López Pérez,Ventas,Ventas Internacionales,2025-12-27,6.7,5.9,4.0,4.2,6.9,5.62,5.1,6.0,3.7,4.2,4.82,4.7,7.5,6.3,5.8,7.5,6.3,6.4,4.5,5.7,5.6,8.3,5.82
1340,Luis Hernández Jiménez,Operaciones,Logística,2026-06-16,2.0,4.3,4.8,2.4,4.1,3.51,4.9,3.4,2.4,3.7,3.72,3.9,3.3,4.6,1.7,3.9,3.56,1.8,2.3,1.2,3.3,2.5,2.17
1341,Ana García Rodríguez,Finanzas,Auditoría Interna,2025-11-24,5.3,6.0,5.4,5.4,5.9,5.6,4.4,5.8,6.3,6.6,5.68,8.2,5.6,5.6,3.3,7.0,6.11,9.6,7.3,7.9,6.0,6.9,7.7
1342,Miguel Flores López,Finanzas,Contabilidad,2025-09-10,3.9,4.1,5.7,4.5,6.5,4.79,6.1,6.9,5.2,3.9,5.57,4.6,4.9,7.0,5.3,4.5,5.24,6.1,8.1,5.8,5.8,6.7,6.54
1343,Laura Cruz Jiménez,Recursos Humanos,Nómina,2026-08-18,8.0,5.6,6.5,4.7,5.9,6.29,6.6,5.8,6.5,6.8,6.43,6.1,6.2,6.9,3.4,9.1,6.33,5.6,7.7,6.2,5.5,8.7,6.54
1344,Fernanda Rodríguez Rodríguez,Recursos Humanos,Nómina,2026-07-10,5.5,6.1,4.7,4.8,4.6,5.25,3.5,4.2,3.2,3.4,3.59,5.3,3.9,5.9,4.8,5.4,5.01,2.5,3.3,4.4,2.8,2.4,3.13
1345,Sofía Pérez Cruz,Marketing,Comunicación de Marca,2026-05-25,5.2,8.0,9.0,8.6,6.9,7.42,6.7,5.6,8.6,7.3,6.96,5.7,6.9,7.2,9.1,7.3,7.05,7.4,6.1,7.5,8.1,9.1,7.4
1346,María Jiménez Reyes,Tecnología,Desarrollo,2025-11-01,2.8,3.7,3.5,1.0,3.4,2.99,5.0,4.3,3.0,3.7,4.1,2.3,4.3,4.2,4.9,5.3,4.02,3.0,3.1,3.4,3.5,3.3,3.24
1347,Miguel Ramírez Sánchez,Marketing,Marketing Digital,2026-07-18,6.8,10.0,7.5,7.3,6.5,7.77,7.4,4.8,6.7,7.7,6.68,5.2,7.2,6.8,5.7,7.7,6.47,6.2,6.8,7.1,7.8,4.0,6.63
1348,Roberto Vázquez López,Tecnología,Infraestructura,2026-03-20,8.5,9.7,9.3,9.9,9.0,9.25,8.9,10.0,10.0,10.0,9.67,8.9,10.0,8.0,8.7,10.0,9.13,8.8,7.8,8.5,10.0,9.4,8.79
1349,Fernanda García Flores,Marketing,Investigación de Mercado,2026-02-23,9.2,5.7,8.6,8.6,9.1,8.1,8.3,9.0,7.6,8.7,8.43,10.0,7.2,8.6,6.8,6.8,8.06,8.1,8.8,10.0,7.7,9.1,8.67
1350,Carlos Sánchez Flores,Ventas,Atención a Clientes,2026-07-22,7.4,5.1,6.0,6.0,6.1,6.14,6.7,5.1,3.8,3.2,4.84,7.3,6.2,6.2,8.5,6.3,6.84,5.1,6.3,6.7,7.4,8.2,6.49
1351,Daniela Ramírez Vázquez,Finanzas,Contabilidad,2026-08-23,3.7,3.7,3.6,2.7,4.0,3.58,4.5,4.5,3.4,3.4,4.0,1.7,4.0,2.4,1.9,1.8,2.46,2.9,2.0,4.2,2.0,1.7,2.64
1352,Sergio García Ramírez,Finanzas,Tesorería,2026-07-26,5.2,5.9,5.5,6.7,6.6,5.87,7.5,5.8,8.2,4.3,6.42,4.9,5.2,5.6,3.9,4.1,4.85,3.6,6.9,5.5,7.0,5.5,5.68
1353,Mariana Rodríguez González,Recursos Humanos,Reclutamiento,2026-08-18,6.3,6.8,6.5,7.4,6.9,6.72,4.3,5.5,5.8,4.1,4.85,6.9,4.5,6.7,10.0,7.9,6.88,9.1,8.0,6.3,5.2,5.7,7.14
1354,Alejandro López García,Tecnología,Soporte Técnico,2026-03-09,9.8,9.6,8.7,7.7,9.4,9.15,10.0,8.9,8.8,9.3,9.31,6.0,10.0,7.4,7.8,9.1,8.02,6.7,6.1,7.3,6.8,7.9,6.81
1355,Karla Rodríguez Vázquez,Marketing,Marketing Digital,2025-10-01,8.3,7.9,8.5,8.5,7.3,8.12,10.0,10.0,8.1,8.9,9.35,7.9,9.9,9.2,7.9,8.0,8.67,9.6,7.6,7.7,9.1,8.7,8.53
1356,Daniela Gómez Cruz,Tecnología,Infraestructura,2026-05-01,6.2,6.6,5.8,6.3,5.0,6.06,7.9,5.9,4.1,7.1,6.44,6.8,7.2,5.0,6.3,5.6,6.28,5.6,5.7,7.2,4.8,6.3,5.86
1357,Francisco López Martínez,Recursos Humanos,Capacitación,2026-06-06,9.1,10.0,10.0,7.3,9.1,9.24,9.4,9.4,9.7,8.1,9.14,8.6,9.2,7.6,8.6,8.1,8.47,9.0,7.9,7.2,9.0,8.1,8.28
1358,Gabriela Ortiz Castillo,Tecnología,Desarrollo,2026-06-14,5.1,8.7,7.9,6.6,7.5,7.14,7.2,8.5,7.6,7.0,7.56,4.8,5.1,4.3,5.8,6.3,5.15,5.4,8.3,8.1,8.4,3.8,7.1
1359,Daniela García Romero,Marketing,Investigación de Mercado,2025-09-14,4.4,7.1,5.0,5.7,4.1,5.35,5.8,7.3,5.5,6.5,6.29,6.4,3.4,5.6,5.3,4.9,5.1,7.4,5.3,4.2,5.2,2.7,5.32
1360,Alejandro González Vázquez,Operaciones,Producción,2025-09-22,9.4,8.4,8.9,8.5,9.8,8.98,10.0,7.7,8.4,10.0,9.1,8.3,9.2,7.7,7.2,7.1,8.06,7.8,7.4,8.9,8.7,9.1,8.23
1361,Camila Pérez Vázquez,Finanzas,Auditoría Interna,2026-01-14,6.4,4.7,5.4,4.9,4.9,5.33,6.1,4.4,4.2,5.4,5.12,4.4,3.7,3.2,3.8,4.1,3.85,0.8,1.6,2.2,3.4,1.7,1.89
1362,Sergio Rodríguez Reyes,Marketing,Investigación de Mercado,2026-03-22,7.1,5.9,8.4,5.1,7.2,6.78,7.9,6.8,6.7,6.1,6.94,5.7,6.8,4.4,7.9,6.5,6.16,5.4,6.4,5.5,5.5,6.9,5.84
1363,Sofía Castillo Romero,Finanzas,Tesorería,2026-07-11,8.0,8.6,8.9,6.6,10.0,8.42,10.0,6.5,6.5,7.2,7.72,9.4,9.1,6.7,7.9,7.4,8.26,7.3,6.8,7.6,6.4,7.2,7.04
1364,Ximena Torres García,Recursos Humanos,Nómina,2025-10-03,6.1,5.5,3.7,6.3,6.2,5.52,6.1,4.8,5.9,6.0,5.71,5.8,7.4,5.2,6.5,5.7,6.17,5.4,6.8,6.1,6.3,7.9,6.32
1365,Jorge Cruz Romero,Finanzas,Tesorería,2026-09-07,5.0,4.9,6.1,6.4,4.4,5.32,3.9,6.2,2.9,7.0,5.05,4.4,4.1,4.5,5.2,4.4,4.46,6.0,5.0,5.4,6.4,4.7,5.58
1366,Andrea Rodríguez López,Tecnología,Infraestructura,2026-07-10,5.1,5.5,5.0,2.6,4.7,4.74,3.4,2.3,2.3,3.0,2.8,2.7,2.6,3.0,4.2,2.6,2.94,2.8,3.9,3.3,5.1,5.0,3.86
1367,Sergio Sánchez Martínez,Marketing,Comunicación de Marca,2026-01-03,7.4,7.0,9.3,7.9,5.7,7.5,7.0,5.6,4.6,5.1,5.7,6.6,7.6,6.0,4.9,5.8,6.36,6.4,6.5,5.9,5.9,7.6,6.35
1368,Ximena Hernández García,Ventas,Atención a Clientes,2026-07-03,6.5,5.3,4.9,5.1,7.6,5.84,5.5,4.9,5.6,4.8,5.2,4.4,4.4,4.7,4.3,3.5,4.31,5.7,7.2,7.4,8.0,6.9,7.0
1369,Juan Flores López,Tecnología,Infraestructura,2026-07-30,4.3,6.2,5.9,3.3,4.4,4.96,6.6,7.1,5.9,6.3,6.51,6.7,5.5,6.8,5.6,4.5,5.92,6.0,5.6,5.1,7.1,5.4,5.88
1370,Mariana Rodríguez Sánchez,Operaciones,Control de Calidad,2026-02-02,5.8,7.4,7.2,5.1,7.2,6.58,6.3,6.4,7.6,6.3,6.58,4.7,5.0,4.4,3.0,5.3,4.55,6.4,6.6,5.9,2.7,6.0,5.57
1371,María Flores Hernández,Ventas,Ventas Internacionales,2026-08-29,5.7,6.1,4.6,6.1,5.4,5.6,6.4,8.0,6.2,4.8,6.36,7.0,5.5,4.8,5.2,7.2,5.94,3.7,3.5,5.7,5.9,4.6,4.58
1372,Ximena Pérez Flores,Finanzas,Tesorería,2026-06-01,4.8,6.0,3.3,2.5,3.8,4.31,7.8,7.0,6.2,8.6,7.48,7.9,6.8,8.7,7.5,6.3,7.48,6.8,6.3,6.2,6.1,4.8,6.22
1373,María López González,Finanzas,Contabilidad,2026-01-16,10.0,6.3,8.2,7.0,7.2,7.84,9.2,9.6,10.0,8.2,9.21,6.3,6.8,6.2,4.9,9.2,6.63,9.6,9.6,8.6,10.0,8.3,9.35
1374,José Torres Castillo,Operaciones,Control de Calidad,2026-07-02,5.6,7.9,5.8,7.5,9.0,7.01,5.9,3.1,5.0,6.5,5.17,5.2,5.5,4.3,2.7,4.4,4.6,5.2,5.3,4.6,6.3,4.9,5.3
1375,Ximena Pérez Vázquez,Recursos Humanos,Nómina,2025-12-04,6.0,5.9,4.6,6.5,6.7,5.88,6.8,4.4,6.8,6.1,6.02,4.7,5.1,6.6,6.1,4.7,5.39,5.8,7.7,8.0,7.5,7.4,7.22
1376,Diego García Martínez,Operaciones,Control de Calidad,2026-08-04,8.2,7.9,9.1,8.4,8.1,8.32,7.3,9.3,6.4,7.3,7.62,8.0,9.4,9.0,7.9,9.9,8.82,7.6,7.7,8.1,7.5,5.9,7.54
1377,Andrea Cruz García,Operaciones,Control de Calidad,2026-01-27,3.9,4.4,4.2,5.3,5.5,4.54,1.8,5.0,4.5,0.6,2.84,2.9,3.2,3.9,5.7,3.1,3.62,3.0,3.1,5.0,4.2,2.2,3.59
1378,Raúl Torres Rodríguez,Tecnología,Soporte Técnico,2026-08-11,8.1,7.6,7.6,5.3,6.1,7.16,3.6,5.3,7.0,4.3,4.88,7.2,4.2,4.9,3.7,4.9,5.12,5.5,3.9,3.9,3.5,5.7,4.4
1379,Ximena Romero Romero,Operaciones,Logística,2025-12-14,3.3,1.6,2.8,2.4,3.1,2.61,3.6,4.3,3.7,3.0,3.65,1.1,0.8,2.4,0.7,1.8,1.33,1.2,3.0,1.2,0.1,1.8,1.49
1380,Sofía Gómez Rodríguez,Recursos Humanos,Nómina,2025-12-07,3.5,7.1,5.3,5.8,3.8,5.15,5.5,5.1,5.6,6.3,5.62,6.6,8.9,6.3,4.5,6.6,6.8,5.8,5.9,6.1,7.2,8.3,6.42
1381,Francisco Gómez Hernández,Marketing,Comunicación de Marca,2025-11-21,10.0,7.7,10.0,10.0,7.8,9.09,9.0,10.0,9.9,9.2,9.48,9.2,8.2,8.0,8.2,9.8,8.65,7.5,8.9,9.4,9.2,7.5,8.57
1382,Ricardo López Pérez,Recursos Humanos,Nómina,2026-05-28,8.5,7.5,6.4,8.0,7.6,7.62,4.9,3.8,4.2,4.5,4.38,5.1,6.6,8.1,6.1,5.3,6.26,6.5,5.4,7.9,6.8,5.5,6.46
1383,Fernanda Gómez Gómez,Finanzas,Tesorería,2026-06-13,8.7,7.4,8.0,7.9,8.7,8.12,8.3,8.6,8.7,8.8,8.58,8.5,8.9,10.0,9.6,8.3,9.04,7.9,9.3,8.2,7.7,9.8,8.46
1384,Jorge Sánchez Rodríguez,Finanzas,Tesorería,2025-09-15,2.4,3.5,4.1,4.9,6.5,4.0,3.0,5.5,4.9,1.3,3.58,5.5,2.4,2.2,3.8,4.2,3.62,4.5,1.1,3.2,2.8,1.7,2.77
1385,Camila Romero González,Ventas,Ventas Nacionales,2025-12-15,5.8,6.0,6.5,4.9,5.2,5.76,8.1,5.8,6.1,7.8,7.05,8.0,6.6,6.7,8.2,8.2,7.45,7.9,7.2,6.4,5.6,6.7,6.85
1386,Laura Torres Sánchez,Ventas,Ventas Nacionales,2026-07-03,4.8,3.8,4.2,4.2,5.0,4.37,7.4,8.9,8.0,8.5,8.17,5.6,4.2,6.4,5.2,3.5,5.04,6.7,6.7,5.8,6.4,7.3,6.52
1387,Laura García Cruz,Tecnología,Infraestructura,2026-08-28,5.8,1.5,3.0,5.2,4.4,3.86,2.9,5.1,6.2,4.3,4.46,2.2,4.5,1.3,3.5,4.1,3.08,2.4,6.1,1.5,5.0,4.7,3.9
1388,Jorge Morales González,Finanzas,Contabilidad,2026-05-01,5.3,7.9,7.0,8.3,8.2,7.18,7.9,7.0,8.7,8.4,7.96,7.0,8.1,6.8,7.9,9.5,7.74,8.0,8.6,6.2,8.3,8.5,7.9
1389,Francisco Jiménez Flores,Finanzas,Contabilidad,2026-01-08,5.8,7.5,6.7,7.3,7.5,6.88,6.6,8.1,6.5,5.4,6.65,5.8,5.8,6.4,3.0,5.5,5.46,7.9,5.6,6.0,7.1,5.3,6.52
1390,Laura Rodríguez Jiménez,Finanzas,Auditoría Interna,2026-04-24,8.4,7.1,7.4,7.3,7.2,7.53,4.2,5.7,4.5,6.4,5.18,3.0,5.4,6.8,5.2,7.1,5.3,6.8,9.5,8.3,9.4,9.4,8.56
1391,Jorge Pérez Rodríguez,Ventas,Ventas Internacionales,2025-11-17,10.0,9.1,8.9,9.3,8.6,9.24,9.7,10.0,9.4,10.0,9.79,10.0,7.1,8.7,10.0,9.4,8.93,8.6,8.9,10.0,8.7,9.7,9.09
1392,Daniela Cruz Sánchez,Tecnología,Desarrollo,2026-03-09,7.9,7.0,8.0,8.0,7.1,7.59,7.5,8.2,8.4,8.9,8.2,8.8,5.1,8.4,5.6,7.9,7.18,8.0,9.1,9.9,7.0,8.7,8.52
1393,Miguel Torres Flores,Recursos Humanos,Capacitación,2025-09-11,6.7,3.6,3.7,7.9,4.3,5.14,5.9,6.3,6.0,6.5,6.17,7.8,6.2,8.2,6.8,6.6,7.15,7.6,6.4,6.9,5.6,6.4,6.64
1394,Paola Jiménez Ramírez,Tecnología,Soporte Técnico,2025-10-25,7.6,5.1,7.5,8.0,7.5,7.0,7.0,10.0,6.3,6.0,7.36,8.3,6.4,5.9,4.3,6.1,6.42,7.2,10.0,6.6,8.5,8.8,8.2
1395,Juan Gómez Martínez,Recursos Humanos,Reclutamiento,2026-03-19,4.9,4.7,5.8,4.3,0.8,4.32,3.4,2.7,5.4,4.0,3.78,3.9,2.0,2.1,1.7,2.0,2.45,4.8,3.2,4.0,3.4,2.9,3.77
1396,Alejandro Pérez González,Marketing,Investigación de Mercado,2025-11-07,4.0,5.0,3.2,2.3,3.2,3.72,5.5,6.3,5.2,3.9,5.24,6.3,6.0,7.3,4.5,6.0,6.11,5.0,2.5,6.7,4.0,5.5,4.56
1397,José Castillo Cruz,Operaciones,Producción,2026-03-28,4.6,4.7,4.1,3.2,5.1,4.39,5.0,2.5,4.0,5.1,4.2,4.4,5.7,5.9,5.2,4.9,5.22,7.2,4.6,4.3,4.9,6.2,5.41
1398,Daniela Torres García,Operaciones,Control de Calidad,2026-09-04,3.9,5.6,5.0,4.9,6.2,5.04,3.5,2.3,6.3,5.3,4.21,6.2,6.7,6.5,6.6,8.9,6.85,5.8,5.4,5.4,6.3,4.7,5.61
1399,Andrea Flores Morales,Finanzas,Contabilidad,2026-05-18,4.2,4.2,3.1,4.4,1.6,3.62,6.3,5.5,4.4,3.9,5.12,4.7,3.5,4.2,4.6,2.6,3.97,4.7,2.7,3.9,4.5,4.4,3.97
1400,Ana Romero González,Marketing,Comunicación de Marca,2026-04-11,3.4,5.5,3.6,3.7,5.4,4.31,6.6,6.6,4.0,4.5,5.56,5.2,5.8,7.1,5.5,7.1,6.06,6.2,4.9,7.3,8.0,6.6,6.5
1401,Roberto Torres Sánchez,Marketing,Marketing Digital,2025-09-16,8.2,6.6,9.6,8.1,6.2,7.76,7.5,9.2,7.8,7.1,7.88,6.3,8.0,7.7,6.5,5.6,6.93,7.6,8.2,5.5,10.0,7.1,7.76
1402,Ana Pérez Ortiz,Ventas,Atención a Clientes,2025-11-09,4.4,5.1,5.3,5.0,4.5,4.86,3.8,7.6,4.4,7.3,5.74,7.7,6.4,6.2,5.2,5.5,6.37,5.7,6.1,5.7,5.4,5.5,5.72
1403,Camila Castillo González,Ventas,Atención a Clientes,2026-07-16,8.5,7.7,7.3,8.4,8.9,8.1,8.4,7.6,6.0,5.4,6.97,7.3,7.8,7.2,9.1,8.9,7.92,9.0,5.1,6.9,6.2,7.6,6.9
1404,Alejandro Hernández Torres,Finanzas,Tesorería,2026-09-07,3.3,4.0,3.5,4.1,3.3,3.64,3.2,4.8,3.1,4.7,3.96,6.6,6.5,6.1,8.2,6.4,6.68,5.0,5.8,6.6,6.0,7.2,5.94
1405,Fernanda Torres Jiménez,Finanzas,Contabilidad,2026-02-26,5.4,7.2,6.0,5.3,7.5,6.27,4.0,4.7,4.6,6.1,4.82,2.6,9.3,6.5,3.2,4.5,5.43,4.2,4.7,3.1,4.6,4.6,4.22
1406,Ximena Flores Sánchez,Marketing,Marketing Digital,2026-02-25,5.0,6.3,2.2,3.5,4.8,4.51,5.4,7.7,6.8,7.1,6.68,3.4,6.6,5.0,4.1,4.1,4.73,5.5,5.9,5.1,5.3,3.8,5.31
1407,Diego Hernández López,Recursos Humanos,Capacitación,2025-12-13,6.2,2.8,6.5,6.1,5.9,5.35,4.4,4.7,5.6,6.0,5.12,6.0,6.9,8.7,6.4,6.9,6.96,3.8,4.6,3.6,5.1,6.7,4.51
1408,Diego Ortiz Rodríguez,Tecnología,Infraestructura,2026-06-05,6.1,4.6,4.3,4.8,6.1,5.17,5.1,4.4,3.7,4.9,4.6,6.3,7.9,6.6,6.7,5.1,6.64,4.4,6.7,3.7,3.5,3.6,4.58
1409,Gabriela Hernández Cruz,Finanzas,Auditoría Interna,2025-11-15,7.7,8.7,9.4,7.8,10.0,8.65,8.4,9.1,6.9,8.9,8.4,7.8,9.1,8.2,10.0,7.7,8.52,6.8,6.9,7.2,7.0,7.3,7.0
1410,Karla Sánchez García,Marketing,Marketing Digital,2026-04-10,5.4,8.3,7.5,7.2,7.9,7.19,6.6,7.6,4.7,8.1,6.85,7.0,8.9,6.3,7.4,7.3,7.44,6.5,7.1,5.9,5.0,5.8,6.16
1411,Juan Castillo Reyes,Finanzas,Contabilidad,2026-05-08,3.4,2.9,5.5,8.2,3.7,4.46,3.5,5.2,4.4,4.5,4.36,4.3,4.0,4.4,4.2,4.9,4.32,5.9,4.8,6.0,6.4,5.7,5.72
1412,Sofía Pérez García,Operaciones,Producción,2026-04-07,6.6,4.4,8.3,7.5,6.5,6.51,7.1,7.8,6.8,8.1,7.46,8.3,9.3,9.9,9.6,8.4,9.08,4.9,8.3,7.3,5.5,5.0,6.36
1413,Raúl López Vázquez,Recursos Humanos,Capacitación,2025-09-28,7.1,6.2,6.2,7.2,5.0,6.4,7.3,5.2,5.9,7.1,6.44,2.7,5.7,4.7,4.3,3.4,4.2,6.8,9.5,6.6,4.6,4.9,6.81
1414,Carlos Sánchez Pérez,Operaciones,Control de Calidad,2026-04-18,8.8,8.3,8.4,4.4,7.8,7.78,8.2,8.7,5.9,8.2,7.86,6.1,7.8,6.3,7.7,8.9,7.22,7.2,8.4,6.4,9.2,10.0,8.02
1415,Mariana García Ramírez,Recursos Humanos,Nómina,2026-02-15,5.3,4.4,6.0,6.1,5.0,5.29,4.0,3.9,6.4,5.2,4.76,7.8,6.4,5.8,7.6,7.2,6.93,7.1,6.6,6.4,5.9,7.3,6.62
1416,Sofía Pérez Hernández,Operaciones,Producción,2025-10-17,7.5,5.4,8.0,6.6,6.2,6.74,7.7,9.0,7.1,7.9,7.96,6.7,7.6,10.0,5.9,7.7,7.62,6.7,7.7,7.8,5.0,7.8,6.94
1417,Camila Ramírez Cruz,Finanzas,Tesorería,2026-09-01,8.1,8.4,7.1,6.7,7.1,7.62,6.1,5.1,3.9,5.0,5.14,6.8,5.1,5.7,5.1,6.6,5.87,5.0,7.6,6.6,5.3,7.3,6.26
1418,Jorge Romero Sánchez,Tecnología,Soporte Técnico,2026-02-24,5.9,6.5,7.6,7.0,7.5,6.8,8.3,7.3,6.9,10.0,8.2,5.4,4.5,5.3,3.9,3.9,4.7,5.9,8.5,6.4,8.1,6.8,7.18
1419,Daniela Sánchez Sánchez,Marketing,Investigación de Mercado,2025-12-23,3.4,4.7,3.6,4.5,4.6,4.11,5.5,6.4,5.7,5.7,5.82,5.3,4.6,6.2,4.9,3.4,4.96,4.5,4.4,4.1,4.1,3.0,4.16
1420,Juan Reyes García,Finanzas,Auditoría Interna,2025-10-13,0.0,2.3,1.5,2.8,1.8,1.56,2.8,2.7,2.5,3.3,2.84,2.7,5.1,3.8,5.3,4.3,4.15,3.3,3.9,3.0,2.8,2.5,3.21
1421,Carlos González Pérez,Recursos Humanos,Reclutamiento,2026-08-16,9.0,7.5,9.5,10.0,9.5,8.95,7.6,7.8,9.4,10.0,8.61,6.7,9.5,6.4,8.3,8.3,7.82,10.0,10.0,9.8,9.6,9.1,9.79
1422,Gabriela Morales Romero,Operaciones,Control de Calidad,2025-12-16,7.0,6.4,7.1,8.1,7.8,7.15,6.1,8.0,8.1,7.9,7.43,6.8,8.0,5.9,6.7,6.6,6.88,7.5,8.9,9.1,7.6,9.1,8.35
1423,Daniela Castillo García,Ventas,Atención a Clientes,2025-11-19,6.5,4.7,8.5,6.0,9.7,6.86,5.5,6.1,8.2,6.5,6.44,7.2,8.4,6.1,7.3,7.9,7.4,4.2,7.5,6.6,5.0,5.9,5.84
1424,Diego Vázquez Rodríguez,Finanzas,Tesorería,2026-05-02,4.0,6.0,5.8,5.9,6.4,5.5,5.9,5.8,5.5,3.7,5.24,7.7,4.9,4.6,5.1,5.9,5.72,7.1,5.0,5.0,3.8,4.6,5.24
1425,Raúl Sánchez García,Recursos Humanos,Capacitación,2025-12-09,7.1,7.8,9.4,8.4,7.9,8.05,8.0,9.7,10.0,9.4,9.17,10.0,10.0,10.0,8.3,9.5,9.67,10.0,10.0,10.0,9.9,10.0,9.98
1426,Gabriela Martínez Vázquez,Recursos Humanos,Capacitación,2026-03-11,4.0,4.0,2.5,2.8,1.6,3.16,5.0,3.3,5.6,5.7,4.87,3.8,4.5,4.4,3.4,2.8,3.88,4.4,3.7,3.5,4.1,2.7,3.82
1427,Francisco Ortiz Flores,Recursos Humanos,Nómina,2026-01-10,7.7,7.7,9.4,6.9,5.5,7.59,6.1,4.2,5.2,4.5,5.04,4.9,3.5,6.4,5.7,4.7,4.94,5.7,8.0,8.5,7.0,7.5,7.28
1428,Camila Hernández Cruz,Tecnología,Desarrollo,2026-04-18,0.0,3.7,0.8,1.8,1.3,1.55,1.3,2.0,1.4,1.6,1.57,2.9,3.9,2.1,4.1,2.9,3.17,4.9,3.0,0.7,2.3,3.0,2.88
1429,Ana Vázquez Torres,Marketing,Investigación de Mercado,2026-07-05,3.3,7.3,7.0,3.4,5.5,5.38,2.7,4.2,2.8,2.7,3.1,2.1,2.8,2.0,2.0,0.2,1.96,2.8,2.6,0.6,3.1,1.8,2.27
1430,Sergio Vázquez Sánchez,Marketing,Investigación de Mercado,2025-11-09,6.0,5.1,4.7,5.8,4.4,5.24,5.9,4.6,5.9,3.7,5.02,5.3,6.5,7.2,5.7,5.2,6.03,7.3,5.7,4.4,3.2,4.9,5.26
1431,José Castillo Flores,Ventas,Atención a Clientes,2026-06-20,6.4,7.3,5.2,8.2,8.1,6.91,7.6,6.1,6.0,7.8,6.96,10.0,7.8,6.9,8.6,10.0,8.62,7.4,6.7,5.4,8.1,8.2,7.05
1432,Juan Castillo Romero,Ventas,Ventas Nacionales,2026-07-01,6.3,5.9,7.8,5.6,5.5,6.28,7.5,7.1,7.6,7.4,7.4,5.1,5.5,7.6,5.8,4.8,5.76,6.8,6.5,5.9,4.6,7.2,6.14
1433,Ricardo Vázquez García,Recursos Humanos,Reclutamiento,2025-10-19,5.6,6.0,7.1,7.2,7.5,6.52,7.1,7.3,7.8,6.7,7.19,6.7,7.0,7.6,7.9,6.5,7.1,6.8,6.4,6.5,8.7,5.5,6.89
1434,Juan Pérez Jiménez,Finanzas,Tesorería,2025-10-01,9.2,8.7,7.8,7.2,9.2,8.5,8.4,9.1,10.0,8.5,8.92,8.3,8.0,8.4,10.0,7.2,8.34,7.1,9.7,9.8,8.0,7.7,8.53
1435,Ana García Jiménez,Ventas,Ventas Internacionales,2026-01-28,2.6,4.3,5.5,4.2,4.4,4.12,1.4,3.8,1.6,2.9,2.42,2.5,3.6,4.4,7.1,4.3,4.12,5.0,4.6,4.1,5.7,3.4,4.7
1436,Gabriela Torres Vázquez,Tecnología,Infraestructura,2026-02-08,6.8,7.7,7.8,7.8,7.6,7.5,8.1,7.2,7.8,7.7,7.71,7.3,8.0,7.0,9.6,8.7,7.97,8.6,8.6,9.3,8.5,8.6,8.72
1437,Sergio Reyes Rodríguez,Ventas,Ventas Nacionales,2026-04-29,7.4,5.3,6.8,6.9,5.9,6.46,6.9,5.9,4.1,5.8,5.82,5.7,5.7,6.1,4.2,4.0,5.3,5.7,5.9,5.8,4.5,5.4,5.5
1438,Mariana Sánchez Martínez,Operaciones,Logística,2026-01-27,8.8,7.6,9.4,7.6,6.8,8.14,7.8,7.0,7.7,5.6,7.03,8.9,7.3,9.2,7.8,8.4,8.32,9.4,10.0,9.4,7.3,10.0,9.19
1439,Gabriela Pérez Romero,Recursos Humanos,Capacitación,2026-01-28,4.3,5.3,5.1,5.2,5.4,5.01,6.6,6.3,6.8,4.4,6.02,5.1,6.9,5.3,4.5,5.7,5.59,4.5,1.7,3.5,4.9,3.1,3.54
1440,Fernanda Gómez García,Recursos Humanos,Capacitación,2026-03-03,6.8,7.5,8.3,7.5,8.1,7.58,5.4,5.6,6.2,4.6,5.41,6.8,6.8,6.7,5.9,6.7,6.63,8.1,6.8,5.7,6.4,5.5,6.7
1441,Roberto Cruz Flores,Finanzas,Contabilidad,2026-01-11,6.8,4.9,6.5,6.0,7.7,6.28,5.1,4.9,4.8,7.0,5.46,5.5,7.4,7.4,8.6,4.3,6.64,5.1,5.2,4.9,5.8,6.6,5.38
1442,Sofía Romero Ramírez,Marketing,Marketing Digital,2026-02-17,6.6,8.0,8.9,7.8,9.1,7.96,6.8,6.8,5.6,5.9,6.34,6.9,7.1,7.1,8.4,6.9,7.22,8.0,6.3,7.9,7.5,7.9,7.44
1443,Mariana Cruz García,Finanzas,Tesorería,2025-10-22,5.5,4.8,5.1,6.1,5.4,5.32,6.3,3.6,5.6,7.4,5.76,5.0,5.8,6.9,7.3,8.4,6.44,6.8,4.9,5.5,6.1,5.9,5.84
1444,Pedro Hernández Pérez,Recursos Humanos,Reclutamiento,2026-01-07,7.7,9.1,6.6,8.2,7.6,7.89,8.9,9.5,8.4,8.0,8.72,10.0,10.0,10.0,10.0,7.1,9.56,8.5,6.8,8.9,8.6,6.6,7.98
1445,Pedro Gómez Castillo,Operaciones,Control de Calidad,2026-04-20,3.4,5.0,3.7,2.0,3.6,3.68,1.4,2.6,3.0,4.6,2.82,3.4,3.0,4.0,4.3,5.1,3.81,4.1,3.3,3.6,4.7,4.7,3.98
1446,Fernanda Vázquez Sánchez,Marketing,Marketing Digital,2026-01-11,8.1,4.5,6.7,7.2,7.4,6.68,4.7,2.4,7.1,6.9,5.15,7.8,6.0,6.1,7.5,3.1,6.26,6.4,5.6,8.3,6.5,7.4,6.7
1447,Francisco Rodríguez Martínez,Ventas,Atención a Clientes,2026-06-16,3.4,5.5,5.6,4.6,4.5,4.71,4.7,6.3,5.9,5.4,5.52,6.0,5.9,5.1,6.6,6.6,5.98,4.3,5.6,4.6,3.5,5.9,4.68
1448,Fernanda Flores Pérez,Finanzas,Contabilidad,2026-06-21,2.0,4.3,2.2,1.7,4.0,2.87,2.5,1.8,3.2,2.4,2.44,0.7,0.9,3.4,2.7,0.6,1.58,2.1,4.3,4.3,3.3,2.2,3.34
1449,Jorge Rodríguez García,Marketing,Investigación de Mercado,2025-11-10,2.8,1.7,4.6,2.5,2.6,2.81,3.1,2.2,2.3,2.2,2.49,4.4,4.6,4.2,6.3,4.3,4.68,5.4,5.2,3.8,4.3,6.0,4.87
1450,Luis Vázquez Ramírez,Marketing,Comunicación de Marca,2026-02-07,5.3,6.1,4.5,5.7,4.0,5.2,6.8,9.2,5.6,7.8,7.41,5.8,7.4,6.5,5.5,7.6,6.56,6.9,6.8,7.2,7.8,5.4,6.97
1451,Karla Morales Morales,Operaciones,Producción,2026-08-19,9.1,7.8,6.5,10.0,8.2,8.25,7.8,9.5,9.6,9.7,9.06,9.8,8.1,9.4,7.0,7.3,8.5,10.0,10.0,9.5,9.9,9.7,9.85
1452,Fernanda Flores Ortiz,Ventas,Atención a Clientes,2026-05-01,9.2,10.0,8.1,7.6,9.9,9.04,7.1,7.9,8.5,10.0,8.3,7.2,7.7,8.0,7.0,10.0,7.88,8.9,9.6,8.6,9.6,8.6,9.12
1453,Ximena Pérez Jiménez,Recursos Humanos,Reclutamiento,2025-09-13,1.6,2.1,2.5,3.9,2.8,2.43,3.8,3.9,3.2,5.3,4.08,5.8,3.5,4.9,4.0,3.2,4.38,4.8,4.5,4.3,2.4,4.7,4.14
1454,Ximena García Vázquez,Recursos Humanos,Nómina,2026-01-18,4.6,4.0,6.1,3.6,5.1,4.68,7.5,6.6,5.3,6.8,6.66,5.5,8.9,7.2,8.0,7.4,7.35,6.8,6.3,7.3,6.4,8.3,6.84
1455,Paola Romero Morales,Ventas,Ventas Nacionales,2025-10-25,4.4,7.3,4.8,6.5,5.7,5.72,5.4,1.9,3.1,4.0,3.72,4.3,3.2,2.4,4.1,1.6,3.21,3.3,4.4,4.4,3.6,5.0,4.03
1456,Mariana Hernández López,Ventas,Ventas Internacionales,2026-02-20,6.8,5.7,6.1,7.1,9.0,6.76,10.0,10.0,8.5,8.0,9.2,6.8,9.7,9.2,7.4,9.6,8.52,6.5,7.9,9.1,6.6,6.5,7.39
1457,Camila Rodríguez Morales,Ventas,Ventas Nacionales,2026-08-23,10.0,7.9,8.0,8.0,8.3,8.52,7.4,8.0,8.1,10.0,8.34,6.7,7.1,4.7,6.9,9.5,6.85,8.1,7.7,7.4,7.4,8.4,7.75
1458,Luis González Ortiz,Finanzas,Auditoría Interna,2026-07-04,7.9,7.0,6.3,8.0,6.5,7.16,7.5,10.0,7.2,7.8,8.14,8.8,8.7,8.7,7.6,7.6,8.4,9.1,7.5,9.3,8.3,8.7,8.54
1459,Miguel Morales Sánchez,Operaciones,Logística,2026-08-05,8.8,8.9,9.7,8.4,10.0,9.12,9.0,7.1,6.6,6.9,7.52,10.0,6.9,7.5,8.7,10.0,8.53,10.0,7.9,8.0,7.1,8.8,8.38
1460,Sofía Hernández Castillo,Tecnología,Infraestructura,2025-12-13,6.4,6.0,5.1,5.8,5.2,5.77,5.7,5.0,4.5,3.1,4.64,5.4,4.6,6.5,5.3,5.6,5.44,4.8,3.8,5.2,5.3,4.9,4.74
1461,Raúl López Ramírez,Ventas,Ventas Internacionales,2025-12-05,8.1,7.7,8.3,7.5,7.4,7.85,8.7,7.0,8.9,9.5,8.52,5.3,9.1,4.9,7.3,6.6,6.66,7.4,8.4,6.2,6.4,8.1,7.28
1462,Andrea Ramírez Torres,Marketing,Investigación de Mercado,2026-03-25,8.6,10.0,8.1,5.9,10.0,8.66,8.2,5.1,7.4,9.3,7.54,6.4,9.4,8.4,7.9,7.8,7.99,9.5,9.4,8.3,7.9,7.7,8.74
1463,Sofía Martínez Sánchez,Tecnología,Soporte Técnico,2025-12-17,0.0,3.5,2.5,2.2,2.8,2.12,3.0,4.7,2.1,4.2,3.54,4.9,3.5,4.3,2.6,3.0,3.8,3.9,5.1,5.0,3.3,3.3,4.24
1464,Alejandro Hernández Ortiz,Marketing,Marketing Digital,2026-02-18,2.3,1.9,6.0,3.9,4.2,3.46,5.2,4.8,4.6,4.9,4.9,5.8,2.0,3.9,3.1,5.0,3.94,3.8,2.3,2.6,2.2,4.8,2.96
1465,María Martínez Rodríguez,Tecnología,Desarrollo,2025-12-11,5.9,5.9,6.0,6.5,5.5,5.95,7.3,6.1,4.3,5.4,5.93,9.1,8.1,7.1,7.9,7.0,7.95,6.6,6.0,6.5,4.6,7.0,6.07
1466,Diego Pérez Pérez,Finanzas,Auditoría Interna,2026-01-05,7.9,7.2,6.6,7.3,10.0,7.69,8.4,4.4,7.7,8.4,7.26,7.9,7.3,8.9,6.4,8.5,7.82,6.7,5.6,8.6,8.5,7.5,7.24
1467,José Jiménez Ramírez,Marketing,Comunicación de Marca,2026-03-25,3.7,4.8,4.4,6.6,5.3,4.79,4.1,4.8,6.0,6.7,5.3,4.8,6.5,4.1,4.6,5.2,5.12,5.9,5.5,6.9,6.3,4.8,5.97
1468,Ana Ramírez Castillo,Tecnología,Infraestructura,2026-01-12,8.4,10.0,8.9,6.7,8.7,8.69,5.9,7.3,6.7,5.8,6.38,8.1,5.9,7.6,8.1,9.2,7.61,6.3,5.1,7.2,6.1,4.5,5.96
1469,Sofía Gómez Pérez,Finanzas,Tesorería,2026-05-14,6.8,6.8,7.8,6.9,5.9,6.88,4.6,3.6,3.0,3.4,3.73,5.8,6.4,4.8,7.1,4.7,5.78,4.9,4.1,5.5,3.3,7.1,4.72
1470,Laura Pérez Sánchez,Finanzas,Contabilidad,2025-12-08,10.0,9.7,7.4,9.5,9.2,9.21,8.8,7.8,9.3,8.0,8.45,10.0,7.7,9.0,8.6,6.4,8.48,7.3,7.6,5.5,6.6,7.7,6.91
1471,Ana Morales Sánchez,Ventas,Ventas Internacionales,2025-10-09,6.8,6.9,4.6,4.0,5.6,5.78,7.9,6.2,6.9,7.8,7.25,5.9,4.2,4.7,4.1,3.9,4.66,5.4,5.7,4.5,6.4,8.7,5.82
1472,Francisco Flores Cruz,Ventas,Ventas Internacionales,2026-06-24,10.0,8.2,8.9,9.8,9.5,9.22,8.1,7.2,8.7,9.4,8.32,10.0,10.0,10.0,10.0,10.0,10.0,10.0,7.7,10.0,8.6,9.2,9.06
1473,Paola Hernández Torres,Finanzas,Tesorería,2026-01-07,4.7,4.8,4.6,4.5,4.0,4.57,1.1,2.9,4.0,4.4,2.96,2.5,4.7,2.3,2.0,2.6,2.95,4.8,4.0,4.8,2.4,5.0,4.14
1474,Juan Torres Romero,Finanzas,Tesorería,2026-07-29,8.8,8.7,8.9,8.0,8.9,8.69,9.2,5.3,7.5,7.9,7.56,7.3,9.2,8.4,10.0,8.4,8.56,5.9,7.6,7.3,5.7,5.6,6.53
1475,Gabriela Flores Sánchez,Marketing,Comunicación de Marca,2026-04-23,5.3,5.1,7.7,5.4,4.9,5.68,7.5,6.7,5.9,4.4,6.2,6.3,6.7,6.5,6.8,7.1,6.64,5.1,7.9,6.6,5.5,8.6,6.53
1476,Pedro Pérez Flores,Tecnología,Soporte Técnico,2026-01-06,9.3,7.1,7.3,7.3,7.5,7.78,8.7,8.7,9.9,9.2,9.07,4.7,6.8,7.4,6.4,6.1,6.23,6.4,8.2,8.9,9.9,8.9,8.3
1477,Gabriela Castillo Castillo,Tecnología,Desarrollo,2026-05-29,6.6,8.1,8.1,8.8,6.0,7.52,7.5,8.7,7.1,9.3,8.17,8.3,9.9,8.3,8.5,7.6,8.63,7.9,9.7,9.4,8.0,9.1,8.79
1478,Juan Gómez López,Recursos Humanos,Nómina,2026-06-13,5.3,6.0,6.2,5.7,5.8,5.79,4.4,6.0,5.8,4.1,5.01,4.7,4.7,3.6,2.8,3.8,4.06,4.4,6.4,6.1,5.7,6.7,5.73
1479,Alejandro Castillo Jiménez,Recursos Humanos,Capacitación,2026-04-20,8.9,8.4,9.1,9.0,7.6,8.64,10.0,9.1,8.1,9.2,9.2,7.4,5.8,8.3,8.2,8.2,7.42,8.6,9.0,8.2,9.7,7.4,8.72
1480,Raúl Sánchez Sánchez,Operaciones,Producción,2026-07-28,7.6,5.8,5.3,6.1,8.4,6.58,6.5,3.0,5.1,3.5,4.6,6.5,6.9,4.8,5.8,5.1,5.94,6.3,7.5,6.8,7.5,8.3,7.14
1481,Daniela Ramírez Jiménez,Finanzas,Tesorería,2026-01-22,7.7,8.3,7.6,8.5,7.7,7.95,8.2,8.4,9.0,8.4,8.46,9.8,8.9,9.0,10.0,8.1,9.19,7.8,9.5,9.5,10.0,8.1,9.04
1482,Ricardo Torres Cruz,Ventas,Atención a Clientes,2026-07-22,9.0,7.6,7.4,7.6,9.3,8.17,10.0,7.0,9.8,10.0,9.21,9.7,9.5,9.6,9.8,9.0,9.54,9.6,8.7,8.1,10.0,9.1,9.1
1483,Miguel Hernández Morales,Ventas,Atención a Clientes,2026-05-09,6.3,8.2,8.4,7.7,7.8,7.63,3.7,7.0,5.6,4.9,5.2,5.3,6.8,2.9,5.5,3.7,4.98,5.1,7.2,7.7,6.7,6.7,6.62
1484,Camila Gómez Pérez,Finanzas,Auditoría Interna,2026-05-16,4.8,4.1,2.7,4.4,3.5,3.95,3.1,3.3,2.2,2.6,2.84,3.2,2.8,3.9,1.0,3.1,2.9,2.0,3.2,0.5,0.2,2.7,1.71
1485,Paola Torres Reyes,Marketing,Investigación de Mercado,2025-09-19,9.6,10.0,10.0,10.0,9.7,9.86,7.7,9.2,9.1,10.0,8.93,9.6,9.3,10.0,10.0,10.0,9.72,6.9,6.3,7.2,9.7,6.3,7.31
1486,José Morales García,Finanzas,Contabilidad,2025-09-10,8.8,6.0,8.8,7.8,7.8,7.8,7.0,8.5,6.0,7.6,7.32,9.9,7.5,7.6,9.0,6.4,8.18,9.5,8.6,8.0,9.0,7.3,8.65
1487,Ana Jiménez López,Marketing,Investigación de Mercado,2026-08-10,4.5,4.4,3.4,2.6,5.8,4.16,7.2,5.1,6.6,6.5,6.38,4.0,5.3,5.1,6.2,3.3,4.77,4.3,4.6,3.6,4.2,5.5,4.34
1488,Daniela Morales Jiménez,Operaciones,Control de Calidad,2026-07-12,6.9,7.6,8.5,6.0,10.0,7.72,10.0,9.3,9.5,9.4,9.58,6.9,6.9,6.8,7.5,7.2,7.02,8.1,7.7,8.8,9.5,6.7,8.28
1489,Ricardo Martínez Vázquez,Ventas,Atención a Clientes,2025-12-14,5.5,5.0,3.6,5.3,4.3,4.78,6.1,6.0,4.3,5.2,5.49,5.5,3.4,7.1,3.8,3.7,4.77,6.7,5.9,4.9,3.2,3.1,5.08
1490,Raúl Gómez Torres,Finanzas,Auditoría Interna,2026-05-22,7.2,6.8,6.0,7.1,5.8,6.64,3.1,7.0,5.0,4.3,4.76,3.9,4.5,7.2,6.1,2.7,4.86,2.9,3.8,4.8,4.3,3.1,3.8
1491,Fernanda Gómez Flores,Operaciones,Control de Calidad,2026-01-15,5.2,6.4,6.4,5.6,5.7,5.88,7.7,8.1,5.3,8.5,7.52,8.5,6.9,9.4,7.4,5.4,7.65,8.7,6.8,7.3,4.9,7.3,7.04
1492,Ana Gómez Sánchez,Marketing,Investigación de Mercado,2025-10-06,0.8,0.5,2.6,1.7,2.0,1.4,2.1,2.2,4.8,2.6,2.79,3.4,6.2,6.7,4.4,5.4,5.21,3.6,4.3,2.2,3.0,2.2,3.24
1493,Raúl Ramírez Gómez,Operaciones,Logística,2026-07-10,5.2,5.4,3.8,3.7,6.6,4.96,4.5,4.3,3.2,6.4,4.66,6.1,3.8,5.1,5.8,5.3,5.16,5.2,7.0,5.6,5.4,6.6,5.91
1494,Andrea Flores Pérez,Ventas,Ventas Internacionales,2025-09-21,5.3,5.4,7.4,5.8,6.3,5.97,7.0,6.6,6.9,7.5,7.0,8.4,8.4,6.0,4.9,8.4,7.4,5.8,4.5,4.2,4.4,6.6,4.96
1495,Mariana Martínez Flores,Recursos Humanos,Reclutamiento,2026-08-19,4.8,3.8,3.0,2.0,1.3,3.24,0.6,0.6,0.5,1.9,0.9,1.5,0.6,6.0,2.0,3.6,2.56,3.7,3.5,4.3,3.2,1.5,3.45
1496,Jorge Rodríguez Pérez,Ventas,Atención a Clientes,2026-06-16,6.6,4.4,6.3,5.2,5.1,5.56,3.6,4.2,6.1,2.7,4.02,6.5,5.6,5.5,5.8,7.5,6.12,5.4,8.2,7.7,5.7,7.5,6.83
1497,Roberto Ramírez Hernández,Operaciones,Control de Calidad,2026-03-06,8.5,7.4,8.1,6.8,7.8,7.78,8.3,6.8,5.7,7.8,7.28,7.9,5.7,6.0,7.6,7.2,6.82,7.5,7.7,7.9,7.5,8.3,7.71
1498,Laura Jiménez Pérez,Operaciones,Producción,2025-10-21,8.6,8.6,7.0,8.0,8.2,8.13,10.0,8.6,10.0,8.5,9.28,6.7,5.3,7.6,7.0,6.3,6.52,8.8,8.4,9.2,9.8,8.8,8.98
1499,Miguel Reyes Sánchez,Ventas,Ventas Internacionales,2026-02-17,9.4,7.4,6.7,6.9,6.8,7.6,8.0,8.0,7.7,6.3,7.52,9.5,9.5,6.8,8.7,8.8,8.74,6.3,7.3,7.6,6.3,9.1,7.09
1500,Jorge González Sánchez,Ventas,Ventas Nacionales,2026-07-19,7.6,6.3,5.4,6.3,6.3,6.44,5.1,8.3,6.4,7.1,6.66,6.6,7.6,7.1,4.9,4.4,6.36,7.7,4.7,7.2,7.6,7.8,6.84
1501,Valeria Rodríguez Romero,Tecnología,Desarrollo,2026-06-09,7.2,7.9,8.0,8.2,6.3,7.55,9.0,7.8,9.5,8.2,8.6,7.7,7.9,6.9,6.8,8.9,7.64,8.8,5.9,7.3,10.0,8.2,7.96
1502,Gabriela García Ramírez,Operaciones,Logística,2025-12-04,6.0,6.5,4.2,2.4,4.9,5.06,4.6,3.5,5.3,5.6,4.72,5.7,5.1,5.9,7.5,6.9,6.04,5.1,5.9,4.4,4.8,4.8,5.07
1503,Miguel Morales Pérez,Ventas,Ventas Nacionales,2026-02-15,3.0,4.3,3.8,3.2,3.6,3.6,4.5,3.5,3.1,3.1,3.62,5.5,3.2,3.1,4.9,2.8,3.95,3.2,5.1,3.7,1.1,3.6,3.4
1504,Ximena Pérez Rodríguez,Ventas,Ventas Nacionales,2026-09-03,8.0,8.4,10.0,8.1,9.7,8.77,7.7,6.7,6.5,6.3,6.86,3.4,6.0,5.2,8.0,6.3,5.54,7.3,8.9,6.2,7.5,7.1,7.5
1505,Ana Castillo Castillo,Recursos Humanos,Nómina,2026-03-08,3.4,4.6,4.8,5.8,5.7,4.69,4.2,7.9,5.7,6.4,5.98,5.5,7.0,6.7,7.5,7.9,6.78,4.9,7.7,5.7,5.2,6.5,5.98
1506,Sergio Ramírez Martínez,Recursos Humanos,Nómina,2026-04-12,8.2,8.4,9.5,8.2,7.8,8.45,7.9,9.2,7.5,7.9,8.14,7.1,7.9,8.9,9.7,8.1,8.2,8.3,7.8,7.5,9.6,9.4,8.38
1507,Valeria Cruz Romero,Tecnología,Soporte Técnico,2026-09-07,3.0,2.2,3.2,4.3,3.1,3.05,4.5,5.3,4.7,3.5,4.49,6.7,5.7,5.3,7.1,5.9,6.11,6.8,4.8,4.2,3.6,5.3,4.99
1508,Valeria Rodríguez Romero,Finanzas,Contabilidad,2026-06-09,2.4,4.2,0.5,1.4,0.8,2.08,3.4,4.6,3.6,2.2,3.44,2.6,3.8,3.4,4.8,1.5,3.22,0.5,2.4,4.9,3.5,3.4,2.74
1509,Sergio Flores García,Ventas,Atención a Clientes,2025-10-01,5.8,4.3,6.2,6.4,5.8,5.6,4.8,3.8,6.5,5.9,5.16,4.5,7.2,6.5,7.1,5.9,6.17,4.5,4.5,6.2,5.3,4.7,5.02
1510,Juan Cruz Morales,Recursos Humanos,Capacitación,2025-12-25,4.9,4.6,6.8,7.8,5.3,5.7,4.0,2.3,2.8,4.0,3.34,7.0,5.2,5.6,3.7,8.1,5.94,1.6,3.3,2.7,2.2,2.9,2.5
1511,María López Torres,Recursos Humanos,Capacitación,2026-08-13,5.2,3.4,5.9,5.2,5.2,4.89,5.7,5.9,8.2,7.8,6.78,6.8,5.1,5.2,5.4,6.3,5.77,7.1,7.4,7.2,7.4,9.8,7.53
1512,Gabriela García Rodríguez,Marketing,Investigación de Mercado,2026-09-02,3.9,3.0,2.8,2.6,2.3,3.02,3.2,4.7,2.2,2.6,3.22,2.2,3.0,2.3,2.9,0.0,2.19,1.6,2.3,2.9,2.8,3.7,2.48
1513,Juan Torres Ortiz,Tecnología,Soporte Técnico,2026-05-04,5.2,5.9,6.4,7.0,8.0,6.31,5.6,7.1,5.2,4.4,5.6,6.8,3.5,6.3,3.4,5.6,5.18,5.3,4.8,4.8,5.9,3.0,4.96
1514,Pedro Morales Reyes,Recursos Humanos,Nómina,2026-03-22,6.9,6.7,5.4,5.3,5.6,6.12,7.5,7.4,6.4,6.0,6.88,7.3,6.8,6.7,8.1,7.1,7.14,9.2,8.8,6.6,7.8,9.0,8.28
1515,Camila Reyes Cruz,Tecnología,Infraestructura,2026-03-26,3.5,2.2,4.3,2.2,2.4,2.98,2.8,2.4,4.6,2.2,2.91,4.4,1.8,2.7,3.8,5.0,3.41,3.4,3.8,4.3,4.4,3.2,3.86
1516,Gabriela Morales Ortiz,Marketing,Investigación de Mercado,2025-12-27,7.1,7.3,6.2,6.7,4.8,6.56,8.5,7.4,7.3,8.8,8.06,7.8,5.9,6.7,7.9,7.9,7.14,7.8,5.4,6.5,7.1,6.4,6.66
1517,Diego Gómez García,Tecnología,Infraestructura,2026-07-06,5.2,5.8,4.5,3.4,4.7,4.86,7.4,5.0,5.3,6.8,6.23,7.5,5.4,3.9,3.8,5.9,5.46,7.3,5.3,3.2,4.8,4.3,5.18
1518,José Martínez Morales,Recursos Humanos,Nómina,2026-08-21,5.0,6.0,6.2,6.2,4.6,5.61,6.2,6.2,5.7,5.8,6.0,5.3,4.2,4.3,3.5,3.5,4.28,6.8,6.8,5.7,3.9,5.6,5.88
1519,Valeria González Hernández,Ventas,Ventas Nacionales,2026-01-05,5.6,5.2,4.8,5.7,3.7,5.07,6.7,6.1,5.8,5.6,6.09,6.2,6.1,6.0,6.2,6.3,6.15,5.2,5.0,7.4,5.2,3.2,5.39
1520,Pedro Vázquez Reyes,Tecnología,Infraestructura,2025-10-15,7.7,7.3,8.6,5.4,6.8,7.3,6.3,6.4,4.4,7.0,6.12,6.7,5.7,4.1,5.5,4.6,5.44,4.7,5.2,6.5,4.9,5.9,5.35
1521,Paola Cruz García,Tecnología,Soporte Técnico,2026-07-08,7.6,7.4,9.0,8.6,9.7,8.3,6.6,9.0,7.2,9.2,7.97,10.0,10.0,6.7,9.0,9.3,9.08,8.6,7.3,10.0,9.5,7.2,8.6
1522,Laura Gómez Sánchez,Operaciones,Logística,2026-04-29,2.1,2.4,2.7,3.3,4.6,2.85,3.5,4.3,4.3,1.2,3.28,4.3,3.7,4.5,5.7,5.7,4.61,3.4,4.8,3.0,2.6,0.8,3.25
1523,Valeria Torres Sánchez,Ventas,Atención a Clientes,2026-01-22,7.7,8.2,6.4,9.3,6.2,7.58,9.1,9.4,7.5,10.0,9.08,10.0,8.7,8.6,10.0,9.0,9.24,8.6,7.3,8.6,8.7,10.0,8.43
1524,Laura Jiménez Martínez,Ventas,Atención a Clientes,2026-07-09,4.9,3.7,3.4,5.5,4.1,4.27,3.7,4.3,4.0,2.9,3.71,2.9,3.4,1.7,5.2,3.7,3.25,5.3,3.5,3.3,4.1,3.1,3.99
1525,Paola Gómez Torres,Recursos Humanos,Capacitación,2025-10-29,9.1,8.5,10.0,8.9,8.4,9.0,6.5,7.4,6.1,7.7,6.94,6.1,7.3,6.1,8.3,7.8,6.98,9.5,4.9,6.1,8.2,9.0,7.36
1526,Gabriela Martínez Hernández,Recursos Humanos,Reclutamiento,2026-06-17,7.3,7.7,5.7,7.3,6.6,6.98,6.6,5.2,3.2,6.3,5.5,5.9,5.5,5.7,4.7,6.0,5.6,7.7,9.1,5.6,7.5,6.3,7.45
1527,Sofía Pérez Hernández,Operaciones,Control de Calidad,2026-02-25,4.6,3.7,5.1,3.8,6.0,4.56,3.1,4.7,4.9,2.8,3.78,3.3,6.1,4.6,4.5,2.3,4.29,3.5,2.7,4.5,2.2,3.8,3.27
1528,Ximena Hernández Torres,Finanzas,Auditoría Interna,2026-05-07,2.3,1.9,1.1,2.9,1.3,1.9,4.0,2.2,2.7,1.3,2.62,1.0,4.0,2.8,3.7,3.0,2.82,2.0,3.2,2.4,1.7,3.0,2.42
1529,Alejandro Reyes González,Finanzas,Contabilidad,2026-01-07,3.6,3.3,2.4,3.4,2.7,3.12,1.4,0.6,1.5,0.0,0.87,2.4,4.1,3.8,4.7,0.0,3.09,1.4,2.3,1.8,2.3,1.6,1.9
1530,Miguel Reyes Pérez,Tecnología,Soporte Técnico,2026-06-27,0.7,2.1,1.9,1.0,1.4,1.44,2.2,3.2,2.7,2.3,2.58,5.8,3.6,3.9,3.4,3.5,4.16,4.5,2.4,5.1,4.9,3.8,4.11
1531,Valeria García Martínez,Tecnología,Desarrollo,2026-08-03,6.0,7.4,8.6,6.9,7.2,7.18,6.3,5.9,4.4,4.9,5.47,3.4,5.5,4.1,6.1,6.4,4.92,6.0,7.3,8.7,5.0,8.7,6.94
1532,Francisco Reyes García,Finanzas,Contabilidad,2026-03-05,4.1,4.1,2.7,4.0,1.1,3.36,4.4,6.2,5.1,5.7,5.32,5.5,1.7,3.9,4.0,5.0,3.93,4.4,4.2,5.1,4.8,5.4,4.67
1533,Camila García Romero,Tecnología,Soporte Técnico,2025-10-27,7.3,9.9,6.9,7.3,7.3,7.87,7.4,8.4,6.6,6.6,7.29,7.1,7.4,5.1,8.0,7.8,7.02,9.0,10.0,7.9,10.0,9.2,9.25
1534,Francisco Romero Castillo,Finanzas,Contabilidad,2026-01-19,8.1,8.5,9.0,7.9,6.1,8.05,8.9,8.8,9.1,8.5,8.82,8.4,8.8,10.0,8.0,9.5,8.93,7.9,10.0,7.4,7.1,7.8,8.15
1535,Miguel Vázquez González,Finanzas,Tesorería,2025-12-06,4.9,7.3,8.2,6.5,6.4,6.62,6.0,7.7,6.2,6.6,6.62,5.5,6.1,5.9,5.7,7.1,6.0,6.1,7.8,5.9,8.7,7.7,7.16
1536,Paola González Flores,Marketing,Investigación de Mercado,2026-04-02,1.8,3.0,3.5,4.0,5.3,3.3,2.7,3.7,2.3,3.6,3.1,3.3,4.2,5.6,4.6,2.2,4.01,5.4,2.9,2.6,3.0,3.4,3.54
1537,Pedro Cruz Martínez,Tecnología,Soporte Técnico,2026-07-18,7.5,7.8,7.4,6.0,7.6,7.34,5.7,4.7,4.8,4.9,5.07,6.3,5.2,6.2,7.6,5.9,6.14,4.2,5.4,7.0,5.2,5.3,5.37
1538,Daniela Vázquez Rodríguez,Recursos Humanos,Nómina,2026-04-05,8.4,9.1,8.3,7.9,7.9,8.41,7.9,8.6,9.2,8.9,8.58,8.5,9.0,7.6,9.3,7.9,8.48,10.0,6.9,7.5,9.4,8.4,8.44
1539,Andrea Cruz Pérez,Recursos Humanos,Reclutamiento,2025-09-12,5.2,5.3,4.5,6.7,5.5,5.36,7.4,6.2,8.5,5.7,6.9,8.8,7.0,7.0,8.9,7.7,7.84,6.5,5.0,6.8,7.1,7.9,6.44
1540,Alejandro Reyes Gómez,Operaciones,Control de Calidad,2025-11-26,5.0,5.9,3.6,5.8,3.9,4.9,5.0,3.8,5.2,3.7,4.42,3.9,3.9,5.6,4.7,4.3,4.42,2.8,2.8,4.0,4.8,5.6,3.72
1541,Karla Romero Ortiz,Finanzas,Contabilidad,2025-12-25,7.0,8.0,7.1,8.5,9.5,7.87,10.0,10.0,6.4,9.1,9.06,7.5,9.0,10.0,8.4,8.9,8.72,9.4,9.1,7.9,10.0,9.2,9.12
1542,Juan Ramírez Ramírez,Operaciones,Logística,2026-05-21,6.8,5.8,5.8,4.3,3.1,5.42,7.6,7.8,5.9,7.6,7.31,6.9,4.5,6.5,5.9,6.1,5.95,6.4,6.1,5.1,5.3,6.4,5.85
1543,María Hernández Vázquez,Operaciones,Producción,2026-02-01,6.6,9.1,6.6,7.8,7.5,7.54,5.7,7.8,7.0,6.7,6.74,6.3,7.4,7.0,6.5,7.2,6.88,7.2,7.3,5.9,4.2,7.4,6.38
1544,Daniela López Pérez,Ventas,Ventas Nacionales,2026-01-23,7.2,7.3,7.5,7.5,6.4,7.21,8.2,8.9,9.1,8.0,8.5,5.9,4.8,5.8,6.5,6.4,5.77,9.6,9.8,8.0,10.0,6.9,9.14
1545,Sofía Hernández López,Marketing,Marketing Digital,2026-01-12,9.2,9.9,9.7,8.8,8.7,9.34,9.3,9.5,10.0,9.5,9.54,8.4,9.4,10.0,9.1,7.7,8.97,9.2,8.9,8.6,10.0,8.4,9.09
1546,Gabriela Ortiz Flores,Finanzas,Tesorería,2025-10-17,7.3,6.5,6.5,6.3,9.0,7.04,5.6,4.6,6.0,7.2,5.83,8.0,5.6,7.7,8.0,7.3,7.24,7.2,8.2,7.3,5.2,5.0,6.85
1547,Karla Castillo Ortiz,Recursos Humanos,Nómina,2026-01-02,6.2,7.9,7.7,6.6,5.0,6.81,8.0,6.9,10.0,2.8,6.82,8.1,6.2,6.4,6.1,6.9,6.81,6.8,7.9,6.3,7.6,6.6,7.12
1548,María Romero Martínez,Recursos Humanos,Capacitación,2026-06-19,6.6,6.3,5.6,8.0,5.4,6.36,5.5,4.9,4.3,8.1,5.76,6.1,5.7,7.3,5.7,7.3,6.36,5.6,5.9,5.4,6.8,4.8,5.8
1549,María Cruz Torres,Finanzas,Auditoría Interna,2026-06-19,3.7,2.4,4.0,2.7,4.2,3.36,2.3,3.6,4.5,2.9,3.22,1.2,2.4,3.5,3.2,1.1,2.24,2.5,3.0,0.7,1.6,1.9,2.02
1550,Juan Pérez Pérez,Marketing,Marketing Digital,2026-01-24,3.8,4.9,5.5,3.9,4.5,4.54,5.3,4.8,5.2,1.8,4.28,4.8,5.9,5.0,4.2,5.3,5.1,6.1,4.3,4.2,5.9,4.8,5.1
1551,Fernanda Romero Sánchez,Tecnología,Desarrollo,2025-10-26,5.0,6.1,4.7,5.5,5.6,5.38,4.3,7.4,8.9,9.1,7.2,6.0,6.8,5.5,7.7,4.0,6.06,6.2,4.2,5.1,5.3,5.4,5.22
1552,Laura López Hernández,Operaciones,Producción,2025-09-26,4.5,6.0,6.2,4.1,4.2,5.11,5.7,6.4,4.5,3.5,5.08,7.1,8.3,4.5,6.7,6.2,6.68,4.3,7.3,5.3,4.8,5.7,5.49
1553,Ana Morales Cruz,Finanzas,Auditoría Interna,2026-01-28,9.5,7.8,6.7,7.5,7.9,7.98,9.7,6.3,9.8,5.7,7.87,4.7,7.2,9.3,8.2,8.9,7.4,9.9,7.6,8.2,9.0,8.2,8.64
1554,Paola Ortiz Morales,Operaciones,Control de Calidad,2026-02-26,9.5,10.0,10.0,10.0,9.1,9.74,10.0,9.1,10.0,8.3,9.35,9.0,8.8,8.1,7.6,9.1,8.57,10.0,9.2,9.6,10.0,7.5,9.47
1555,Luis Ramírez Sánchez,Finanzas,Contabilidad,2025-11-14,10.0,8.3,9.0,6.5,7.8,8.52,9.8,8.8,8.2,8.2,8.83,9.1,8.2,7.0,8.2,10.0,8.45,7.4,8.1,8.8,6.5,7.4,7.68
1556,Mariana Sánchez López,Recursos Humanos,Capacitación,2025-09-16,1.6,2.2,0.0,3.2,0.2,1.46,2.5,4.2,2.9,5.2,3.68,4.3,2.2,5.1,4.3,4.1,3.9,1.4,1.8,1.2,2.2,3.5,1.83
1557,Francisco Cruz Martínez,Recursos Humanos,Capacitación,2026-08-28,5.1,3.6,2.4,6.2,3.9,4.17,1.9,2.7,5.6,2.9,3.09,5.2,2.1,4.7,3.7,3.4,3.83,2.4,6.7,3.8,4.6,2.6,4.22
1558,Valeria González Gómez,Finanzas,Auditoría Interna,2026-05-17,6.9,8.8,6.0,6.7,5.8,7.0,5.5,5.5,5.1,5.2,5.34,7.5,5.2,3.9,4.5,7.7,5.78,6.0,6.4,4.8,7.5,5.7,6.13
1559,Mariana Ramírez Morales,Recursos Humanos,Reclutamiento,2026-05-09,7.0,6.0,7.3,5.5,5.9,6.42,4.5,3.8,5.7,4.2,4.49,5.3,4.9,6.3,6.1,7.8,5.9,5.0,6.7,7.3,5.9,8.2,6.38
1560,Andrea Jiménez Martínez,Marketing,Investigación de Mercado,2026-02-14,1.9,3.2,3.3,4.8,4.2,3.28,2.9,1.9,5.4,3.4,3.28,5.2,3.9,2.2,4.7,5.1,4.18,4.0,3.5,4.9,3.0,4.7,3.92
1561,Daniela Hernández Jiménez,Tecnología,Infraestructura,2026-05-23,5.7,7.6,7.3,7.8,6.9,6.99,5.7,7.5,7.3,9.1,7.32,6.5,6.9,7.7,8.0,7.8,7.26,8.5,8.6,8.4,7.5,9.2,8.38
1562,José Rodríguez Torres,Operaciones,Producción,2026-05-17,7.9,6.5,6.8,6.2,6.6,6.88,6.8,6.7,5.6,7.0,6.58,6.2,6.3,7.2,9.3,6.0,6.86,6.4,5.3,5.2,5.4,6.7,5.72
1563,Raúl Pérez García,Ventas,Atención a Clientes,2026-08-30,5.2,4.3,1.8,2.9,5.8,4.04,3.3,2.0,4.4,1.8,2.82,3.8,3.1,3.8,2.5,3.8,3.43,1.5,1.5,4.2,1.8,2.6,2.21
1564,Francisco García Martínez,Tecnología,Soporte Técnico,2026-09-06,9.6,8.3,7.9,6.5,7.4,8.14,5.8,5.1,6.1,6.1,5.76,6.3,5.8,6.0,8.4,6.4,6.44,4.3,7.2,5.7,8.0,4.4,6.06
1565,Ximena Gómez Torres,Operaciones,Producción,2026-03-27,4.9,6.7,8.0,6.8,6.0,6.42,8.1,8.4,6.7,5.3,7.19,5.6,7.5,5.2,7.5,7.9,6.62,6.9,4.8,6.4,5.3,6.2,5.89
1566,Mariana Martínez Martínez,Operaciones,Logística,2025-09-08,8.0,7.7,8.4,8.5,6.3,7.83,7.6,8.1,3.6,7.3,6.85,4.6,3.3,7.2,5.7,5.0,5.02,9.3,5.4,6.0,7.3,8.8,7.22
1567,Miguel García Gómez,Ventas,Atención a Clientes,2026-05-23,2.1,2.9,2.7,3.5,3.0,2.76,1.3,3.5,5.2,3.9,3.28,5.1,4.6,6.0,6.9,5.3,5.46,4.6,2.3,3.4,3.0,3.3,3.34
1568,José Rodríguez Gómez,Tecnología,Desarrollo,2026-06-12,4.8,5.1,4.6,6.1,6.5,5.28,6.9,5.1,5.7,6.6,6.14,6.5,6.3,6.3,7.9,7.4,6.76,5.8,8.5,5.6,5.9,5.3,6.4
1569,Francisco González Flores,Tecnología,Infraestructura,2026-06-03,8.0,8.6,7.3,8.2,7.9,8.02,8.1,8.0,9.1,8.9,8.48,9.1,9.1,9.0,8.4,7.6,8.75,8.3,8.8,7.4,9.7,7.4,8.44
1570,Andrea Vázquez Cruz,Ventas,Atención a Clientes,2025-09-17,5.2,4.8,3.6,5.7,4.8,4.8,0.7,3.8,3.4,5.2,3.14,4.8,4.8,3.6,3.8,4.3,4.34,3.8,6.2,3.9,3.7,2.6,4.28
1571,Sofía Vázquez Gómez,Tecnología,Soporte Técnico,2026-01-08,4.5,6.5,7.7,5.0,4.5,5.72,6.1,4.4,6.4,4.5,5.34,4.9,4.9,4.3,3.8,5.8,4.75,5.2,4.5,5.4,4.7,4.3,4.88
1572,Paola García Rodríguez,Marketing,Comunicación de Marca,2026-01-12,9.0,7.9,8.9,10.0,8.5,8.78,9.0,7.1,10.0,8.9,8.7,10.0,6.9,9.1,9.4,8.9,8.79,8.7,9.4,10.0,6.9,9.2,8.82
1573,Pedro Romero Cruz,Ventas,Atención a Clientes,2026-06-30,8.8,9.5,8.8,7.1,6.4,8.36,7.9,10.0,8.5,10.0,9.07,10.0,8.4,9.6,8.0,9.1,9.08,9.0,9.6,8.9,7.9,8.6,8.87
1574,Luis Morales Ortiz,Operaciones,Control de Calidad,2025-10-13,5.1,3.7,4.8,4.3,4.1,4.42,3.3,3.1,2.4,2.7,2.92,3.7,3.6,1.3,0.9,3.4,2.73,3.2,2.5,4.4,3.4,4.0,3.38
1575,Raúl Martínez Pérez,Operaciones,Logística,2026-06-28,9.1,8.5,8.5,10.0,8.4,8.86,8.5,10.0,9.0,8.2,8.9,6.8,7.6,7.5,6.6,6.2,7.02,8.3,7.0,6.4,6.6,6.3,7.06
1576,Paola Martínez Gómez,Finanzas,Contabilidad,2025-09-19,6.3,4.6,4.7,6.9,7.3,5.79,5.5,5.0,6.5,7.8,6.15,7.8,5.3,8.0,7.3,8.2,7.2,7.4,6.5,8.2,4.5,4.7,6.48
1577,Ana Jiménez Castillo,Ventas,Ventas Nacionales,2025-09-25,3.2,3.9,3.9,4.1,3.4,3.68,1.4,5.2,3.7,3.5,3.34,4.4,1.3,2.1,4.1,1.7,2.72,4.5,3.1,2.1,2.4,4.0,3.2
1578,Valeria Vázquez Pérez,Operaciones,Logística,2026-02-12,2.7,2.3,2.2,3.7,2.5,2.62,3.3,3.4,3.9,5.6,4.02,2.3,4.5,2.9,4.9,3.0,3.46,2.7,3.4,4.2,5.0,4.2,3.78
1579,Mariana Cruz Martínez,Recursos Humanos,Nómina,2025-10-26,6.9,6.8,7.0,6.4,7.9,6.97,5.4,5.8,6.8,5.8,5.88,5.9,6.4,7.1,5.8,7.1,6.43,6.5,7.8,5.5,9.1,6.6,7.16
1580,Jorge Sánchez Rodríguez,Marketing,Marketing Digital,2025-09-08,4.1,5.6,4.1,5.1,5.6,4.85,2.8,2.4,2.0,2.5,2.46,2.1,1.0,1.0,3.5,1.7,1.76,3.5,0.9,2.8,1.4,2.1,2.15
1581,Sofía Flores Cruz,Finanzas,Contabilidad,2026-02-08,7.4,6.9,6.8,6.7,7.4,7.05,6.0,9.9,7.4,5.7,7.18,7.3,6.8,6.8,10.0,8.4,7.64,7.3,8.6,8.6,6.6,6.6,7.68
1582,Daniela Jiménez Sánchez,Recursos Humanos,Nómina,2025-12-01,6.4,5.3,7.1,5.9,7.5,6.36,7.7,8.7,8.7,9.6,8.62,8.0,8.0,6.5,9.2,9.0,8.03,7.5,8.6,10.0,10.0,6.7,8.7
1583,Gabriela Pérez Gómez,Finanzas,Contabilidad,2026-02-04,3.0,5.5,4.6,3.8,3.2,4.1,5.1,5.2,4.5,4.2,4.78,2.0,1.5,2.9,2.5,3.5,2.36,4.7,3.1,2.2,2.8,3.1,3.26
1584,Jorge García López,Finanzas,Auditoría Interna,2026-02-28,6.2,6.2,4.7,5.7,6.3,5.84,7.1,5.3,7.8,5.9,6.49,9.4,8.3,6.8,10.0,5.9,8.17,10.0,10.0,6.3,9.4,9.0,9.04
1585,Sergio Gómez González,Ventas,Atención a Clientes,2026-05-08,7.8,8.5,10.0,8.9,8.1,8.62,8.3,5.7,6.2,7.7,7.08,5.6,8.5,5.2,6.4,7.0,6.57,5.5,6.9,7.8,6.7,5.4,6.54
1586,Alejandro Morales López,Operaciones,Producción,2026-01-11,2.2,2.1,2.0,2.6,2.6,2.26,6.0,5.1,5.1,5.3,5.42,5.5,3.7,5.3,6.0,4.8,4.98,3.0,0.8,4.0,4.4,3.3,2.96
1587,Ricardo Jiménez Romero,Recursos Humanos,Nómina,2026-06-02,7.3,9.3,8.0,7.1,8.5,8.09,5.8,7.2,8.1,6.3,6.74,6.8,7.3,6.4,4.2,7.6,6.57,8.0,10.0,10.0,8.2,8.8,9.02
1588,Mariana Martínez González,Ventas,Atención a Clientes,2026-06-29,8.7,8.3,9.2,10.0,9.9,9.07,9.3,9.7,8.8,9.5,9.35,9.6,7.2,8.8,7.8,9.1,8.5,8.4,8.7,7.5,8.7,8.0,8.32
1589,Ricardo Hernández Morales,Operaciones,Logística,2026-05-30,6.1,7.9,9.1,7.2,9.7,7.86,7.7,7.7,6.4,9.3,7.84,8.6,9.2,9.0,6.0,10.0,8.65,9.2,7.4,9.5,7.0,6.3,8.08
1590,María López García,Recursos Humanos,Reclutamiento,2026-09-03,4.6,7.3,7.5,5.9,7.1,6.42,5.5,6.1,6.1,5.6,5.8,6.9,6.6,5.9,6.7,6.0,6.46,5.8,6.8,5.9,7.4,6.9,6.5
1591,Miguel Vázquez Hernández,Recursos Humanos,Capacitación,2025-10-02,9.5,7.2,9.3,8.0,6.6,8.22,5.6,9.4,7.0,6.1,6.96,7.0,5.8,6.0,6.1,6.1,6.23,7.3,7.2,6.9,8.8,6.4,7.41
1592,Ximena Pérez García,Operaciones,Producción,2026-06-06,8.1,7.5,10.0,8.1,7.4,8.22,8.0,7.3,7.5,8.3,7.8,6.1,9.0,8.7,8.6,8.1,8.02,10.0,6.2,7.6,6.8,7.7,7.7
1593,Daniela Torres López,Finanzas,Auditoría Interna,2025-11-20,5.1,6.6,6.7,5.2,3.8,5.62,7.3,6.8,5.6,6.8,6.71,6.2,7.6,5.2,6.2,7.5,6.54,5.0,3.9,3.3,5.0,4.3,4.32
1594,Juan Ortiz Morales,Recursos Humanos,Reclutamiento,2026-04-02,7.8,8.4,6.6,8.4,7.9,7.82,6.4,6.7,5.8,7.0,6.5,8.1,5.8,7.4,5.6,6.5,6.77,7.9,7.8,6.5,7.0,6.6,7.28
1595,Daniela Vázquez Ortiz,Ventas,Ventas Nacionales,2026-05-07,3.4,3.0,3.5,2.6,3.9,3.28,5.2,4.8,5.4,3.8,4.79,5.5,5.6,4.6,4.2,6.1,5.24,4.9,5.4,3.6,5.9,4.8,4.96
1596,Jorge Morales García,Marketing,Marketing Digital,2026-06-16,3.5,3.5,3.5,8.7,3.9,4.34,5.4,5.7,5.5,6.2,5.69,7.1,3.2,4.7,5.5,4.1,4.96,5.6,6.0,6.5,6.2,4.0,5.84
1597,Miguel Morales Hernández,Finanzas,Contabilidad,2025-11-12,5.6,6.9,7.9,5.3,5.6,6.34,7.8,6.7,7.3,6.5,7.1,7.2,7.4,5.8,5.9,4.8,6.42,5.8,5.9,4.6,6.2,4.5,5.54
1598,Ximena Romero Pérez,Ventas,Atención a Clientes,2026-03-04,6.3,2.0,6.2,7.5,5.5,5.26,3.8,5.9,4.3,6.4,5.08,2.7,3.2,4.7,2.4,3.5,3.3,4.5,3.0,0.4,2.7,3.0,2.8
1599,Fernanda Hernández Rodríguez,Ventas,Ventas Internacionales,2026-03-27,8.7,10.0,9.6,9.7,8.5,9.32,6.9,6.5,7.5,6.8,6.9,7.3,9.9,9.0,8.6,10.0,8.89,6.5,9.4,7.7,6.3,7.8,7.56
1600,Ana Ramírez Morales,Operaciones,Control de Calidad,2026-01-10,8.0,6.7,4.3,7.7,7.6,6.83,9.5,9.8,9.0,10.0,9.6,10.0,8.1,8.4,8.2,10.0,8.93,8.8,8.8,8.8,7.7,7.4,8.44
1601,Karla Morales González,Finanzas,Contabilidad,2025-11-19,7.6,6.6,4.6,7.3,7.1,6.63,3.5,2.3,4.6,4.7,3.72,6.4,3.4,5.9,4.8,5.9,5.24,7.1,6.3,7.8,6.9,6.5,6.94
1602,Sergio Jiménez Vázquez,Recursos Humanos,Reclutamiento,2026-01-11,4.3,6.6,6.3,5.9,6.5,5.84,3.3,7.3,5.8,5.0,5.22,5.5,5.8,6.7,5.0,5.8,5.78,4.5,5.9,8.2,7.6,7.1,6.47
1603,Paola Gómez Ramírez,Ventas,Atención a Clientes,2026-03-21,3.0,3.7,3.5,4.0,3.4,3.49,3.3,2.3,1.9,3.6,2.84,2.6,3.2,5.3,3.6,3.2,3.53,2.5,2.6,3.2,3.9,1.5,2.84
1604,Sergio González González,Operaciones,Logística,2025-10-16,3.3,1.8,2.9,2.0,4.1,2.77,3.3,3.8,2.2,2.7,3.06,2.6,2.3,3.4,4.0,4.0,3.11,2.5,2.1,1.7,3.9,2.9,2.56
1605,Diego Morales Torres,Finanzas,Contabilidad,2025-10-16,5.8,7.7,7.2,6.6,7.1,6.87,4.7,7.2,6.2,6.5,6.08,5.8,5.7,5.8,6.3,4.3,5.62,6.0,4.6,5.7,5.8,4.5,5.4
1606,Miguel Gómez Sánchez,Marketing,Investigación de Mercado,2025-09-20,6.2,0.9,5.1,4.0,3.8,3.96,5.1,4.9,3.4,4.4,4.54,5.1,5.0,4.6,2.5,5.4,4.63,5.9,6.8,6.6,5.8,5.3,6.18
1607,Diego Castillo Rodríguez,Tecnología,Desarrollo,2026-08-05,8.3,7.7,9.1,7.8,8.0,8.19,9.9,10.0,10.0,7.5,9.35,8.1,9.5,10.0,9.0,9.4,9.16,10.0,10.0,9.0,10.0,10.0,9.8
1608,Valeria Castillo Romero,Operaciones,Logística,2025-10-17,7.8,6.0,5.1,7.2,7.0,6.6,6.6,5.0,4.7,7.0,5.92,7.4,7.2,6.0,9.1,6.4,7.18,5.8,7.0,6.3,5.8,3.6,5.98
1609,Paola Cruz Hernández,Recursos Humanos,Capacitación,2026-06-29,4.7,2.8,2.5,4.3,3.1,3.48,3.3,3.7,3.6,1.3,2.96,5.8,4.6,5.1,6.4,6.4,5.54,2.9,3.8,4.5,2.6,5.9,3.68
1610,Andrea Castillo Flores,Recursos Humanos,Capacitación,2026-01-24,6.3,7.5,6.3,5.4,7.7,6.68,6.0,7.1,9.2,8.0,7.41,8.6,9.1,7.8,10.0,7.9,8.67,8.0,8.0,7.1,3.5,8.7,6.99
1611,Daniela López Ramírez,Recursos Humanos,Capacitación,2026-01-10,6.0,3.8,6.1,5.2,7.3,5.54,3.6,4.7,5.7,7.5,5.27,6.2,6.4,4.1,4.6,5.3,5.46,5.3,2.9,3.4,5.1,2.9,4.04
1612,Carlos Romero Rodríguez,Ventas,Ventas Internacionales,2026-06-24,6.1,8.1,5.1,7.0,7.1,6.68,6.2,3.7,5.0,7.0,5.54,2.7,3.7,4.4,4.7,5.4,4.0,7.6,7.0,6.9,8.3,7.4,7.43
1613,Ana Martínez Gómez,Operaciones,Logística,2026-09-05,3.5,5.4,6.4,6.9,4.3,5.18,3.6,4.9,6.1,5.3,4.85,4.9,5.1,5.6,3.6,3.6,4.7,4.7,3.6,6.9,5.7,4.3,5.03
1614,Raúl Vázquez López,Recursos Humanos,Reclutamiento,2025-09-28,6.6,4.7,4.3,6.0,5.6,5.42,4.7,6.7,4.6,5.1,5.28,5.0,5.3,7.5,5.5,5.7,5.76,5.4,4.6,3.5,4.0,2.0,4.2
1615,Juan Hernández Vázquez,Operaciones,Producción,2025-10-17,7.5,4.7,4.1,8.0,6.7,6.07,7.1,7.6,5.9,6.1,6.74,6.9,5.2,6.3,6.5,6.0,6.16,6.9,5.9,6.4,8.1,5.6,6.66
1616,Gabriela Ortiz Martínez,Recursos Humanos,Reclutamiento,2026-07-06,9.9,9.0,8.3,10.0,8.2,9.12,6.5,7.7,7.1,10.0,7.8,6.9,9.2,8.5,9.3,7.9,8.31,10.0,8.8,8.5,7.5,8.5,8.75
1617,Luis Castillo Castillo,Tecnología,Soporte Técnico,2026-01-31,6.3,5.5,7.8,7.7,5.9,6.55,3.8,5.1,6.6,4.7,4.91,5.1,7.6,6.7,6.9,10.0,7.05,6.0,8.0,5.6,6.0,5.6,6.38
1618,Francisco López Martínez,Operaciones,Logística,2026-07-14,7.9,7.1,8.5,7.3,7.0,7.6,10.0,8.5,10.0,9.8,9.57,9.1,9.0,5.8,7.7,8.2,8.07,8.9,9.7,10.0,8.2,9.1,9.2
1619,José Jiménez Ortiz,Ventas,Ventas Internacionales,2026-02-13,5.1,5.6,4.3,5.1,6.6,5.29,5.5,4.5,6.1,4.5,5.12,3.4,3.0,6.0,3.4,3.7,3.87,7.0,4.3,6.4,6.1,5.9,5.92
1620,Karla Pérez Vázquez,Finanzas,Auditoría Interna,2026-05-15,7.7,7.1,4.4,7.0,7.4,6.74,3.2,5.1,5.5,5.1,4.61,4.8,4.6,6.3,7.0,5.3,5.45,6.2,7.4,4.9,6.7,7.7,6.49
1621,José Ortiz Gómez,Recursos Humanos,Capacitación,2025-12-07,4.9,5.8,6.8,5.8,5.9,5.79,6.5,7.0,7.1,6.4,6.72,4.7,5.3,4.0,6.6,5.0,5.04,7.1,7.1,8.5,9.0,8.3,7.88
1622,Francisco Gómez Morales,Finanzas,Tesorería,2026-02-10,4.7,4.4,4.4,5.4,4.5,4.64,5.2,4.7,5.1,5.4,5.11,5.8,5.5,6.3,6.8,6.8,6.12,4.9,5.8,5.3,7.4,6.0,5.82
1623,Paola Sánchez Castillo,Marketing,Investigación de Mercado,2026-03-10,7.4,7.7,8.1,5.9,5.1,7.04,3.6,3.3,5.2,5.5,4.32,5.8,5.0,4.6,6.0,2.9,4.95,4.8,6.4,4.9,2.9,4.2,4.78
1624,Valeria Hernández Romero,Marketing,Investigación de Mercado,2026-01-02,6.0,6.8,7.4,5.9,6.9,6.6,4.6,7.2,6.3,8.5,6.56,6.7,3.5,9.0,7.1,5.4,6.22,5.3,6.9,8.0,9.3,7.1,7.22
1625,José Morales Hernández,Marketing,Comunicación de Marca,2026-03-18,3.8,3.9,4.0,2.3,2.4,3.43,2.4,4.4,3.2,4.1,3.48,3.5,4.7,4.7,5.0,5.2,4.52,3.9,4.9,3.9,2.6,4.4,3.94
1626,Roberto Cruz Cruz,Ventas,Ventas Nacionales,2026-09-03,5.6,7.2,5.1,4.5,5.7,5.75,7.9,7.4,4.4,7.3,6.93,6.3,7.3,8.3,5.1,6.2,6.76,7.6,5.9,7.1,6.8,6.7,6.82
1627,Roberto Vázquez Ramírez,Marketing,Marketing Digital,2026-02-02,6.8,6.3,7.2,6.0,6.0,6.52,8.0,7.3,9.1,8.1,8.07,6.8,6.8,6.7,7.1,5.4,6.62,5.6,6.0,5.9,6.5,4.7,5.85
1628,Ximena Flores Hernández,Marketing,Comunicación de Marca,2025-11-28,5.6,5.9,8.0,4.7,5.2,5.96,7.6,7.5,6.1,6.8,7.07,5.6,5.8,4.4,6.3,5.1,5.44,5.9,5.3,4.9,6.2,4.8,5.5
1629,María González Jiménez,Finanzas,Tesorería,2026-03-13,2.5,4.1,3.3,3.8,3.9,3.46,3.8,2.6,2.3,2.6,2.9,4.1,2.0,6.1,5.3,4.7,4.24,3.9,3.7,3.4,1.9,2.8,3.24
1630,Andrea Sánchez Flores,Marketing,Marketing Digital,2026-07-06,5.1,0.0,2.6,1.5,2.5,2.4,5.7,3.3,5.5,4.9,4.86,5.4,2.3,5.2,5.8,2.4,4.2,3.9,3.9,5.1,4.1,4.0,4.19
1631,Mariana Morales Martínez,Tecnología,Soporte Técnico,2026-09-05,3.3,4.1,3.7,3.5,5.9,4.0,3.3,6.6,5.3,4.2,4.75,5.3,4.9,5.9,4.1,7.4,5.46,2.8,5.3,2.2,3.4,2.9,3.44
1632,José Flores Cruz,Tecnología,Desarrollo,2026-05-22,0.0,1.6,0.0,1.8,0.5,0.74,3.6,3.2,0.9,2.7,2.74,3.1,2.0,3.6,3.4,2.4,2.86,3.5,2.7,2.6,5.2,2.9,3.4
1633,Mariana Morales Vázquez,Operaciones,Producción,2025-12-01,3.4,4.7,3.1,6.3,5.6,4.43,4.0,2.9,2.6,3.0,3.2,1.8,2.9,4.5,3.8,4.1,3.26,1.7,2.5,3.5,0.3,3.3,2.14
1634,Alejandro Sánchez Jiménez,Finanzas,Auditoría Interna,2026-05-13,4.2,3.2,3.1,3.3,3.5,3.49,6.8,3.8,5.7,4.4,5.23,4.0,3.8,4.1,3.3,4.5,3.94,5.7,4.5,7.0,4.3,6.0,5.41
1635,Karla Torres Hernández,Ventas,Ventas Nacionales,2025-09-24,5.6,7.2,4.2,4.5,5.9,5.6,10.0,8.5,7.0,8.7,8.7,4.5,6.3,6.5,5.6,3.6,5.38,6.9,7.4,8.5,5.6,6.0,7.0
1636,Karla Pérez Vázquez,Finanzas,Auditoría Interna,2026-05-09,8.0,6.1,5.2,5.5,7.4,6.5,5.9,5.9,5.5,5.9,5.82,6.5,7.5,9.6,6.8,7.6,7.58,6.9,6.0,7.8,7.6,8.3,7.14
1637,Sergio Reyes Castillo,Recursos Humanos,Reclutamiento,2026-04-04,10.0,8.7,6.5,8.3,10.0,8.72,8.3,7.9,8.6,8.9,8.41,7.9,8.5,9.8,8.3,8.7,8.61,10.0,7.9,9.3,8.1,9.2,8.88
1638,Andrea García Reyes,Marketing,Marketing Digital,2025-12-04,6.0,5.6,5.5,5.6,7.4,5.95,6.4,6.3,6.9,3.9,5.85,5.7,6.0,5.7,5.3,7.7,6.02,8.6,9.0,8.1,6.5,5.6,7.88
1639,Gabriela López López,Recursos Humanos,Nómina,2026-01-26,3.1,6.3,5.7,7.5,6.1,5.53,4.2,4.6,4.4,4.6,4.44,2.9,3.1,3.8,4.1,6.1,3.79,4.1,2.5,4.5,2.9,4.7,3.6
1640,Sofía Ortiz Rodríguez,Operaciones,Producción,2026-08-24,5.2,4.3,6.3,7.7,6.3,5.74,5.9,5.2,6.2,7.9,6.28,6.0,6.9,4.7,7.3,6.7,6.26,3.8,5.9,5.9,4.4,4.9,4.98
1641,Ximena Gómez Morales,Finanzas,Auditoría Interna,2026-08-11,7.6,9.6,7.3,7.3,9.6,8.3,9.0,6.2,5.6,5.1,6.64,7.0,6.7,6.5,7.7,6.5,6.86,6.0,8.3,6.5,7.9,9.9,7.44
1642,Valeria Sánchez Martínez,Ventas,Atención a Clientes,2026-06-28,4.1,7.4,6.6,7.8,6.4,6.32,4.8,7.1,5.4,5.8,5.74,4.3,3.3,4.9,4.9,4.0,4.22,5.9,6.8,4.4,6.2,6.7,5.96
1643,Fernanda Morales Hernández,Ventas,Atención a Clientes,2025-10-24,4.4,4.2,6.7,4.1,1.5,4.33,4.0,2.8,5.2,3.8,3.89,6.2,8.2,6.8,6.3,6.3,6.85,4.0,4.0,5.4,4.4,5.3,4.49
1644,Carlos García Torres,Tecnología,Desarrollo,2026-08-30,7.5,7.0,8.4,5.4,5.9,7.0,6.7,6.2,7.6,4.8,6.28,5.5,7.1,5.8,6.4,5.1,6.03,8.2,9.1,8.1,7.3,6.4,8.04
1645,Camila Ortiz Ramírez,Finanzas,Contabilidad,2026-08-12,6.0,5.7,5.7,5.1,5.1,5.59,4.6,5.6,6.4,5.0,5.31,4.9,5.8,4.4,6.3,6.3,5.44,5.8,5.2,5.6,3.8,4.1,5.04
1646,Alejandro Romero Morales,Ventas,Ventas Nacionales,2025-11-27,6.1,7.9,5.7,7.2,5.7,6.58,3.4,3.3,6.1,4.5,4.19,8.0,8.1,8.0,7.7,8.5,8.06,6.9,5.6,5.4,3.9,2.8,5.26
1647,Miguel Sánchez Torres,Recursos Humanos,Capacitación,2026-01-23,7.5,9.7,8.2,8.6,9.3,8.62,8.8,9.5,8.5,9.1,8.99,8.6,8.9,9.8,9.3,10.0,9.23,6.5,7.0,7.4,7.7,6.0,7.0
1648,Ricardo Ortiz Gómez,Finanzas,Tesorería,2025-09-13,4.6,6.8,5.0,6.0,4.6,5.44,10.0,8.8,7.7,7.5,8.62,10.0,7.7,8.3,10.0,9.6,9.02,3.3,5.6,7.4,6.2,5.8,5.52
1649,José Torres Ramírez,Operaciones,Control de Calidad,2026-06-19,9.1,7.7,9.3,9.9,8.6,8.84,10.0,8.3,8.9,8.7,9.03,10.0,10.0,9.6,8.9,10.0,9.75,8.9,9.3,10.0,9.4,8.1,9.24
1650,Diego Pérez Ramírez,Finanzas,Contabilidad,2026-01-10,8.1,8.0,7.6,8.8,9.4,8.28,7.2,7.6,7.9,8.3,7.72,8.4,7.8,7.6,8.7,8.5,8.15,7.6,10.0,9.9,8.2,8.6,8.88
1651,Daniela Martínez Vázquez,Recursos Humanos,Reclutamiento,2026-07-20,6.6,4.0,5.8,3.8,4.4,5.04,5.5,5.4,4.3,6.4,5.46,5.5,6.6,6.2,6.1,6.7,6.18,3.8,3.2,3.4,3.1,5.2,3.57
1652,Luis Ramírez Hernández,Marketing,Investigación de Mercado,2026-02-04,10.0,9.3,8.9,8.0,8.4,9.07,10.0,8.5,8.4,8.5,8.93,8.9,10.0,8.9,6.6,6.7,8.5,8.2,8.3,7.7,10.0,7.1,8.38
1653,Luis Ramírez Castillo,Finanzas,Tesorería,2026-07-31,8.7,10.0,6.0,6.7,7.3,7.98,9.1,10.0,10.0,9.1,9.51,9.7,6.8,6.7,6.7,8.3,7.72,9.4,8.9,8.0,8.0,8.8,8.66
1654,Raúl Ramírez Rodríguez,Recursos Humanos,Nómina,2025-10-11,5.8,5.7,4.5,4.7,5.7,5.33,4.1,4.3,5.1,5.0,4.57,4.4,4.7,3.7,2.2,3.6,3.89,5.3,5.2,5.3,4.2,5.7,5.1
1655,Ximena González Castillo,Ventas,Ventas Nacionales,2026-04-09,3.8,5.5,6.0,2.7,4.7,4.64,4.5,5.1,3.9,5.1,4.68,3.5,2.8,2.5,4.0,3.8,3.24,2.8,3.7,5.9,3.7,4.0,3.94
1656,Juan González Sánchez,Tecnología,Soporte Técnico,2026-06-06,8.4,7.7,8.7,8.5,6.2,7.97,6.8,5.9,6.6,5.5,6.21,8.5,7.1,6.7,5.6,7.1,7.14,6.1,4.1,4.5,5.5,6.6,5.21
1657,José Ortiz Gómez,Tecnología,Infraestructura,2025-09-13,5.7,7.2,7.7,6.5,6.0,6.64,6.6,5.8,7.3,7.1,6.66,8.1,5.1,7.3,5.9,6.7,6.65,6.5,6.9,6.8,7.9,7.1,7.0
1658,Jorge Ortiz Vázquez,Recursos Humanos,Capacitación,2026-08-14,2.5,2.2,2.2,3.4,2.7,2.53,5.4,3.8,3.0,2.4,3.77,0.1,3.0,0.7,2.0,1.3,1.41,2.9,2.1,2.3,2.5,3.4,2.55
1659,Sergio Ortiz Morales,Recursos Humanos,Nómina,2025-11-20,7.2,5.0,4.9,5.2,4.6,5.5,6.8,7.2,6.8,4.8,6.4,6.2,7.2,5.0,6.2,4.2,5.91,5.9,7.0,6.1,5.8,6.2,6.22
1660,Ana Castillo Reyes,Operaciones,Producción,2026-03-05,6.9,6.8,9.2,8.3,8.3,7.76,3.1,5.7,6.0,6.4,5.16,6.1,6.1,4.7,5.9,6.5,5.85,7.6,7.9,7.7,8.0,7.2,7.74
1661,Camila Romero Hernández,Marketing,Marketing Digital,2025-12-31,2.3,0.8,2.6,1.6,5.5,2.36,3.1,2.9,2.3,1.4,2.46,3.7,2.4,4.4,5.2,3.8,3.76,3.7,4.5,3.6,2.9,0.2,3.37
1662,Fernanda Hernández Martínez,Marketing,Comunicación de Marca,2026-06-04,8.7,9.1,9.2,9.1,8.9,8.99,9.0,8.4,9.1,7.7,8.54,8.0,7.4,8.8,7.1,8.5,7.95,8.7,5.4,5.4,7.3,9.7,7.04
1663,Ximena Castillo Castillo,Ventas,Ventas Internacionales,2025-10-21,7.8,6.5,8.1,6.8,6.6,7.2,6.2,4.8,4.1,4.7,5.06,5.6,6.1,6.7,6.8,5.4,6.1,5.1,3.9,4.7,5.8,8.9,5.24
1664,Pedro Reyes Rodríguez,Tecnología,Desarrollo,2026-03-27,4.6,6.4,7.2,7.8,7.2,6.44,4.6,6.4,5.9,6.2,5.71,8.0,7.2,4.6,4.5,7.4,6.5,6.2,5.8,6.0,7.1,6.1,6.23
1665,Ximena Morales Reyes,Finanzas,Contabilidad,2026-04-08,6.8,6.5,6.4,6.3,8.1,6.76,9.3,8.2,9.1,6.2,8.21,7.7,7.1,6.9,8.0,6.7,7.28,7.0,9.0,7.8,9.3,8.0,8.22
1666,Laura Torres Ortiz,Ventas,Ventas Nacionales,2026-03-25,2.1,3.3,4.0,0.9,4.8,3.0,1.2,3.4,3.0,3.9,2.78,2.0,1.3,3.6,3.3,0.0,2.04,3.3,2.8,1.4,1.0,3.4,2.34
1667,Roberto Flores Hernández,Recursos Humanos,Reclutamiento,2026-05-22,6.6,7.7,6.8,7.9,6.3,7.07,4.9,6.7,6.0,6.8,6.05,6.0,3.6,6.5,7.3,6.0,5.7,5.9,5.8,5.4,5.5,6.1,5.72
1668,María Reyes Jiménez,Tecnología,Infraestructura,2026-05-14,6.3,5.3,6.9,6.2,6.6,6.2,5.2,4.6,4.1,5.7,4.96,5.6,7.3,4.1,6.2,4.5,5.65,5.3,7.8,5.9,7.0,6.2,6.48
1669,Gabriela Romero Flores,Marketing,Investigación de Mercado,2026-07-18,8.6,6.7,9.2,7.2,8.5,8.02,7.4,4.9,5.5,7.7,6.47,4.6,4.0,4.4,4.9,4.6,4.46,5.3,4.9,6.4,6.8,6.2,5.81
1670,Mariana Torres Pérez,Marketing,Marketing Digital,2026-03-14,6.1,6.9,3.3,8.5,6.4,6.14,7.3,6.8,6.2,4.8,6.33,6.1,3.5,2.0,6.2,4.4,4.39,4.0,5.9,6.8,7.9,8.6,6.28
1671,Mariana Martínez Morales,Marketing,Marketing Digital,2026-03-18,8.4,7.9,7.7,7.4,6.2,7.66,9.3,7.3,8.7,8.8,8.56,6.2,7.8,6.7,8.0,5.8,6.91,7.3,8.4,7.7,6.3,7.7,7.49
1672,Raúl Jiménez Castillo,Recursos Humanos,Reclutamiento,2026-04-22,9.4,9.5,7.1,7.4,6.0,8.15,9.9,8.2,7.6,6.4,8.14,7.7,9.1,8.3,8.3,8.5,8.38,9.4,9.3,10.0,8.7,9.3,9.35
1673,José Rodríguez Vázquez,Marketing,Comunicación de Marca,2025-09-13,2.1,3.5,1.8,1.4,1.3,2.16,1.8,5.6,3.5,2.7,3.32,0.3,2.2,2.1,3.0,0.7,1.6,2.0,0.8,2.5,1.9,1.0,1.68
1674,Karla Gómez Flores,Recursos Humanos,Capacitación,2026-07-28,5.3,8.4,5.9,6.4,6.0,6.46,3.5,5.9,4.4,3.9,4.38,5.8,5.6,4.8,4.7,4.2,5.14,5.1,5.1,5.5,4.5,5.7,5.12
1675,Valeria Cruz Gómez,Operaciones,Logística,2025-10-10,4.8,4.0,3.6,3.4,3.9,4.02,6.1,6.7,5.9,7.5,6.56,7.9,7.9,9.2,6.8,5.7,7.67,6.9,6.1,5.5,7.0,8.0,6.55
1676,Ana Pérez Martínez,Ventas,Atención a Clientes,2025-10-26,8.6,9.8,8.3,8.6,6.8,8.57,9.2,6.2,9.2,9.6,8.55,7.0,6.0,9.2,8.2,9.6,7.76,10.0,8.6,9.8,8.1,9.9,9.22
1677,Valeria González Sánchez,Ventas,Atención a Clientes,2026-08-30,7.8,8.1,9.5,10.0,8.4,8.64,10.0,8.4,8.8,8.8,9.06,7.2,8.9,7.6,9.0,8.2,8.12,10.0,9.0,8.0,8.5,8.7,8.92
1678,Mariana Ramírez López,Operaciones,Logística,2025-12-26,6.9,9.3,6.8,6.5,8.6,7.68,5.8,7.7,6.0,9.3,7.19,5.4,3.8,7.1,5.3,5.7,5.37,7.5,5.6,8.4,5.9,6.0,6.74
1679,María González Castillo,Operaciones,Control de Calidad,2026-06-23,7.9,8.7,8.3,9.2,6.9,8.22,8.4,7.8,8.4,8.5,8.28,7.3,7.3,8.6,7.2,5.3,7.24,9.0,8.1,10.0,7.4,7.2,8.48
1680,Andrea Romero González,Recursos Humanos,Nómina,2026-08-23,4.2,5.3,4.5,4.6,4.3,4.61,6.4,5.6,4.4,3.8,5.15,6.7,6.5,6.6,6.6,6.0,6.51,5.0,5.9,6.6,3.1,7.7,5.44
1681,Daniela Hernández Ramírez,Operaciones,Logística,2025-10-28,6.3,8.1,6.9,6.3,6.4,6.88,6.0,4.3,5.2,5.2,5.22,5.6,4.5,8.6,2.8,4.2,5.3,7.1,6.6,7.5,7.4,6.3,7.04
1682,Andrea Ortiz Ramírez,Ventas,Atención a Clientes,2026-07-27,6.0,5.2,6.8,4.9,8.8,6.22,4.3,5.9,7.5,7.0,6.02,5.8,5.5,4.9,4.9,4.3,5.18,6.3,7.4,5.0,6.2,4.1,6.08
1683,Gabriela Reyes Pérez,Marketing,Investigación de Mercado,2026-05-21,7.9,5.3,5.5,6.8,4.9,6.16,5.2,4.7,6.4,7.5,5.89,5.0,3.0,8.0,5.6,7.3,5.54,4.6,6.4,6.8,6.4,4.6,5.85
1684,Camila Cruz Hernández,Tecnología,Soporte Técnico,2026-08-03,3.0,3.6,4.8,3.8,2.5,3.56,4.8,4.4,5.6,5.2,4.96,4.3,2.9,5.7,4.6,3.4,4.14,5.0,4.2,5.0,4.0,5.6,4.66
1685,Raúl Castillo García,Operaciones,Logística,2026-07-18,6.8,5.9,5.4,6.6,5.6,6.08,4.8,4.3,4.9,5.8,4.94,8.1,6.1,5.5,7.3,7.1,6.81,6.7,5.0,4.3,2.9,3.4,4.7
1686,Camila Castillo Ortiz,Recursos Humanos,Reclutamiento,2026-08-16,8.1,10.0,7.5,8.9,8.1,8.57,6.2,7.2,8.7,8.5,7.52,7.3,6.0,7.8,9.3,6.1,7.19,6.7,6.8,7.8,8.3,6.4,7.24
1687,Sofía Reyes Rodríguez,Finanzas,Auditoría Interna,2025-11-04,7.4,7.6,9.1,10.0,9.8,8.54,7.9,9.7,8.8,8.4,8.65,6.9,8.9,8.1,8.1,10.0,8.28,9.3,9.5,7.7,7.8,9.4,8.74
1688,Karla Reyes Reyes,Operaciones,Control de Calidad,2026-08-17,6.8,8.3,6.4,5.9,7.6,7.08,6.2,5.5,5.0,8.4,6.33,8.5,8.9,7.1,5.4,7.6,7.72,6.7,6.7,6.8,5.6,7.4,6.57
1689,Diego Jiménez Rodríguez,Tecnología,Desarrollo,2025-12-04,5.0,6.0,7.7,6.7,5.5,6.12,5.6,6.1,5.4,6.8,5.98,6.3,5.7,6.2,6.2,5.9,6.06,6.3,6.1,4.7,6.0,6.1,5.85
1690,María García Romero,Recursos Humanos,Reclutamiento,2026-07-12,8.6,7.7,9.0,7.2,8.3,8.2,9.8,8.2,10.0,5.8,8.44,8.3,8.6,7.8,7.0,9.0,8.18,8.1,9.3,6.9,5.8,6.3,7.52
1691,Camila Morales Hernández,Marketing,Investigación de Mercado,2025-10-09,4.1,4.1,4.4,5.3,4.1,4.34,3.5,3.9,3.5,3.4,3.58,4.3,3.7,0.8,3.4,1.6,2.91,3.5,2.2,4.2,4.1,4.7,3.56
1692,Gabriela López Ramírez,Tecnología,Infraestructura,2025-11-02,8.6,7.3,8.7,6.6,7.1,7.77,8.5,8.6,10.0,7.9,8.67,9.4,7.2,9.7,8.3,10.0,8.84,8.7,7.3,8.6,7.8,9.2,8.2
1693,Daniela García Ortiz,Marketing,Comunicación de Marca,2026-01-21,7.6,6.5,6.3,7.0,7.1,6.9,7.1,7.0,7.6,9.0,7.65,7.5,8.0,5.1,7.5,4.1,6.64,7.8,10.0,9.0,10.0,6.7,8.92
1694,Diego Sánchez Rodríguez,Tecnología,Infraestructura,2025-11-09,3.0,4.5,3.6,4.1,5.1,3.97,4.2,3.7,3.7,3.9,3.9,4.6,5.5,4.7,5.6,4.5,4.98,5.1,7.6,5.7,5.9,6.9,6.18
1695,María Cruz Rodríguez,Recursos Humanos,Capacitación,2026-05-22,8.9,7.8,10.0,10.0,10.0,9.18,7.1,8.4,7.8,6.4,7.39,10.0,10.0,10.0,9.6,9.5,9.86,10.0,10.0,10.0,9.0,10.0,9.8
1696,Daniela Ortiz González,Ventas,Ventas Nacionales,2025-11-26,5.2,6.2,4.4,7.8,7.0,5.95,6.3,8.9,6.9,7.8,7.44,4.9,8.2,6.1,7.4,5.4,6.42,3.9,5.7,7.0,5.1,6.7,5.49
1697,Ana Rodríguez Gómez,Marketing,Comunicación de Marca,2026-06-19,7.1,5.2,0.8,3.0,5.7,4.54,2.7,4.1,3.6,0.4,2.66,3.7,4.3,4.4,3.3,3.3,3.87,4.4,5.6,3.1,2.3,2.2,3.8
1698,Jorge García Romero,Ventas,Atención a Clientes,2026-01-26,2.9,1.9,4.2,1.9,0.4,2.39,1.7,3.2,1.4,1.4,1.94,3.8,3.1,2.0,2.9,3.8,3.13,3.0,2.7,3.2,4.6,2.3,3.22
1699,Ricardo Hernández Reyes,Ventas,Ventas Internacionales,2025-10-07,6.7,8.8,8.6,8.4,8.2,8.08,8.2,9.3,8.3,9.8,8.9,8.8,6.2,4.7,6.7,7.3,6.79,7.4,8.0,8.7,10.0,8.3,8.42
1700,Miguel Castillo Pérez,Ventas,Ventas Internacionales,2025-12-17,10.0,9.5,8.6,8.3,8.6,9.13,8.0,6.7,9.2,7.1,7.69,9.1,7.5,7.9,10.0,6.9,8.26,9.9,7.6,6.2,7.0,7.1,7.72
1701,Andrea Rodríguez González,Recursos Humanos,Reclutamiento,2026-06-01,5.1,7.5,7.4,5.6,6.4,6.43,4.0,4.1,4.6,6.0,4.64,7.4,4.9,5.4,5.8,5.7,5.88,4.8,5.9,7.2,6.6,5.7,6.01
1702,Paola López Reyes,Finanzas,Tesorería,2025-12-12,3.5,5.7,5.3,4.8,7.0,5.13,1.6,1.5,3.9,3.8,2.58,3.9,0.7,2.6,3.5,5.0,2.94,4.3,3.1,3.6,4.1,2.4,3.63
1703,Gabriela Romero Sánchez,Operaciones,Logística,2025-10-20,1.9,1.1,2.7,2.2,3.8,2.19,2.7,4.9,3.5,2.4,3.34,4.9,3.5,4.2,2.2,3.3,3.77,4.5,3.9,6.0,4.4,3.8,4.56
1704,Sofía Rodríguez Jiménez,Finanzas,Tesorería,2025-10-18,7.6,8.1,8.3,7.8,6.0,7.65,4.1,6.4,5.5,5.7,5.36,5.6,5.4,4.9,3.7,4.4,4.94,5.2,6.9,4.6,4.4,5.0,5.32
1705,Ximena García González,Recursos Humanos,Reclutamiento,2025-12-12,4.9,5.9,4.1,3.8,5.4,4.9,8.2,5.2,8.4,8.0,7.44,3.2,7.0,5.3,6.4,6.3,5.52,5.6,7.7,3.3,6.7,6.2,5.94
1706,Sofía Pérez Flores,Recursos Humanos,Capacitación,2025-12-14,5.5,5.6,6.1,6.8,7.3,6.11,5.9,6.7,6.5,6.1,6.27,7.2,5.5,5.9,6.2,7.2,6.36,5.1,6.5,5.3,6.1,5.3,5.71
1707,Pedro García Ortiz,Recursos Humanos,Reclutamiento,2025-11-25,5.0,5.5,5.8,4.9,4.8,5.24,7.8,7.8,9.9,7.6,8.17,6.6,6.3,7.2,6.1,7.2,6.66,7.4,6.4,7.5,9.7,6.8,7.57
1708,Karla Reyes Jiménez,Marketing,Comunicación de Marca,2025-12-13,6.3,6.7,6.6,5.7,5.7,6.28,5.0,5.2,6.0,5.7,5.42,5.8,4.9,4.0,6.3,5.1,5.18,8.8,6.9,6.5,7.0,4.8,7.1
1709,Ana Torres González,Tecnología,Soporte Técnico,2026-07-21,8.3,8.8,6.5,8.2,7.7,7.96,6.5,5.0,3.8,3.7,4.88,8.3,7.4,8.6,8.7,5.4,7.76,8.4,5.2,6.4,6.8,7.1,6.75
1710,Diego Jiménez Reyes,Tecnología,Infraestructura,2025-11-18,5.6,5.0,4.7,6.3,5.2,5.32,4.0,6.0,6.7,3.5,4.92,3.8,2.8,3.7,3.5,4.7,3.62,6.2,4.2,5.5,5.7,5.5,5.39
1711,Daniela Ramírez Flores,Tecnología,Desarrollo,2026-07-04,3.0,4.6,2.4,2.5,4.8,3.47,1.9,3.2,2.7,3.2,2.71,2.7,2.0,2.3,2.4,1.0,2.14,1.2,2.3,1.0,1.4,2.5,1.6
1712,José Torres Martínez,Recursos Humanos,Reclutamiento,2026-02-16,5.4,6.0,4.8,4.7,5.8,5.38,5.9,4.8,6.3,6.3,5.8,7.1,6.0,6.0,4.7,6.8,6.2,6.0,5.3,8.5,5.6,4.6,6.1
1713,Ricardo Jiménez Martínez,Ventas,Ventas Nacionales,2026-05-07,5.7,5.1,6.9,5.7,2.4,5.3,6.2,6.8,6.0,7.4,6.61,7.4,7.6,5.6,8.0,6.0,6.97,6.0,7.2,5.7,5.6,5.8,6.14
1714,Ximena Ramírez García,Recursos Humanos,Capacitación,2026-06-22,8.4,8.0,6.3,5.0,6.6,7.1,4.1,4.3,3.2,3.5,3.82,2.9,3.3,6.4,8.4,5.0,4.84,6.2,6.7,5.1,4.4,5.9,5.72
1715,Roberto Morales Reyes,Recursos Humanos,Reclutamiento,2026-05-28,1.8,2.1,3.2,4.6,2.5,2.68,2.3,3.9,3.0,3.4,3.12,2.2,1.8,0.5,1.1,2.8,1.68,2.7,2.2,7.1,5.3,3.8,4.08
1716,Gabriela Flores Ortiz,Ventas,Atención a Clientes,2026-08-08,4.2,3.3,1.4,3.2,3.7,3.19,6.0,6.1,5.5,5.0,5.68,3.4,3.6,3.2,2.2,2.9,3.16,1.3,4.7,2.1,2.4,3.0,2.7
1717,Jorge Rodríguez Hernández,Operaciones,Control de Calidad,2026-03-31,6.3,6.6,9.4,6.0,7.1,7.07,9.3,5.9,6.4,8.4,7.65,5.6,5.3,7.4,6.9,8.2,6.47,8.4,6.6,7.2,8.0,8.0,7.59
1718,Karla Pérez Jiménez,Finanzas,Auditoría Interna,2026-04-08,4.8,5.0,5.7,6.6,5.5,5.4,6.9,6.5,7.1,7.2,6.92,5.6,5.6,6.1,6.6,5.5,5.84,6.2,5.7,5.7,6.3,6.2,6.0
1719,Sergio Gómez Castillo,Ventas,Ventas Nacionales,2026-04-13,3.3,6.7,4.0,6.8,5.5,5.14,5.8,4.9,4.8,5.9,5.4,7.1,4.9,7.1,6.2,6.2,6.28,5.9,6.1,5.0,6.7,7.2,6.06
1720,Ana López Castillo,Ventas,Ventas Internacionales,2026-08-05,7.1,6.6,5.6,3.3,6.2,5.97,6.4,6.1,6.5,4.8,5.94,4.7,7.5,5.9,6.1,4.6,5.84,5.2,4.9,6.1,5.2,5.8,5.36
1721,Jorge García Pérez,Recursos Humanos,Capacitación,2026-01-29,8.0,6.4,5.4,7.5,6.9,6.84,6.4,6.4,5.5,5.7,6.04,7.2,7.1,3.2,4.1,5.3,5.62,3.0,3.0,4.6,6.1,2.8,3.92
1722,Mariana Ramírez Martínez,Marketing,Investigación de Mercado,2026-07-08,6.8,7.2,7.8,8.8,8.5,7.66,5.7,5.7,5.8,6.7,5.97,5.6,7.7,6.0,6.6,7.2,6.6,8.4,7.4,5.4,8.2,7.9,7.46
1723,Francisco Hernández Ramírez,Recursos Humanos,Capacitación,2025-10-30,6.9,7.1,5.5,6.8,6.0,6.52,4.9,4.7,5.0,4.5,4.77,7.8,7.1,9.8,7.4,4.5,7.47,5.0,5.8,8.6,6.5,6.2,6.34
1724,María Reyes Cruz,Finanzas,Auditoría Interna,2026-08-30,2.0,4.7,5.2,3.9,3.8,3.87,3.7,3.9,3.6,3.4,3.66,1.3,3.3,2.4,1.0,2.2,2.11,2.7,3.3,4.6,5.5,5.3,4.05
1725,Pedro Sánchez González,Operaciones,Control de Calidad,2026-08-18,9.6,8.8,9.7,8.9,6.2,8.8,10.0,9.0,7.7,10.0,9.29,9.5,9.2,8.5,7.1,9.1,8.8,10.0,10.0,10.0,9.4,9.5,9.83
1726,Luis González Flores,Operaciones,Logística,2026-05-21,5.5,4.8,5.4,6.3,6.8,5.62,7.0,4.9,5.4,7.3,6.23,5.9,7.4,6.8,5.0,5.1,6.2,8.3,3.9,6.8,5.6,4.3,5.96
1727,Juan Cruz Gómez,Operaciones,Logística,2026-04-12,6.0,7.1,5.8,6.9,7.8,6.64,7.8,7.5,5.8,7.8,7.32,8.5,8.2,9.8,8.4,9.1,8.76,7.0,8.6,6.5,10.0,4.7,7.67
1728,Gabriela Reyes Gómez,Operaciones,Logística,2025-09-18,5.6,5.3,4.4,5.3,5.2,5.18,5.3,6.3,6.1,6.6,6.04,3.4,1.8,3.5,5.2,4.4,3.44,4.7,3.7,5.1,4.0,7.0,4.62
1729,Gabriela Jiménez Gómez,Operaciones,Producción,2026-02-28,6.2,6.7,7.8,7.6,7.6,7.06,6.5,8.9,9.6,6.9,7.82,6.8,6.3,6.9,7.7,5.3,6.6,9.8,7.8,7.6,7.5,5.5,7.97
1730,Ana Ortiz Pérez,Tecnología,Soporte Técnico,2026-04-22,8.4,8.1,6.4,8.5,8.3,7.92,7.2,8.4,8.2,10.0,8.4,7.0,8.4,7.8,6.9,8.2,7.68,5.3,7.9,7.4,7.7,6.7,6.99
1731,Francisco Castillo Flores,Finanzas,Auditoría Interna,2025-11-06,0.7,1.0,0.7,4.8,3.0,1.74,0.9,2.3,1.1,2.1,1.59,2.0,2.6,1.4,0.9,3.1,2.03,2.1,3.1,3.2,1.9,0.5,2.37
1732,Juan Ramírez Cruz,Finanzas,Contabilidad,2026-06-12,7.1,5.7,7.9,5.9,6.4,6.62,3.4,4.1,3.5,5.8,4.2,5.9,5.8,4.3,6.2,4.3,5.36,7.5,4.1,5.9,6.6,5.1,5.91
1733,Raúl Castillo Morales,Finanzas,Contabilidad,2025-10-15,5.6,9.9,6.5,6.4,6.8,7.15,7.8,5.9,7.5,6.2,6.86,10.0,6.9,8.0,9.1,7.7,8.34,5.8,5.8,8.2,6.7,6.1,6.49
1734,Raúl Cruz Cruz,Ventas,Ventas Nacionales,2026-04-13,3.8,8.5,6.6,5.6,6.9,6.27,4.9,7.6,6.0,6.0,6.07,5.5,7.3,6.1,5.8,7.1,6.36,7.6,5.9,5.6,6.4,5.1,6.28
1735,Mariana Jiménez Rodríguez,Marketing,Marketing Digital,2026-05-16,7.5,6.6,7.0,5.9,4.0,6.41,5.8,6.2,7.1,6.1,6.24,6.7,4.6,8.5,7.1,6.2,6.52,8.0,7.7,9.1,7.8,6.7,7.98
1736,Ricardo Torres Vázquez,Recursos Humanos,Reclutamiento,2026-05-21,8.9,8.7,7.6,6.6,7.0,7.96,9.5,10.0,9.3,6.6,8.86,8.6,7.9,8.4,7.8,8.2,8.2,6.3,8.8,8.1,7.7,7.2,7.66
1737,Paola García López,Tecnología,Desarrollo,2026-09-04,9.3,10.0,9.8,8.2,10.0,9.52,10.0,10.0,9.4,10.0,9.88,8.4,8.2,9.5,8.9,10.0,8.89,6.8,6.4,8.8,8.6,9.1,7.69
1738,Luis Flores Reyes,Operaciones,Control de Calidad,2026-01-05,7.7,7.3,7.9,8.7,8.8,7.96,6.7,5.7,8.7,6.3,6.75,7.0,6.5,8.0,9.9,8.7,7.76,7.4,8.4,6.8,9.3,8.5,8.02
1739,Sergio González Vázquez,Marketing,Comunicación de Marca,2026-02-09,7.2,7.1,7.6,7.1,8.3,7.4,7.8,8.9,8.1,8.4,8.28,8.3,8.2,9.1,7.6,8.3,8.33,6.4,6.0,8.7,8.1,5.4,7.0
1740,Roberto Martínez Ramírez,Ventas,Atención a Clientes,2026-01-19,8.1,7.3,8.2,7.7,6.3,7.59,7.1,7.9,7.0,6.8,7.21,8.7,7.4,8.4,7.2,8.6,8.07,7.9,7.6,6.9,8.5,9.0,7.86
1741,Miguel Gómez Castillo,Marketing,Investigación de Mercado,2026-01-13,10.0,10.0,10.0,8.2,10.0,9.73,6.1,8.9,7.0,10.0,7.96,6.2,9.8,7.3,9.2,8.7,8.14,10.0,8.2,10.0,10.0,8.5,9.4
1742,Sergio Rodríguez Flores,Operaciones,Producción,2026-08-29,6.9,7.8,6.5,6.3,7.6,7.06,8.2,5.7,7.5,8.2,7.44,5.4,4.7,3.7,4.5,5.2,4.72,5.2,8.7,6.3,5.4,3.9,6.2
1743,Miguel Vázquez Martínez,Operaciones,Control de Calidad,2025-10-22,7.5,9.7,6.5,6.7,8.4,7.86,9.4,7.7,7.9,9.5,8.7,9.3,8.5,8.7,8.6,8.5,8.76,7.2,7.9,7.7,5.9,7.2,7.22
1744,Sofía López Flores,Tecnología,Desarrollo,2026-03-05,6.4,6.2,7.1,5.9,3.7,6.01,5.4,6.2,5.2,7.0,5.96,7.1,6.5,8.0,6.3,5.8,6.82,7.3,5.1,4.9,5.5,4.7,5.65
1745,Miguel Hernández Ramírez,Marketing,Investigación de Mercado,2025-12-29,2.6,5.5,2.8,3.5,2.5,3.48,1.6,1.8,1.5,3.7,2.16,2.2,3.1,2.0,1.7,1.9,2.26,4.6,2.8,3.1,2.8,0.6,3.09
1746,Pedro Morales Ortiz,Marketing,Comunicación de Marca,2026-08-25,5.5,6.6,5.9,6.1,6.8,6.14,8.9,7.6,5.2,6.6,7.26,4.6,5.5,7.3,6.0,5.3,5.68,6.3,7.0,4.5,7.7,5.7,6.34
1747,Camila Castillo Ramírez,Finanzas,Tesorería,2025-12-04,4.5,5.4,3.9,2.3,2.9,4.03,2.1,3.4,1.7,3.7,2.74,4.4,5.2,4.5,2.3,4.7,4.35,2.5,2.6,3.8,0.0,3.9,2.43
1748,Pedro Castillo Romero,Operaciones,Logística,2026-01-03,9.0,7.9,8.8,7.9,6.0,8.07,8.1,9.4,9.3,10.0,9.14,6.6,9.7,8.7,5.8,7.7,7.84,6.4,8.6,8.7,7.6,8.2,7.83
1749,Daniela González Morales,Marketing,Investigación de Mercado,2026-04-26,4.8,5.4,5.4,7.8,6.6,5.79,5.7,7.1,4.7,4.3,5.5,5.9,5.0,5.0,5.9,6.2,5.54,6.6,7.2,8.8,4.9,5.4,6.73
1750,Raúl Castillo Morales,Tecnología,Infraestructura,2025-10-01,6.5,9.4,7.9,7.4,6.2,7.6,6.2,3.9,7.0,4.3,5.31,5.3,7.1,4.0,5.8,4.6,5.46,7.6,4.5,4.8,5.3,5.6,5.6
1751,Luis Cruz Torres,Tecnología,Desarrollo,2026-01-13,2.3,2.2,3.5,0.0,2.1,2.14,1.5,2.2,2.7,2.4,2.14,2.9,1.4,4.0,0.2,2.6,2.3,1.9,3.3,5.0,1.4,3.2,2.9
1752,Andrea Sánchez Sánchez,Tecnología,Soporte Técnico,2025-10-11,3.7,6.0,5.7,6.2,5.9,5.38,5.3,5.4,5.4,5.7,5.44,5.9,4.2,2.8,5.2,4.0,4.46,6.4,4.5,4.2,5.3,5.4,5.16
1753,José Pérez Jiménez,Marketing,Marketing Digital,2025-11-12,4.2,4.6,4.7,5.6,5.6,4.82,6.1,5.6,6.0,5.0,5.68,5.9,6.6,6.1,5.1,4.9,5.84,4.9,4.4,6.1,7.4,7.4,5.76
1754,Carlos Romero Martínez,Recursos Humanos,Reclutamiento,2026-06-24,9.8,5.9,5.0,7.1,6.5,6.96,9.1,5.3,6.5,8.2,7.4,8.3,7.1,10.0,8.7,9.1,8.52,8.0,7.3,7.9,6.9,8.5,7.64
1755,Alejandro Flores Ortiz,Marketing,Comunicación de Marca,2025-09-09,5.9,5.5,8.6,8.1,6.3,6.73,6.0,6.9,6.1,5.4,6.1,7.6,7.4,7.2,7.0,6.3,7.18,8.5,8.4,8.0,8.5,8.1,8.33
1756,Pedro Rodríguez Reyes,Finanzas,Tesorería,2025-12-10,6.1,5.1,4.3,4.9,4.8,5.11,4.6,1.9,4.9,5.2,4.14,5.3,6.9,7.9,7.4,6.6,6.73,4.0,3.1,4.2,5.7,3.3,4.08
1757,Valeria Rodríguez Hernández,Operaciones,Logística,2026-06-30,7.3,5.5,4.1,6.1,6.6,5.93,4.6,6.0,5.9,5.0,5.31,5.7,6.4,7.9,6.3,5.8,6.42,5.3,8.6,4.6,7.0,6.5,6.44
1758,Ricardo González Flores,Operaciones,Producción,2025-11-22,5.2,4.1,6.3,6.7,5.6,5.43,6.5,4.3,7.0,5.4,5.78,7.3,5.6,6.6,3.9,5.4,5.94,7.2,5.4,6.7,4.7,6.5,6.08
1759,Karla González González,Operaciones,Logística,2026-04-04,5.5,7.1,6.3,6.2,4.4,6.0,7.6,6.7,3.9,4.1,5.76,7.1,4.9,5.9,7.7,5.4,6.14,5.6,5.1,4.3,6.3,4.3,5.22
1760,Mariana Ramírez Hernández,Operaciones,Control de Calidad,2025-10-27,10.0,9.0,10.0,9.2,10.0,9.63,8.5,7.6,10.0,8.3,8.52,7.4,10.0,8.1,9.4,10.0,8.88,8.8,10.0,10.0,7.5,7.5,8.95
1761,Valeria Torres Ortiz,Tecnología,Infraestructura,2026-07-06,8.8,9.6,7.5,7.5,9.2,8.6,9.4,7.7,7.3,10.0,8.7,8.9,9.0,7.8,9.6,9.8,8.94,9.9,8.4,10.0,10.0,6.8,9.25
1762,Gabriela Romero Morales,Operaciones,Logística,2026-06-05,10.0,7.3,8.0,9.2,8.6,8.6,6.5,9.3,6.3,8.4,7.64,8.7,8.9,7.5,7.5,8.2,8.26,7.0,6.9,8.4,8.4,8.4,7.68
1763,Miguel Gómez Pérez,Ventas,Ventas Nacionales,2026-05-04,4.0,4.9,4.7,5.7,6.4,4.98,6.3,6.5,8.1,6.7,6.81,6.1,6.9,3.6,7.2,6.2,5.98,5.3,6.9,7.1,4.5,5.1,5.88
1764,Miguel Ortiz Gómez,Tecnología,Infraestructura,2026-03-27,4.2,3.3,3.3,3.7,4.6,3.78,1.5,2.0,2.3,0.9,1.64,3.1,1.7,4.0,1.9,4.4,2.94,1.3,4.2,3.4,1.5,0.5,2.41
1765,Daniela Torres Castillo,Marketing,Comunicación de Marca,2026-01-20,8.7,9.6,9.3,9.1,10.0,9.3,10.0,9.7,9.5,10.0,9.82,6.4,6.2,10.0,6.2,9.5,7.5,10.0,8.4,8.3,10.0,9.3,9.19
1766,Sergio García Jiménez,Ventas,Atención a Clientes,2026-06-19,9.9,10.0,10.0,8.4,9.4,9.64,9.9,10.0,10.0,10.0,9.97,9.7,10.0,10.0,9.5,10.0,9.85,6.9,7.2,9.3,6.9,5.4,7.31
1767,Luis Ortiz Martínez,Finanzas,Auditoría Interna,2025-12-24,5.3,5.1,5.6,4.8,5.5,5.26,4.1,5.0,4.7,5.2,4.72,4.5,4.4,5.8,5.8,4.4,4.92,5.0,5.4,6.5,5.9,7.1,5.79
1768,Ximena Hernández Cruz,Marketing,Comunicación de Marca,2026-08-30,5.4,6.3,4.1,5.6,5.7,5.44,6.3,6.7,4.1,6.8,6.08,6.2,3.9,3.3,3.9,5.0,4.52,5.6,5.2,6.3,7.9,8.1,6.35
1769,Carlos Ortiz Ramírez,Tecnología,Soporte Técnico,2026-05-10,5.1,5.0,5.6,6.5,4.6,5.31,3.6,4.5,4.8,5.2,4.46,4.1,4.0,4.8,4.1,6.3,4.54,6.9,5.8,5.5,4.8,5.5,5.78
1770,Francisco Martínez Flores,Marketing,Comunicación de Marca,2026-01-10,5.7,4.0,5.5,6.4,4.4,5.14,2.1,3.2,2.3,3.1,2.66,4.0,5.9,3.9,2.6,2.4,4.0,2.0,3.5,2.8,5.0,3.3,3.26
1771,Camila Castillo González,Operaciones,Control de Calidad,2026-06-03,5.1,6.4,7.1,7.8,7.4,6.58,8.0,6.1,6.8,8.4,7.38,9.3,10.0,8.6,9.8,10.0,9.52,6.4,5.4,6.1,7.8,5.6,6.29
1772,Fernanda Cruz Morales,Operaciones,Logística,2026-04-03,7.3,7.7,7.9,5.9,9.0,7.56,4.9,7.8,6.9,7.9,6.78,8.5,7.7,9.0,9.0,9.4,8.61,8.4,10.0,9.9,10.0,9.8,9.56
1773,Andrea López Vázquez,Ventas,Ventas Nacionales,2026-01-29,9.3,8.5,8.7,7.6,10.0,8.83,9.0,9.4,8.6,9.5,9.14,8.1,6.0,7.4,9.0,8.4,7.61,8.7,6.8,7.8,10.0,7.0,8.14
1774,Carlos Sánchez Ortiz,Finanzas,Tesorería,2026-06-09,4.2,4.9,2.5,2.7,3.9,3.77,5.1,3.3,2.9,1.8,3.38,2.2,3.0,3.7,3.0,3.3,2.99,2.1,3.8,2.5,3.2,2.3,2.84
1775,Valeria Ramírez Castillo,Marketing,Comunicación de Marca,2025-09-21,7.4,8.0,10.0,6.6,7.6,7.98,4.8,8.4,7.0,5.2,6.24,6.5,5.5,7.5,6.8,6.3,6.46,4.6,3.4,9.5,3.6,3.7,4.99
1776,Fernanda Morales González,Tecnología,Infraestructura,2025-11-02,9.2,8.0,10.0,9.1,8.7,8.97,7.8,10.0,9.1,6.6,8.31,8.5,9.6,10.0,9.7,9.9,9.46,6.8,6.5,7.2,5.4,7.7,6.62
1777,Laura Flores Morales,Tecnología,Desarrollo,2025-09-18,6.3,7.9,7.1,7.5,6.1,7.01,5.3,5.7,5.0,3.2,4.81,6.2,6.9,6.9,5.9,5.4,6.35,6.0,4.4,5.0,5.8,4.5,5.21
1778,Sergio Ramírez Gómez,Operaciones,Producción,2026-03-11,6.6,5.4,4.9,6.4,3.9,5.52,6.8,6.9,3.1,6.5,6.01,7.0,4.8,4.8,6.6,7.9,6.09,3.8,7.9,6.3,4.8,3.1,5.46
1779,Karla Martínez Torres,Tecnología,Infraestructura,2026-05-05,2.9,5.2,3.4,3.4,5.1,3.98,4.9,5.0,3.7,4.5,4.58,7.1,4.9,4.9,5.5,6.0,5.7,6.1,4.3,4.7,4.7,3.4,4.82
1780,Alejandro Ramírez Flores,Tecnología,Desarrollo,2025-09-09,1.8,1.4,2.2,1.5,2.9,1.9,3.7,4.3,2.8,3.3,3.57,3.6,1.3,3.1,4.0,3.1,2.91,4.2,3.9,5.1,4.4,5.4,4.46
1781,Miguel Reyes Morales,Ventas,Atención a Clientes,2025-12-16,5.4,5.0,5.6,4.5,7.6,5.53,5.9,4.6,5.4,6.1,5.52,7.3,5.3,4.6,6.6,6.0,5.96,6.1,6.2,6.0,3.6,6.3,5.62
1782,Ricardo Pérez Ramírez,Recursos Humanos,Reclutamiento,2025-11-22,7.5,8.5,5.7,7.2,7.3,7.32,9.7,10.0,8.5,10.0,9.61,7.5,10.0,7.4,6.4,7.4,7.93,8.2,8.5,8.0,7.4,8.7,8.12
1783,Paola Flores Sánchez,Ventas,Ventas Nacionales,2026-07-03,0.5,1.9,3.4,3.7,4.1,2.45,2.0,3.3,1.1,1.5,2.02,2.7,2.2,3.1,2.3,3.2,2.67,4.0,3.4,4.9,1.9,1.6,3.37
1784,Alejandro González Rodríguez,Operaciones,Logística,2025-10-25,2.3,3.8,4.9,4.8,3.2,3.7,4.0,4.5,4.7,3.0,4.02,3.5,4.6,2.2,1.9,2.8,3.17,2.2,2.7,3.6,1.1,3.3,2.5
1785,Ana Flores Vázquez,Operaciones,Control de Calidad,2026-02-27,7.3,7.8,4.9,6.9,9.2,7.17,4.5,4.7,4.7,3.6,4.36,6.2,5.2,5.9,3.9,4.9,5.35,6.1,7.4,5.8,7.6,7.2,6.78
1786,Sergio Jiménez Torres,Operaciones,Control de Calidad,2025-11-29,9.0,6.8,6.9,7.8,9.5,7.92,6.0,7.0,9.3,6.6,7.06,4.9,5.0,5.4,4.8,4.1,4.89,5.2,5.9,6.2,6.1,6.6,5.9
1787,José Sánchez Jiménez,Ventas,Ventas Nacionales,2025-11-10,5.2,3.7,7.0,7.5,6.9,5.78,4.0,6.9,4.4,4.5,4.93,3.6,5.6,5.4,6.2,4.8,5.03,4.9,8.4,5.3,4.6,6.4,5.94
1788,Sergio Morales Gómez,Recursos Humanos,Capacitación,2026-07-31,3.2,4.9,4.3,2.3,4.0,3.83,4.3,3.6,4.1,3.6,3.91,0.9,2.5,2.9,3.9,3.4,2.52,6.9,2.8,4.0,6.0,5.5,4.97
1789,Sofía Hernández Martínez,Operaciones,Logística,2026-08-02,9.7,10.0,8.2,9.8,8.9,9.37,9.3,8.8,7.5,9.1,8.76,8.1,7.4,7.1,8.0,7.3,7.59,7.0,9.6,7.7,5.3,8.6,7.61
1790,Alejandro Jiménez Pérez,Ventas,Atención a Clientes,2026-08-15,6.7,7.6,7.9,7.6,6.7,7.3,6.2,5.4,4.2,5.2,5.35,7.9,5.6,6.5,6.0,6.8,6.59,6.3,7.2,6.6,6.1,8.1,6.72
1791,Gabriela Torres Ramírez,Ventas,Atención a Clientes,2026-01-16,7.8,7.6,6.2,6.5,5.8,6.94,4.8,3.7,3.9,3.3,3.97,7.2,7.5,5.2,5.7,7.4,6.68,6.1,8.5,6.6,7.9,5.8,7.13
1792,Carlos Torres Jiménez,Tecnología,Infraestructura,2025-10-08,5.5,4.8,5.5,5.7,6.3,5.48,5.6,7.1,4.4,5.7,5.76,7.9,6.3,5.9,7.8,5.4,6.71,8.3,10.0,4.9,6.5,8.1,7.67
1793,Luis Pérez Flores,Tecnología,Soporte Técnico,2026-08-28,4.8,7.6,4.8,6.5,5.8,5.9,5.5,5.2,6.3,6.3,5.78,7.4,5.0,5.7,6.3,8.0,6.39,6.6,7.0,6.6,7.4,9.3,7.13
1794,Diego Hernández Castillo,Tecnología,Desarrollo,2026-07-19,7.5,5.5,5.9,5.6,6.3,6.22,7.3,7.8,6.3,6.5,7.02,4.3,4.5,2.3,4.4,4.8,4.04,4.6,5.9,3.7,5.9,5.5,5.1
1795,Jorge Ramírez Martínez,Recursos Humanos,Reclutamiento,2026-03-14,8.5,8.5,8.3,6.5,7.4,8.0,6.0,5.8,7.3,5.8,6.16,5.4,6.9,6.0,7.7,6.6,6.42,6.7,5.3,6.4,5.0,5.6,5.84
1796,Pedro González Romero,Recursos Humanos,Nómina,2026-04-18,6.1,7.8,6.6,6.4,6.0,6.65,6.3,5.3,8.3,8.0,6.88,5.4,7.8,7.3,5.4,6.9,6.6,10.0,8.2,6.6,6.5,9.1,8.08
1797,Paola Gómez Hernández,Finanzas,Tesorería,2026-08-01,6.8,7.1,7.1,8.4,7.6,7.29,5.5,6.0,7.0,5.8,6.0,6.8,6.5,5.4,7.3,7.6,6.64,7.9,6.8,5.4,4.5,5.6,6.22
1798,Luis Ortiz Ortiz,Finanzas,Contabilidad,2026-01-28,7.0,8.0,7.3,6.8,7.4,7.34,8.2,8.8,9.3,7.1,8.3,2.6,5.5,3.8,5.3,6.3,4.53,7.7,7.3,6.5,8.6,8.9,7.66
1799,Andrea García Castillo,Finanzas,Auditoría Interna,2025-10-12,8.6,8.5,9.1,8.1,8.8,8.63,9.2,8.1,7.9,7.8,8.32,7.0,5.3,6.1,4.5,6.2,5.9,5.6,8.3,8.1,6.6,9.0,7.32
1800,Fernanda Castillo Gómez,Recursos Humanos,Reclutamiento,2026-06-22,5.4,6.7,5.9,7.2,5.1,6.05,6.1,8.9,7.8,8.2,7.66,7.0,7.7,7.3,5.3,5.1,6.69,4.8,6.6,5.1,5.9,6.2,5.67
1801,Mariana Jiménez Jiménez,Operaciones,Control de Calidad,2026-09-06,8.1,8.2,8.8,6.9,6.3,7.82,5.6,4.4,6.3,5.9,5.52,7.0,7.4,5.0,5.7,4.9,6.19,7.1,5.1,5.7,5.0,6.5,5.84
1802,Diego García Ramírez,Tecnología,Desarrollo,2026-06-17,7.9,5.8,7.3,6.6,6.1,6.79,6.4,7.1,4.8,7.5,6.53,5.8,5.4,4.0,4.2,5.6,5.07,6.9,7.2,6.2,9.7,6.7,7.38
1803,Francisco Ortiz Morales,Tecnología,Soporte Técnico,2026-07-02,0.8,1.6,2.2,2.4,2.2,1.73,0.5,0.0,0.8,0.8,0.51,2.0,4.9,5.5,4.5,4.6,4.19,2.9,3.3,4.6,4.5,1.5,3.52
1804,Valeria García Flores,Marketing,Marketing Digital,2026-03-21,9.0,10.0,9.3,8.0,8.8,9.13,9.6,8.7,9.8,8.0,9.02,8.3,9.5,9.3,8.2,10.0,9.04,8.6,9.0,6.2,8.8,7.1,8.11
1805,Diego Gómez Sánchez,Recursos Humanos,Nómina,2026-07-30,5.7,4.6,3.9,2.7,5.9,4.65,2.2,2.9,3.3,2.9,2.77,3.4,4.8,5.4,3.7,3.2,4.16,2.8,2.6,5.3,3.8,4.3,3.6
1806,Carlos Ramírez Hernández,Tecnología,Soporte Técnico,2026-04-29,7.8,8.6,8.3,8.1,10.0,8.48,8.0,6.7,6.3,4.8,6.54,8.7,8.1,8.1,10.0,9.8,8.79,8.4,8.2,8.1,10.0,9.1,8.68
1807,Andrea Reyes Ortiz,Tecnología,Soporte Técnico,2026-07-26,5.2,7.1,6.3,7.9,5.2,6.3,4.3,5.0,5.3,3.5,4.47,4.5,4.5,4.5,6.3,6.2,5.02,6.0,3.7,5.2,4.7,6.1,5.02
1808,Ximena Martínez González,Finanzas,Tesorería,2026-01-04,4.0,4.2,2.0,2.7,6.6,3.84,4.7,2.4,4.7,2.7,3.62,0.2,3.5,3.6,3.6,2.9,2.62,5.5,3.9,5.1,2.6,3.6,4.25
1809,Miguel González Ortiz,Recursos Humanos,Nómina,2026-03-20,6.4,5.2,6.0,6.8,6.5,6.1,6.0,8.0,8.4,6.3,7.06,7.5,7.6,7.1,5.5,6.5,7.0,7.5,5.8,6.7,7.0,4.5,6.52
1810,Ana García Gómez,Finanzas,Contabilidad,2026-08-11,1.8,4.3,2.5,2.1,5.0,3.09,5.2,6.3,4.6,5.9,5.53,6.5,6.0,5.7,4.0,4.7,5.57,6.6,4.2,6.0,7.9,8.0,6.28
1811,Raúl González Sánchez,Finanzas,Contabilidad,2026-08-23,8.8,9.3,9.8,10.0,8.9,9.32,8.0,7.7,9.4,8.4,8.3,7.4,7.8,9.0,6.4,7.9,7.74,7.3,6.2,8.4,7.1,6.8,7.15
1812,Diego Rodríguez Romero,Recursos Humanos,Reclutamiento,2026-03-13,10.0,10.0,9.9,8.9,10.0,9.82,10.0,8.7,8.6,9.6,9.3,8.5,10.0,10.0,6.3,9.4,8.98,8.8,9.3,6.7,9.0,9.0,8.56
1813,Fernanda García Cruz,Marketing,Comunicación de Marca,2026-02-03,10.0,9.9,10.0,9.4,10.0,9.88,7.4,7.8,8.0,8.2,7.82,9.5,8.4,8.1,7.2,9.9,8.66,9.0,9.0,6.4,8.3,6.8,8.12
1814,Andrea Rodríguez Rodríguez,Marketing,Comunicación de Marca,2026-07-06,5.7,6.9,6.0,6.2,4.7,5.98,6.6,9.0,8.8,5.9,7.46,6.5,7.1,5.4,5.9,5.2,6.14,8.9,5.9,7.4,7.0,6.3,7.21
1815,Camila Ortiz Pérez,Marketing,Investigación de Mercado,2026-05-12,7.7,6.7,7.9,10.0,10.0,8.18,7.3,7.1,9.6,8.8,8.09,9.4,10.0,8.0,9.0,8.3,9.04,9.1,7.5,6.5,8.2,7.0,7.79
1816,Daniela Jiménez Cruz,Recursos Humanos,Reclutamiento,2026-01-29,6.3,5.8,5.2,7.3,6.0,6.06,4.7,3.0,5.1,5.0,4.43,4.4,5.0,5.1,6.4,7.2,5.41,4.8,3.7,5.4,5.2,5.3,4.78
1817,Fernanda Hernández Pérez,Finanzas,Auditoría Interna,2026-03-20,10.0,8.8,8.3,7.8,7.6,8.67,7.9,8.1,8.0,8.8,8.2,8.9,9.0,5.7,8.1,6.8,7.85,9.5,9.2,7.8,5.4,8.7,8.18
1818,Francisco Ortiz Vázquez,Finanzas,Auditoría Interna,2026-07-27,5.6,7.5,6.2,1.5,4.0,5.34,3.0,3.0,5.6,4.5,3.89,4.3,2.2,4.3,5.4,4.3,3.94,3.9,6.2,3.1,4.5,5.4,4.58
1819,Miguel López Hernández,Recursos Humanos,Nómina,2026-04-18,10.0,9.4,8.9,10.0,8.3,9.38,6.8,5.1,6.7,5.9,6.13,8.5,8.6,10.0,8.0,6.1,8.39,9.3,6.9,9.3,9.0,6.5,8.36
1820,Fernanda Rodríguez Gómez,Recursos Humanos,Nómina,2026-06-27,6.8,4.9,5.7,4.9,5.1,5.56,6.4,7.8,4.5,7.1,6.54,7.3,8.0,7.5,8.9,6.8,7.68,7.3,4.3,6.7,6.5,4.2,5.96
1821,Camila García Torres,Finanzas,Contabilidad,2025-10-04,3.6,5.2,5.0,4.1,3.7,4.37,6.1,4.2,5.9,5.5,5.44,1.8,3.5,3.4,3.2,3.1,2.95,6.6,5.5,5.6,5.2,5.1,5.69
1822,Miguel Hernández Morales,Recursos Humanos,Nómina,2025-11-18,7.0,7.0,8.3,7.2,8.9,7.58,7.7,8.0,6.8,7.1,7.44,7.1,7.4,7.5,7.9,8.6,7.6,7.7,8.5,10.0,9.4,8.2,8.75
1823,María Sánchez Morales,Ventas,Ventas Internacionales,2026-05-17,4.4,6.5,6.2,6.7,5.2,5.75,7.5,4.4,5.5,7.7,6.38,7.2,7.4,5.3,7.4,5.9,6.71,6.0,5.8,5.6,7.2,6.3,6.14
1824,Sofía Morales Flores,Tecnología,Soporte Técnico,2026-06-14,7.8,8.5,10.0,8.4,8.3,8.58,9.6,10.0,9.8,9.1,9.62,6.1,6.8,4.6,7.9,5.4,6.14,7.1,6.1,6.5,7.9,7.8,6.96
1825,Sergio Hernández Martínez,Operaciones,Logística,2026-07-20,1.3,3.3,2.6,0.4,3.2,2.21,3.0,3.8,0.6,1.3,2.3,1.5,0.0,4.3,4.0,1.5,2.06,3.6,4.1,2.1,2.3,2.7,3.08
1826,Diego Pérez Torres,Tecnología,Soporte Técnico,2025-12-12,6.3,6.8,7.6,6.7,8.9,7.14,8.4,5.4,7.1,8.5,7.42,7.4,8.4,3.7,4.8,5.3,6.2,5.7,4.7,6.3,6.2,5.6,5.66
1827,Juan Morales Romero,Tecnología,Infraestructura,2025-10-07,8.7,9.3,7.7,7.1,6.3,8.05,8.7,7.3,6.5,8.6,7.88,9.4,6.8,8.9,5.5,7.6,7.8,6.5,6.8,8.3,8.8,9.4,7.69
1828,Juan Sánchez Ortiz,Marketing,Investigación de Mercado,2026-05-31,5.2,3.3,4.9,5.4,6.8,4.94,4.5,4.6,4.0,4.7,4.47,4.8,3.8,6.2,4.5,4.1,4.68,6.5,4.8,5.9,5.0,5.4,5.55
1829,Diego Hernández González,Marketing,Comunicación de Marca,2026-01-17,10.0,8.9,8.7,8.5,8.9,9.07,6.8,8.6,8.1,9.4,8.16,8.8,6.6,8.3,8.8,8.7,8.14,7.9,10.0,10.0,8.9,9.6,9.22
1830,Gabriela Gómez Ramírez,Ventas,Atención a Clientes,2026-06-14,6.5,6.8,5.8,4.5,4.8,5.88,6.7,4.6,3.8,5.5,5.3,3.5,4.3,5.4,5.4,4.3,4.49,5.7,4.9,6.2,4.9,5.0,5.37
1831,Paola Vázquez Hernández,Marketing,Marketing Digital,2025-10-08,3.4,3.9,4.3,4.1,4.6,3.99,4.4,4.2,4.1,5.4,4.54,3.8,4.9,5.2,8.2,5.5,5.27,5.1,3.3,4.7,2.1,3.8,3.84
1832,Laura Vázquez Hernández,Recursos Humanos,Nómina,2026-05-21,6.7,6.9,7.2,6.4,6.4,6.76,5.6,5.2,7.2,5.1,5.7,6.0,7.6,4.1,7.1,5.7,6.14,6.0,7.5,8.6,5.6,8.1,7.02
1833,Gabriela Flores Romero,Tecnología,Infraestructura,2026-08-03,2.2,4.2,3.9,2.4,4.8,3.46,2.9,4.1,4.7,1.6,3.24,0.8,1.3,1.2,2.6,0.0,1.16,5.0,6.4,5.4,5.0,5.2,5.45
1834,María Castillo González,Finanzas,Tesorería,2025-10-21,6.1,9.8,8.3,6.5,8.8,7.93,6.9,6.9,7.5,9.1,7.57,9.2,8.2,9.6,6.7,7.9,8.46,10.0,10.0,10.0,10.0,8.9,9.89
1835,María Torres Rodríguez,Finanzas,Tesorería,2025-09-27,9.5,9.5,9.0,9.2,9.2,9.31,9.4,9.7,10.0,9.7,9.67,8.5,9.5,9.3,8.6,9.7,9.1,6.9,9.2,9.2,9.2,9.6,8.66
1836,Mariana López Martínez,Finanzas,Tesorería,2026-04-16,6.5,5.8,4.3,5.1,4.9,5.44,4.8,2.8,9.5,4.9,5.26,4.0,4.0,5.1,5.8,4.2,4.52,6.5,6.0,5.7,6.7,7.6,6.36
1837,Andrea Gómez Cruz,Marketing,Comunicación de Marca,2025-10-11,6.5,7.4,7.3,6.2,5.3,6.66,8.3,8.2,6.0,7.5,7.62,9.2,4.9,7.0,7.3,7.1,7.08,6.6,7.3,7.6,6.0,5.7,6.76
1838,Sergio Castillo Gómez,Operaciones,Control de Calidad,2026-06-11,7.3,6.3,7.3,8.6,8.6,7.44,4.9,5.7,3.6,6.4,5.22,9.3,6.2,6.5,7.4,6.8,7.3,5.2,6.3,3.8,4.8,6.1,5.2
1839,Diego Jiménez Rodríguez,Ventas,Ventas Nacionales,2026-06-01,2.4,3.0,2.6,1.7,3.3,2.62,3.4,2.5,5.6,5.1,4.04,5.9,6.5,3.7,6.5,4.4,5.48,5.4,7.0,5.6,6.7,4.9,6.05
1840,Roberto Morales Rodríguez,Ventas,Ventas Nacionales,2026-02-24,9.2,6.4,8.5,8.0,8.4,8.06,7.7,7.9,6.2,6.6,7.18,5.4,6.6,8.5,6.8,8.2,6.95,7.0,7.6,7.7,8.0,8.2,7.61
1841,Ricardo Jiménez Vázquez,Marketing,Marketing Digital,2026-01-31,8.6,8.7,8.7,8.8,9.7,8.84,6.3,7.9,7.8,7.6,7.33,7.9,5.4,5.2,6.7,7.0,6.42,7.6,7.4,7.3,6.8,7.4,7.31
1842,Camila Reyes López,Marketing,Investigación de Mercado,2026-04-20,7.3,7.4,6.0,6.8,6.8,6.91,5.1,5.7,7.3,7.2,6.22,8.1,6.8,8.9,5.8,5.2,7.16,7.7,7.8,7.9,4.9,6.2,7.06
1843,Alejandro Sánchez García,Ventas,Atención a Clientes,2025-11-20,6.6,8.1,7.3,5.1,7.4,7.01,2.6,5.0,4.3,3.8,3.84,3.7,6.2,5.2,8.7,4.5,5.5,6.5,5.7,6.4,8.1,6.2,6.57
1844,Juan Morales Castillo,Finanzas,Tesorería,2025-11-23,5.2,6.1,6.4,5.0,5.7,5.71,5.3,3.9,5.7,2.9,4.43,2.3,3.4,5.1,3.9,5.5,3.85,3.6,6.2,3.5,3.8,4.5,4.36
1845,Diego Cruz Martínez,Tecnología,Desarrollo,2026-07-25,7.5,8.0,10.0,8.2,8.3,8.35,9.0,6.6,10.0,8.3,8.43,7.5,8.9,10.0,10.0,7.0,8.65,8.8,10.0,8.0,8.4,9.4,8.92
1846,Roberto Martínez Ortiz,Tecnología,Infraestructura,2025-09-11,2.8,2.6,2.2,0.8,0.8,2.03,2.6,2.6,2.1,1.3,2.18,3.6,3.6,3.7,2.9,2.2,3.3,4.3,1.1,2.8,1.1,3.6,2.49
1847,Sergio Romero Pérez,Tecnología,Soporte Técnico,2026-07-11,5.5,4.0,6.0,6.5,6.0,5.45,6.1,3.8,6.1,6.0,5.5,7.6,5.3,4.5,5.4,5.7,5.79,5.0,7.2,6.2,5.1,6.1,5.92
1848,Luis Pérez Vázquez,Finanzas,Tesorería,2026-02-27,3.5,3.5,3.3,4.0,3.8,3.58,3.7,2.0,1.9,2.3,2.57,1.7,1.7,3.1,3.8,3.1,2.5,1.3,2.2,1.2,3.5,3.1,2.12
1849,Carlos Gómez Hernández,Ventas,Atención a Clientes,2026-04-06,5.3,0.9,4.0,2.7,2.5,3.13,2.7,3.3,3.0,1.6,2.64,4.3,3.1,0.4,1.1,1.8,2.37,2.7,4.7,4.5,3.9,5.3,4.06
1850,José González Vázquez,Operaciones,Logística,2026-03-27,6.1,6.5,6.2,7.2,3.9,6.06,6.8,5.6,5.9,4.6,5.77,5.1,7.3,6.7,6.0,6.7,6.34,9.1,8.4,8.8,6.5,8.4,8.28
1851,Alejandro Ramírez Jiménez,Marketing,Investigación de Mercado,2026-07-23,5.9,8.3,9.6,8.0,6.7,7.68,10.0,10.0,8.9,9.9,9.76,9.2,8.4,7.1,10.0,8.0,8.52,9.6,9.3,9.4,9.6,9.7,9.49
1852,Roberto Morales Rodríguez,Tecnología,Desarrollo,2026-05-05,5.3,5.7,5.4,7.5,7.8,6.12,6.0,7.3,7.9,7.8,7.16,5.5,3.9,5.2,6.0,5.7,5.14,4.8,4.1,5.6,5.0,3.2,4.66
1853,Juan Pérez Rodríguez,Tecnología,Soporte Técnico,2026-08-27,0.7,0.8,2.3,1.5,1.8,1.33,3.7,3.4,2.8,1.9,3.0,5.6,6.6,5.7,5.2,4.3,5.61,3.5,2.2,5.5,4.0,1.6,3.49
1854,Ana Flores López,Recursos Humanos,Capacitación,2025-09-17,5.8,5.2,5.6,4.9,4.3,5.25,8.0,5.1,6.4,5.5,6.33,7.0,5.4,8.5,6.1,8.5,6.99,6.2,5.0,2.8,5.1,4.6,4.84
1855,Sergio López Martínez,Tecnología,Soporte Técnico,2026-07-17,6.0,8.3,5.5,6.6,6.9,6.7,10.0,7.4,9.0,9.6,9.05,9.4,8.8,7.5,10.0,10.0,9.05,10.0,7.7,10.0,10.0,9.2,9.35
1856,Karla González Ramírez,Marketing,Comunicación de Marca,2026-03-15,6.8,4.8,7.0,6.4,6.4,6.22,7.3,8.4,5.1,7.7,7.24,5.9,6.1,3.2,5.3,5.1,5.2,7.3,5.4,4.9,5.1,6.6,5.84
1857,Miguel González Vázquez,Tecnología,Desarrollo,2026-06-21,7.0,7.9,5.4,6.1,7.8,6.89,5.9,6.0,4.4,3.2,4.95,6.7,7.6,7.6,6.8,9.4,7.52,7.5,7.6,6.9,6.6,8.1,7.28
1858,Valeria González Jiménez,Finanzas,Auditoría Interna,2026-07-05,7.3,7.0,7.7,8.0,7.6,7.46,9.4,10.0,8.4,7.5,8.88,7.9,8.1,7.7,10.0,7.0,8.09,7.6,9.9,8.6,7.8,9.1,8.56
1859,Valeria Rodríguez Morales,Tecnología,Infraestructura,2026-04-18,5.0,2.9,4.6,4.4,7.0,4.61,5.3,2.4,2.2,6.3,4.2,0.4,0.5,0.3,0.4,4.0,0.94,5.4,3.0,2.9,2.9,3.9,3.65
1860,Raúl Flores Ramírez,Tecnología,Soporte Técnico,2025-09-19,8.5,9.9,8.5,8.1,10.0,9.02,6.8,9.3,10.0,9.5,8.74,7.9,5.6,6.8,7.2,9.9,7.3,8.0,8.7,8.9,10.0,7.5,8.7
1861,Andrea Ortiz Torres,Marketing,Marketing Digital,2026-03-17,8.5,10.0,8.7,8.6,9.1,9.02,9.3,8.2,7.6,6.3,7.94,9.8,8.8,8.4,9.1,9.4,9.1,7.7,9.6,8.1,8.9,10.0,8.73
1862,Juan Flores Torres,Ventas,Ventas Nacionales,2025-09-22,7.9,7.6,8.2,9.3,7.7,8.06,7.0,8.0,6.9,10.0,7.98,8.6,7.5,7.6,8.4,7.9,7.99,3.9,8.1,8.1,6.6,7.5,6.69
1863,Carlos Romero Ortiz,Marketing,Investigación de Mercado,2025-11-10,3.6,3.0,4.0,3.0,4.0,3.5,2.8,4.4,2.5,4.5,3.56,4.9,6.6,5.9,4.1,5.7,5.52,2.1,5.0,4.9,4.5,3.9,4.04
1864,Mariana Martínez Morales,Ventas,Atención a Clientes,2026-04-01,5.3,4.7,4.8,5.2,3.5,4.77,2.5,3.5,6.0,3.9,3.8,3.4,2.4,4.9,3.1,5.1,3.66,3.8,4.1,2.8,5.3,4.4,4.04
1865,Diego Reyes Gómez,Operaciones,Producción,2025-10-14,8.2,7.1,10.0,8.5,9.1,8.46,7.0,9.2,8.6,10.0,8.62,10.0,7.7,8.0,8.6,7.2,8.4,8.7,9.9,7.0,7.5,7.2,8.27
1866,Daniela Rodríguez Jiménez,Finanzas,Auditoría Interna,2026-05-03,6.4,4.5,4.8,3.9,5.4,5.08,4.4,3.4,3.2,2.8,3.51,4.3,4.5,5.7,3.6,5.2,4.66,5.3,6.1,4.4,4.8,6.3,5.32
1867,Gabriela Vázquez Sánchez,Operaciones,Logística,2026-03-08,5.7,6.8,5.0,6.9,5.0,5.91,8.0,6.8,5.4,5.4,6.53,4.3,5.4,6.9,7.3,5.7,5.75,4.3,5.7,7.2,3.3,6.8,5.28
1868,Ximena García Flores,Tecnología,Soporte Técnico,2026-01-02,6.3,8.3,4.5,6.9,5.4,6.4,6.1,5.7,6.4,6.7,6.21,6.4,4.9,5.8,6.1,4.9,5.64,4.9,6.4,4.5,5.8,7.6,5.64
1869,Karla Martínez Flores,Finanzas,Auditoría Interna,2026-02-04,7.1,4.0,5.1,5.5,5.0,5.37,3.0,3.1,3.6,4.5,3.52,3.7,3.7,0.7,3.5,4.0,3.12,2.4,3.4,3.4,3.9,3.9,3.3
1870,Alejandro Reyes López,Recursos Humanos,Capacitación,2025-11-09,5.7,6.9,4.0,4.5,3.9,5.21,6.9,5.4,4.1,5.9,5.72,9.2,9.1,5.3,7.1,7.1,7.76,6.8,7.2,4.8,7.1,7.2,6.6
1871,Sofía González Reyes,Tecnología,Infraestructura,2026-07-10,9.2,9.6,7.9,8.1,8.2,8.72,8.1,8.6,8.9,8.2,8.41,8.1,7.3,7.5,8.7,6.6,7.64,10.0,9.8,8.3,10.0,8.6,9.47
1872,Daniela Morales Torres,Recursos Humanos,Reclutamiento,2026-03-10,4.0,3.6,3.9,5.3,4.9,4.21,6.4,5.1,3.8,4.6,5.11,6.0,5.7,8.0,9.0,9.1,7.24,7.6,5.3,4.7,6.3,6.2,6.04
1873,Sergio Hernández Castillo,Marketing,Comunicación de Marca,2026-01-08,5.0,5.7,6.3,5.6,6.8,5.8,4.3,5.0,6.3,5.8,5.25,10.0,8.9,6.8,8.8,8.6,8.7,7.3,5.1,4.9,5.9,6.5,5.91
1874,Luis García García,Operaciones,Control de Calidad,2026-05-10,9.2,9.2,10.0,9.4,10.0,9.51,7.6,8.0,5.4,7.1,7.14,7.8,7.0,8.6,7.7,8.4,7.84,7.0,9.9,8.4,8.7,6.4,8.28
1875,Laura Gómez González,Operaciones,Producción,2025-10-26,4.9,5.9,3.3,3.9,4.7,4.65,6.9,5.5,5.1,4.9,5.69,5.3,4.7,7.5,6.9,7.0,6.08,5.5,4.8,5.5,4.7,7.3,5.35
1876,Valeria Cruz García,Recursos Humanos,Capacitación,2026-05-20,4.7,5.7,4.5,4.2,0.5,4.2,2.0,2.7,2.0,2.9,2.4,6.8,5.0,4.8,2.8,3.6,4.87,3.0,1.1,3.6,5.6,3.8,3.24
1877,Ricardo García Flores,Operaciones,Control de Calidad,2026-05-21,6.2,6.2,2.9,3.0,4.6,4.82,4.9,4.1,4.4,4.7,4.55,6.7,7.2,7.2,6.1,9.1,7.2,7.3,6.8,6.2,9.5,8.9,7.56
1878,Andrea Rodríguez Pérez,Finanzas,Tesorería,2026-05-11,2.2,2.7,0.5,2.0,5.2,2.41,1.5,1.7,2.4,0.3,1.43,1.7,1.5,3.1,2.2,4.6,2.44,2.8,4.3,4.4,2.3,4.1,3.53
1879,Gabriela Morales Pérez,Marketing,Marketing Digital,2026-01-04,5.3,6.2,7.0,8.0,6.5,6.45,5.7,4.2,6.2,6.4,5.6,6.4,3.4,5.7,4.4,4.3,4.89,7.3,7.1,5.2,4.2,4.4,5.92
1880,Ricardo López Castillo,Marketing,Comunicación de Marca,2026-07-26,6.1,6.8,5.2,4.9,2.7,5.4,7.3,5.0,7.9,6.7,6.69,6.6,6.5,5.6,6.4,5.6,6.19,6.2,6.7,6.7,5.5,4.6,6.13
1881,Gabriela Pérez Jiménez,Recursos Humanos,Reclutamiento,2026-07-17,3.4,3.5,4.4,3.6,6.0,4.04,1.9,3.4,3.0,3.7,2.94,3.8,2.0,2.6,2.9,3.1,2.87,3.6,3.1,4.4,3.5,3.4,3.6
1882,Valeria Reyes Martínez,Recursos Humanos,Capacitación,2025-11-27,3.9,4.9,1.3,5.6,2.2,3.63,5.8,4.3,3.0,1.8,3.86,3.6,2.4,3.1,0.9,1.5,2.48,3.9,3.4,4.4,3.8,3.4,3.8
1883,Pedro Romero Romero,Recursos Humanos,Reclutamiento,2026-06-24,6.0,7.7,5.6,6.4,7.0,6.56,6.3,6.1,5.1,5.6,5.84,3.6,5.5,6.6,4.3,5.3,5.03,5.8,7.6,8.7,7.4,7.5,7.32
1884,Ximena Castillo Torres,Marketing,Comunicación de Marca,2026-07-31,5.0,6.9,6.6,6.4,4.8,5.98,5.1,5.7,3.8,5.6,5.12,7.5,7.1,5.0,6.6,9.2,7.02,7.2,7.1,5.7,4.6,7.6,6.4
1885,José Flores González,Ventas,Atención a Clientes,2026-06-03,3.7,4.2,5.5,7.1,7.5,5.26,7.7,5.3,6.8,6.5,6.62,6.8,7.0,6.6,7.5,6.2,6.82,5.7,3.7,6.6,5.7,4.1,5.22
1886,Carlos Ortiz Ortiz,Marketing,Investigación de Mercado,2026-04-15,6.3,5.5,6.5,8.2,4.4,6.14,4.6,3.3,4.2,3.6,3.94,5.0,6.3,5.3,5.0,7.0,5.68,3.9,3.8,2.0,4.9,4.5,3.76
1887,Diego Torres López,Operaciones,Producción,2026-08-26,6.3,6.6,6.0,4.6,5.1,5.88,6.0,7.3,6.4,8.3,6.98,7.1,8.3,5.9,10.0,9.0,7.88,5.2,6.7,6.9,5.5,7.7,6.22
1888,Carlos Gómez Flores,Operaciones,Producción,2025-11-07,7.3,8.4,6.2,7.0,8.6,7.5,8.5,7.7,8.7,10.0,8.72,7.4,5.7,8.5,7.6,8.4,7.38,10.0,8.8,9.6,10.0,7.3,9.35
1889,Andrea Flores González,Finanzas,Tesorería,2026-07-27,4.2,4.4,3.3,5.2,3.6,4.13,5.8,2.8,2.7,3.7,3.9,2.5,2.4,2.5,2.2,4.3,2.7,3.7,3.3,3.3,3.6,4.9,3.62
1890,Mariana Vázquez Jiménez,Finanzas,Auditoría Interna,2026-04-13,8.2,8.6,10.0,9.5,9.5,9.05,6.5,6.9,8.3,7.9,7.31,7.0,7.0,8.9,8.3,7.9,7.71,9.3,8.8,8.5,8.1,9.6,8.8
1891,Daniela Reyes Romero,Recursos Humanos,Reclutamiento,2026-06-26,5.3,4.9,3.3,5.5,5.6,4.88,5.0,4.2,5.6,3.5,4.54,0.0,2.0,3.2,2.8,3.1,2.02,4.0,3.0,1.7,5.5,2.5,3.44
1892,Roberto Flores Pérez,Ventas,Atención a Clientes,2026-05-23,8.4,8.0,6.8,5.5,8.5,7.56,6.2,6.9,5.8,6.4,6.35,8.4,8.9,7.7,9.1,8.8,8.55,8.2,4.7,5.6,5.0,7.1,6.06
1893,Diego Ramírez Reyes,Ventas,Ventas Internacionales,2026-08-22,6.4,6.5,7.6,4.7,5.6,6.29,4.6,4.7,3.3,2.7,3.89,7.0,6.4,6.4,7.5,5.5,6.58,4.8,7.6,6.5,6.4,7.3,6.41
1894,José Hernández Vázquez,Operaciones,Control de Calidad,2025-09-26,5.0,6.2,2.9,6.0,3.2,4.76,4.0,5.6,3.8,5.0,4.61,4.1,1.5,3.7,3.2,3.5,3.14,5.0,3.5,2.2,2.5,4.1,3.48
1895,Jorge Cruz Rodríguez,Tecnología,Soporte Técnico,2025-09-30,5.4,4.1,6.6,5.5,4.2,5.15,5.6,6.9,4.3,5.2,5.56,4.3,3.2,1.9,3.0,2.1,3.02,4.6,3.3,5.1,3.3,3.7,4.03
1896,Ricardo Vázquez González,Recursos Humanos,Nómina,2026-07-23,5.9,8.1,10.0,8.0,8.2,7.93,6.4,8.6,9.5,9.5,8.35,8.3,7.3,7.1,8.1,8.1,7.75,8.5,8.4,10.0,10.0,10.0,9.22
1897,Gabriela González Ramírez,Marketing,Investigación de Mercado,2026-06-27,7.3,7.4,7.0,5.9,8.1,7.18,8.7,9.5,9.9,10.0,9.46,7.4,6.3,5.3,6.3,6.5,6.4,8.7,6.8,7.7,7.9,8.2,7.82
1898,Alejandro Gómez González,Ventas,Ventas Internacionales,2025-10-20,6.6,6.3,8.0,7.2,7.9,7.09,9.5,7.8,10.0,8.3,8.88,8.8,7.2,6.0,5.9,4.8,6.8,5.7,4.8,7.0,5.7,7.1,5.88
1899,Alejandro Martínez Martínez,Marketing,Marketing Digital,2026-04-09,8.4,6.9,6.3,8.9,9.0,7.77,8.7,7.5,8.7,7.7,8.15,7.1,7.7,7.2,5.0,7.8,7.06,6.7,7.5,7.5,6.0,8.2,7.07
1900,Gabriela Torres Ramírez,Recursos Humanos,Reclutamiento,2026-08-16,2.3,5.7,6.9,4.2,4.0,4.61,5.4,4.4,5.8,4.9,5.11,7.5,6.8,5.0,6.3,6.2,6.45,4.3,5.2,4.2,4.8,4.8,4.65
1901,Karla Ramírez Pérez,Finanzas,Contabilidad,2026-07-20,4.3,1.9,1.6,3.3,4.4,3.02,2.2,4.6,3.6,2.2,3.08,2.0,3.8,2.8,4.6,4.8,3.42,6.3,7.1,6.3,4.7,6.6,6.21
1902,Ricardo Sánchez Ortiz,Finanzas,Tesorería,2026-04-10,4.5,5.7,2.3,4.1,3.7,4.18,2.9,2.5,3.1,1.6,2.52,1.5,3.1,3.2,1.7,2.7,2.45,2.9,2.5,3.7,3.7,1.8,3.01
1903,Fernanda Sánchez Rodríguez,Tecnología,Infraestructura,2026-02-16,6.7,6.4,6.9,7.4,7.3,6.86,8.2,6.5,6.3,6.2,6.89,8.4,8.1,6.5,5.4,8.8,7.56,7.3,6.2,6.6,6.7,5.8,6.62
1904,Gabriela Pérez Castillo,Ventas,Atención a Clientes,2026-01-20,5.7,6.5,7.6,6.4,7.8,6.7,7.5,7.0,7.8,7.1,7.34,8.3,9.4,7.4,10.0,8.5,8.68,6.8,6.8,8.5,8.1,5.2,7.24
1905,Ricardo Jiménez Romero,Finanzas,Auditoría Interna,2026-07-14,7.3,6.5,3.5,6.3,4.0,5.7,7.7,6.9,7.7,7.0,7.32,3.2,3.8,5.0,3.1,4.2,3.84,4.4,4.2,3.1,2.8,2.8,3.61
1906,Ricardo Hernández Torres,Ventas,Ventas Internacionales,2026-04-25,4.1,2.6,2.2,3.8,2.7,3.09,3.1,3.1,2.7,4.1,3.27,2.5,1.5,2.3,2.2,3.2,2.27,3.5,6.4,4.4,5.2,2.8,4.68
1907,María Flores Romero,Marketing,Investigación de Mercado,2026-06-04,5.7,7.0,4.4,4.3,7.7,5.86,3.9,4.5,5.1,3.7,4.24,5.6,7.8,5.4,5.9,2.8,5.74,4.4,3.9,5.6,5.3,4.0,4.66
1908,Fernanda Jiménez Rodríguez,Finanzas,Auditoría Interna,2026-02-24,9.0,8.7,8.9,10.0,9.6,9.14,6.9,5.3,8.3,8.5,7.18,6.0,7.5,7.6,8.0,5.3,6.89,8.2,9.5,8.8,8.7,9.0,8.83
1909,Carlos Sánchez Rodríguez,Tecnología,Desarrollo,2026-05-13,3.1,5.3,4.4,6.6,5.2,4.75,6.0,5.9,7.7,6.2,6.36,4.1,3.4,4.6,5.0,4.4,4.2,2.6,3.9,6.6,5.0,3.7,4.32
1910,Juan Cruz Cruz,Marketing,Comunicación de Marca,2026-06-25,10.0,10.0,9.4,10.0,8.8,9.7,8.0,9.1,7.9,9.5,8.63,10.0,9.7,8.9,9.6,8.0,9.34,8.0,8.6,8.6,10.0,9.9,8.86
1911,Mariana López Ortiz,Tecnología,Infraestructura,2025-11-14,5.3,5.9,7.5,6.7,7.4,6.42,5.6,5.6,6.5,6.7,6.06,3.4,5.7,4.8,6.1,5.3,4.94,6.2,5.2,5.3,6.5,7.0,5.91
1912,Fernanda Jiménez Morales,Ventas,Atención a Clientes,2026-02-12,5.0,4.9,4.6,5.1,2.7,4.57,6.0,4.1,5.0,3.1,4.6,5.4,6.3,7.3,4.6,6.1,5.99,5.1,5.4,5.5,4.5,4.0,5.03
1913,Miguel Castillo González,Marketing,Marketing Digital,2026-03-19,6.6,2.8,6.1,6.0,5.3,5.26,3.8,3.4,4.3,4.9,4.07,3.6,4.2,5.0,3.4,5.0,4.21,7.1,4.8,4.4,6.2,3.2,5.42
1914,José Vázquez Reyes,Finanzas,Auditoría Interna,2026-07-20,9.7,10.0,9.6,9.5,9.2,9.65,7.2,8.2,6.6,10.0,8.03,9.0,7.6,10.0,9.0,10.0,9.0,9.9,7.2,8.7,8.1,8.1,8.44
1915,Pedro Flores García,Marketing,Investigación de Mercado,2026-08-13,7.1,7.7,9.1,10.0,8.7,8.33,9.7,7.5,8.0,7.5,8.26,7.3,9.4,8.4,10.0,7.6,8.5,8.0,8.5,6.0,5.5,6.1,7.04
1916,María Cruz González,Finanzas,Tesorería,2025-11-21,6.1,4.7,4.7,2.4,4.1,4.62,4.6,2.6,2.5,2.9,3.26,5.0,4.8,6.7,4.2,6.4,5.38,7.5,6.3,6.1,4.8,6.4,6.27
1917,Camila López Gómez,Tecnología,Desarrollo,2025-09-19,5.2,5.1,4.7,4.5,4.9,4.93,5.4,6.0,6.4,4.3,5.48,7.7,3.1,4.8,4.2,4.8,5.01,6.4,8.3,6.7,8.3,7.6,7.44
1918,Carlos López Pérez,Tecnología,Soporte Técnico,2026-02-06,1.4,0.3,2.0,1.8,0.3,1.14,4.4,5.7,3.2,3.2,4.19,0.1,2.3,0.0,1.5,1.9,1.11,3.1,2.7,4.4,2.5,1.8,3.01
1919,Luis Cruz Sánchez,Recursos Humanos,Capacitación,2026-08-24,1.6,1.4,2.1,2.5,2.3,1.89,0.9,4.7,0.9,0.6,1.78,2.2,1.5,3.4,4.1,3.8,2.79,2.5,1.3,3.9,0.2,2.5,2.02
1920,Diego Rodríguez García,Tecnología,Infraestructura,2026-03-16,3.5,3.9,2.9,4.1,3.5,3.57,3.3,5.4,3.8,3.1,3.87,3.0,2.4,4.4,2.7,5.8,3.51,4.3,4.2,5.1,3.1,4.0,4.16
1921,Ana Hernández Hernández,Ventas,Ventas Internacionales,2026-05-28,4.6,5.5,6.0,3.3,4.5,4.89,5.3,7.2,8.5,6.7,6.76,2.5,4.9,5.9,3.7,6.8,4.61,4.4,5.8,4.4,5.0,6.6,5.09
1922,Juan Sánchez Rodríguez,Finanzas,Contabilidad,2026-08-19,5.6,6.1,8.1,6.8,6.7,6.57,4.8,3.2,4.6,6.2,4.71,3.2,5.3,5.6,5.5,6.0,4.97,5.2,4.2,4.2,4.0,4.3,4.42
1923,Miguel Sánchez Flores,Operaciones,Control de Calidad,2026-07-18,9.0,8.1,7.2,8.8,7.7,8.19,8.5,10.0,7.4,5.7,7.96,7.1,5.9,5.7,6.7,6.2,6.32,7.5,10.0,8.1,6.4,10.0,8.28
1924,Andrea Sánchez González,Tecnología,Desarrollo,2026-03-09,10.0,9.2,9.5,6.9,9.6,9.18,8.6,8.7,8.0,7.8,8.3,7.7,8.8,8.8,10.0,8.6,8.67,7.4,8.6,9.3,6.4,9.2,8.06
1925,Fernanda García Flores,Tecnología,Infraestructura,2026-04-05,10.0,8.7,7.7,8.8,9.9,9.02,7.9,7.6,8.0,8.5,7.99,10.0,9.5,8.9,9.9,9.0,9.49,8.4,8.0,7.8,7.7,8.0,8.0
1926,Raúl Ramírez López,Tecnología,Infraestructura,2026-02-14,8.1,5.7,6.8,6.5,5.7,6.64,9.4,10.0,7.4,9.0,9.05,6.0,6.1,6.9,5.7,6.5,6.24,6.8,8.9,8.5,9.1,9.3,8.38
1927,Valeria López Hernández,Operaciones,Logística,2025-12-28,9.1,7.1,6.3,7.6,8.0,7.65,6.9,6.4,8.5,7.4,7.22,10.0,8.9,8.3,7.7,9.7,8.99,8.7,7.9,8.0,4.9,6.9,7.42
1928,Luis Gómez Romero,Finanzas,Auditoría Interna,2026-06-03,5.1,6.7,6.3,6.7,7.8,6.38,6.9,6.8,3.9,6.8,6.25,3.2,5.2,3.8,2.0,6.0,4.06,5.7,5.3,7.2,7.8,5.5,6.3
1929,Andrea Reyes Reyes,Marketing,Comunicación de Marca,2026-05-26,2.1,3.2,4.1,3.4,4.1,3.27,3.8,3.0,1.5,4.4,3.29,4.0,5.5,4.4,4.4,5.1,4.68,2.5,5.1,5.8,2.5,2.7,3.83
1930,Karla Rodríguez Romero,Tecnología,Soporte Técnico,2026-01-03,3.4,3.2,4.5,3.6,1.2,3.27,4.2,4.0,4.2,3.6,4.0,0.4,1.7,1.7,0.6,0.3,1.0,3.9,5.8,6.2,4.6,5.3,5.12
1931,Francisco Martínez Ramírez,Tecnología,Infraestructura,2026-06-28,9.3,9.5,9.4,9.0,9.2,9.31,7.9,8.6,5.5,7.5,7.49,8.3,5.4,5.8,9.6,7.4,7.14,7.6,5.5,5.7,8.2,7.4,6.8
1932,Ximena Cruz González,Tecnología,Desarrollo,2026-08-10,1.8,3.5,2.2,1.9,3.6,2.59,2.0,3.8,3.7,2.3,2.86,0.9,4.2,3.8,1.1,2.8,2.62,5.2,3.8,0.8,2.5,4.0,3.31
1933,Pedro Reyes Morales,Ventas,Ventas Internacionales,2025-10-31,4.4,4.7,5.3,5.5,5.0,4.91,5.2,6.4,5.9,5.7,5.76,4.4,5.1,3.4,4.7,5.9,4.65,6.6,6.4,5.9,4.9,4.9,5.9
1934,Fernanda López Ramírez,Operaciones,Producción,2026-06-23,5.3,4.9,6.6,6.9,8.5,6.18,6.0,4.9,3.8,3.8,4.74,5.4,5.8,4.8,4.8,5.4,5.29,6.8,7.5,8.2,8.1,6.7,7.5
1935,Ricardo Castillo Sánchez,Ventas,Ventas Internacionales,2026-07-25,5.1,8.2,3.5,3.9,2.8,5.03,8.5,7.3,7.1,6.1,7.32,8.5,5.5,5.9,5.8,5.6,6.39,4.5,3.4,5.7,3.4,3.8,4.18
1936,Luis Cruz Romero,Tecnología,Infraestructura,2025-12-12,6.9,6.3,5.2,6.3,6.1,6.2,2.6,5.4,5.4,6.0,4.71,7.2,6.0,6.1,7.2,5.3,6.4,8.9,6.4,7.9,8.2,6.6,7.7
1937,Paola Ramírez Jiménez,Recursos Humanos,Nómina,2026-02-25,7.9,6.4,8.3,6.8,8.6,7.55,9.7,7.9,8.1,9.8,8.96,7.5,8.5,7.1,5.8,8.8,7.61,6.1,9.5,9.1,4.9,5.0,7.2
1938,Roberto Pérez Romero,Tecnología,Soporte Técnico,2026-07-16,2.8,4.4,6.6,7.1,5.1,4.95,3.7,3.2,3.5,4.2,3.66,4.0,5.9,4.0,6.3,3.3,4.72,1.7,1.6,3.3,3.3,4.7,2.62
1939,Alejandro Martínez Cruz,Recursos Humanos,Capacitación,2025-11-01,9.5,8.2,8.6,9.1,9.2,8.89,9.4,8.6,8.8,9.7,9.16,7.4,8.2,8.2,6.2,7.3,7.56,10.0,9.4,9.7,9.8,8.9,9.64
1940,Camila Ramírez Morales,Operaciones,Producción,2026-06-10,6.2,4.8,4.1,3.0,3.3,4.51,3.6,6.5,4.6,4.8,4.82,2.9,1.5,4.0,3.8,3.5,3.0,3.9,4.1,4.9,3.6,3.5,4.05
1941,Karla Torres Gómez,Marketing,Marketing Digital,2026-01-04,7.5,7.8,6.0,7.2,6.8,7.12,7.6,8.5,8.7,7.9,8.12,8.6,6.9,9.0,6.3,8.1,7.84,8.9,7.8,9.0,9.1,9.3,8.72
1942,Luis Rodríguez Rodríguez,Operaciones,Producción,2026-01-13,7.6,5.9,6.0,5.0,7.2,6.4,3.0,4.7,4.6,5.2,4.3,4.4,5.0,4.0,4.1,6.9,4.8,7.0,5.1,5.1,4.8,7.4,5.74
1943,Luis Jiménez López,Marketing,Marketing Digital,2025-11-09,4.6,7.2,5.9,4.4,2.8,5.21,4.8,5.0,5.8,4.4,4.95,8.0,5.9,6.7,5.2,7.1,6.66,3.5,6.3,4.5,5.7,4.1,4.9
1944,Ricardo Sánchez Hernández,Recursos Humanos,Nómina,2025-12-15,8.5,8.0,9.6,8.5,8.9,8.66,9.4,7.4,8.3,9.5,8.7,9.6,7.1,8.1,8.7,7.0,8.15,10.0,10.0,7.6,10.0,10.0,9.52
1945,Mariana González Pérez,Recursos Humanos,Nómina,2025-12-25,7.0,7.4,7.5,9.4,7.7,7.66,9.3,7.8,9.5,8.5,8.76,7.0,6.7,7.6,6.7,7.0,7.0,8.8,8.3,7.5,6.5,6.6,7.74
1946,Mariana Gómez García,Operaciones,Control de Calidad,2026-08-20,8.3,7.2,7.7,9.8,9.2,8.26,10.0,8.5,9.3,8.1,9.01,7.2,9.7,8.5,9.4,7.8,8.5,6.3,8.6,6.5,8.4,8.0,7.5
1947,Sofía Torres Vázquez,Recursos Humanos,Nómina,2025-09-30,8.5,7.8,8.9,8.7,9.7,8.62,7.5,8.1,5.9,8.2,7.5,9.3,8.8,9.6,9.2,8.2,9.06,7.7,8.2,8.3,7.7,9.9,8.16
1948,Ximena Morales García,Ventas,Ventas Internacionales,2026-07-23,6.7,4.8,4.4,6.8,10.0,6.28,5.3,7.2,6.7,7.2,6.53,2.2,2.1,4.3,3.3,2.6,2.82,6.3,7.7,7.1,6.9,5.1,6.81
1949,Pedro Hernández López,Ventas,Ventas Internacionales,2026-06-07,6.1,6.8,8.4,7.9,8.6,7.38,9.5,7.7,7.2,5.5,7.59,5.3,3.4,6.7,6.1,4.9,5.16,7.2,7.3,6.8,5.5,5.5,6.64
1950,Roberto Reyes Martínez,Marketing,Investigación de Mercado,2026-03-29,2.8,3.5,3.1,6.9,3.1,3.7,2.5,5.0,3.9,3.0,3.53,5.8,2.1,4.2,4.2,3.2,3.92,2.6,3.1,3.7,4.8,5.2,3.64
1951,Luis Morales Pérez,Operaciones,Producción,2026-05-25,9.3,9.7,9.2,8.1,10.0,9.3,7.6,5.7,7.8,8.5,7.39,4.6,7.5,7.2,6.7,9.5,6.9,8.0,7.7,7.8,3.4,4.2,6.58
1952,Valeria Cruz Morales,Marketing,Marketing Digital,2026-02-03,8.3,7.2,8.2,9.5,4.9,7.68,7.1,5.5,6.7,7.1,6.62,8.2,6.8,8.0,9.5,9.0,8.12,8.6,9.7,7.5,7.4,10.0,8.56
1953,Paola Ramírez Sánchez,Tecnología,Infraestructura,2026-08-19,8.9,9.7,9.4,7.5,8.2,8.88,5.4,8.3,7.7,7.5,7.11,7.8,8.4,6.8,10.0,7.5,8.04,8.7,9.8,10.0,10.0,8.2,9.44
1954,Valeria Rodríguez Morales,Recursos Humanos,Capacitación,2026-03-26,10.0,10.0,10.0,10.0,10.0,10.0,6.1,7.3,8.0,7.3,7.08,8.1,9.3,8.9,10.0,8.5,8.9,6.6,6.2,7.5,7.8,7.6,7.02
1955,Alejandro González Castillo,Operaciones,Control de Calidad,2026-05-03,7.3,8.2,7.5,6.9,7.2,7.49,5.4,7.7,7.1,7.5,6.84,5.8,7.8,7.8,5.5,9.3,7.18,7.3,4.7,6.1,5.6,5.3,5.87
1956,Andrea Torres Gómez,Operaciones,Logística,2026-01-14,5.9,6.6,6.1,4.9,5.9,5.96,6.8,7.2,5.1,7.6,6.76,6.1,3.4,4.4,3.9,4.8,4.56,5.3,6.7,6.9,4.7,5.9,5.91
1957,Camila Jiménez Vázquez,Ventas,Ventas Internacionales,2026-03-02,3.7,6.2,5.0,3.7,3.9,4.62,4.1,6.2,6.0,4.3,5.06,2.8,4.3,2.1,4.0,2.4,3.16,2.7,1.9,0.0,2.5,2.4,1.89
1958,Paola Torres Sánchez,Marketing,Investigación de Mercado,2025-12-06,4.4,3.8,6.7,3.9,6.1,4.89,6.3,8.3,7.7,8.0,7.5,4.4,5.9,5.3,5.3,6.0,5.33,4.8,4.3,5.2,5.0,4.7,4.78
1959,Valeria Martínez Castillo,Recursos Humanos,Nómina,2026-07-09,7.6,8.2,6.0,7.7,6.7,7.31,5.4,9.2,7.2,7.8,7.31,8.3,8.0,6.9,7.8,8.3,7.87,5.5,6.4,6.8,7.0,6.3,6.36
1960,Carlos Jiménez García,Recursos Humanos,Capacitación,2025-09-26,4.0,1.9,0.0,2.8,1.3,2.09,1.5,2.0,1.7,1.3,1.62,3.8,2.1,2.7,1.7,2.0,2.57,2.0,1.6,1.8,3.9,2.9,2.33
1961,Luis Romero Ortiz,Ventas,Ventas Nacionales,2026-04-17,10.0,10.0,7.6,7.0,10.0,9.07,8.5,10.0,8.5,8.7,8.93,10.0,10.0,10.0,10.0,10.0,10.0,8.9,8.8,8.6,10.0,8.6,9.0
1962,Carlos López Ortiz,Ventas,Ventas Internacionales,2026-05-03,6.1,5.7,3.5,5.3,6.6,5.44,4.5,7.9,6.5,6.0,6.12,8.3,7.4,4.7,9.7,9.3,7.72,6.6,6.7,7.2,6.4,7.2,6.76
1963,Ximena Hernández Jiménez,Recursos Humanos,Nómina,2026-02-19,7.4,7.9,5.3,5.4,6.4,6.66,5.6,4.5,5.7,7.5,5.82,4.2,7.2,8.2,6.5,6.7,6.47,7.0,5.4,5.8,6.6,6.5,6.23
1964,Sofía Torres Cruz,Marketing,Marketing Digital,2026-07-10,6.1,7.3,7.3,9.7,9.2,7.64,10.0,8.0,8.8,8.6,8.91,9.3,6.0,5.7,7.9,8.2,7.38,8.0,8.1,10.0,8.6,8.9,8.64
1965,Ana Sánchez Rodríguez,Tecnología,Soporte Técnico,2025-11-14,4.6,3.1,3.8,5.8,6.3,4.5,7.6,7.2,7.3,8.1,7.56,5.9,5.0,8.2,8.6,4.9,6.39,6.3,4.9,3.8,4.2,5.8,4.98
1966,Sergio García Romero,Recursos Humanos,Reclutamiento,2026-06-03,9.4,7.7,9.3,8.2,6.8,8.38,6.1,8.3,5.0,8.4,7.01,7.6,9.5,7.4,8.8,10.0,8.58,7.6,7.8,8.2,8.8,8.1,8.06
1967,Roberto Gómez Castillo,Recursos Humanos,Nómina,2025-10-04,5.9,5.7,6.5,5.0,4.6,5.64,7.2,4.3,5.1,6.1,5.78,8.0,5.7,8.7,6.4,7.8,7.3,5.9,6.2,4.8,6.0,3.8,5.56
1968,Luis Martínez Vázquez,Tecnología,Desarrollo,2026-07-15,5.4,5.5,4.8,3.7,4.8,4.96,6.6,4.6,8.1,5.9,6.22,8.1,6.1,6.7,5.4,5.4,6.51,4.2,6.2,7.6,7.3,6.4,6.22
1969,Laura López Flores,Operaciones,Producción,2025-10-27,1.1,1.4,1.6,4.3,2.4,1.95,3.5,3.7,0.3,1.9,2.51,5.0,3.6,4.8,4.5,3.7,4.34,2.3,2.1,4.1,2.6,2.8,2.72
1970,Camila Vázquez Rodríguez,Recursos Humanos,Nómina,2026-04-17,4.3,3.7,7.0,6.2,5.8,5.2,6.3,5.0,3.6,4.9,5.08,7.0,6.5,2.8,4.1,5.4,5.36,4.1,4.1,2.0,3.1,2.0,3.27
1971,Laura Sánchez Jiménez,Recursos Humanos,Nómina,2026-01-29,7.4,7.6,9.0,6.2,7.5,7.6,9.3,8.6,7.5,7.4,8.29,9.1,10.0,9.7,8.8,9.2,9.41,6.8,6.3,8.6,6.2,6.5,6.89
1972,Luis Rodríguez García,Finanzas,Contabilidad,2025-10-24,10.0,8.2,10.0,10.0,9.0,9.4,9.2,10.0,8.6,10.0,9.48,7.8,7.7,10.0,10.0,9.1,8.74,8.1,9.5,10.0,9.2,8.3,9.07
1973,Daniela González Jiménez,Tecnología,Desarrollo,2026-07-22,9.3,7.3,7.8,6.4,6.2,7.6,8.4,8.3,8.9,10.0,8.88,7.2,8.9,9.5,9.9,9.4,8.82,9.1,8.9,8.9,9.4,9.7,9.13
1974,Camila López Vázquez,Finanzas,Contabilidad,2026-05-04,5.3,3.2,2.9,2.7,2.2,3.44,5.1,7.0,3.2,4.2,4.97,0.2,1.7,2.7,0.3,0.9,1.2,5.3,6.4,4.5,3.8,2.3,4.81
1975,Roberto Romero Castillo,Recursos Humanos,Capacitación,2025-09-26,7.1,8.5,10.0,6.7,7.3,8.0,8.1,10.0,8.9,10.0,9.21,9.0,8.8,10.0,8.3,9.6,9.14,10.0,10.0,10.0,10.0,10.0,10.0
1976,Juan Torres Morales,Ventas,Atención a Clientes,2026-07-15,3.2,4.1,3.7,1.7,1.5,3.04,4.5,2.3,4.6,2.6,3.49,4.3,2.2,4.2,4.2,4.9,3.83,2.3,4.5,4.5,4.8,2.9,3.85
1977,Ana Pérez Castillo,Marketing,Marketing Digital,2026-08-01,2.9,5.7,3.9,3.7,3.1,3.95,2.3,2.2,3.9,2.4,2.62,3.9,4.8,2.8,1.6,3.1,3.44,2.6,4.2,5.5,2.2,4.1,3.65
1978,Andrea Sánchez Sánchez,Recursos Humanos,Reclutamiento,2026-03-01,9.4,10.0,8.7,10.0,9.3,9.48,10.0,10.0,9.8,10.0,9.96,10.0,9.6,8.3,10.0,9.0,9.41,10.0,10.0,10.0,8.4,10.0,9.68
1979,Mariana Pérez Hernández,Ventas,Ventas Internacionales,2026-08-29,5.6,7.5,6.0,5.6,6.5,6.29,7.0,6.8,8.9,8.6,7.73,6.8,6.6,8.7,6.2,9.3,7.41,9.4,10.0,9.2,8.5,9.1,9.3
1980,Alejandro Romero Hernández,Recursos Humanos,Nómina,2025-09-10,8.8,9.7,8.7,10.0,10.0,9.36,7.4,8.3,7.8,5.9,7.33,10.0,9.8,10.0,9.1,10.0,9.82,7.1,9.2,9.6,8.3,8.3,8.48
1981,Sofía Flores Hernández,Operaciones,Producción,2025-10-13,8.3,8.0,7.9,8.5,5.6,7.77,8.1,9.1,9.6,8.6,8.78,9.0,7.0,8.0,6.7,6.1,7.52,9.2,10.0,9.8,10.0,7.6,9.52
1982,Roberto Pérez López,Marketing,Investigación de Mercado,2026-07-01,2.4,2.9,2.3,4.0,4.3,3.03,2.9,4.6,4.7,3.0,3.71,1.7,3.7,3.6,3.6,2.3,2.96,7.1,4.8,5.2,5.5,5.4,5.66
1983,Sofía Castillo Castillo,Tecnología,Infraestructura,2026-07-06,4.6,3.5,3.5,5.6,5.2,4.34,4.3,3.5,2.8,2.6,3.38,3.1,2.7,3.5,2.7,3.3,3.05,3.5,4.8,3.1,3.7,2.6,3.7
1984,Diego Cruz Ortiz,Finanzas,Auditoría Interna,2025-11-28,5.7,6.3,3.5,5.3,5.3,5.29,6.5,4.9,4.8,5.6,5.54,5.5,4.2,4.2,5.5,5.1,4.85,2.7,3.8,3.9,4.2,2.7,3.52
1985,Laura Jiménez Jiménez,Finanzas,Tesorería,2026-03-01,7.7,7.3,6.2,9.3,7.7,7.54,6.9,7.5,7.4,7.0,7.18,8.7,7.1,8.3,8.3,7.8,8.02,6.0,7.7,8.0,8.3,9.9,7.68
1986,Valeria González Torres,Operaciones,Producción,2025-11-11,7.2,4.3,4.6,4.5,7.3,5.56,6.7,9.7,9.0,7.5,8.11,7.0,7.1,5.8,6.3,6.1,6.54,5.8,5.0,6.7,5.5,6.2,5.76
1987,Karla Gómez Hernández,Ventas,Ventas Internacionales,2025-09-19,2.2,4.5,3.5,4.5,4.4,3.71,2.6,0.2,3.0,1.9,1.91,2.9,2.5,3.7,3.8,2.6,3.05,4.8,4.6,2.0,4.6,2.9,3.96
1988,Karla Ortiz Pérez,Finanzas,Contabilidad,2026-04-14,4.4,6.0,5.1,6.7,6.2,5.56,5.2,5.7,6.0,7.0,5.94,6.2,5.7,7.9,6.5,7.6,6.67,7.0,4.5,5.3,6.6,4.4,5.7
1989,Francisco Martínez Torres,Finanzas,Tesorería,2026-06-07,6.7,6.7,6.3,5.7,6.7,6.47,5.5,6.1,6.2,6.1,5.94,5.6,7.3,8.3,5.5,6.0,6.61,8.6,7.1,7.5,8.0,6.1,7.64
1990,Alejandro Hernández Martínez,Tecnología,Infraestructura,2026-01-24,8.7,6.4,7.5,4.6,7.3,7.06,7.3,7.5,5.7,6.8,6.9,7.0,7.6,4.1,5.9,8.0,6.56,7.8,7.3,8.0,6.9,7.0,7.46
1991,Francisco González Flores,Tecnología,Desarrollo,2026-01-19,8.8,8.7,7.1,5.8,8.5,7.94,6.1,7.4,5.5,7.2,6.58,5.8,6.4,7.3,6.5,7.0,6.53,6.9,7.6,5.6,4.9,6.4,6.36
1992,José Romero Rodríguez,Tecnología,Infraestructura,2026-04-03,5.4,6.8,6.1,5.7,9.4,6.54,7.4,7.4,6.4,5.8,6.8,4.5,6.0,5.5,5.3,8.0,5.72,3.7,6.2,4.9,3.4,5.2,4.65
1993,Raúl Hernández González,Ventas,Ventas Internacionales,2026-05-21,6.1,6.3,5.5,7.3,6.3,6.24,5.2,4.8,4.4,4.8,4.84,8.0,7.2,7.7,7.7,8.7,7.8,5.1,5.1,5.8,5.5,4.9,5.3
1994,Karla Reyes Vázquez,Ventas,Ventas Internacionales,2026-06-04,6.2,7.6,6.4,5.7,6.3,6.53,9.0,9.3,6.6,7.0,8.1,5.5,7.4,3.8,5.6,6.7,5.83,6.3,7.9,8.5,7.3,9.9,7.7
1995,Camila Ortiz López,Ventas,Ventas Nacionales,2026-03-01,7.6,5.9,10.0,8.2,8.3,7.85,9.7,7.9,9.5,10.0,9.28,6.7,6.4,5.4,5.7,5.9,6.1,8.2,7.5,8.0,5.8,8.4,7.52
1996,Miguel Castillo Rodríguez,Finanzas,Auditoría Interna,2026-04-05,1.7,3.0,2.7,2.2,1.3,2.24,3.3,4.4,6.4,2.8,4.07,2.8,4.0,5.5,4.0,3.3,3.9,5.0,3.6,4.7,5.6,3.8,4.59
1997,Pedro Morales García,Ventas,Ventas Nacionales,2026-03-25,6.7,6.6,5.6,7.1,6.3,6.46,8.4,8.7,8.5,9.4,8.75,10.0,8.7,10.0,7.5,10.0,9.3,8.5,7.7,7.0,9.9,8.0,8.23
1998,Paola Ortiz Jiménez,Tecnología,Soporte Técnico,2026-08-04,8.6,10.0,10.0,8.8,9.2,9.35,7.8,8.5,5.9,9.2,7.94,8.8,7.5,7.7,8.9,8.4,8.21,6.2,8.3,4.8,6.6,6.7,6.58
1999,Ana González Gómez,Operaciones,Logística,2025-10-21,4.4,3.1,4.2,2.1,2.7,3.43,2.0,3.0,2.4,2.7,2.5,4.4,3.7,5.0,2.7,2.3,3.78,4.4,3.4,2.9,5.7,4.1,4.08
2000,Ximena Vázquez Martínez,Ventas,Atención a Clientes,2025-12-23,4.3,4.5,7.0,6.3,5.5,5.37,6.2,5.3,7.1,7.0,6.36,5.2,6.2,5.4,4.9,5.6,5.5,5.2,6.4,4.5,4.8,6.4,5.4
2001,Karla Ortiz Reyes,Finanzas,Contabilidad,2025-10-07,5.9,6.2,4.9,6.5,5.0,5.73,5.0,7.4,6.8,6.1,6.24,5.5,4.1,6.1,7.5,5.6,5.58,6.1,5.5,6.8,5.8,5.4,5.96
2002,Alejandro Flores González,Ventas,Atención a Clientes,2025-11-09,6.5,2.4,4.2,3.8,5.0,4.38,1.1,4.4,2.7,2.7,2.65,5.6,5.9,4.0,4.6,4.6,5.06,4.6,4.3,5.9,2.8,6.2,4.58
2003,Sofía Torres Martínez,Finanzas,Tesorería,2026-01-25,3.2,4.3,2.8,4.0,2.9,3.47,5.0,3.9,3.4,4.3,4.23,4.2,2.7,2.3,3.5,3.0,3.16,4.8,5.0,4.7,4.6,4.5,4.76
2004,Juan Ramírez Vázquez,Recursos Humanos,Reclutamiento,2026-05-18,10.0,8.3,10.0,8.2,10.0,9.3,9.2,8.1,8.2,7.2,8.22,8.4,10.0,8.8,6.2,7.7,8.44,7.2,8.9,9.6,7.9,10.0,8.52
2005,Roberto Morales Rodríguez,Recursos Humanos,Nómina,2026-01-12,7.3,6.2,8.4,4.7,7.0,6.81,4.1,7.2,4.9,4.7,5.18,5.2,8.2,4.3,6.2,5.6,5.98,6.6,6.3,4.6,4.6,7.9,5.86
2006,Ana Sánchez Martínez,Ventas,Atención a Clientes,2026-02-13,4.6,3.9,3.2,5.3,3.2,4.04,4.3,4.8,2.9,4.9,4.3,3.6,3.9,4.3,5.4,6.2,4.47,2.2,0.6,0.7,1.4,1.5,1.27
2007,Gabriela Vázquez Pérez,Finanzas,Contabilidad,2025-10-05,6.7,7.6,3.9,8.9,7.1,6.76,7.0,4.3,5.8,5.5,5.71,7.5,4.7,6.5,7.0,5.8,6.27,6.5,6.2,8.1,4.5,6.7,6.36
2008,Miguel Sánchez Gómez,Tecnología,Infraestructura,2026-06-15,5.9,9.1,6.6,6.3,5.9,6.9,5.0,5.3,5.7,4.4,5.07,6.9,4.9,6.0,6.8,6.7,6.18,5.7,6.4,4.6,5.5,6.1,5.66
2009,Paola Vázquez Cruz,Operaciones,Control de Calidad,2026-08-29,5.6,2.9,3.9,6.9,5.6,4.78,3.2,5.8,8.1,5.8,5.48,5.5,4.6,6.8,4.3,3.5,5.06,6.1,4.8,5.2,3.1,4.5,4.84
2010,Valeria Rodríguez Pérez,Recursos Humanos,Nómina,2026-07-23,6.3,7.2,6.0,6.0,6.7,6.48,4.0,5.4,5.6,5.3,5.0,4.4,6.8,4.3,5.1,3.4,4.93,4.0,5.3,5.3,6.3,4.5,5.1
2011,Pedro Torres Vázquez,Operaciones,Producción,2026-07-06,4.1,6.5,3.8,3.8,4.5,4.66,3.2,4.9,3.9,4.1,3.99,6.0,3.7,3.8,3.6,3.1,4.19,3.6,4.8,4.6,5.8,6.0,4.78
2012,Raúl González Martínez,Marketing,Marketing Digital,2026-01-08,2.0,1.2,2.2,3.6,2.0,2.08,3.6,0.0,0.0,1.4,1.43,0.6,1.9,1.3,2.1,0.7,1.3,1.2,1.5,1.0,0.3,0.5,0.99
2013,Alejandro Sánchez Cruz,Marketing,Investigación de Mercado,2026-07-16,8.4,6.8,6.6,6.5,7.4,7.2,6.5,4.7,6.6,6.0,5.94,7.5,7.3,7.1,8.4,6.4,7.34,8.0,7.6,8.1,7.9,7.0,7.8
2014,Carlos Ramírez Ramírez,Tecnología,Infraestructura,2026-07-21,8.8,6.9,6.8,7.6,7.0,7.48,6.9,7.4,7.9,7.4,7.35,8.3,7.6,7.6,8.0,6.8,7.72,6.6,6.7,4.5,5.4,7.5,6.06
2015,Daniela Torres Morales,Tecnología,Soporte Técnico,2026-04-16,6.8,8.5,7.5,7.2,8.5,7.68,7.6,7.4,8.4,7.4,7.66,8.4,7.4,7.3,9.0,8.8,8.08,9.2,8.0,8.1,8.7,9.9,8.65
2016,Paola López Morales,Marketing,Investigación de Mercado,2025-11-26,3.4,4.1,0.8,2.6,3.5,2.95,5.0,3.1,3.0,4.5,4.0,2.4,4.8,4.5,4.5,2.5,3.75,6.2,3.7,2.1,4.5,6.4,4.44
2017,Luis Sánchez Cruz,Marketing,Comunicación de Marca,2026-04-06,7.5,8.8,9.8,8.6,9.3,8.72,9.5,8.3,10.0,10.0,9.43,10.0,10.0,10.0,8.7,7.6,9.44,8.7,9.1,8.9,10.0,10.0,9.23
2018,Ana Ramírez Pérez,Finanzas,Tesorería,2026-05-31,8.4,5.9,6.3,4.4,6.4,6.46,3.6,5.9,6.3,4.4,4.92,6.8,4.6,7.4,4.0,6.3,5.88,7.9,6.7,7.9,6.5,7.5,7.28
2019,Mariana Gómez García,Tecnología,Desarrollo,2026-05-27,7.7,9.1,6.2,9.0,5.6,7.63,5.6,6.9,7.4,7.2,6.68,6.5,4.4,7.0,7.4,5.7,6.09,7.3,7.0,7.4,6.4,7.6,7.1
2020,Alejandro Reyes Ramírez,Finanzas,Auditoría Interna,2025-11-13,6.0,5.5,5.6,6.6,6.4,5.94,4.5,5.4,5.5,5.0,5.05,7.8,8.2,6.3,7.4,9.0,7.72,7.4,6.4,7.1,7.1,6.0,6.89
2021,Paola Vázquez Ramírez,Marketing,Investigación de Mercado,2026-04-02,7.7,5.5,7.9,7.5,6.3,6.95,5.0,3.5,5.2,4.1,4.44,6.6,8.3,7.1,8.7,7.1,7.51,6.2,6.5,6.6,8.5,6.8,6.88
2022,José Ramírez Pérez,Marketing,Investigación de Mercado,2026-04-26,5.2,3.4,5.1,4.3,4.4,4.47,4.1,4.7,7.2,5.1,5.12,6.9,3.8,7.2,5.3,6.3,5.86,5.4,7.5,6.6,6.0,7.9,6.54
2023,Jorge González López,Marketing,Investigación de Mercado,2025-11-29,5.3,5.5,6.8,6.5,5.2,5.82,3.2,4.1,6.2,4.6,4.38,6.1,4.1,4.3,6.3,4.3,5.0,4.0,4.0,6.1,3.0,4.3,4.25
2024,Ximena López Torres,Tecnología,Infraestructura,2026-04-26,8.6,8.9,7.7,8.2,6.5,8.12,9.5,6.8,6.8,7.7,7.84,6.8,8.7,8.0,8.4,6.9,7.77,8.7,5.6,8.2,5.7,7.7,7.12
2025,Francisco Reyes Castillo,Recursos Humanos,Nómina,2026-04-30,3.0,1.0,1.0,2.0,1.6,1.74,2.5,2.6,1.4,2.3,2.26,2.7,3.6,1.3,3.3,3.6,2.87,2.3,5.9,1.5,3.7,4.0,3.49
2026,María Sánchez Hernández,Tecnología,Infraestructura,2025-12-08,3.8,4.7,0.0,4.0,3.5,3.25,3.0,2.8,2.9,1.3,2.5,4.8,3.5,4.1,3.1,2.2,3.69,3.2,2.6,3.0,2.6,4.2,2.99
2027,Alejandro Reyes Gómez,Marketing,Comunicación de Marca,2026-05-11,6.9,9.1,7.8,7.9,8.0,7.95,8.6,9.6,9.7,8.7,9.09,8.0,7.8,6.5,6.6,8.5,7.52,5.9,6.6,8.1,4.6,7.2,6.38
2028,Jorge González Castillo,Finanzas,Contabilidad,2026-03-05,5.1,6.2,6.6,5.8,6.0,5.92,6.1,6.6,8.2,5.0,6.37,7.3,6.8,6.8,5.2,6.7,6.67,6.0,5.0,5.6,5.4,4.5,5.4
2029,Roberto Vázquez Cruz,Tecnología,Infraestructura,2026-01-08,4.5,1.8,4.4,5.6,5.9,4.18,6.5,7.1,5.7,5.7,6.29,6.2,6.8,4.3,8.0,5.6,6.15,4.3,4.4,4.0,5.6,4.3,4.52
2030,Ricardo Ramírez Torres,Operaciones,Control de Calidad,2026-06-26,10.0,8.9,10.0,9.6,10.0,9.66,6.5,8.8,8.6,8.9,8.1,7.7,9.8,8.6,7.8,9.2,8.64,9.7,10.0,10.0,7.4,9.2,9.32
2031,Laura Romero Hernández,Ventas,Ventas Nacionales,2026-07-23,8.2,7.0,6.6,6.3,8.2,7.3,9.2,10.0,10.0,9.9,9.74,10.0,9.4,10.0,9.9,10.0,9.83,10.0,8.8,9.3,8.7,8.2,9.12
2032,Ricardo Sánchez Reyes,Tecnología,Soporte Técnico,2025-11-01,4.1,6.9,4.6,4.9,6.0,5.3,3.8,2.9,3.2,4.9,3.73,6.6,4.2,5.8,4.7,3.4,5.08,1.0,3.3,2.5,1.4,3.8,2.24
2033,Valeria Castillo Vázquez,Tecnología,Infraestructura,2026-05-22,7.5,6.2,5.8,6.8,7.1,6.67,5.0,5.2,4.5,5.9,5.18,6.1,6.6,4.3,4.1,5.2,5.43,4.2,4.9,5.1,4.5,4.5,4.65
2034,Carlos González Gómez,Finanzas,Tesorería,2026-05-06,3.9,4.1,5.7,4.7,5.7,4.7,4.6,5.3,4.9,4.9,4.91,6.4,4.7,6.5,5.9,5.1,5.72,5.2,3.5,6.2,4.5,3.7,4.69
2035,Paola Martínez Ortiz,Marketing,Comunicación de Marca,2026-02-04,5.1,6.0,4.8,7.1,4.1,5.42,5.3,8.1,5.5,5.1,5.99,7.5,8.5,7.7,3.9,7.4,7.24,5.6,5.7,6.2,7.1,6.5,6.14
2036,Roberto García Vázquez,Ventas,Ventas Internacionales,2026-08-01,9.0,7.3,10.0,9.4,5.8,8.36,9.0,7.9,10.0,9.1,8.95,7.5,10.0,9.1,10.0,9.8,9.17,7.7,10.0,8.9,9.4,10.0,9.09
2037,Karla Reyes Gómez,Finanzas,Contabilidad,2026-08-22,7.0,8.3,7.7,8.2,6.0,7.49,8.3,7.6,9.5,9.4,8.64,8.9,8.5,9.6,9.3,9.1,9.03,8.1,8.3,8.6,8.5,9.2,8.44
2038,Paola Flores Reyes,Tecnología,Desarrollo,2026-04-09,1.0,1.2,3.0,2.1,1.4,1.68,4.7,1.7,2.0,3.0,2.98,3.0,3.2,2.3,0.7,2.4,2.47,2.5,4.6,4.7,4.9,4.0,4.1
2039,Laura Hernández Ortiz,Ventas,Atención a Clientes,2025-09-19,4.4,5.7,2.2,2.8,4.2,4.02,2.0,2.4,2.8,5.2,3.06,0.6,3.1,0.7,1.4,0.5,1.35,4.0,2.0,1.6,5.1,2.2,3.06
2040,Carlos Rodríguez Pérez,Ventas,Atención a Clientes,2026-02-10,10.0,9.7,10.0,10.0,10.0,9.93,10.0,10.0,10.0,10.0,10.0,10.0,10.0,9.2,10.0,10.0,9.84,9.8,8.6,10.0,10.0,10.0,9.6
2041,Carlos Morales Ortiz,Operaciones,Producción,2026-02-08,8.4,8.0,7.3,5.9,5.5,7.27,4.3,4.3,4.1,7.0,4.93,6.6,5.7,6.2,5.9,5.2,5.98,5.1,6.3,4.7,4.5,7.5,5.44
2042,Ricardo López González,Tecnología,Soporte Técnico,2026-01-28,8.0,6.2,7.1,7.3,8.1,7.28,9.0,9.6,7.2,8.1,8.56,9.1,8.9,6.8,7.7,6.3,7.96,9.1,6.8,8.0,6.8,6.8,7.61
2043,Luis Gómez Sánchez,Marketing,Investigación de Mercado,2025-10-28,4.4,4.0,4.0,2.2,4.1,3.84,3.6,3.3,1.9,2.2,2.84,1.6,1.9,0.1,3.2,1.9,1.66,1.8,1.5,5.0,3.6,3.1,2.86
2044,Jorge Martínez Cruz,Operaciones,Control de Calidad,2025-11-07,3.0,3.7,4.6,2.4,1.7,3.21,3.4,5.5,4.8,3.6,4.26,3.7,2.7,3.8,2.1,2.6,3.07,2.7,3.3,5.7,4.7,3.3,3.91
2045,Camila Cruz Jiménez,Recursos Humanos,Nómina,2026-08-30,4.6,5.1,5.3,5.3,5.5,5.1,4.2,6.0,6.6,5.3,5.4,5.6,5.5,5.8,4.3,6.4,5.54,4.7,4.1,4.9,5.1,5.8,4.78
2046,Laura López Torres,Finanzas,Auditoría Interna,2026-02-22,9.1,8.2,7.1,8.3,9.0,8.34,6.3,7.5,6.5,6.4,6.66,9.4,8.0,6.9,6.2,6.5,7.63,8.4,6.7,6.2,7.1,7.3,7.17
2047,José Cruz Sánchez,Operaciones,Control de Calidad,2026-02-20,4.6,4.1,3.2,1.5,5.5,3.86,4.4,3.9,2.7,3.7,3.76,4.7,2.6,3.7,5.2,3.5,3.87,2.4,3.2,3.2,4.8,1.4,3.14
2048,María Rodríguez Romero,Operaciones,Control de Calidad,2026-06-18,10.0,10.0,9.4,9.6,10.0,9.82,8.3,9.5,7.5,10.0,8.86,8.5,6.4,8.9,7.1,8.8,7.89,6.3,10.0,8.1,8.2,7.8,8.12
2049,José Ortiz Rodríguez,Operaciones,Producción,2025-09-17,5.1,5.8,6.2,5.0,7.9,5.9,7.2,3.5,3.3,5.1,4.97,3.8,4.3,3.6,5.4,5.5,4.38,4.0,4.1,3.1,3.2,4.4,3.72
2050,Francisco Martínez Gómez,Ventas,Ventas Nacionales,2026-06-04,4.7,3.5,3.4,5.8,3.8,4.17,7.5,5.2,8.6,7.4,7.12,2.2,3.0,0.6,4.9,4.7,2.86,3.7,3.2,5.0,5.3,4.8,4.27
2051,María Castillo Jiménez,Ventas,Ventas Internacionales,2025-11-07,5.9,6.5,7.1,7.0,9.3,6.96,4.8,5.2,5.0,5.4,5.09,3.8,8.0,7.5,5.4,7.7,6.42,5.7,6.3,7.2,8.2,7.4,6.82
2052,Daniela García Reyes,Finanzas,Auditoría Interna,2026-08-02,5.4,5.5,3.8,6.2,5.1,5.18,2.6,5.6,5.8,6.7,5.01,5.1,4.4,5.8,3.4,4.4,4.7,5.8,6.8,5.8,7.5,4.8,6.29
2053,Juan Reyes Vázquez,Ventas,Ventas Internacionales,2026-01-31,8.4,6.4,5.4,6.6,7.3,6.86,4.8,5.4,7.4,7.2,6.07,6.5,6.4,6.4,8.2,6.2,6.66,7.8,4.4,6.6,5.4,6.3,6.08
2054,Sofía González González,Recursos Humanos,Reclutamiento,2025-12-13,4.6,6.0,5.1,5.2,6.2,5.38,5.4,6.3,7.2,5.7,6.06,5.7,6.8,4.7,5.7,7.4,6.03,5.0,4.6,4.0,7.1,4.9,5.11
2055,Carlos López González,Marketing,Comunicación de Marca,2026-03-07,7.7,3.8,5.2,4.9,7.0,5.7,3.2,3.5,4.7,6.0,4.28,5.8,4.2,5.2,4.3,4.1,4.8,5.8,5.7,5.8,4.9,5.3,5.55
2056,Roberto Sánchez Vázquez,Recursos Humanos,Nómina,2026-07-31,4.8,3.1,2.5,4.7,5.7,4.04,4.0,3.9,3.2,4.9,4.04,5.3,4.4,4.1,2.8,1.7,3.92,2.2,2.2,2.6,1.1,0.1,1.85
2057,Sergio Vázquez Rodríguez,Finanzas,Tesorería,2026-07-24,6.0,7.4,5.5,6.2,5.3,6.18,6.3,6.0,6.0,7.0,6.34,6.3,8.0,7.6,8.2,8.1,7.54,7.3,6.6,7.7,7.4,6.9,7.18
2058,Miguel Castillo González,Recursos Humanos,Capacitación,2026-01-29,7.5,4.9,8.3,8.0,7.0,7.01,8.6,9.6,8.8,9.0,8.99,6.9,6.8,7.3,6.2,7.1,6.88,8.9,7.9,9.6,9.0,8.5,8.77
2059,Paola Flores Torres,Recursos Humanos,Reclutamiento,2025-10-28,5.6,7.7,7.4,6.5,8.7,7.08,5.4,5.1,5.1,6.4,5.52,6.1,5.4,6.1,5.4,8.1,6.12,6.7,6.7,8.4,5.8,7.2,6.91
2060,Andrea Vázquez Castillo,Marketing,Comunicación de Marca,2026-02-02,4.6,4.6,2.4,5.5,5.3,4.4,7.6,6.7,4.0,5.2,6.06,5.5,6.3,8.6,8.1,6.8,6.9,5.9,3.9,5.2,4.3,6.6,5.01
2061,Jorge Gómez Hernández,Tecnología,Desarrollo,2026-08-02,9.7,10.0,8.9,10.0,10.0,9.7,9.5,10.0,9.9,8.3,9.41,8.8,8.5,9.0,10.0,7.8,8.8,7.9,5.8,8.4,8.9,9.3,7.82
2062,Camila Hernández Gómez,Tecnología,Soporte Técnico,2025-11-25,2.3,4.0,4.1,2.1,1.5,2.94,4.1,6.0,5.7,3.8,4.82,3.0,3.9,2.2,5.2,2.9,3.38,2.3,4.0,3.3,3.4,3.4,3.26
2063,Jorge Romero López,Operaciones,Producción,2026-03-24,7.3,8.0,8.8,8.0,8.1,8.0,8.2,10.0,10.0,10.0,9.46,7.2,7.8,10.0,8.7,10.0,8.56,10.0,10.0,8.5,10.0,9.6,9.66
2064,Paola Castillo García,Ventas,Ventas Nacionales,2026-08-11,5.2,5.2,5.9,6.4,4.7,5.44,6.3,7.5,5.5,6.9,6.59,4.9,6.7,6.0,8.0,4.9,6.04,5.2,5.7,8.3,5.8,7.7,6.32
2065,Sofía Martínez Sánchez,Finanzas,Tesorería,2026-04-26,7.7,10.0,9.8,10.0,10.0,9.38,8.3,9.5,10.0,8.1,8.89,6.7,7.5,6.5,5.4,6.9,6.7,9.2,10.0,9.5,7.7,6.8,8.92
2066,Jorge Reyes Pérez,Marketing,Comunicación de Marca,2026-06-25,5.3,8.1,5.6,7.7,7.5,6.75,7.9,5.1,4.7,7.4,6.44,5.4,4.9,5.4,6.3,5.9,5.48,4.6,6.8,7.7,4.9,6.5,6.02
2067,Luis Hernández Castillo,Finanzas,Auditoría Interna,2025-09-12,4.4,6.9,6.1,2.8,7.2,5.54,6.8,5.6,6.4,5.1,6.0,5.5,6.3,6.4,2.9,3.1,5.13,4.1,5.1,5.1,5.4,5.7,4.97
2068,Raúl González Hernández,Finanzas,Tesorería,2025-10-11,8.4,7.8,7.1,5.7,5.3,7.12,8.1,7.5,7.6,6.7,7.5,10.0,9.8,7.9,10.0,8.1,9.25,7.6,8.9,7.6,7.4,8.7,8.0
2069,José Romero Torres,Ventas,Ventas Nacionales,2026-07-31,3.3,1.7,3.0,3.0,3.5,2.82,5.8,3.6,6.2,5.2,5.18,3.8,2.3,0.8,3.1,2.4,2.51,4.3,6.8,3.8,5.2,2.6,4.84
2070,Gabriela Pérez Reyes,Recursos Humanos,Nómina,2026-02-11,4.4,4.0,3.3,2.5,3.8,3.7,4.7,4.8,4.9,3.5,4.46,3.3,3.6,3.3,4.9,1.9,3.4,3.5,4.0,2.7,3.1,2.1,3.24
2071,José Jiménez Morales,Tecnología,Desarrollo,2026-09-05,7.2,6.4,7.1,5.9,4.5,6.38,8.6,9.0,8.5,8.3,8.6,8.8,6.8,8.2,7.3,8.8,7.96,9.7,8.4,8.5,9.4,8.4,8.94
2072,Daniela Torres Reyes,Marketing,Comunicación de Marca,2026-03-24,5.4,3.6,3.6,4.4,5.4,4.44,7.5,6.6,7.0,5.4,6.65,5.2,7.9,6.4,4.7,7.1,6.33,5.2,5.9,4.3,4.6,5.2,5.07
2073,Ricardo Hernández García,Recursos Humanos,Capacitación,2026-07-13,5.4,4.3,4.8,4.5,5.5,4.88,2.8,4.6,3.5,3.1,3.46,4.7,4.6,2.9,4.9,4.2,4.27,2.7,3.8,3.5,2.7,2.3,3.1
2074,Raúl Pérez Sánchez,Ventas,Ventas Internacionales,2025-12-09,6.9,6.0,4.9,7.2,8.2,6.52,6.4,7.2,8.1,7.6,7.24,6.5,8.3,7.1,7.4,6.3,7.18,6.3,4.0,10.0,8.4,6.3,6.89
2075,Valeria Pérez Ramírez,Marketing,Investigación de Mercado,2026-08-12,7.1,5.1,4.4,4.9,5.2,5.44,6.6,6.1,6.3,6.8,6.46,7.1,5.6,6.8,7.6,5.4,6.48,5.0,4.1,4.0,5.7,5.2,4.73
2076,Valeria Morales Jiménez,Finanzas,Tesorería,2025-10-13,4.0,3.5,4.8,3.6,5.0,4.12,4.6,4.7,5.9,4.2,4.78,7.2,5.9,5.2,6.0,6.3,6.16,6.3,6.0,5.9,6.5,5.2,6.08
2077,María Flores Flores,Recursos Humanos,Reclutamiento,2026-06-15,4.8,2.8,4.5,3.3,4.8,4.01,2.4,2.4,3.8,5.1,3.36,3.9,3.2,3.1,2.4,5.3,3.55,5.2,4.6,4.1,3.3,4.5,4.38
2078,Karla Hernández Hernández,Ventas,Ventas Internacionales,2026-06-04,9.4,10.0,8.1,9.2,7.8,9.02,10.0,7.5,10.0,10.0,9.38,10.0,10.0,10.0,9.5,10.0,9.93,7.7,8.8,8.6,7.7,8.8,8.26
2079,Gabriela Jiménez Ortiz,Ventas,Ventas Internacionales,2025-10-19,7.7,8.9,6.9,9.2,7.8,8.08,5.3,8.8,6.3,8.0,7.05,8.3,10.0,9.7,9.2,10.0,9.4,10.0,9.7,10.0,8.1,10.0,9.54
2080,Sofía Romero Pérez,Marketing,Comunicación de Marca,2025-10-13,4.8,3.2,4.7,5.8,4.7,4.51,6.1,4.0,3.0,3.9,4.4,4.0,3.4,4.5,4.0,2.9,3.78,6.8,4.1,3.2,3.8,6.9,4.82
2081,Roberto Hernández Castillo,Ventas,Ventas Internacionales,2026-08-03,6.2,8.4,7.5,8.4,8.0,7.61,6.5,6.4,6.8,5.4,6.26,7.6,8.6,6.2,6.6,7.3,7.38,7.0,6.8,5.7,6.9,6.8,6.65
2082,Daniela Ortiz Sánchez,Marketing,Comunicación de Marca,2026-07-30,5.7,7.5,6.4,4.4,5.9,6.12,6.6,6.8,4.9,7.6,6.56,6.6,6.2,4.1,6.1,4.0,5.54,5.0,6.4,5.9,5.8,7.6,5.95
2083,Sergio Flores Martínez,Tecnología,Desarrollo,2025-10-31,5.2,6.6,5.0,5.2,5.1,5.5,4.9,3.3,4.0,4.0,4.1,5.0,4.4,6.4,3.8,6.3,5.14,4.9,6.4,5.5,5.3,5.7,5.56
2084,Laura Jiménez Hernández,Ventas,Ventas Nacionales,2025-09-16,9.0,8.8,7.5,10.0,9.6,8.89,8.3,8.7,10.0,10.0,9.16,8.8,10.0,8.3,6.7,8.4,8.62,8.8,10.0,8.3,9.1,7.8,8.96
2085,Sofía Rodríguez Pérez,Marketing,Marketing Digital,2026-03-13,7.8,7.7,6.7,6.3,7.1,7.22,8.4,9.2,6.4,7.5,7.98,10.0,8.6,7.3,8.7,7.9,8.6,8.7,6.6,8.1,8.0,7.5,7.8
2086,Ana Reyes Jiménez,Marketing,Comunicación de Marca,2026-07-09,8.4,6.8,7.4,7.8,9.5,7.88,6.8,7.4,6.2,6.7,6.81,7.2,7.2,7.5,6.3,6.5,7.02,8.3,4.3,7.6,7.1,7.7,6.86
2087,Francisco Castillo López,Finanzas,Contabilidad,2026-07-14,4.2,4.3,5.3,5.4,3.1,4.46,7.5,7.0,9.2,5.0,7.09,3.8,6.5,7.4,5.6,6.7,5.9,7.1,4.8,4.2,6.5,6.3,5.74
2088,Fernanda González Castillo,Finanzas,Contabilidad,2026-06-02,7.2,4.4,3.9,7.4,5.1,5.56,7.9,6.0,4.6,5.7,6.22,4.5,4.7,4.5,7.1,5.9,5.15,5.4,6.3,4.4,3.1,6.4,5.06
2089,Andrea Martínez Jiménez,Finanzas,Auditoría Interna,2025-12-31,5.1,2.9,3.7,3.9,4.3,3.97,6.2,5.6,4.1,6.9,5.8,5.2,6.8,3.9,6.0,5.9,5.56,2.2,4.7,4.5,4.8,5.6,4.14
2090,José Pérez Torres,Operaciones,Producción,2026-08-03,4.5,4.8,6.2,5.2,5.2,5.13,4.2,5.8,5.5,6.1,5.34,4.8,5.4,7.4,6.7,6.2,5.96,5.1,8.8,7.7,7.3,5.1,6.98
2091,Diego Vázquez Morales,Tecnología,Soporte Técnico,2026-01-16,3.8,3.5,4.3,4.9,2.2,3.75,2.5,2.9,0.9,3.9,2.63,3.8,2.1,4.9,4.1,2.3,3.42,0.5,0.5,1.6,1.2,4.0,1.21
2092,Mariana Morales Martínez,Tecnología,Infraestructura,2025-11-18,10.0,9.2,10.0,9.0,8.0,9.35,9.0,10.0,9.7,10.0,9.64,10.0,9.2,10.0,10.0,9.0,9.65,10.0,7.9,8.4,10.0,9.1,9.06
2093,José Vázquez García,Finanzas,Auditoría Interna,2026-07-17,9.4,9.2,8.6,10.0,9.2,9.25,9.3,8.8,10.0,10.0,9.49,10.0,7.7,8.8,9.0,8.8,8.86,8.8,9.3,9.8,10.0,9.6,9.44
2094,Jorge García Sánchez,Recursos Humanos,Nómina,2025-09-13,1.1,4.0,1.5,2.6,2.0,2.26,3.4,2.6,2.1,3.9,3.06,5.4,2.4,3.5,4.5,2.4,3.68,0.0,0.0,1.0,0.0,0.0,0.2
2095,Alejandro Hernández Flores,Finanzas,Tesorería,2025-09-12,9.7,9.3,7.8,7.0,7.7,8.52,9.2,9.1,7.5,9.5,8.91,6.9,8.6,7.9,7.3,7.5,7.68,10.0,7.6,10.0,8.1,7.7,8.79
2096,Ximena Martínez Martínez,Tecnología,Soporte Técnico,2026-05-22,8.2,7.4,7.1,8.0,5.7,7.38,8.1,6.8,5.6,7.7,7.18,7.6,6.1,8.8,6.6,6.2,7.1,7.5,8.3,8.5,8.5,8.8,8.23
2097,Sofía Ortiz Cruz,Finanzas,Contabilidad,2026-07-29,4.4,6.7,6.8,5.6,7.6,6.12,6.2,6.9,4.9,6.0,6.06,6.3,6.7,6.2,5.0,6.5,6.22,5.7,5.6,7.7,7.3,5.4,6.36
2098,Karla García Torres,Recursos Humanos,Capacitación,2026-05-12,7.1,6.7,7.9,9.4,6.8,7.46,7.3,8.3,6.5,7.9,7.54,8.9,4.9,8.5,5.3,3.8,6.52,6.5,5.1,5.6,6.7,4.1,5.77
2099,José Torres López,Recursos Humanos,Nómina,2026-06-05,8.6,8.3,9.3,6.6,5.5,7.9,8.8,9.4,10.0,8.2,9.04,10.0,10.0,10.0,10.0,10.0,10.0,10.0,10.0,10.0,10.0,9.3,9.93
2100,Pedro Pérez Hernández,Tecnología,Desarrollo,2026-05-29,9.7,8.5,9.1,9.4,9.9,9.26,10.0,9.4,8.8,8.6,9.26,8.4,8.5,8.6,7.8,8.8,8.43,6.7,7.8,10.0,8.8,7.5,8.14
2101,Daniela García Hernández,Operaciones,Control de Calidad,2025-10-05,4.8,6.2,5.7,5.9,5.6,5.62,6.8,5.9,5.9,4.6,5.85,5.8,5.4,6.5,6.1,5.0,5.76,5.1,7.4,5.2,7.1,5.8,6.16
2102,Alejandro Sánchez Ramírez,Tecnología,Desarrollo,2026-07-13,5.4,6.5,3.5,5.1,4.0,5.04,6.4,6.1,6.3,5.3,6.03,6.7,5.9,5.6,4.5,5.8,5.82,6.9,5.6,3.8,5.3,5.4,5.48
2103,Sergio López Ramírez,Operaciones,Logística,2026-05-15,7.2,6.7,8.0,9.3,9.5,7.9,8.6,8.8,6.4,7.6,7.96,7.0,7.9,8.8,7.0,8.2,7.76,7.5,9.2,8.2,8.7,6.7,8.22
2104,Laura Flores Sánchez,Tecnología,Soporte Técnico,2025-11-24,8.5,8.6,8.8,8.4,9.9,8.78,7.3,6.9,5.2,8.7,7.13,9.4,9.7,7.8,8.5,10.0,9.11,7.4,7.7,9.6,7.4,7.7,7.94
2105,José Martínez Gómez,Marketing,Marketing Digital,2026-08-18,4.2,3.4,2.2,4.3,4.1,3.6,4.1,4.9,5.6,6.0,5.08,4.6,4.9,3.2,5.8,4.4,4.54,5.7,3.7,4.0,3.8,6.4,4.55
2106,José Vázquez Castillo,Recursos Humanos,Nómina,2026-08-16,4.4,5.2,7.5,5.2,5.0,5.43,8.0,6.5,7.7,6.9,7.29,7.3,6.4,6.8,7.9,5.7,6.83,8.5,7.0,7.1,6.5,5.9,7.18
2107,Paola Sánchez Vázquez,Tecnología,Soporte Técnico,2026-05-20,9.2,9.8,10.0,10.0,10.0,9.75,8.3,8.7,10.0,9.2,8.96,10.0,10.0,10.0,9.8,10.0,9.97,9.4,10.0,8.5,10.0,10.0,9.55
2108,Ximena López Romero,Recursos Humanos,Capacitación,2025-09-19,6.5,6.2,4.7,5.4,3.8,5.5,7.5,6.2,5.3,5.0,6.11,4.7,3.3,4.2,3.5,3.7,3.92,3.0,3.1,4.2,4.5,3.1,3.58
2109,Raúl López Martínez,Marketing,Investigación de Mercado,2025-11-05,5.3,8.3,8.5,6.6,6.4,7.05,5.6,7.0,7.5,6.5,6.56,6.9,5.4,5.2,6.1,5.1,5.8,5.1,5.4,4.9,4.7,3.3,4.88
2110,Francisco Martínez Reyes,Recursos Humanos,Reclutamiento,2025-10-04,4.1,3.9,4.3,4.7,6.2,4.5,6.6,6.4,5.4,9.1,6.94,4.4,5.4,5.6,4.9,6.2,5.24,5.2,7.1,4.9,8.5,3.7,6.13
2111,José Jiménez González,Recursos Humanos,Nómina,2025-10-27,4.4,4.8,6.7,4.7,6.9,5.38,6.0,5.8,6.0,6.0,5.95,6.6,3.7,3.9,6.4,6.5,5.29,6.4,8.2,3.1,3.6,6.8,5.67
2112,Juan Martínez Hernández,Ventas,Atención a Clientes,2026-07-26,9.1,10.0,10.0,10.0,8.8,9.6,9.2,8.2,8.9,7.2,8.39,9.2,7.9,8.9,8.9,8.1,8.6,8.7,9.2,9.3,7.5,8.3,8.66
2113,Andrea Martínez Ortiz,Operaciones,Logística,2026-04-14,5.1,6.6,4.5,4.2,5.2,5.24,5.1,4.5,5.6,4.6,4.92,5.3,4.6,3.4,3.7,3.8,4.28,2.8,2.3,1.6,4.3,1.3,2.58
2114,Alejandro Pérez Romero,Recursos Humanos,Reclutamiento,2026-02-26,7.9,5.5,6.8,6.6,5.9,6.58,10.0,8.3,9.3,8.9,9.16,7.1,6.1,7.9,7.2,7.9,7.14,10.0,9.3,9.1,9.6,9.7,9.54
2115,Roberto Jiménez Hernández,Finanzas,Contabilidad,2026-07-09,4.7,6.0,7.2,4.7,5.8,5.69,4.7,6.7,5.2,4.7,5.3,4.0,3.5,3.7,5.2,4.7,4.1,5.2,2.1,3.8,5.1,2.8,3.88
2116,Valeria Morales Romero,Recursos Humanos,Reclutamiento,2025-09-10,10.0,9.6,10.0,10.0,9.0,9.75,9.0,7.4,8.9,8.4,8.43,10.0,8.2,10.0,10.0,9.2,9.43,9.5,10.0,10.0,10.0,10.0,9.88
2117,Paola Jiménez Sánchez,Operaciones,Producción,2026-01-30,5.7,6.6,5.5,5.1,4.7,5.64,4.7,4.7,4.7,8.6,5.68,6.5,8.8,8.3,3.8,8.2,7.28,9.1,7.7,7.4,7.8,7.4,7.98
2118,José López Gómez,Marketing,Comunicación de Marca,2025-10-31,3.0,5.2,2.2,6.2,4.9,4.16,0.8,1.9,1.4,1.5,1.37,3.1,3.6,4.6,3.0,3.7,3.6,3.4,3.0,4.9,2.1,2.9,3.29
2119,Francisco Ramírez Jiménez,Finanzas,Tesorería,2026-06-05,8.1,8.0,8.2,8.5,7.1,8.0,7.7,5.7,7.3,6.2,6.74,8.4,8.2,6.8,5.0,6.9,7.3,6.7,7.1,7.2,7.9,6.4,7.11
2120,María García Rodríguez,Finanzas,Contabilidad,2025-12-20,10.0,9.8,7.9,8.9,8.4,9.12,9.1,7.9,9.7,8.1,8.67,9.1,10.0,9.0,9.6,8.6,9.3,7.8,9.3,9.9,7.9,8.9,8.73
2121,Karla Castillo Vázquez,Finanzas,Contabilidad,2026-07-31,3.6,4.9,6.3,4.7,6.1,5.0,6.2,5.5,6.8,5.7,6.02,5.6,9.0,5.6,6.0,6.2,6.6,7.2,5.6,5.8,6.2,5.8,6.18
2122,Sofía Ortiz Flores,Marketing,Investigación de Mercado,2026-08-30,8.8,7.5,5.8,6.5,5.0,6.96,7.7,7.1,8.8,5.7,7.27,6.2,5.7,5.1,7.7,8.4,6.41,8.1,5.3,6.3,7.0,5.2,6.53
2123,Mariana Hernández García,Operaciones,Logística,2026-01-17,4.3,6.5,4.3,5.5,4.6,5.07,6.1,6.0,6.7,6.0,6.17,3.8,5.0,6.7,5.3,6.2,5.26,5.0,4.5,3.9,2.6,5.7,4.24
2124,José Romero Martínez,Marketing,Investigación de Mercado,2026-08-14,6.6,8.5,7.7,8.4,6.7,7.58,7.3,7.8,7.3,9.3,7.92,8.2,7.2,10.0,8.1,7.6,8.2,8.0,8.4,7.4,7.5,6.8,7.76
2125,Raúl Torres López,Finanzas,Contabilidad,2026-05-30,6.8,6.2,7.8,6.5,5.2,6.56,8.3,4.8,7.1,4.3,6.18,5.1,6.3,7.9,6.8,7.2,6.53,5.2,6.0,6.5,3.8,7.0,5.56
2126,Pedro López López,Finanzas,Contabilidad,2025-11-22,9.2,8.1,6.4,7.2,9.6,8.12,8.6,8.5,7.6,7.4,8.07,9.1,7.5,8.2,9.6,9.7,8.68,7.6,8.9,5.7,7.7,9.3,7.74
2127,Alejandro Pérez Pérez,Marketing,Investigación de Mercado,2026-03-10,5.3,6.4,6.4,8.0,5.1,6.17,7.4,6.9,6.0,7.1,6.92,7.9,9.0,9.8,7.0,5.8,8.1,7.5,5.3,7.1,4.5,6.3,6.15
2128,Laura Reyes García,Marketing,Marketing Digital,2026-04-23,9.0,8.6,9.0,8.4,7.9,8.64,7.4,6.3,7.7,8.6,7.48,5.6,8.2,7.0,8.6,6.2,7.07,8.6,8.5,6.1,8.8,5.7,7.83
2129,Carlos Morales Flores,Tecnología,Soporte Técnico,2026-05-24,7.6,4.0,5.2,3.8,6.2,5.44,5.9,6.2,4.5,5.3,5.55,5.0,5.0,4.8,6.5,4.4,5.1,5.2,6.7,4.5,4.7,5.0,5.32
2130,Valeria González Reyes,Operaciones,Logística,2026-01-07,4.7,5.5,4.0,3.3,6.3,4.79,2.4,0.8,2.0,4.4,2.42,3.0,1.0,1.8,3.0,1.5,2.04,2.3,4.6,3.6,1.7,2.5,3.03
2131,Gabriela Ramírez Pérez,Operaciones,Logística,2025-09-24,10.0,6.4,8.0,7.1,7.7,7.92,10.0,8.2,7.4,7.6,8.43,5.7,8.9,7.5,8.9,6.1,7.4,9.3,9.7,8.2,10.0,7.8,9.17
2132,Andrea Morales Martínez,Operaciones,Producción,2025-12-12,4.7,3.8,2.8,5.4,4.4,4.16,2.1,3.3,2.9,1.0,2.28,2.3,2.5,0.7,4.6,3.5,2.55,2.7,3.5,2.5,3.1,1.1,2.78
2133,Andrea Hernández Morales,Recursos Humanos,Reclutamiento,2026-04-29,8.2,6.0,7.6,7.9,7.5,7.38,7.2,7.6,6.9,8.2,7.49,6.5,9.9,6.9,7.3,9.0,7.92,9.2,9.2,9.2,9.2,6.1,8.89
2134,Raúl Rodríguez Vázquez,Finanzas,Auditoría Interna,2026-04-06,3.4,3.2,3.1,2.6,3.1,3.12,3.1,3.3,4.3,3.9,3.59,3.5,2.2,3.8,2.6,1.1,2.74,2.5,2.1,2.3,0.9,3.4,2.13
2135,Miguel Castillo Ortiz,Finanzas,Auditoría Interna,2026-08-01,4.5,4.8,6.7,5.8,4.9,5.27,6.9,8.2,8.1,7.8,7.69,4.7,5.4,8.2,5.7,5.2,5.8,6.2,4.7,3.8,4.5,6.5,5.04
2136,Camila Torres Reyes,Operaciones,Producción,2026-07-17,10.0,8.0,8.5,10.0,10.0,9.2,9.3,8.3,6.8,7.2,8.02,7.7,7.0,5.9,6.6,9.7,7.3,7.0,6.6,7.8,8.0,6.7,7.23
2137,Diego Castillo Ortiz,Recursos Humanos,Reclutamiento,2026-06-02,8.3,8.0,8.2,8.4,8.7,8.28,8.1,9.2,7.9,6.6,7.96,7.3,7.7,7.5,6.4,7.3,7.3,8.6,6.7,7.1,6.7,8.6,7.44
2138,Fernanda Martínez García,Recursos Humanos,Capacitación,2026-04-19,2.5,1.7,2.8,3.1,1.3,2.27,5.1,4.9,3.2,3.8,4.34,2.5,0.9,1.4,2.6,2.4,1.88,3.4,5.7,4.1,3.4,4.3,4.2
2139,Carlos Martínez González,Marketing,Investigación de Mercado,2025-09-11,4.0,5.6,5.3,4.3,4.5,4.78,5.4,5.0,4.2,4.9,4.94,6.7,5.6,4.2,3.9,4.2,5.13,4.8,5.6,5.4,5.0,5.6,5.24
2140,Ana Romero Martínez,Recursos Humanos,Capacitación,2025-10-25,4.3,2.4,1.2,2.1,2.3,2.58,2.0,4.2,2.9,3.7,3.16,3.5,4.4,1.5,3.1,4.5,3.42,1.5,1.0,1.8,1.6,0.0,1.31
2141,Karla Ramírez Hernández,Operaciones,Control de Calidad,2026-07-28,10.0,7.6,7.3,7.5,8.2,8.22,9.0,7.8,7.6,7.5,8.04,8.4,6.1,9.0,6.9,9.4,7.87,8.0,8.7,10.0,6.8,7.8,8.32
2142,Valeria Romero Vázquez,Tecnología,Infraestructura,2026-05-10,2.4,2.8,4.3,3.7,4.2,3.34,6.3,3.3,4.7,4.3,4.73,3.9,4.4,4.0,1.6,5.0,3.86,3.0,3.7,2.8,3.6,4.3,3.38
2143,Ximena Morales Jiménez,Recursos Humanos,Capacitación,2026-08-18,6.8,5.6,5.3,6.2,6.9,6.12,5.9,7.3,6.7,7.0,6.68,8.8,8.9,7.5,4.7,7.1,7.7,6.3,7.6,7.0,6.4,4.0,6.56
2144,Luis Gómez Torres,Finanzas,Contabilidad,2026-08-16,3.6,3.5,3.6,1.9,2.5,3.16,5.0,6.3,3.8,3.9,4.81,0.6,4.5,4.9,2.1,3.8,3.14,2.6,2.4,1.1,2.6,5.1,2.5
2145,Sofía Ramírez Reyes,Finanzas,Contabilidad,2026-04-24,6.1,6.1,4.0,5.4,4.7,5.36,7.2,5.1,4.3,5.8,5.74,6.8,6.7,6.7,4.7,4.8,6.14,7.0,5.3,4.8,7.3,6.2,6.12
2146,María Ortiz Pérez,Recursos Humanos,Nómina,2025-09-22,5.8,9.0,7.1,5.8,8.0,7.19,10.0,9.4,8.9,9.0,9.38,6.9,8.2,6.6,7.8,8.1,7.48,8.0,5.2,7.1,7.8,6.8,6.96
2147,Juan Sánchez Ortiz,Tecnología,Soporte Técnico,2026-07-02,9.8,8.2,8.1,8.4,9.0,8.73,9.0,8.5,8.0,9.4,8.77,7.6,9.0,9.3,9.2,8.4,8.65,7.7,7.6,5.6,6.5,5.9,6.84
2148,Sofía Rodríguez Ortiz,Operaciones,Logística,2026-01-02,5.8,5.2,5.1,5.2,5.6,5.39,6.7,6.5,8.8,6.3,6.97,6.5,5.6,6.0,6.0,6.7,6.13,7.6,3.8,5.8,5.9,7.1,5.9
2149,María Vázquez Pérez,Operaciones,Producción,2026-04-17,6.2,6.0,4.8,5.8,5.9,5.76,6.3,7.0,6.0,6.8,6.54,5.0,5.0,4.3,5.7,2.6,4.6,5.3,5.4,6.0,3.1,6.0,5.1
2150,Valeria Hernández López,Finanzas,Auditoría Interna,2026-02-22,2.1,2.7,3.6,3.5,4.0,3.05,1.7,4.4,3.3,2.8,2.97,1.0,2.6,3.5,3.2,2.5,2.46,6.3,5.4,4.5,4.9,5.6,5.36
2151,Sergio Ortiz Romero,Marketing,Investigación de Mercado,2025-10-25,2.5,6.5,7.9,5.7,7.4,5.8,7.2,4.8,5.8,6.2,6.07,6.3,9.7,9.1,6.6,9.1,8.18,7.0,8.9,6.3,7.3,7.6,7.46
2152,Roberto Flores Hernández,Tecnología,Desarrollo,2025-11-09,2.1,3.0,2.6,3.4,2.0,2.6,3.7,1.7,1.0,2.1,2.26,1.0,2.5,2.5,1.5,2.8,2.02,1.5,5.0,3.6,5.2,2.3,3.62
2153,Miguel Reyes Sánchez,Recursos Humanos,Nómina,2025-11-09,7.3,7.5,7.4,7.0,8.7,7.54,5.3,7.2,4.2,6.8,5.93,5.1,6.0,7.9,7.4,3.0,5.92,6.8,4.9,6.7,5.1,5.2,5.8
2154,Paola Hernández Cruz,Ventas,Ventas Nacionales,2026-04-10,6.2,4.1,6.5,6.9,7.0,5.96,3.7,4.9,5.3,6.1,4.92,7.3,7.0,6.4,6.2,7.5,6.91,6.5,6.6,7.6,6.5,6.5,6.74
2155,Carlos López López,Tecnología,Infraestructura,2026-08-21,9.7,8.4,7.5,9.1,7.7,8.54,10.0,9.8,9.2,10.0,9.79,8.9,9.8,7.4,10.0,10.0,9.16,9.0,6.7,8.9,8.8,8.2,8.28
2156,Diego Ramírez Martínez,Marketing,Investigación de Mercado,2025-09-13,6.3,3.6,5.5,5.5,3.1,4.86,2.5,3.4,5.5,3.5,3.58,5.3,4.2,3.5,3.6,3.3,4.11,4.2,3.9,4.8,5.2,5.0,4.53
2157,Diego Hernández García,Marketing,Marketing Digital,2025-09-10,6.4,6.6,6.4,6.3,7.5,6.6,4.9,7.4,6.3,5.2,5.88,6.3,8.3,5.5,6.9,7.5,6.91,7.1,6.0,8.7,5.9,6.9,6.89
2158,Ana Cruz Romero,Tecnología,Desarrollo,2025-10-29,7.7,8.7,5.3,8.7,9.6,7.9,6.2,8.0,7.4,7.4,7.19,9.0,7.4,8.0,5.8,7.2,7.65,10.0,8.0,9.5,6.2,8.3,8.47
2159,Carlos Pérez González,Ventas,Atención a Clientes,2026-03-17,6.5,10.0,8.4,10.0,9.4,8.72,6.7,9.5,9.1,8.2,8.25,8.9,10.0,10.0,7.2,9.9,9.29,5.7,9.1,10.0,10.0,8.8,8.58
2160,Daniela Torres Sánchez,Ventas,Atención a Clientes,2026-05-28,3.3,4.5,3.1,4.4,5.7,4.09,6.2,5.5,4.8,4.0,5.2,7.7,5.7,8.0,5.9,7.5,6.96,7.2,5.0,6.4,4.4,7.4,5.95
2161,Roberto Gómez Castillo,Operaciones,Logística,2026-07-06,7.4,9.0,7.5,8.3,9.5,8.27,9.3,7.6,10.0,8.9,8.91,7.8,7.6,8.8,8.5,7.6,8.02,10.0,9.5,7.8,9.5,6.3,8.97
2162,Andrea Torres Castillo,Tecnología,Soporte Técnico,2026-04-25,5.9,3.5,5.1,6.0,5.3,5.06,7.9,7.9,7.1,4.2,6.82,4.8,7.3,7.4,4.9,5.7,6.1,3.3,7.5,5.5,5.8,6.6,5.62
2163,Sergio Pérez López,Ventas,Atención a Clientes,2026-05-08,6.2,5.6,6.5,6.0,4.7,5.86,7.0,4.7,6.0,5.6,5.88,10.0,10.0,8.8,8.6,10.0,9.55,6.2,6.2,5.7,6.8,6.3,6.23
2164,Ana Gómez Morales,Operaciones,Control de Calidad,2026-05-30,3.4,4.2,3.1,3.2,3.2,3.48,5.8,6.3,2.3,2.5,4.4,4.8,4.2,4.7,2.5,7.9,4.75,6.1,4.7,4.8,5.7,4.6,5.26
2165,Miguel Sánchez Pérez,Marketing,Comunicación de Marca,2025-09-26,7.7,6.9,9.0,8.9,9.3,8.18,7.7,6.0,8.1,7.1,7.2,6.8,5.8,7.1,8.4,7.9,7.02,8.3,9.8,8.4,10.0,7.8,8.98
2166,Sergio Reyes Gómez,Tecnología,Desarrollo,2026-01-10,6.8,9.0,7.6,7.2,8.3,7.8,9.3,9.0,9.1,7.6,8.76,9.1,6.1,7.2,7.2,8.5,7.6,7.3,7.8,8.4,8.1,6.9,7.76
2167,Miguel Flores López,Marketing,Investigación de Mercado,2026-06-18,4.2,3.7,2.7,4.5,2.9,3.62,4.2,4.1,4.0,4.5,4.21,3.0,3.7,1.6,4.5,2.4,3.03,3.9,3.1,4.0,3.7,2.4,3.53
2168,Ximena Rodríguez Morales,Ventas,Atención a Clientes,2026-01-17,5.9,4.8,5.9,5.3,5.2,5.43,4.5,6.6,4.4,5.4,5.23,5.5,7.9,5.3,5.8,5.7,6.14,2.3,5.1,6.6,6.8,5.3,5.06
2169,Fernanda Pérez Castillo,Tecnología,Desarrollo,2025-12-24,8.1,5.4,8.4,6.1,7.2,7.05,8.9,6.2,5.5,7.0,7.07,7.2,7.6,6.1,6.8,8.1,7.15,7.5,7.2,8.5,7.7,8.2,7.74
2170,Paola Jiménez García,Finanzas,Contabilidad,2026-03-01,2.3,3.9,2.4,4.7,4.4,3.4,2.3,1.2,2.7,2.5,2.16,3.0,2.8,2.6,2.0,3.2,2.75,4.1,6.0,2.8,1.3,3.6,3.7
2171,Sofía Ortiz Martínez,Tecnología,Infraestructura,2025-09-27,6.6,5.0,7.4,6.5,5.9,6.24,6.2,6.4,5.1,6.2,6.03,5.2,5.2,4.6,5.3,2.5,4.69,7.1,5.5,6.1,4.0,5.0,5.67
2172,Juan Ortiz Sánchez,Operaciones,Control de Calidad,2025-09-20,6.7,5.9,6.6,7.6,7.4,6.72,7.2,8.8,6.8,8.0,7.72,9.2,10.0,9.9,7.6,8.3,9.16,8.6,8.6,9.5,8.3,6.5,8.51
2173,Sofía Morales Hernández,Operaciones,Logística,2026-04-03,5.6,4.4,5.0,6.5,5.0,5.22,6.7,7.9,6.2,7.1,7.0,8.2,7.7,7.4,7.8,7.3,7.72,7.1,4.7,6.3,5.2,5.6,5.81
2174,José García Martínez,Ventas,Atención a Clientes,2026-03-19,7.2,5.4,5.3,5.1,6.6,5.97,7.4,7.0,5.7,7.8,7.06,6.2,6.4,7.6,5.3,5.8,6.34,6.7,4.6,5.5,6.9,6.5,5.96
2175,Luis Jiménez Pérez,Marketing,Investigación de Mercado,2026-06-20,6.2,7.5,5.7,7.9,6.5,6.72,7.1,5.3,5.6,5.4,5.93,5.4,6.5,6.4,5.6,7.3,6.19,4.3,7.5,7.4,6.6,5.4,6.29
2176,Juan García Flores,Operaciones,Producción,2025-11-25,6.4,5.1,4.7,4.0,6.4,5.38,3.9,5.2,3.4,4.6,4.3,7.0,6.7,5.5,5.6,8.6,6.66,4.9,4.9,4.9,7.4,5.2,5.43
2177,Mariana Sánchez Martínez,Tecnología,Soporte Técnico,2025-10-03,4.5,6.1,6.5,4.7,5.6,5.5,6.3,6.5,8.1,5.2,6.44,5.3,7.4,8.1,4.3,6.8,6.46,5.8,6.7,4.5,5.6,5.7,5.72
2178,Carlos Flores Hernández,Operaciones,Control de Calidad,2026-01-10,8.9,8.5,9.0,8.9,10.0,8.98,9.3,9.2,10.0,8.4,9.19,6.9,8.0,10.0,8.8,9.3,8.44,10.0,10.0,9.8,10.0,10.0,9.96
2179,Ximena Vázquez Sánchez,Finanzas,Tesorería,2026-06-26,6.6,9.0,6.2,7.6,8.9,7.62,6.6,7.4,8.8,8.4,7.69,8.6,9.9,9.0,9.0,9.7,9.23,8.0,9.6,9.3,7.5,7.0,8.46
2180,Raúl Sánchez López,Tecnología,Soporte Técnico,2026-03-02,3.7,2.9,4.5,3.4,4.2,3.69,2.8,3.9,3.3,2.7,3.15,3.2,4.9,3.1,2.9,5.4,3.89,3.4,3.4,4.2,3.8,3.9,3.69
2181,Raúl Romero Sánchez,Ventas,Atención a Clientes,2025-11-21,8.6,8.5,8.8,7.1,8.6,8.39,8.1,7.7,7.5,7.0,7.6,5.3,5.4,8.8,5.3,9.5,6.66,9.1,9.0,7.9,7.1,8.1,8.34
2182,Alejandro Hernández Reyes,Tecnología,Soporte Técnico,2026-08-23,8.1,7.0,5.2,6.6,9.2,7.18,6.2,8.8,6.8,7.8,7.37,4.8,7.2,6.3,4.6,6.7,5.95,6.4,8.0,8.9,6.7,6.6,7.38
2183,Valeria Torres Morales,Tecnología,Infraestructura,2026-02-04,7.1,9.5,8.2,8.5,8.0,8.26,10.0,7.6,8.7,8.5,8.76,7.5,9.5,8.2,6.5,7.6,8.0,7.9,9.0,7.5,8.3,9.3,8.32
2184,Valeria Morales Ortiz,Ventas,Ventas Nacionales,2026-01-11,2.9,4.1,4.2,2.9,3.7,3.58,6.8,4.3,6.7,5.0,5.7,2.5,2.0,5.0,3.7,3.8,3.25,4.2,4.7,2.8,3.1,4.9,3.9
2185,Laura Flores Cruz,Operaciones,Control de Calidad,2026-02-24,6.3,7.3,5.2,6.0,7.1,6.4,6.1,5.8,4.7,5.6,5.62,5.7,6.6,7.3,5.9,7.2,6.5,5.9,5.3,5.4,6.6,5.6,5.76
2186,Diego López Sánchez,Finanzas,Auditoría Interna,2026-01-16,6.6,5.3,7.2,6.4,4.7,6.08,6.6,5.7,6.4,6.9,6.41,6.1,6.0,4.5,5.9,5.0,5.56,4.9,6.3,5.1,6.6,6.1,5.75
2187,Raúl López Reyes,Operaciones,Control de Calidad,2025-10-16,6.3,6.8,6.6,8.6,7.4,7.0,7.4,7.5,4.6,5.8,6.47,6.3,7.0,6.4,7.2,6.8,6.7,8.2,9.5,7.6,8.9,8.4,8.57
2188,Roberto Flores García,Operaciones,Producción,2026-07-24,7.1,8.6,10.0,10.0,10.0,8.93,9.2,7.4,8.0,8.9,8.43,8.6,7.3,7.7,6.9,7.6,7.69,8.7,7.5,6.3,7.3,5.9,7.36
2189,María Pérez López,Marketing,Investigación de Mercado,2026-02-11,2.6,2.9,2.7,3.2,4.3,3.04,3.4,4.7,3.1,3.0,3.57,3.3,2.2,3.5,5.9,4.7,3.66,3.1,3.6,4.8,4.9,4.1,4.02
2190,Juan Hernández Hernández,Ventas,Ventas Nacionales,2025-11-21,1.5,1.5,2.7,2.1,3.2,2.08,3.6,0.3,0.9,1.2,1.64,2.5,1.4,2.6,3.1,5.7,2.82,1.4,0.7,1.5,0.0,1.5,0.98
2191,Mariana Reyes García,Marketing,Comunicación de Marca,2025-11-11,4.6,5.1,4.5,4.8,5.7,4.9,5.1,7.2,6.5,6.6,6.28,4.8,6.6,6.1,6.0,6.9,6.0,5.6,5.8,7.0,7.7,6.8,6.47
2192,Karla López Cruz,Recursos Humanos,Nómina,2026-03-21,7.0,6.7,5.7,7.8,7.0,6.78,5.1,8.3,6.8,5.6,6.36,7.4,5.4,5.5,3.9,6.9,5.92,4.5,5.9,6.7,4.5,4.7,5.31
2193,José Martínez López,Finanzas,Contabilidad,2025-09-08,5.4,5.9,3.7,4.7,5.5,5.1,5.3,6.4,3.6,6.4,5.51,3.2,6.1,5.3,3.9,6.6,4.96,6.3,5.9,5.9,4.7,6.3,5.8
2194,Ricardo Flores Ramírez,Tecnología,Desarrollo,2026-05-12,6.6,7.7,8.1,6.9,7.5,7.36,6.4,6.4,6.6,6.5,6.46,6.6,7.1,4.1,7.8,4.7,6.12,7.5,6.3,4.1,6.1,6.1,6.1
2195,Karla Torres Torres,Recursos Humanos,Nómina,2026-03-31,1.3,1.7,2.2,4.8,2.7,2.32,5.0,4.0,4.7,2.4,4.04,3.9,3.1,3.7,4.5,5.0,3.92,4.1,2.5,3.1,5.3,4.2,3.75
2196,Alejandro Rodríguez Flores,Tecnología,Infraestructura,2025-11-11,10.0,10.0,10.0,8.8,9.7,9.78,7.2,6.8,6.7,7.4,7.05,10.0,8.7,8.6,7.6,8.8,8.85,6.5,6.8,8.3,7.4,7.9,7.26
2197,Carlos Flores García,Tecnología,Soporte Técnico,2026-03-31,5.5,6.2,5.8,5.9,2.9,5.4,7.0,6.6,5.7,6.6,6.54,5.9,6.1,6.2,5.4,4.4,5.71,5.6,5.7,4.1,5.0,5.2,5.16
2198,Ximena Ramírez Vázquez,Operaciones,Logística,2026-05-05,6.6,8.3,5.4,8.4,8.7,7.37,7.2,6.1,6.9,7.9,7.04,7.1,9.2,5.6,7.9,6.3,7.32,6.3,5.8,6.6,4.9,6.5,5.98
2199,Raúl Flores Gómez,Ventas,Atención a Clientes,2026-02-17,10.0,8.6,8.8,9.5,8.5,9.11,6.0,5.5,6.0,4.5,5.5,4.9,6.8,6.7,7.6,4.4,6.06,8.5,8.1,6.5,10.0,6.9,8.14
2200,Paola López García,Operaciones,Producción,2026-01-24,8.4,7.7,7.9,7.0,6.7,7.66,10.0,10.0,9.6,10.0,9.92,10.0,9.4,7.3,8.5,7.1,8.65,9.1,8.7,7.9,7.5,9.4,8.47
2201,Ana Castillo Flores,Finanzas,Auditoría Interna,2025-09-18,7.8,8.8,6.1,6.8,7.3,7.48,7.6,7.2,8.7,5.4,7.17,8.6,10.0,7.3,6.3,6.8,8.08,6.7,8.3,8.0,8.2,10.0,7.99
2202,Miguel Cruz Pérez,Tecnología,Infraestructura,2026-01-25,2.8,2.8,2.6,1.1,4.5,2.76,4.7,4.1,6.2,4.1,4.7,2.4,2.3,2.4,4.2,2.9,2.72,4.7,7.2,5.9,5.1,5.8,5.76
2203,Pedro Romero Martínez,Recursos Humanos,Capacitación,2026-07-02,6.3,3.6,5.9,7.0,5.4,5.52,5.7,6.2,5.7,6.5,6.02,4.8,7.2,5.3,6.2,7.2,6.07,6.4,7.4,5.8,6.3,5.9,6.46
2204,Francisco Sánchez García,Ventas,Ventas Nacionales,2026-08-19,2.2,1.0,4.2,1.7,3.2,2.38,1.7,2.0,4.8,2.1,2.5,2.2,1.9,3.0,3.0,1.2,2.26,1.6,5.2,5.1,4.2,2.5,3.81
2205,Camila Martínez González,Marketing,Comunicación de Marca,2025-09-19,1.1,4.1,3.3,2.9,4.4,3.06,2.3,3.7,2.3,3.3,2.9,3.9,1.1,1.9,1.6,3.1,2.34,2.3,0.9,1.8,2.8,2.3,1.95
2206,María Flores Morales,Marketing,Comunicación de Marca,2026-04-06,6.3,4.7,9.2,5.0,7.5,6.46,7.6,6.6,8.1,6.0,7.05,6.9,7.6,4.8,7.2,7.2,6.74,10.0,8.7,7.7,6.1,9.2,8.36
2207,Miguel Martínez López,Operaciones,Control de Calidad,2026-06-26,7.5,8.6,8.8,10.0,8.4,8.54,9.7,8.7,7.3,7.6,8.44,7.5,9.2,10.0,9.6,8.9,8.95,8.7,10.0,8.3,10.0,9.0,9.24
2208,Raúl Ortiz Castillo,Finanzas,Tesorería,2026-06-18,4.5,5.6,5.2,3.1,2.7,4.44,7.5,6.5,4.2,4.0,5.72,4.0,5.2,4.8,6.0,4.0,4.76,2.2,6.0,5.4,4.5,5.1,4.54
2209,Diego Rodríguez Vázquez,Operaciones,Control de Calidad,2026-07-31,8.7,6.7,8.0,8.7,9.3,8.15,9.9,10.0,9.3,9.0,9.58,8.9,9.2,7.4,7.9,7.6,8.33,7.8,8.2,8.4,7.8,7.9,8.03
2210,Karla Cruz Pérez,Tecnología,Infraestructura,2026-06-27,8.2,7.1,10.0,9.7,7.6,8.42,10.0,8.9,9.9,10.0,9.7,6.7,6.8,5.9,8.8,7.7,7.03,9.3,6.6,6.3,5.9,9.1,7.33
2211,Paola Martínez Hernández,Tecnología,Desarrollo,2025-11-27,8.3,7.3,7.7,7.9,9.4,8.04,8.2,5.6,7.8,8.9,7.64,8.9,10.0,9.2,8.7,5.5,8.69,6.6,6.8,6.7,6.5,8.0,6.79
2212,Francisco Gómez López,Operaciones,Logística,2026-01-11,8.9,9.0,9.1,7.7,7.0,8.5,7.5,7.9,6.5,8.2,7.57,4.3,8.6,7.5,6.3,8.2,6.9,9.9,8.2,6.1,9.9,9.4,8.67
2213,Juan Martínez Vázquez,Finanzas,Contabilidad,2026-02-01,7.5,8.7,8.3,6.1,6.9,7.66,5.2,7.4,3.6,5.3,5.46,6.7,5.3,5.5,3.6,4.3,5.28,5.0,5.1,5.4,5.4,4.6,5.14
2214,Miguel Sánchez García,Marketing,Comunicación de Marca,2026-09-03,6.8,6.1,6.0,7.3,7.9,6.7,8.6,7.5,5.8,9.8,8.07,7.2,7.7,5.6,4.8,7.5,6.69,7.8,6.7,7.4,8.4,7.1,7.5
2215,Ximena Cruz Vázquez,Ventas,Ventas Nacionales,2026-01-05,3.9,4.4,4.9,5.0,1.9,4.09,3.9,3.0,3.3,2.5,3.2,3.9,4.9,4.2,2.4,4.3,4.04,5.1,5.8,6.8,6.2,7.5,6.08
2216,Valeria López Ortiz,Recursos Humanos,Capacitación,2025-09-19,8.7,7.6,7.7,6.7,7.4,7.73,4.1,4.8,4.8,3.9,4.36,7.8,6.9,5.7,8.5,8.3,7.34,5.2,5.8,6.3,7.9,6.2,6.21
2217,Andrea Reyes González,Tecnología,Infraestructura,2025-10-06,7.6,8.0,7.8,9.9,8.3,8.19,7.7,8.6,8.3,9.1,8.4,9.0,6.3,6.1,7.1,6.8,7.13,6.1,7.8,8.3,5.7,7.9,7.06
2218,Mariana Castillo Cruz,Marketing,Investigación de Mercado,2026-04-16,7.5,6.8,8.4,9.0,8.9,7.94,7.9,7.5,8.4,7.7,7.85,9.6,8.3,8.4,6.6,7.9,8.33,9.7,8.6,7.8,7.8,7.2,8.42
2219,Juan Ortiz Gómez,Finanzas,Contabilidad,2026-01-31,2.4,4.7,2.5,4.3,2.8,3.34,2.9,3.9,2.3,2.0,2.8,2.2,2.7,3.6,2.1,1.4,2.47,3.4,4.3,0.9,2.5,2.0,2.8
2220,Diego Morales González,Ventas,Ventas Internacionales,2026-05-21,5.8,3.4,5.8,4.5,5.5,4.96,5.8,5.9,5.6,6.4,5.94,3.3,5.4,5.2,5.2,5.6,4.84,6.3,5.7,2.5,7.0,3.7,5.27
2221,José Castillo Flores,Marketing,Marketing Digital,2025-10-18,8.3,8.0,9.4,7.0,7.0,8.06,10.0,6.1,9.5,9.5,8.8,8.1,6.3,7.7,7.2,9.8,7.69,6.7,8.4,7.4,6.7,7.2,7.32
2222,Sofía Jiménez García,Ventas,Ventas Internacionales,2025-10-07,7.9,6.3,7.7,6.8,5.8,6.98,6.3,4.0,7.4,6.2,5.92,9.5,7.1,6.9,8.6,7.6,7.96,6.0,5.4,7.3,4.9,6.1,5.9
2223,Juan González Flores,Marketing,Comunicación de Marca,2026-06-18,5.1,7.0,5.1,4.6,4.2,5.36,4.7,5.9,5.2,6.4,5.52,6.8,7.6,4.1,5.9,6.0,6.2,5.8,5.7,3.7,6.8,7.2,5.7
2224,Jorge Hernández Ramírez,Recursos Humanos,Capacitación,2026-03-14,3.9,6.4,6.3,6.5,5.6,5.65,4.9,5.5,6.4,7.8,6.08,3.6,6.0,6.4,5.2,6.4,5.42,5.7,5.1,5.1,5.2,5.0,5.26
2225,Daniela Rodríguez Morales,Recursos Humanos,Nómina,2026-06-13,7.0,6.6,5.7,7.6,8.2,6.91,9.9,9.3,8.3,8.2,9.0,9.8,7.3,7.8,7.5,7.5,8.09,8.1,8.4,8.9,7.4,8.1,8.2
2226,Pedro Ortiz Pérez,Tecnología,Desarrollo,2026-01-26,6.2,4.7,5.2,4.3,5.2,5.19,5.3,5.5,6.9,7.0,6.1,6.3,6.5,6.4,5.6,7.8,6.49,6.1,6.6,5.4,5.1,5.6,5.84
2227,Camila Rodríguez Hernández,Finanzas,Auditoría Interna,2026-05-24,5.9,5.2,6.6,6.0,7.8,6.17,7.5,7.7,6.0,8.8,7.58,7.6,6.5,6.2,6.8,6.6,6.78,7.2,7.0,8.4,6.7,7.6,7.33
2228,Daniela Torres Ortiz,Ventas,Ventas Internacionales,2025-12-28,3.8,6.2,6.7,5.0,5.8,5.46,6.6,7.9,7.6,6.0,6.98,3.7,6.0,5.9,4.7,6.9,5.34,5.5,6.6,4.8,6.3,6.4,5.88
2229,Jorge Hernández Hernández,Tecnología,Desarrollo,2025-09-14,8.9,9.5,10.0,9.8,8.7,9.38,8.9,8.0,8.7,7.6,8.31,10.0,8.4,9.7,9.9,9.6,9.46,10.0,9.5,10.0,10.0,6.1,9.48
2230,Juan Jiménez Rodríguez,Ventas,Ventas Internacionales,2025-10-24,6.4,6.5,7.2,7.5,5.4,6.6,8.1,8.1,7.6,6.7,7.65,10.0,8.7,9.9,9.4,9.2,9.44,10.0,9.7,7.3,9.7,9.5,9.27
2231,Ricardo Jiménez Ortiz,Finanzas,Contabilidad,2026-07-03,1.4,3.0,2.9,3.1,2.8,2.56,3.6,3.7,4.5,3.7,3.83,2.8,3.5,4.1,2.8,2.2,3.14,4.1,3.6,4.6,2.5,3.2,3.66
2232,Sergio López Morales,Tecnología,Soporte Técnico,2026-07-22,10.0,10.0,9.4,9.8,10.0,9.85,8.8,8.5,7.2,6.1,7.73,10.0,9.1,9.2,9.2,8.6,9.28,10.0,10.0,7.8,10.0,9.9,9.55
2233,Pedro Vázquez Sánchez,Recursos Humanos,Capacitación,2025-11-14,6.5,7.9,7.8,6.6,8.4,7.41,9.4,7.8,8.8,9.2,8.83,7.4,5.3,7.0,7.9,7.3,6.86,5.2,5.9,7.1,7.5,5.6,6.26
2234,Jorge Gómez García,Tecnología,Desarrollo,2026-08-09,10.0,10.0,8.5,10.0,8.5,9.48,9.7,10.0,8.5,7.9,9.09,8.2,7.3,7.6,6.4,7.3,7.45,7.3,6.0,7.4,8.0,6.9,7.1
2235,Diego López Gómez,Operaciones,Control de Calidad,2026-04-14,4.3,1.8,3.7,4.0,5.2,3.65,8.4,7.6,4.8,5.7,6.8,6.6,6.7,3.6,8.5,7.8,6.49,6.7,6.8,7.1,6.8,5.3,6.68
2236,José García Sánchez,Recursos Humanos,Capacitación,2025-09-10,3.5,3.4,3.9,3.8,4.4,3.74,2.7,4.0,3.9,4.5,3.72,2.8,2.8,3.5,2.1,3.9,3.0,4.8,1.3,2.0,4.4,2.7,3.08
2237,Laura Flores Pérez,Finanzas,Contabilidad,2026-03-28,6.8,7.1,8.1,6.4,5.8,6.92,7.9,7.5,8.4,7.2,7.72,10.0,7.9,7.1,10.0,8.7,8.7,7.7,8.2,7.5,6.3,6.7,7.4
2238,Daniela Morales Morales,Marketing,Investigación de Mercado,2026-09-04,6.0,5.3,5.7,8.6,7.1,6.32,4.3,3.7,5.3,4.7,4.45,6.8,6.5,6.7,6.7,5.7,6.52,4.9,5.9,6.5,3.7,6.3,5.37
2239,Raúl Flores Morales,Finanzas,Auditoría Interna,2025-09-17,6.1,5.5,5.0,5.3,6.9,5.73,7.4,7.4,6.4,7.3,7.18,3.8,5.5,6.4,5.8,5.5,5.3,5.9,3.7,5.9,5.9,7.6,5.52
2240,Roberto Hernández Jiménez,Recursos Humanos,Nómina,2025-12-23,4.6,3.2,3.3,4.3,4.6,3.94,2.8,4.0,5.1,7.6,4.76,2.9,3.3,0.0,3.8,3.8,2.69,5.0,1.8,3.1,3.8,3.5,3.43
2241,Pedro Sánchez Hernández,Ventas,Ventas Internacionales,2026-05-10,7.6,5.3,5.5,5.9,5.8,6.08,7.2,5.7,5.0,6.9,6.31,7.1,8.7,7.1,6.3,5.6,7.15,8.2,6.3,9.0,4.2,6.8,6.94
2242,Daniela Pérez Morales,Finanzas,Auditoría Interna,2026-01-27,5.2,6.0,5.4,9.3,7.2,6.36,4.9,7.4,7.5,4.7,6.0,6.3,5.8,5.0,5.3,8.2,6.05,6.6,6.2,6.3,6.5,6.1,6.37
2243,Pedro Morales López,Marketing,Marketing Digital,2026-01-27,3.7,4.6,4.0,5.9,4.8,4.48,4.3,4.5,4.1,4.2,4.28,6.4,3.3,4.6,4.1,2.6,4.35,4.1,2.6,5.0,5.1,2.8,3.97
2244,Miguel Jiménez Sánchez,Tecnología,Soporte Técnico,2026-02-18,4.6,6.6,7.1,4.0,6.4,5.78,8.0,5.7,6.3,7.1,6.86,7.2,7.9,7.6,7.4,5.6,7.24,5.8,7.8,4.8,7.9,6.8,6.62
2245,Alejandro Jiménez Sánchez,Ventas,Ventas Nacionales,2025-09-22,8.4,6.5,8.0,6.2,8.6,7.54,6.9,8.6,9.3,8.7,8.25,8.2,8.8,9.3,10.0,8.5,8.88,7.7,6.7,7.6,8.3,7.8,7.56
2246,Roberto Ramírez López,Marketing,Comunicación de Marca,2025-11-25,2.8,4.3,7.5,5.5,6.4,5.06,6.0,7.1,6.8,6.3,6.51,4.8,4.8,5.2,5.0,6.1,5.1,4.5,5.9,4.1,4.4,2.6,4.56
2247,Jorge Cruz García,Tecnología,Infraestructura,2026-06-05,5.9,6.2,4.4,5.8,6.4,5.74,6.6,7.2,6.7,6.3,6.7,6.3,3.9,3.6,4.4,6.4,4.89,3.3,1.9,3.6,5.5,4.8,3.6
2248,Pedro Rodríguez García,Recursos Humanos,Reclutamiento,2025-09-10,5.5,3.2,6.6,5.7,4.0,4.95,6.2,4.5,3.9,4.4,4.86,3.9,5.3,3.7,3.4,4.3,4.19,3.7,5.9,7.0,5.7,2.9,5.23
2249,Pedro Gómez García,Recursos Humanos,Reclutamiento,2025-09-21,4.5,4.6,4.9,4.5,3.8,4.5,3.1,4.7,3.9,5.0,4.14,4.9,4.4,6.8,4.8,3.7,4.96,5.1,6.2,6.2,5.5,5.1,5.68
2250,Luis Ramírez Rodríguez,Operaciones,Control de Calidad,2026-08-21,8.4,9.3,8.3,8.5,10.0,8.86,9.4,9.7,9.6,9.2,9.46,9.0,10.0,10.0,9.0,8.6,9.39,9.4,7.0,8.7,9.6,8.4,8.6
2251,Francisco Cruz Reyes,Recursos Humanos,Capacitación,2026-05-22,9.0,8.1,7.5,8.9,8.3,8.36,6.2,6.9,5.6,5.6,6.1,5.3,6.3,6.1,3.7,6.7,5.68,6.9,7.0,6.5,7.7,7.6,7.08
2252,María Jiménez Castillo,Ventas,Ventas Nacionales,2026-01-26,8.5,7.8,7.7,7.4,8.1,7.94,7.5,8.0,5.9,7.2,7.23,7.9,7.3,7.1,8.0,6.8,7.44,8.1,8.8,6.7,10.0,7.7,8.33
2253,Diego Flores Pérez,Finanzas,Contabilidad,2025-10-22,5.5,5.9,7.4,7.1,6.1,6.31,9.4,8.1,9.9,9.0,9.07,9.3,8.0,9.4,9.0,9.3,8.95,8.2,9.4,6.5,4.1,9.3,7.45
2254,Raúl García Pérez,Marketing,Investigación de Mercado,2025-12-20,2.3,5.4,4.8,3.0,0.0,3.34,2.7,2.7,5.2,4.8,3.73,3.6,4.1,3.3,4.6,4.2,3.9,2.2,1.7,4.1,4.3,4.6,3.12
2255,Ana Gómez Flores,Tecnología,Desarrollo,2026-02-10,4.4,5.2,5.8,5.4,4.4,5.03,5.2,5.3,5.9,7.8,6.02,3.5,6.7,7.7,5.2,5.6,5.71,3.1,7.2,5.1,5.1,5.2,5.14
2256,Camila Jiménez Morales,Finanzas,Contabilidad,2026-05-19,6.9,4.4,6.5,5.1,5.3,5.68,4.4,4.9,4.3,5.2,4.7,7.9,7.7,8.0,5.4,5.7,7.17,4.0,5.3,5.0,5.6,7.8,5.22
2257,Diego González Morales,Marketing,Marketing Digital,2026-08-03,7.8,6.2,7.6,5.4,5.9,6.72,5.5,6.0,4.5,5.5,5.42,6.8,7.3,4.7,6.7,4.2,6.1,5.3,7.2,2.0,5.6,4.2,5.06
2258,Valeria Romero Rodríguez,Operaciones,Logística,2025-10-17,5.9,3.9,6.3,5.3,5.2,5.28,5.3,6.1,6.0,5.9,5.79,6.5,6.5,5.5,3.9,6.3,5.88,7.6,7.5,5.4,5.7,4.8,6.48
2259,Raúl Castillo Rodríguez,Recursos Humanos,Nómina,2026-02-25,4.5,5.8,3.4,3.1,5.3,4.52,6.1,4.4,6.7,4.3,5.34,7.2,6.9,5.6,4.1,6.6,6.25,5.4,2.0,8.6,6.0,7.7,5.54
2260,Ricardo López Pérez,Finanzas,Auditoría Interna,2026-03-25,4.4,5.7,5.9,6.5,8.5,5.96,5.9,7.2,9.2,7.2,7.21,7.7,8.2,8.3,6.6,6.5,7.6,6.2,6.4,6.3,5.4,6.5,6.14
2261,Pedro López Ramírez,Marketing,Comunicación de Marca,2025-09-15,4.8,7.3,6.7,5.3,5.1,5.92,6.4,6.4,6.2,6.3,6.34,7.7,9.1,8.0,6.4,7.5,7.89,4.2,5.6,5.3,6.4,6.8,5.47
2262,Valeria González Romero,Tecnología,Desarrollo,2026-07-09,5.4,7.0,5.3,6.5,4.3,5.78,5.9,5.4,5.2,6.3,5.74,7.5,7.7,4.8,6.8,7.0,6.83,4.4,6.9,6.1,6.4,6.8,6.0
2263,Roberto García González,Marketing,Marketing Digital,2026-06-07,4.3,3.9,2.9,4.1,3.3,3.74,2.2,3.9,2.8,1.8,2.64,5.5,4.3,5.1,3.7,5.3,4.82,2.9,3.6,2.2,1.9,3.8,2.82
2264,Francisco Gómez Castillo,Tecnología,Desarrollo,2025-10-31,9.2,8.9,7.6,7.1,9.5,8.54,7.0,6.8,6.3,6.4,6.66,5.9,8.3,8.3,8.0,5.8,7.28,8.4,7.1,8.8,7.3,7.1,7.8
2265,Mariana Martínez Torres,Operaciones,Producción,2026-05-27,8.7,6.5,6.7,8.5,7.2,7.49,7.7,7.3,6.0,8.3,7.41,7.2,6.2,7.3,7.3,7.3,7.0,7.8,8.5,8.7,8.5,6.8,8.2
2266,Ana Martínez Jiménez,Ventas,Ventas Nacionales,2025-09-28,6.3,6.5,6.7,6.5,8.0,6.72,8.8,10.0,6.5,7.3,8.26,4.7,7.5,6.9,4.7,8.1,6.35,4.2,4.8,6.2,6.2,4.3,5.16
2267,Paola Reyes Gómez,Finanzas,Contabilidad,2025-10-29,1.1,4.1,3.0,4.3,2.9,2.98,2.5,1.5,3.3,3.1,2.56,2.7,5.5,6.1,4.3,3.3,4.41,4.0,2.5,3.8,5.8,4.0,3.94
2268,José Rodríguez Ortiz,Tecnología,Infraestructura,2026-08-02,6.4,8.0,10.0,8.5,7.2,7.96,8.8,8.1,7.3,6.5,7.75,10.0,10.0,10.0,8.1,9.4,9.62,5.0,7.2,7.3,6.4,6.7,6.46
2269,Ricardo Rodríguez Flores,Operaciones,Producción,2026-03-24,10.0,9.0,9.2,9.4,7.8,9.17,7.3,8.1,10.0,8.7,8.39,9.4,7.9,9.4,7.8,8.9,8.71,8.3,8.3,8.5,6.9,9.2,8.15
2270,Camila García Gómez,Ventas,Atención a Clientes,2025-12-07,8.0,6.0,8.4,6.3,7.3,7.22,8.0,7.1,6.0,8.6,7.52,6.2,7.1,7.1,6.6,6.2,6.66,6.9,9.3,8.6,8.1,7.5,8.14
2271,Sergio Ortiz Cruz,Ventas,Ventas Nacionales,2026-03-13,3.1,3.5,4.1,2.6,3.5,3.38,1.7,1.5,2.7,1.7,1.85,2.9,5.3,4.0,5.7,4.9,4.44,4.5,4.0,3.9,3.3,1.4,3.71
2272,Diego Ramírez Pérez,Operaciones,Control de Calidad,2026-06-21,4.3,4.0,2.9,6.2,5.7,4.44,5.6,4.8,4.7,3.8,4.77,3.9,6.1,6.1,3.0,4.7,4.88,4.2,4.7,5.1,3.7,6.8,4.66
2273,Pedro Rodríguez Torres,Tecnología,Infraestructura,2026-08-22,6.3,7.1,8.7,7.6,7.7,7.38,6.8,5.9,6.7,6.1,6.38,4.5,6.0,5.6,3.9,7.0,5.38,4.9,6.3,4.1,6.7,7.3,5.69
2274,Juan Vázquez Jiménez,Marketing,Comunicación de Marca,2026-09-05,5.6,6.5,7.6,7.1,9.1,6.98,7.4,5.7,5.5,5.0,6.0,4.5,5.5,6.3,4.1,5.9,5.26,8.2,7.9,6.6,8.6,6.0,7.67
2275,Ximena López Rodríguez,Recursos Humanos,Capacitación,2026-07-04,4.6,1.5,2.5,1.7,2.1,2.6,5.4,2.4,5.0,3.7,4.15,0.3,6.9,2.3,5.1,1.9,3.31,1.1,2.9,2.1,2.6,3.1,2.25
2276,Diego Rodríguez Martínez,Operaciones,Control de Calidad,2026-06-04,6.8,4.6,6.1,6.8,5.2,5.87,5.5,5.2,5.7,4.1,5.12,6.1,4.1,4.4,3.7,6.0,4.88,6.9,3.3,4.1,4.9,5.1,4.86
2277,Paola Pérez Reyes,Ventas,Ventas Internacionales,2026-05-20,5.5,6.3,6.3,5.4,6.4,5.98,7.7,7.6,9.9,6.1,7.72,9.2,7.5,8.4,9.8,8.9,8.66,7.2,9.8,6.3,5.9,7.0,7.39
2278,Carlos Cruz Reyes,Tecnología,Soporte Técnico,2025-10-30,4.0,6.7,6.9,6.1,5.2,5.75,5.1,5.4,4.5,4.3,4.85,6.5,5.1,7.4,6.9,4.8,6.14,4.7,4.7,5.6,6.2,5.7,5.28
2279,José Vázquez Torres,Marketing,Marketing Digital,2026-03-06,5.0,5.3,2.7,5.3,5.2,4.69,9.0,7.8,8.2,5.4,7.64,5.3,7.0,5.5,5.7,4.0,5.63,5.3,3.7,3.0,5.4,2.6,4.19
2280,José Martínez Gómez,Ventas,Ventas Nacionales,2026-07-18,4.2,6.7,5.3,3.0,4.1,4.85,3.4,6.0,4.7,4.9,4.69,3.2,4.1,3.6,2.1,2.3,3.2,4.1,2.9,2.1,3.7,4.2,3.33
2281,Sofía Gómez Flores,Ventas,Atención a Clientes,2026-08-08,4.1,3.6,3.6,2.6,5.2,3.82,4.9,4.5,3.1,3.9,4.19,3.2,2.4,3.3,2.9,3.3,2.99,0.9,2.3,3.1,2.0,2.5,2.07
2282,Daniela Pérez Jiménez,Marketing,Marketing Digital,2026-07-22,9.5,7.8,8.7,8.0,7.7,8.42,8.9,7.2,6.5,8.7,7.94,8.5,10.0,6.4,9.2,10.0,8.78,6.9,7.1,8.8,5.6,6.6,7.04
2283,Ana Cruz Sánchez,Tecnología,Desarrollo,2026-05-16,7.7,8.9,8.1,10.0,8.7,8.58,8.5,9.3,9.4,8.4,8.86,9.8,7.0,8.9,8.5,8.1,8.47,6.8,9.3,9.4,8.8,9.5,8.62
2284,Luis Ramírez Rodríguez,Finanzas,Contabilidad,2025-12-12,5.5,4.7,3.8,3.6,2.7,4.26,3.9,5.6,5.4,2.5,4.28,1.5,1.9,1.3,5.5,1.9,2.22,2.1,4.7,5.0,2.4,2.1,3.39
2285,Roberto Martínez Gómez,Marketing,Investigación de Mercado,2026-08-20,7.4,8.9,7.5,6.2,8.2,7.74,8.9,6.1,7.5,7.0,7.44,9.6,7.5,8.0,10.0,8.7,8.68,8.0,6.0,6.3,8.4,6.5,7.09
2286,Pedro Jiménez Castillo,Ventas,Atención a Clientes,2026-04-12,5.0,5.8,3.1,2.6,2.9,4.15,2.1,4.4,2.9,4.7,3.49,1.3,2.6,5.9,3.7,2.4,3.07,4.5,2.9,5.2,5.5,6.2,4.61
2287,Fernanda Ortiz Torres,Marketing,Marketing Digital,2026-03-28,4.2,3.3,4.8,3.6,4.4,4.04,7.5,4.8,6.1,8.1,6.7,3.6,5.5,5.5,5.6,5.5,5.04,5.2,3.0,3.6,3.4,4.1,3.86
2288,Andrea Hernández Morales,Marketing,Marketing Digital,2026-07-15,6.0,6.4,6.7,3.3,3.7,5.49,4.2,3.6,3.9,5.6,4.34,4.1,6.0,5.9,6.5,5.2,5.46,4.8,6.7,6.0,6.9,5.1,5.96
2289,Camila Romero Cruz,Marketing,Comunicación de Marca,2026-08-17,2.3,4.8,3.3,5.7,3.8,3.86,5.8,5.9,4.7,4.2,5.2,3.5,7.0,5.4,6.8,2.4,5.08,3.6,5.3,5.0,3.7,5.0,4.46
2290,Carlos Torres Martínez,Marketing,Marketing Digital,2026-06-16,5.3,3.4,5.0,5.3,3.6,4.51,4.9,5.9,4.6,4.7,5.04,4.2,3.5,5.2,5.8,4.0,4.43,4.3,5.4,2.7,6.5,4.0,4.66
2291,Luis Morales Romero,Finanzas,Tesorería,2026-07-14,4.1,4.8,4.5,5.0,5.8,4.74,4.0,3.8,4.8,6.3,4.68,5.7,6.6,5.7,5.9,6.5,6.07,5.2,4.5,5.1,6.3,5.2,5.22
2292,Daniela Cruz Sánchez,Operaciones,Control de Calidad,2025-11-21,2.1,3.4,1.4,1.7,1.9,2.2,3.2,2.6,3.8,3.1,3.14,4.3,4.3,3.3,5.2,2.7,4.0,2.6,1.7,3.2,3.1,3.4,2.68
2293,Ricardo García Morales,Tecnología,Soporte Técnico,2025-10-08,6.6,5.8,5.3,6.1,5.1,5.84,6.4,8.3,8.7,6.9,7.46,9.8,10.0,9.2,8.2,7.7,9.17,6.7,8.6,7.3,7.2,7.5,7.48
2294,Alejandro Sánchez Pérez,Recursos Humanos,Reclutamiento,2026-01-23,2.6,2.2,3.6,4.3,4.1,3.18,4.6,3.5,5.1,6.1,4.8,3.1,4.2,3.6,4.7,5.0,4.0,3.4,2.0,4.0,4.3,2.8,3.29
2295,Gabriela Hernández García,Ventas,Atención a Clientes,2025-12-05,3.2,2.9,4.4,3.2,3.5,3.41,6.2,4.2,5.7,0.9,4.28,4.8,4.1,4.8,4.4,3.4,4.35,3.9,4.5,4.7,3.7,3.7,4.15
2296,José Gómez Ramírez,Marketing,Marketing Digital,2025-12-04,6.6,5.7,5.8,6.1,4.9,5.89,9.1,9.5,9.7,9.6,9.44,9.6,9.4,7.8,7.9,8.3,8.74,8.7,5.8,9.4,8.9,10.0,8.28
2297,Juan Gómez López,Operaciones,Logística,2025-10-22,6.2,5.9,7.9,7.5,5.5,6.56,6.0,8.8,4.7,4.1,5.96,7.6,7.2,7.9,6.8,6.8,7.32,9.5,6.9,7.8,8.7,8.0,8.2
2298,Daniela García Jiménez,Operaciones,Logística,2026-08-03,4.2,5.4,5.5,5.7,5.0,5.11,6.1,2.7,6.6,4.9,5.05,6.7,6.9,5.9,6.6,5.0,6.32,4.9,4.8,6.9,4.7,5.0,5.24
2299,Valeria Vázquez Pérez,Ventas,Ventas Internacionales,2025-09-09,5.5,4.1,6.0,6.0,5.3,5.3,6.2,4.4,5.8,7.7,6.04,4.1,5.8,4.1,6.5,6.2,5.2,5.0,5.8,4.3,5.7,4.0,5.1
2300,Daniela Castillo Ortiz,Tecnología,Infraestructura,2026-03-24,3.7,3.0,4.8,2.5,4.1,3.62,5.5,3.6,5.3,4.8,4.81,4.5,3.1,5.5,3.9,4.3,4.23,7.2,2.8,6.2,3.0,4.5,4.79
2301,José Jiménez Ortiz,Marketing,Investigación de Mercado,2026-02-21,7.0,8.0,4.3,5.6,6.3,6.4,6.4,5.1,5.1,7.9,6.19,7.1,5.8,5.5,4.8,9.0,6.39,4.1,7.0,7.4,7.2,4.1,6.1
2302,Andrea Reyes García,Marketing,Marketing Digital,2025-11-21,4.5,7.2,6.1,5.9,6.5,6.0,8.1,7.0,7.5,7.1,7.46,8.0,7.7,4.6,6.7,6.8,6.87,7.9,6.4,6.0,6.7,7.7,6.88
2303,María García Hernández,Tecnología,Soporte Técnico,2026-03-11,4.3,7.0,5.1,4.6,5.7,5.39,5.6,5.1,6.0,7.2,5.96,3.3,4.1,2.6,3.5,4.6,3.58,5.4,5.6,4.2,4.5,3.9,4.88
2304,Ximena Reyes Vázquez,Finanzas,Contabilidad,2026-06-02,5.7,3.9,7.0,4.2,4.3,5.07,5.6,5.8,4.9,3.1,4.89,7.1,6.0,5.8,3.5,4.9,5.7,2.9,3.9,4.5,2.7,4.7,3.61
2305,Miguel Castillo Hernández,Finanzas,Tesorería,2026-09-01,7.7,9.8,7.1,7.2,5.1,7.64,10.0,9.0,10.0,9.1,9.52,5.7,6.5,5.5,4.6,7.2,5.92,7.3,8.8,6.2,8.6,9.0,7.89
2306,Camila García García,Finanzas,Contabilidad,2026-07-08,9.7,10.0,10.0,9.7,8.8,9.7,9.0,8.3,9.8,7.9,8.71,10.0,10.0,10.0,10.0,10.0,10.0,10.0,10.0,10.0,10.0,10.0,10.0
2307,Juan Vázquez Pérez,Operaciones,Control de Calidad,2026-08-08,6.2,7.1,5.8,8.8,7.1,6.87,8.1,7.3,7.2,8.0,7.7,6.2,7.3,8.3,7.9,4.5,6.9,6.9,8.0,7.0,5.2,5.7,6.74
2308,Ricardo Flores Vázquez,Ventas,Atención a Clientes,2026-04-21,8.9,9.7,9.0,7.6,8.9,8.93,7.4,7.8,9.8,7.7,8.06,8.7,8.2,8.7,9.8,9.8,8.9,8.5,7.4,10.0,9.5,9.9,8.86
2309,Daniela García Ramírez,Marketing,Comunicación de Marca,2025-11-27,9.0,10.0,10.0,9.9,9.9,9.72,9.1,9.2,5.9,7.7,8.14,8.3,9.4,8.0,8.5,8.9,8.64,7.7,7.1,9.8,10.0,10.0,8.66
2310,Miguel Torres Vázquez,Operaciones,Logística,2026-05-09,8.8,6.9,8.8,10.0,9.1,8.55,6.8,9.5,6.9,8.3,7.87,7.5,6.4,8.5,6.7,6.5,7.16,7.6,9.4,8.4,10.0,7.8,8.71
2311,Juan Vázquez Martínez,Marketing,Marketing Digital,2026-02-01,5.9,5.6,5.1,5.0,7.7,5.8,8.2,9.2,9.4,9.6,9.04,8.3,9.1,8.6,8.9,8.2,8.64,8.1,7.9,9.1,7.5,6.9,8.01
2312,Karla Ramírez Sánchez,Marketing,Marketing Digital,2026-07-02,2.7,2.3,2.3,3.5,2.7,2.64,4.0,2.1,3.1,3.1,3.12,3.3,3.2,2.4,2.2,2.5,2.81,3.4,2.3,3.2,0.8,2.5,2.48
2313,Paola Sánchez Vázquez,Ventas,Atención a Clientes,2026-02-04,6.0,3.3,5.8,4.0,5.1,4.85,3.3,3.8,2.8,3.6,3.4,2.4,1.9,3.5,2.3,3.6,2.66,3.4,3.4,3.0,3.9,1.8,3.26
2314,Ximena Ortiz Cruz,Marketing,Comunicación de Marca,2025-09-24,6.5,9.1,9.6,8.4,9.7,8.54,6.8,7.4,9.1,8.7,7.88,8.3,8.1,8.6,8.6,7.9,8.3,8.0,6.6,9.5,6.6,7.5,7.62
2315,Diego Cruz Vázquez,Tecnología,Desarrollo,2026-05-15,4.0,8.2,8.8,9.2,4.6,6.88,5.7,7.3,7.7,7.3,6.9,6.8,6.0,5.5,6.7,8.3,6.55,7.2,8.8,9.5,5.8,7.5,7.81
2316,Andrea Flores Cruz,Operaciones,Control de Calidad,2026-03-15,9.0,9.6,10.0,10.0,10.0,9.65,8.9,10.0,8.4,9.3,9.18,8.8,10.0,7.6,9.7,10.0,9.18,9.0,9.2,9.1,10.0,10.0,9.37
2317,Jorge Morales Jiménez,Ventas,Ventas Internacionales,2025-09-21,8.2,9.8,9.7,9.6,6.7,8.88,10.0,6.8,9.0,7.9,8.48,7.4,8.3,9.7,8.5,8.7,8.44,10.0,10.0,9.2,10.0,10.0,9.84
2318,Ricardo Ortiz Ortiz,Tecnología,Desarrollo,2026-01-29,0.8,4.1,4.6,3.1,3.2,3.09,4.2,3.2,3.3,4.3,3.8,1.9,1.9,3.5,1.6,3.3,2.38,2.4,4.2,3.5,4.9,3.3,3.66
2319,Ricardo Castillo Hernández,Finanzas,Contabilidad,2026-04-15,7.8,6.0,8.0,5.7,5.3,6.7,6.1,5.0,5.4,4.6,5.31,7.3,4.0,6.0,5.8,8.0,6.1,5.5,8.0,6.5,6.7,6.8,6.69
2320,Raúl Pérez Morales,Operaciones,Logística,2026-07-25,8.9,9.5,8.9,7.7,6.5,8.51,6.8,9.1,8.8,8.4,8.17,8.7,8.1,9.2,8.7,8.3,8.59,8.2,10.0,9.9,9.7,7.8,9.25
2321,Sofía Cruz Sánchez,Marketing,Comunicación de Marca,2025-09-30,3.2,0.6,2.6,0.9,2.3,1.95,2.6,1.9,0.4,3.4,2.18,3.9,3.7,3.4,3.8,2.2,3.48,0.4,0.9,0.4,3.3,3.9,1.46
2322,Valeria Martínez Ortiz,Marketing,Marketing Digital,2026-01-28,8.7,9.5,8.7,6.7,8.9,8.63,10.0,7.9,9.1,7.4,8.64,8.5,9.3,8.3,9.5,9.4,8.94,10.0,8.3,6.6,8.8,8.7,8.52
2323,Camila Morales Rodríguez,Operaciones,Logística,2026-08-18,8.3,7.8,7.6,6.9,8.6,7.87,9.2,8.3,6.0,7.2,7.84,8.0,7.2,7.7,8.3,8.1,7.8,8.8,9.1,9.8,7.0,9.2,8.75
2324,Valeria Hernández Torres,Marketing,Comunicación de Marca,2026-02-17,2.6,2.3,3.5,3.1,3.9,2.98,3.1,4.3,3.6,2.1,3.25,3.5,2.8,4.8,3.6,3.2,3.56,3.0,4.6,3.0,2.5,3.1,3.31
2325,Carlos Jiménez Sánchez,Finanzas,Contabilidad,2025-09-19,8.3,6.9,6.6,8.7,7.6,7.56,6.6,6.0,4.6,5.3,5.72,7.2,6.7,5.8,8.0,6.2,6.76,7.6,7.4,7.8,7.7,6.4,7.49
2326,Francisco Vázquez González,Finanzas,Contabilidad,2025-10-02,5.5,7.3,4.6,4.5,6.5,5.77,3.9,6.3,5.5,6.4,5.44,7.0,7.3,7.6,4.1,4.5,6.39,4.4,6.3,3.7,4.4,4.6,4.76
2327,Karla Flores Pérez,Operaciones,Control de Calidad,2026-06-28,10.0,8.6,10.0,10.0,10.0,9.65,7.7,9.4,9.4,8.6,8.69,7.1,9.6,10.0,9.5,8.4,8.86,6.2,7.5,7.5,9.0,7.7,7.49
2328,Alejandro Romero García,Finanzas,Auditoría Interna,2026-04-10,5.4,5.2,4.9,3.5,5.0,4.9,2.6,4.1,4.7,6.2,4.3,6.0,5.0,5.8,3.7,6.8,5.48,4.5,6.3,5.2,5.9,4.8,5.4
2329,Raúl Gómez Rodríguez,Finanzas,Tesorería,2025-09-12,5.2,5.4,4.2,2.7,3.7,4.45,3.2,3.3,2.6,3.6,3.2,2.1,3.7,1.4,3.3,3.7,2.78,3.9,3.5,5.3,4.9,5.1,4.4
2330,Karla Ramírez López,Ventas,Atención a Clientes,2025-11-26,2.4,0.8,2.9,0.0,1.5,1.6,4.8,4.7,2.6,3.4,3.99,2.9,3.8,2.9,2.5,4.1,3.24,3.6,2.7,3.1,4.7,2.0,3.34
2331,Alejandro Ortiz González,Operaciones,Control de Calidad,2026-02-15,6.8,7.5,8.3,10.0,6.6,7.72,6.4,6.6,7.4,6.7,6.72,5.6,7.7,6.9,8.3,5.8,6.82,3.9,6.2,4.0,4.7,5.3,4.8
2332,Francisco Torres Vázquez,Tecnología,Soporte Técnico,2026-05-19,5.5,5.2,5.7,5.4,5.6,5.46,4.9,4.2,4.5,6.7,5.1,4.2,4.8,3.8,5.2,4.4,4.45,4.9,6.1,5.5,5.9,3.1,5.34
2333,Daniela Ramírez Cruz,Operaciones,Control de Calidad,2025-12-03,1.5,1.4,1.1,1.2,0.0,1.12,1.2,0.5,2.5,2.9,1.71,0.6,4.2,3.2,4.0,2.5,2.82,2.5,3.6,2.4,2.3,3.1,2.78
2334,Mariana Castillo Cruz,Operaciones,Logística,2026-02-08,9.3,9.4,5.3,10.0,9.2,8.62,8.1,10.0,8.2,8.5,8.7,6.5,7.3,8.1,8.3,7.9,7.5,8.4,7.8,8.2,9.2,7.6,8.29
2335,Ximena Morales Ramírez,Operaciones,Logística,2026-02-28,3.2,2.2,2.3,6.0,0.7,2.82,2.2,5.7,4.9,3.5,3.94,1.9,3.1,3.7,3.4,2.6,2.89,4.6,3.7,1.5,3.9,2.2,3.38
2336,María Reyes Reyes,Recursos Humanos,Nómina,2025-10-04,6.4,8.1,8.4,7.1,7.7,7.52,10.0,8.0,8.8,8.2,8.81,10.0,9.0,9.4,8.9,10.0,9.46,7.5,6.1,8.2,6.2,6.8,6.96
2337,Ximena Torres García,Marketing,Marketing Digital,2026-04-23,8.7,8.4,7.6,7.5,7.8,8.09,6.9,8.3,8.6,4.8,7.06,7.6,5.5,7.4,8.4,6.7,7.02,7.5,7.4,7.0,7.6,6.9,7.34
2338,Andrea Torres Flores,Tecnología,Infraestructura,2026-01-22,3.4,5.5,5.7,7.0,5.4,5.22,5.9,7.6,5.6,6.3,6.36,7.6,5.1,5.2,6.2,7.0,6.19,7.1,6.8,5.9,4.7,8.6,6.46
2339,Ricardo Ortiz Reyes,Marketing,Investigación de Mercado,2026-08-23,5.4,6.7,6.7,4.3,5.4,5.82,7.4,6.6,8.7,6.5,7.24,4.0,5.9,7.2,5.1,5.3,5.48,7.2,7.1,7.4,6.3,5.8,6.9
2340,Valeria Flores Pérez,Finanzas,Auditoría Interna,2025-12-22,2.7,1.8,3.1,4.9,3.3,2.98,3.1,3.1,3.4,2.3,2.96,5.4,3.1,2.3,1.5,5.0,3.56,1.0,5.0,2.6,3.2,3.5,3.01
2341,Diego Romero Reyes,Ventas,Ventas Internacionales,2026-02-20,7.0,7.0,5.2,5.8,6.0,6.31,8.7,7.4,5.2,4.5,6.62,7.4,4.3,5.2,6.2,4.4,5.56,7.2,4.1,6.5,5.1,4.4,5.58
2342,Valeria López Romero,Ventas,Ventas Nacionales,2025-10-23,9.6,7.6,7.9,8.3,7.2,8.2,10.0,7.1,5.7,7.1,7.69,4.7,3.9,6.4,6.2,5.7,5.22,4.9,5.6,6.9,7.1,8.1,6.24
2343,Carlos Romero Cruz,Ventas,Ventas Internacionales,2026-05-09,4.0,6.1,5.2,3.7,4.6,4.81,5.0,5.2,6.6,4.1,5.14,6.0,4.4,4.5,5.8,6.1,5.28,5.1,3.6,4.2,5.0,4.8,4.49
2344,Camila Gómez Vázquez,Operaciones,Control de Calidad,2025-10-05,5.9,6.5,6.6,8.8,5.3,6.54,6.4,7.5,5.5,6.0,6.4,4.7,4.8,4.2,7.1,8.5,5.56,4.2,4.9,4.9,8.2,4.0,5.3
2345,Camila Reyes Ortiz,Tecnología,Infraestructura,2026-02-09,4.3,6.6,2.0,4.2,4.5,4.43,2.6,1.1,0.8,2.3,1.79,3.3,2.2,2.0,2.6,1.9,2.45,2.4,2.1,1.2,2.2,3.8,2.18
2346,Luis Martínez Rodríguez,Finanzas,Auditoría Interna,2026-06-23,6.4,5.9,5.1,5.1,5.3,5.66,7.4,5.3,5.6,6.3,6.24,6.9,5.4,6.3,3.5,5.1,5.62,5.2,6.3,6.0,5.7,7.0,5.92
2347,Sergio Vázquez Rodríguez,Operaciones,Control de Calidad,2026-07-11,7.1,6.5,5.9,7.6,7.5,6.84,8.2,7.3,6.4,5.8,7.02,7.2,8.0,8.7,6.9,9.6,8.02,5.4,6.3,6.0,6.3,5.3,5.92
2348,Diego Reyes Gómez,Marketing,Comunicación de Marca,2026-06-28,4.8,4.7,2.5,4.6,3.3,4.06,7.5,8.3,6.9,4.4,6.8,4.8,5.5,7.4,6.9,6.4,6.05,6.8,7.0,4.5,6.5,5.9,6.24
2349,Mariana López Morales,Operaciones,Control de Calidad,2026-05-20,4.7,3.5,4.1,5.1,3.0,4.08,3.8,4.2,3.3,1.9,3.32,4.1,4.8,5.6,5.1,4.5,4.78,1.6,2.4,3.0,4.1,3.0,2.72
2350,Jorge Vázquez Rodríguez,Ventas,Ventas Internacionales,2026-02-19,2.8,4.0,1.4,1.7,5.1,3.0,4.1,5.4,4.8,5.9,5.02,7.4,3.7,4.2,5.8,5.7,5.34,2.3,3.9,3.6,2.9,4.6,3.31
2351,Ximena Cruz Jiménez,Operaciones,Producción,2025-10-26,8.0,5.0,5.8,6.4,5.8,6.24,7.9,7.3,7.9,9.0,8.02,7.1,5.2,6.1,6.2,7.6,6.36,4.7,8.2,6.9,6.0,7.7,6.57
2352,Ana Castillo Hernández,Recursos Humanos,Capacitación,2025-09-09,5.3,7.1,5.7,5.5,5.1,5.83,6.7,5.4,6.6,5.8,6.13,6.9,8.6,2.8,8.5,8.9,7.04,6.5,6.6,3.5,5.1,2.0,5.2
2353,Jorge Ortiz Romero,Ventas,Atención a Clientes,2026-01-03,6.4,5.9,6.7,5.3,6.1,6.12,6.0,6.2,7.3,4.4,5.91,7.2,3.5,6.8,4.8,5.4,5.56,6.1,6.4,5.8,6.2,5.7,6.1
2354,Paola Flores García,Recursos Humanos,Capacitación,2026-03-13,3.1,0.6,2.3,1.5,3.4,2.12,0.0,0.8,1.1,2.7,1.1,4.2,3.7,5.5,2.2,4.0,4.0,2.7,3.6,2.9,4.3,3.0,3.32
2355,Ximena García García,Marketing,Comunicación de Marca,2026-01-27,6.7,7.9,4.4,7.2,6.9,6.64,5.5,6.2,4.7,5.9,5.62,6.6,7.3,5.4,5.1,6.4,6.28,5.3,6.3,5.5,5.1,5.5,5.57
2356,Paola García Hernández,Recursos Humanos,Nómina,2026-05-10,8.1,4.8,8.9,8.1,7.7,7.38,6.9,7.0,6.3,7.2,6.88,7.0,8.3,7.1,7.4,7.1,7.42,6.8,5.0,5.8,8.6,6.6,6.49
2357,Karla Torres Pérez,Recursos Humanos,Reclutamiento,2026-06-10,9.4,7.9,10.0,7.7,7.4,8.59,7.5,8.0,6.1,7.1,7.24,5.6,6.7,8.2,7.7,6.4,6.83,3.9,4.8,7.5,8.4,6.7,6.02
2358,Sergio Reyes González,Recursos Humanos,Nómina,2026-02-23,2.9,5.5,6.4,5.7,4.8,4.96,7.5,7.5,5.5,4.7,6.4,6.3,4.6,6.6,5.9,6.9,5.96,6.0,4.9,5.1,6.4,7.1,5.74
2359,Valeria Morales Ortiz,Recursos Humanos,Nómina,2025-11-09,5.2,3.9,7.1,7.6,6.7,5.84,7.7,5.8,8.4,5.9,6.91,7.3,8.2,6.5,5.1,6.2,6.87,6.6,7.2,7.4,8.7,7.7,7.44
2360,Luis González Sánchez,Recursos Humanos,Capacitación,2026-08-15,7.0,6.8,6.1,5.3,6.3,6.41,6.7,8.1,7.1,6.8,7.16,9.2,6.6,7.6,8.8,7.2,7.87,5.6,5.2,5.6,5.7,5.2,5.48
2361,Daniela Gómez Torres,Marketing,Marketing Digital,2026-07-29,10.0,10.0,10.0,10.0,10.0,10.0,7.5,8.4,8.3,8.1,8.04,9.1,8.6,10.0,9.6,8.9,9.2,10.0,9.5,10.0,9.1,9.0,9.6
2362,Andrea Rodríguez Gómez,Ventas,Ventas Nacionales,2026-07-05,1.6,2.3,2.0,1.6,2.0,1.92,2.7,2.2,0.9,0.0,1.54,2.2,1.8,2.5,3.1,1.1,2.13,6.5,4.0,5.1,1.8,5.7,4.58
2363,Ricardo González López,Operaciones,Control de Calidad,2026-06-23,3.0,5.0,3.8,3.3,3.3,3.75,2.6,2.6,2.8,1.2,2.29,2.1,2.1,3.9,3.4,3.5,2.86,1.9,3.1,3.7,3.9,3.8,3.15
2364,Daniela Jiménez Flores,Tecnología,Desarrollo,2026-07-15,3.3,4.3,2.9,5.3,5.8,4.14,0.0,2.3,3.4,2.8,1.95,5.5,2.9,3.0,4.2,5.1,4.1,3.6,2.7,1.5,3.4,3.8,2.94
2365,Fernanda Flores Romero,Tecnología,Soporte Técnico,2026-07-22,10.0,9.8,10.0,7.6,10.0,9.59,9.8,8.1,9.5,8.0,8.86,9.5,8.0,10.0,10.0,10.0,9.38,8.2,8.0,10.0,7.3,8.9,8.4
2366,Ximena Hernández López,Recursos Humanos,Capacitación,2026-08-28,4.2,3.0,2.4,2.1,6.8,3.62,2.7,2.1,1.4,2.7,2.29,3.0,1.1,3.3,2.2,3.9,2.6,1.8,3.3,4.0,5.9,5.2,3.78
2367,Carlos Gómez Flores,Marketing,Marketing Digital,2026-05-03,8.2,10.0,6.2,7.8,7.8,8.13,6.2,9.0,10.0,7.6,8.01,7.2,7.8,6.6,8.2,8.0,7.5,10.0,10.0,7.2,8.9,9.0,9.12
2368,Pedro Reyes Morales,Finanzas,Auditoría Interna,2025-12-18,5.5,4.8,3.6,4.7,2.5,4.38,5.1,5.0,4.0,6.4,5.18,1.5,2.1,1.8,3.4,3.9,2.36,2.1,3.9,4.3,3.4,4.0,3.44
2369,Sofía Sánchez López,Operaciones,Producción,2026-07-12,4.9,5.4,7.8,7.7,6.8,6.31,5.9,9.1,5.0,5.8,6.5,5.9,5.6,4.6,7.1,4.4,5.52,5.1,4.6,4.0,5.3,4.7,4.76
2370,Diego Pérez Pérez,Marketing,Marketing Digital,2026-05-12,6.2,5.6,6.3,4.3,7.3,5.95,4.5,6.6,7.2,5.9,5.92,7.8,6.5,5.9,5.0,6.8,6.52,6.8,7.7,6.0,7.7,6.1,6.98
2371,José Vázquez Castillo,Recursos Humanos,Reclutamiento,2025-09-17,8.2,5.4,2.8,8.3,7.3,6.3,8.0,4.4,6.7,5.1,6.12,4.9,5.6,5.4,6.2,6.3,5.58,6.4,5.6,5.2,6.7,5.2,5.9
2372,Paola Rodríguez Castillo,Ventas,Ventas Internacionales,2026-07-08,6.3,4.7,4.5,5.8,5.4,5.33,5.5,6.5,4.3,4.7,5.31,3.6,4.4,6.2,4.7,3.9,4.53,9.3,4.9,2.4,4.1,4.0,5.25
2373,Diego Reyes Cruz,Operaciones,Logística,2025-09-12,10.0,10.0,10.0,9.1,9.0,9.72,7.4,8.7,8.7,5.8,7.58,8.3,8.6,6.7,8.1,6.1,7.69,9.3,8.7,8.6,7.4,7.2,8.42
2374,Diego Rodríguez Torres,Recursos Humanos,Nómina,2026-03-05,5.5,5.9,5.8,4.5,5.8,5.56,5.0,5.8,5.3,5.8,5.46,7.7,6.1,4.9,6.0,6.4,6.29,5.6,7.1,6.9,5.8,7.6,6.48
2375,Alejandro Rodríguez Martínez,Recursos Humanos,Capacitación,2025-12-17,8.3,5.8,7.9,6.6,4.7,6.8,6.1,5.2,6.7,8.4,6.57,9.2,7.3,6.0,7.7,9.0,7.83,7.3,7.2,6.9,6.5,8.1,7.12
2376,Camila Gómez Hernández,Marketing,Investigación de Mercado,2026-05-12,7.4,8.4,7.5,9.0,8.8,8.12,6.4,6.3,6.7,7.5,6.71,9.0,7.5,8.1,9.4,6.2,8.09,7.2,6.7,6.6,8.0,6.8,7.07
2377,Miguel Romero Sánchez,Ventas,Ventas Internacionales,2026-05-12,8.3,7.3,7.9,7.7,7.3,7.73,9.4,10.0,10.0,6.9,9.04,7.3,9.3,8.6,9.0,7.2,8.3,8.9,9.3,7.1,7.0,7.8,8.15
2378,Sergio Vázquez Gómez,Ventas,Ventas Nacionales,2026-04-17,10.0,9.5,8.9,8.7,10.0,9.46,8.2,9.1,9.9,8.7,8.89,10.0,8.4,5.3,7.6,9.0,8.15,10.0,9.3,9.0,9.8,9.6,9.55
2379,María Flores Morales,Ventas,Ventas Internacionales,2026-07-23,7.3,7.9,7.5,7.1,7.6,7.5,9.2,10.0,10.0,10.0,9.76,9.5,9.8,9.5,8.8,10.0,9.54,8.6,7.4,7.2,9.6,9.2,8.28
2380,Mariana González Sánchez,Recursos Humanos,Capacitación,2026-05-15,4.5,8.1,7.1,7.3,6.5,6.64,6.0,7.4,6.6,7.5,6.84,6.0,5.2,5.5,6.2,6.8,5.85,7.1,5.7,6.9,4.9,7.6,6.32
2381,Laura Vázquez Romero,Recursos Humanos,Reclutamiento,2025-10-16,10.0,7.3,9.9,8.1,9.6,8.96,7.2,8.0,6.2,6.8,7.1,9.2,9.2,10.0,10.0,9.6,9.54,10.0,6.7,9.3,8.9,9.1,8.72
2382,Ana González Sánchez,Tecnología,Soporte Técnico,2026-09-06,7.1,5.3,7.0,6.3,8.0,6.64,7.6,4.3,7.8,10.0,7.41,7.8,7.2,9.0,5.7,6.7,7.41,5.0,4.2,6.0,5.2,3.8,4.92
2383,Pedro Cruz Pérez,Tecnología,Soporte Técnico,2026-02-11,9.6,10.0,9.8,9.6,10.0,9.8,9.9,7.5,7.9,8.5,8.55,10.0,9.7,8.8,9.9,10.0,9.67,10.0,9.8,10.0,9.7,9.9,9.88
2384,Daniela Morales Ramírez,Marketing,Marketing Digital,2025-12-30,8.3,6.3,7.6,7.8,6.4,7.3,6.3,5.2,6.7,5.9,6.01,9.3,8.3,8.1,7.9,9.2,8.59,7.4,6.6,8.3,6.0,7.3,7.09
2385,Ana Ortiz Cruz,Marketing,Comunicación de Marca,2026-07-18,0.7,2.9,4.1,2.2,1.6,2.29,1.7,3.6,2.0,0.1,1.84,3.7,2.0,4.1,0.9,2.4,2.74,4.0,2.7,3.2,1.0,0.0,2.52
2386,Sofía Torres Torres,Ventas,Ventas Internacionales,2026-07-29,3.7,4.4,2.9,1.8,4.3,3.52,2.9,4.5,1.9,3.7,3.3,3.7,3.2,5.3,2.0,3.7,3.64,2.6,2.7,4.5,3.5,4.0,3.32
2387,Luis Martínez García,Recursos Humanos,Reclutamiento,2026-02-18,7.2,5.3,8.4,7.1,7.0,6.92,8.2,6.9,6.7,7.3,7.35,6.5,8.0,7.8,8.3,7.9,7.62,7.2,9.3,8.6,8.5,5.5,8.1
2388,Gabriela Reyes Vázquez,Ventas,Ventas Internacionales,2026-06-20,4.8,4.8,5.6,2.8,4.8,4.66,3.7,5.1,5.7,4.3,4.6,5.3,7.9,7.1,5.3,5.8,6.38,7.5,4.0,4.1,6.3,7.5,5.7
2389,Karla Cruz Morales,Ventas,Ventas Nacionales,2025-09-16,6.2,4.5,7.2,6.7,6.4,6.08,3.9,6.1,5.8,5.5,5.23,8.2,7.7,7.7,7.5,5.4,7.45,6.2,4.6,5.4,5.4,4.3,5.29
2390,Francisco Ramírez Castillo,Recursos Humanos,Capacitación,2026-06-30,3.4,5.1,8.2,6.4,7.4,5.84,9.4,7.7,7.7,9.1,8.56,5.9,7.5,8.6,5.7,6.9,6.96,7.0,7.2,7.6,8.4,7.0,7.45
2391,Camila Ortiz Romero,Tecnología,Desarrollo,2026-07-22,6.3,4.6,6.8,5.3,4.6,5.57,5.8,4.7,5.1,6.0,5.44,4.8,6.4,6.0,3.6,5.3,5.34,8.0,4.8,6.9,7.8,8.0,6.94
2392,Jorge López Flores,Operaciones,Producción,2026-05-10,6.0,5.6,4.4,5.7,6.9,5.67,6.4,4.0,4.5,4.5,4.94,6.6,5.0,6.3,5.9,5.6,5.88,7.5,7.0,6.1,6.3,5.8,6.68
2393,Francisco Vázquez Ramírez,Marketing,Marketing Digital,2026-05-09,4.6,3.5,3.3,3.4,3.7,3.75,3.8,4.3,3.7,4.1,3.98,6.6,7.3,6.7,4.2,6.0,6.34,5.9,4.7,5.7,5.8,6.3,5.58
2394,Miguel Cruz Ortiz,Ventas,Ventas Nacionales,2026-07-11,5.5,6.9,4.2,4.4,6.3,5.55,2.7,2.7,2.2,5.5,3.3,3.4,4.4,4.7,4.5,3.6,4.11,4.1,5.1,4.2,4.5,3.5,4.39
2395,José Sánchez González,Operaciones,Logística,2026-01-08,5.3,5.3,3.7,5.5,5.0,4.96,5.7,7.1,7.3,4.8,6.14,2.8,5.6,6.3,5.0,3.0,4.56,6.4,5.0,5.8,5.9,5.4,5.73
2396,Sergio Flores Martínez,Operaciones,Logística,2026-05-04,8.9,8.2,10.0,10.0,10.0,9.28,7.0,8.6,9.3,6.5,7.74,6.8,8.2,6.6,7.0,7.1,7.18,7.6,6.4,8.0,7.4,6.1,7.19
2397,Sofía García Flores,Tecnología,Soporte Técnico,2026-02-27,4.6,2.8,3.2,5.3,5.9,4.17,3.6,3.1,7.5,4.1,4.38,4.9,4.8,4.7,2.7,4.5,4.44,5.4,5.8,6.9,6.9,5.7,6.13
2398,Ximena Morales Gómez,Ventas,Ventas Nacionales,2026-06-11,9.1,8.8,7.3,10.0,10.0,8.93,8.0,6.9,6.4,6.1,6.93,8.5,6.6,7.4,8.3,6.4,7.46,9.4,7.1,7.5,6.0,7.4,7.56
2399,Francisco Gómez Sánchez,Marketing,Marketing Digital,2026-08-03,7.8,9.7,7.4,6.0,9.3,8.15,7.6,6.9,8.8,5.8,7.22,7.0,8.7,8.8,6.4,6.6,7.64,7.8,6.8,6.3,8.2,9.2,7.47
2400,Raúl González Cruz,Ventas,Ventas Nacionales,2026-08-16,6.8,4.0,3.9,4.5,4.6,4.85,4.8,4.8,3.5,5.3,4.66,2.9,3.4,3.7,3.6,4.5,3.53,4.6,4.2,3.1,4.4,4.2,4.12
2401,Valeria Pérez Pérez,Operaciones,Control de Calidad,2026-08-19,6.7,6.9,10.0,7.3,6.9,7.53,9.0,10.0,10.0,7.4,9.05,7.0,6.3,5.7,6.6,6.7,6.46,6.5,6.6,6.8,5.9,6.1,6.42
2402,Ana García Rodríguez,Marketing,Comunicación de Marca,2025-10-25,10.0,9.8,10.0,10.0,9.7,9.9,7.3,8.9,8.8,7.4,8.02,10.0,9.7,9.6,9.7,10.0,9.8,8.2,8.4,10.0,8.3,9.4,8.75
2403,Ximena González Cruz,Marketing,Marketing Digital,2026-06-03,8.1,7.5,6.7,7.2,6.5,7.3,4.4,5.5,6.0,7.0,5.64,7.1,7.1,4.9,5.0,8.6,6.57,5.6,5.5,7.7,8.1,6.4,6.57
2404,Raúl Vázquez García,Tecnología,Desarrollo,2026-05-19,6.4,7.6,5.7,6.4,6.6,6.59,7.0,7.1,7.9,8.1,7.48,8.1,6.4,7.0,7.8,8.0,7.4,7.3,6.0,8.4,8.2,5.6,7.2
2405,Diego López González,Operaciones,Control de Calidad,2026-02-08,7.3,5.7,4.4,3.7,6.2,5.61,6.5,6.6,8.3,9.8,7.71,7.1,4.0,3.2,4.1,5.4,4.84,5.6,6.7,5.9,6.9,7.4,6.38
2406,Carlos Reyes Hernández,Marketing,Comunicación de Marca,2026-08-04,4.9,4.1,3.9,3.4,3.8,4.11,4.3,5.2,3.4,2.8,3.97,7.1,4.2,6.2,6.7,5.3,5.86,6.0,6.1,6.6,6.7,7.6,6.44
2407,Sofía González Ramírez,Recursos Humanos,Nómina,2026-01-31,5.9,5.1,5.4,6.9,6.6,5.86,6.5,6.3,5.8,6.3,6.26,5.9,5.4,6.9,6.7,5.7,6.06,3.5,7.8,7.0,4.9,6.9,5.9
2408,Roberto Ramírez Sánchez,Operaciones,Logística,2026-03-01,8.2,6.8,6.3,6.7,6.7,7.02,4.6,4.5,7.2,4.1,4.97,3.8,6.2,6.1,5.1,3.7,5.04,7.2,8.0,3.5,7.0,6.5,6.55
2409,Diego Reyes García,Operaciones,Producción,2025-11-23,9.5,10.0,7.1,8.8,8.4,8.88,7.9,7.1,8.1,8.6,7.91,7.1,10.0,5.2,6.4,5.9,7.16,8.7,8.3,7.6,9.3,7.3,8.36
2410,Pedro Castillo Reyes,Operaciones,Logística,2026-07-25,8.2,9.9,10.0,10.0,10.0,9.52,8.7,8.8,9.5,9.0,8.96,10.0,9.7,9.7,10.0,9.7,9.82,10.0,10.0,10.0,9.0,9.8,9.78
2411,Alejandro Jiménez Cruz,Ventas,Ventas Internacionales,2026-09-01,9.0,10.0,8.5,10.0,8.7,9.26,9.8,10.0,10.0,7.1,9.22,8.0,10.0,10.0,9.6,8.8,9.26,7.4,8.3,9.0,9.2,7.1,8.28
2412,Jorge Ramírez Hernández,Operaciones,Logística,2025-11-29,8.9,9.2,8.3,9.2,8.4,8.83,8.9,10.0,10.0,9.9,9.64,9.9,8.9,8.3,8.0,8.2,8.79,8.5,7.7,8.1,6.6,8.9,7.88
2413,Mariana Sánchez Pérez,Tecnología,Desarrollo,2026-04-25,5.3,1.4,4.0,4.6,3.0,3.61,4.7,4.2,6.1,5.4,5.03,3.8,4.1,4.5,2.7,4.1,3.9,4.3,4.1,4.3,5.1,5.5,4.53
2414,Raúl Rodríguez Reyes,Ventas,Ventas Internacionales,2026-08-16,7.0,7.9,5.9,6.8,5.6,6.76,7.8,4.9,5.7,6.6,6.36,6.9,7.0,8.5,7.5,6.5,7.28,6.2,4.9,8.2,4.7,8.2,6.18
2415,Carlos Pérez Torres,Tecnología,Infraestructura,2026-02-16,7.2,5.4,6.5,6.8,5.1,6.24,7.4,8.5,5.2,6.0,6.89,5.0,6.0,4.4,5.7,5.8,5.36,5.5,5.0,6.4,7.0,5.5,5.86
2416,Ricardo López Ortiz,Ventas,Ventas Internacionales,2026-03-22,5.6,6.1,2.6,4.7,3.1,4.61,6.8,6.4,6.9,8.4,7.12,5.2,4.8,5.3,3.6,5.2,4.88,6.2,9.4,8.2,8.2,5.2,7.7
2417,Fernanda Jiménez Sánchez,Tecnología,Infraestructura,2025-09-25,2.2,1.8,1.9,3.0,3.4,2.34,1.2,3.1,3.4,3.5,2.69,4.9,3.9,5.2,4.3,3.7,4.44,4.6,4.1,5.3,6.1,3.3,4.78
2418,Andrea Vázquez Gómez,Ventas,Atención a Clientes,2025-09-28,8.3,6.5,6.5,8.8,7.9,7.51,8.0,10.0,10.0,9.8,9.35,6.7,9.8,7.5,6.5,6.8,7.62,10.0,10.0,10.0,10.0,9.9,9.99
2419,Laura Jiménez Castillo,Marketing,Comunicación de Marca,2026-02-23,2.3,3.6,2.7,3.4,2.2,2.86,3.3,4.1,3.3,4.2,3.72,3.2,3.3,1.0,2.7,4.0,2.83,3.3,4.3,3.5,5.6,2.8,4.0
2420,Karla López Hernández,Operaciones,Logística,2026-07-11,9.1,4.4,8.1,6.3,5.8,6.81,6.1,7.6,5.8,6.4,6.49,7.2,5.5,7.6,6.5,8.4,6.93,6.3,6.4,7.8,6.4,9.2,6.94
2421,Laura López Vázquez,Tecnología,Desarrollo,2025-12-09,6.9,5.3,4.8,3.7,5.7,5.42,4.9,4.6,3.9,4.3,4.48,6.6,6.4,3.7,4.7,5.6,5.54,5.0,3.7,6.1,4.0,5.5,4.74
2422,Ximena Rodríguez Morales,Recursos Humanos,Capacitación,2026-06-26,5.9,6.7,5.1,4.6,3.1,5.32,5.3,6.9,6.2,7.6,6.46,5.9,6.8,3.1,6.0,5.5,5.52,7.9,8.2,5.5,6.7,8.1,7.28
2423,Gabriela Cruz Flores,Operaciones,Control de Calidad,2025-11-06,8.7,8.1,6.7,6.9,8.1,7.79,7.7,7.9,7.0,6.5,7.31,5.3,4.4,4.1,4.9,5.7,4.83,7.7,7.0,8.8,5.2,7.8,7.26
2424,Alejandro Sánchez Martínez,Ventas,Atención a Clientes,2026-01-31,3.2,4.0,5.5,2.4,4.8,3.98,3.7,2.7,3.1,4.1,3.43,2.7,4.1,2.5,2.9,2.2,2.97,5.1,5.0,4.6,7.8,5.8,5.58
2425,Andrea Ortiz Martínez,Operaciones,Control de Calidad,2026-05-01,9.3,10.0,8.0,10.0,10.0,9.43,9.1,9.6,7.8,9.0,8.94,8.6,10.0,8.4,8.4,10.0,9.09,9.8,9.8,8.4,10.0,10.0,9.58
2426,Carlos Pérez Ortiz,Recursos Humanos,Reclutamiento,2025-09-15,6.6,9.4,8.4,9.9,10.0,8.66,8.5,7.6,5.1,10.0,7.97,7.7,8.8,7.1,8.5,9.4,8.23,6.4,8.5,8.3,7.2,7.5,7.58
2427,Diego Rodríguez Reyes,Ventas,Ventas Internacionales,2026-03-04,5.8,3.6,4.8,5.3,4.9,4.84,5.7,5.0,5.0,6.0,5.46,6.4,8.5,6.0,7.9,6.2,7.04,8.3,7.3,4.8,5.1,6.8,6.56
2428,Sofía Torres García,Recursos Humanos,Reclutamiento,2026-04-20,4.3,4.3,2.6,2.1,5.6,3.82,3.7,5.0,1.8,3.8,3.67,3.0,5.1,5.4,2.3,3.6,3.99,5.6,4.2,2.9,3.3,5.6,4.25
2429,Ana Ortiz Jiménez,Operaciones,Logística,2026-07-01,6.6,8.1,7.2,5.9,6.3,6.94,3.7,5.4,3.2,4.7,4.28,5.6,5.0,5.9,6.2,5.8,5.63,6.1,7.3,7.8,7.3,7.4,7.11
2430,Luis Cruz Martínez,Ventas,Ventas Nacionales,2026-01-14,5.4,5.0,3.4,5.7,4.5,4.81,6.2,6.2,5.6,4.8,5.73,6.0,4.5,4.6,3.7,5.6,4.94,4.8,5.1,3.3,3.4,5.5,4.36
2431,Roberto Vázquez Pérez,Recursos Humanos,Nómina,2026-06-01,5.1,6.6,4.0,4.8,5.0,5.19,3.3,2.3,5.3,2.7,3.3,6.0,5.8,6.0,5.1,4.6,5.6,5.9,7.0,5.8,5.7,4.6,5.98
2432,Daniela González Ramírez,Ventas,Ventas Nacionales,2026-07-14,5.6,5.9,4.6,3.9,5.2,5.16,4.8,6.2,2.0,6.2,4.94,4.3,4.5,6.8,6.8,5.6,5.42,5.5,3.3,3.7,5.3,4.7,4.47
2433,Sofía González Cruz,Operaciones,Producción,2026-07-26,2.3,3.4,3.0,2.5,5.6,3.24,2.6,3.7,1.9,1.6,2.48,5.8,3.5,2.8,4.0,4.3,4.13,3.4,4.1,4.2,6.2,3.5,4.3
2434,Pedro Vázquez Pérez,Marketing,Comunicación de Marca,2026-01-16,7.2,5.0,4.3,7.2,7.5,6.12,7.4,7.7,6.8,7.5,7.38,7.7,6.8,5.4,7.1,6.7,6.78,6.7,5.3,6.8,7.0,8.5,6.61
2435,Raúl González Castillo,Tecnología,Infraestructura,2025-10-06,4.8,5.7,5.1,5.7,4.5,5.18,4.9,4.7,5.1,7.4,5.52,5.0,5.6,5.1,6.2,6.2,5.53,6.7,4.3,6.1,7.3,6.0,6.03
2436,Miguel Rodríguez González,Ventas,Ventas Internacionales,2026-06-07,8.1,8.9,6.7,6.7,7.9,7.78,10.0,9.8,9.0,8.4,9.35,9.5,10.0,9.2,10.0,9.8,9.68,8.3,8.7,9.5,10.0,9.8,9.13
2437,Gabriela Sánchez Gómez,Ventas,Ventas Internacionales,2026-06-20,6.6,3.8,6.4,3.8,5.9,5.34,5.8,7.2,6.8,6.7,6.58,5.4,7.0,7.0,5.1,5.8,6.14,6.0,5.1,7.7,7.0,8.2,6.54
2438,Juan Rodríguez Hernández,Tecnología,Soporte Técnico,2026-01-27,7.4,6.4,6.9,6.5,6.6,6.8,6.0,5.3,6.2,5.7,5.79,3.2,7.9,4.2,6.1,5.2,5.31,6.7,6.3,3.5,5.0,6.5,5.6
2439,Pedro Cruz Jiménez,Finanzas,Auditoría Interna,2026-07-17,3.5,1.1,5.5,2.3,3.0,3.04,5.8,4.1,4.9,4.8,4.94,1.7,4.5,3.0,2.3,5.7,3.35,3.9,0.5,2.5,1.5,2.8,2.18
2440,Pedro Rodríguez Martínez,Ventas,Atención a Clientes,2026-08-06,8.7,8.2,8.7,9.0,10.0,8.82,6.4,6.5,10.0,6.1,7.07,8.1,7.6,7.1,8.5,5.6,7.46,8.6,9.2,8.5,8.2,8.2,8.61
2441,Carlos González Castillo,Operaciones,Producción,2026-01-18,4.5,1.7,4.2,3.7,2.8,3.36,4.2,4.3,3.0,5.3,4.26,0.7,0.3,4.0,1.2,3.4,1.74,4.2,3.0,5.4,3.0,3.6,3.84
2442,Camila Flores Gómez,Recursos Humanos,Capacitación,2026-02-28,4.4,6.7,5.7,8.4,7.9,6.36,8.1,9.6,8.0,7.0,8.18,8.3,6.7,7.3,5.8,5.8,6.95,5.3,6.4,4.9,4.5,6.7,5.48
2443,Carlos Jiménez Ramírez,Marketing,Investigación de Mercado,2026-08-28,5.4,5.7,8.3,6.3,4.9,6.12,4.9,7.0,8.9,5.7,6.42,7.9,5.6,5.6,6.0,5.0,6.14,5.4,4.9,5.7,5.9,5.2,5.42
2444,Carlos Pérez Cruz,Operaciones,Producción,2026-06-13,6.4,7.9,6.7,8.9,6.3,7.2,8.8,8.5,10.0,7.7,8.69,8.0,5.6,8.2,7.6,5.0,6.93,7.3,6.3,8.7,6.0,6.9,7.03
2445,Daniela González Sánchez,Finanzas,Auditoría Interna,2026-06-27,4.5,5.3,5.8,6.0,6.8,5.53,5.3,5.4,6.2,7.5,6.06,4.9,7.9,6.3,7.4,6.4,6.53,6.3,6.8,7.0,8.9,6.7,7.12
2446,Ana Romero Ramírez,Recursos Humanos,Reclutamiento,2026-01-02,5.0,4.6,5.9,4.5,4.1,4.87,6.5,6.8,6.1,5.1,6.14,8.3,6.0,7.4,7.7,9.4,7.62,7.1,6.9,8.6,6.8,8.6,7.44
2447,Ana Morales Gómez,Marketing,Comunicación de Marca,2026-01-08,6.2,4.7,5.8,5.4,5.7,5.55,8.0,5.7,3.9,6.3,6.18,6.8,5.0,4.3,5.1,7.7,5.73,5.3,4.8,6.1,2.3,6.6,4.86
2448,Jorge Ortiz Reyes,Recursos Humanos,Capacitación,2025-12-09,7.9,8.3,7.3,6.9,8.4,7.81,3.1,3.6,5.1,5.9,4.32,8.3,6.9,5.1,9.0,6.7,7.18,7.2,4.6,7.0,6.7,5.6,6.25
2449,Francisco Pérez García,Recursos Humanos,Reclutamiento,2026-08-02,5.5,6.1,6.1,6.0,3.6,5.56,5.8,4.8,5.3,5.4,5.35,6.0,5.2,4.7,6.3,4.3,5.33,6.3,4.1,3.5,6.0,4.5,4.95
2450,Daniela Castillo Vázquez,Tecnología,Desarrollo,2025-11-02,7.1,6.9,6.7,6.0,7.1,6.8,5.4,6.9,6.4,6.4,6.22,8.2,6.3,5.2,6.6,5.9,6.54,8.0,6.2,5.3,5.7,7.7,6.52
2451,Gabriela Gómez Ramírez,Operaciones,Producción,2026-06-23,5.6,5.7,5.7,3.0,6.6,5.4,5.2,7.8,5.0,5.4,5.86,4.4,6.0,5.0,4.5,5.4,5.09,5.3,7.1,4.6,6.5,7.3,6.05
2452,Daniela Castillo Morales,Finanzas,Contabilidad,2025-09-10,3.6,4.1,3.6,4.8,5.3,4.16,3.2,5.0,5.0,4.6,4.36,1.4,2.3,0.9,0.1,3.8,1.69,6.1,5.8,3.9,4.1,3.7,4.94
2453,Miguel Pérez Gómez,Finanzas,Contabilidad,2025-10-24,7.7,8.8,8.4,9.7,8.5,8.54,9.0,9.0,8.1,7.4,8.42,6.7,6.0,7.8,8.5,8.8,7.33,7.8,7.7,7.9,9.7,6.9,8.08
2454,José Martínez Torres,Finanzas,Contabilidad,2026-03-24,2.8,3.7,4.0,0.9,2.4,2.92,2.6,2.5,1.8,0.9,1.99,2.2,3.1,1.7,1.0,2.1,2.13,3.1,4.4,5.0,3.6,4.1,4.0
2455,María Hernández Romero,Recursos Humanos,Nómina,2025-11-25,6.6,7.6,5.4,7.7,6.2,6.72,4.1,5.4,7.1,5.8,5.45,6.4,5.5,7.5,7.8,7.0,6.69,5.5,7.3,6.1,4.5,7.4,6.06
2456,Fernanda Torres Flores,Operaciones,Control de Calidad,2026-01-06,10.0,7.8,9.5,10.0,9.8,9.32,6.9,10.0,7.4,6.2,7.6,7.8,8.2,10.0,10.0,7.2,8.58,6.3,7.0,8.4,7.1,8.4,7.26
2457,Juan Hernández Vázquez,Ventas,Ventas Nacionales,2025-11-29,8.7,9.8,7.1,8.3,10.0,8.79,8.0,7.2,9.0,8.0,8.0,9.2,10.0,10.0,8.6,7.0,9.14,8.6,9.3,7.5,9.6,8.1,8.7
2458,Juan Morales Sánchez,Ventas,Atención a Clientes,2026-09-01,4.5,3.7,6.3,5.0,5.1,4.82,4.0,6.2,4.2,3.7,4.51,3.0,5.1,5.3,5.2,4.4,4.53,5.9,4.2,2.8,6.3,6.4,4.99
2459,Jorge Romero Reyes,Finanzas,Tesorería,2026-08-08,7.2,8.8,7.6,7.5,10.0,8.14,6.6,5.9,5.7,5.4,5.94,6.5,7.7,5.1,6.4,5.1,6.3,4.9,5.5,7.6,7.1,5.7,6.11
2460,Karla Ramírez Ramírez,Operaciones,Control de Calidad,2025-10-12,2.7,4.2,1.5,3.4,2.1,2.85,5.0,4.6,5.8,3.7,4.73,4.3,5.0,5.3,5.8,2.4,4.62,2.7,3.7,4.4,3.2,3.6,3.48
2461,Valeria García González,Ventas,Ventas Nacionales,2025-11-26,8.8,9.5,8.4,8.1,10.0,8.97,10.0,10.0,7.9,10.0,9.58,8.9,9.9,9.7,9.0,10.0,9.49,10.0,7.1,10.0,10.0,10.0,9.28
2462,Alejandro Reyes Martínez,Marketing,Marketing Digital,2026-01-26,5.5,5.4,6.8,5.6,6.2,5.86,7.8,5.7,6.4,4.5,6.17,6.4,4.6,6.2,6.0,5.1,5.66,7.0,5.0,3.6,3.8,4.8,4.96
2463,Sergio Rodríguez González,Ventas,Ventas Nacionales,2026-05-16,8.6,8.2,10.0,8.1,7.7,8.57,6.2,7.0,6.9,5.8,6.44,3.9,5.7,6.9,6.0,5.0,5.43,6.3,7.9,7.9,8.4,8.9,7.7
2464,Gabriela Romero Cruz,Tecnología,Infraestructura,2026-04-07,6.2,6.2,4.1,7.5,6.4,6.0,6.4,6.4,4.7,6.5,6.08,6.3,8.1,5.9,7.9,4.8,6.68,6.8,4.6,5.2,5.3,6.6,5.61
2465,Sofía Pérez Morales,Tecnología,Soporte Técnico,2026-04-17,6.7,6.0,4.8,5.6,6.3,5.92,4.3,5.5,4.4,6.9,5.27,6.3,5.3,5.7,5.3,6.9,5.87,7.8,8.2,7.0,10.0,6.1,8.01
2466,José Flores García,Operaciones,Logística,2026-04-02,9.2,6.4,8.1,7.3,7.7,7.77,7.1,5.2,7.0,4.3,5.9,6.7,6.8,9.0,5.6,6.7,7.02,7.5,6.1,7.7,6.3,8.1,7.01
2467,José Cruz Torres,Recursos Humanos,Nómina,2026-01-21,0.0,3.6,1.4,1.9,2.8,1.88,2.5,1.8,4.2,2.4,2.64,3.9,3.1,1.1,0.5,0.9,2.18,0.0,2.8,3.2,3.1,2.3,2.19
2468,Pedro Martínez González,Operaciones,Control de Calidad,2025-12-05,5.9,3.8,6.0,5.8,5.9,5.38,6.3,7.4,9.6,7.9,7.64,5.0,5.3,5.2,5.9,5.2,5.28,4.7,6.4,6.3,7.1,6.1,6.06
2469,Fernanda Morales Romero,Finanzas,Tesorería,2026-04-20,8.6,9.6,9.8,8.5,10.0,9.28,10.0,8.6,8.3,10.0,9.31,8.6,7.9,9.7,9.0,10.0,8.91,8.1,9.7,8.0,9.8,8.7,8.88
2470,Valeria Rodríguez Martínez,Recursos Humanos,Nómina,2025-11-07,4.3,5.1,5.0,4.0,4.1,4.56,2.1,1.6,4.0,3.4,2.68,3.3,3.0,3.0,3.0,4.4,3.28,1.5,5.8,3.1,2.5,2.0,3.15
2471,Juan Hernández Jiménez,Ventas,Ventas Nacionales,2026-08-05,8.8,8.5,8.6,7.9,8.0,8.43,9.0,8.2,7.6,8.1,8.3,9.4,9.6,9.2,10.0,9.9,9.57,10.0,8.6,9.7,10.0,10.0,9.59
2472,Daniela González Jiménez,Marketing,Investigación de Mercado,2025-11-17,7.2,7.4,7.9,6.0,6.5,7.1,7.4,6.2,5.9,6.6,6.6,5.3,5.3,7.9,8.7,7.4,6.64,7.6,5.6,5.5,6.3,8.4,6.5
2473,Sergio Cruz Gómez,Recursos Humanos,Nómina,2026-01-04,3.1,4.5,3.3,2.3,7.0,3.96,7.2,7.1,7.9,6.7,7.19,6.8,5.4,6.7,4.3,4.6,5.72,5.1,6.4,3.6,3.8,2.9,4.65
2474,Francisco Torres Gómez,Tecnología,Soporte Técnico,2026-03-05,7.9,6.9,8.9,6.2,4.7,7.12,4.8,2.8,5.4,5.9,4.7,6.4,8.7,7.4,7.0,7.0,7.36,7.4,6.3,6.5,8.6,6.7,7.11
2475,Laura Vázquez Romero,Recursos Humanos,Reclutamiento,2026-04-24,4.1,5.7,3.7,6.7,4.2,4.82,6.5,6.4,7.1,6.2,6.52,6.1,3.2,5.2,5.1,5.7,4.98,4.7,6.2,6.7,7.1,7.7,6.26
2476,Ximena Morales Vázquez,Operaciones,Control de Calidad,2026-04-25,6.9,6.3,5.3,3.9,6.1,5.86,6.3,6.8,4.0,9.1,6.66,3.5,6.1,6.1,6.0,5.2,5.3,3.9,6.7,6.1,5.8,5.5,5.58
2477,Pedro Gómez Gómez,Ventas,Atención a Clientes,2026-04-29,7.2,8.8,7.2,9.3,8.1,8.05,8.1,5.8,6.5,8.5,7.3,7.7,4.4,8.1,7.0,8.2,6.92,9.5,8.3,6.6,8.4,8.3,8.28
2478,Mariana Ramírez Torres,Recursos Humanos,Nómina,2025-09-27,6.7,5.7,7.6,6.0,7.6,6.66,6.6,7.9,4.8,5.6,6.32,5.3,6.7,3.9,4.6,6.6,5.46,4.9,5.9,4.8,4.2,6.6,5.16
2479,Fernanda Ortiz Ortiz,Recursos Humanos,Capacitación,2026-08-29,8.0,4.3,6.6,4.9,6.8,6.15,5.8,5.4,5.5,4.7,5.36,7.5,5.4,7.8,5.9,6.5,6.64,7.6,8.2,5.8,5.1,6.9,6.82
2480,Raúl Morales Flores,Tecnología,Desarrollo,2026-01-19,8.8,7.3,4.8,6.5,5.6,6.8,7.1,6.7,7.5,6.7,6.98,5.1,5.5,6.1,6.0,6.6,5.76,4.9,4.6,6.8,6.7,6.5,5.72
2481,Luis Reyes Morales,Operaciones,Logística,2025-09-11,3.3,6.3,6.2,6.6,6.8,5.65,7.3,6.0,7.7,5.7,6.66,5.7,4.3,4.3,5.1,3.1,4.59,3.3,3.0,3.2,4.0,3.6,3.37
2482,Diego Jiménez Gómez,Ventas,Atención a Clientes,2026-02-21,3.2,4.3,3.2,5.6,2.7,3.76,3.3,3.1,2.9,4.6,3.49,4.9,6.0,4.5,6.0,4.4,5.18,2.4,2.5,1.8,1.6,2.8,2.18
2483,Luis Cruz Torres,Recursos Humanos,Nómina,2026-01-17,3.2,4.1,4.2,4.1,3.0,3.73,3.0,4.6,4.9,3.3,3.85,5.5,6.2,4.6,3.8,4.3,5.06,1.7,1.0,1.2,3.6,2.8,1.92
2484,Sergio Vázquez Vázquez,Tecnología,Desarrollo,2026-02-01,7.7,4.2,5.9,5.2,7.0,5.98,6.1,7.0,6.5,8.3,6.96,7.0,5.4,5.9,5.0,5.8,5.9,3.7,4.4,7.1,5.0,6.5,5.1
2485,Mariana Romero Reyes,Recursos Humanos,Capacitación,2026-03-07,7.3,4.6,7.1,7.8,5.9,6.45,9.7,7.1,7.1,5.9,7.58,5.9,4.9,4.8,5.4,6.2,5.4,7.3,9.0,7.1,7.2,7.8,7.72
2486,Carlos Morales Torres,Marketing,Investigación de Mercado,2026-01-21,5.5,4.0,5.3,7.0,4.7,5.19,5.2,5.5,4.2,4.3,4.85,5.6,5.2,4.0,4.9,5.8,5.11,5.5,1.1,4.9,2.1,2.1,3.26
2487,Juan Vázquez Rodríguez,Recursos Humanos,Capacitación,2025-10-13,6.1,3.7,5.6,5.4,7.5,5.51,7.2,6.6,6.4,5.0,6.34,5.7,5.3,3.7,5.0,4.8,4.96,6.9,5.6,3.0,7.0,5.5,5.68
2488,Raúl González Castillo,Recursos Humanos,Capacitación,2025-12-21,3.0,4.5,4.7,5.6,1.4,3.86,5.3,4.2,5.6,4.3,4.84,2.9,4.4,5.1,4.8,4.5,4.24,4.0,6.2,3.8,5.0,5.4,4.85
2489,Ricardo Morales Jiménez,Finanzas,Auditoría Interna,2025-11-01,3.9,7.3,5.6,5.3,5.5,5.54,6.4,6.5,7.6,5.9,6.54,6.8,5.2,6.1,6.3,8.4,6.42,5.8,7.6,7.0,7.7,5.3,6.82
2490,Alejandro Castillo Hernández,Tecnología,Infraestructura,2026-02-18,7.8,7.8,6.4,7.5,9.5,7.73,10.0,10.0,10.0,10.0,10.0,8.4,9.0,7.9,7.5,7.4,8.16,7.5,8.2,9.7,7.3,7.2,8.04
2491,Francisco Romero González,Recursos Humanos,Reclutamiento,2025-11-29,10.0,7.9,8.3,10.0,8.2,8.86,9.6,8.4,8.4,7.6,8.56,8.9,7.8,8.4,8.8,9.8,8.65,9.6,9.0,8.2,8.5,8.5,8.84
2492,Sofía Flores Torres,Operaciones,Producción,2025-10-23,7.6,6.2,6.3,7.3,7.3,6.9,7.5,6.5,6.9,9.4,7.6,7.6,7.6,8.8,7.8,7.5,7.86,7.2,7.2,5.9,8.2,8.1,7.23
2493,Raúl Vázquez Vázquez,Recursos Humanos,Nómina,2026-06-22,10.0,9.1,10.0,9.3,9.3,9.56,7.5,9.4,8.5,9.4,8.65,9.3,10.0,10.0,8.4,9.9,9.57,9.0,7.3,7.5,8.8,8.4,8.18
2494,Ricardo Reyes González,Recursos Humanos,Reclutamiento,2025-10-29,3.3,4.9,3.4,5.5,5.3,4.35,4.9,4.9,4.9,5.4,5.03,7.0,3.9,6.7,4.7,7.2,5.85,4.2,5.2,4.1,3.8,6.0,4.53
2495,Ricardo Hernández García,Recursos Humanos,Nómina,2025-12-31,6.8,6.0,8.5,6.1,6.2,6.74,5.2,5.4,4.9,4.5,5.02,6.7,5.7,5.5,5.7,5.4,5.86,5.8,4.2,6.0,4.5,7.2,5.32
2496,Mariana Ortiz Rodríguez,Finanzas,Tesorería,2026-03-30,7.3,7.4,6.2,6.0,7.3,6.91,6.9,8.1,6.0,8.9,7.52,5.1,4.2,6.5,3.9,7.9,5.4,8.3,7.1,8.3,5.5,6.6,7.27
2497,María Martínez López,Ventas,Ventas Internacionales,2025-11-29,7.3,10.0,8.9,7.8,8.8,8.6,7.5,8.7,9.3,8.7,8.46,9.2,7.2,10.0,7.9,8.5,8.56,7.6,7.8,7.2,9.6,6.5,7.86
2498,Francisco González Pérez,Recursos Humanos,Reclutamiento,2026-07-08,9.8,10.0,8.3,10.0,8.6,9.4,6.5,7.5,10.0,8.7,8.0,10.0,9.0,10.0,10.0,10.0,9.75,10.0,7.6,8.0,7.6,7.0,8.22
2499,Pedro Gómez Vázquez,Recursos Humanos,Nómina,2025-12-27,3.5,4.3,4.1,4.9,4.0,4.1,4.4,2.3,4.0,2.8,3.4,4.2,4.3,2.7,4.2,4.9,4.03,3.7,3.9,2.9,4.6,3.8,3.78
2500,Miguel Morales González,Tecnología,Soporte Técnico,2026-02-09,5.3,4.2,3.6,3.7,2.8,4.07,5.3,6.7,4.4,4.9,5.37,5.9,3.8,6.5,5.3,3.4,5.03,6.0,8.1,7.2,6.4,6.2,6.86
2501,Pedro Martínez Torres,Tecnología,Soporte Técnico,2025-10-18,6.1,5.1,8.0,7.9,5.9,6.47,5.5,5.6,6.8,7.2,6.21,7.5,6.8,7.8,8.8,5.3,7.25,5.9,6.4,6.1,5.6,5.3,5.94
2502,Diego Vázquez Flores,Recursos Humanos,Capacitación,2026-01-24,8.7,7.3,7.2,7.9,8.5,7.9,8.8,8.5,9.6,9.6,9.09,8.2,6.6,8.9,8.5,6.4,7.72,7.6,8.4,7.3,9.1,9.4,8.22
2503,Luis Vázquez Reyes,Operaciones,Logística,2026-02-28,3.9,4.0,4.3,3.1,3.2,3.78,4.0,3.1,4.7,6.5,4.54,2.0,2.9,1.3,2.9,2.0,2.22,0.6,1.8,3.4,2.2,4.0,2.12
2504,Paola Ramírez Sánchez,Operaciones,Control de Calidad,2026-02-28,3.9,5.2,5.4,5.6,4.7,4.9,6.2,5.3,5.9,5.7,5.79,6.9,7.4,4.7,4.6,7.1,6.27,2.0,4.2,4.6,7.3,6.6,4.59
2505,Paola Pérez Pérez,Recursos Humanos,Reclutamiento,2026-02-17,6.3,3.9,6.5,4.2,5.4,5.29,6.8,5.9,5.3,5.5,5.95,4.0,5.7,6.7,5.6,4.7,5.31,4.3,4.3,4.8,4.5,6.3,4.64
2506,Sofía García Castillo,Recursos Humanos,Reclutamiento,2025-10-17,6.0,7.0,6.0,6.0,7.5,6.48,6.4,6.8,6.7,8.0,6.96,5.9,5.9,5.2,5.6,5.1,5.6,3.3,5.6,5.4,6.0,5.2,5.03
2507,Carlos Hernández Hernández,Marketing,Comunicación de Marca,2025-11-25,4.2,4.7,5.5,3.8,3.3,4.39,5.2,6.4,2.6,3.4,4.53,4.4,7.1,5.3,7.4,5.5,5.87,4.7,4.3,4.2,4.6,5.4,4.55
2508,Ximena Flores Sánchez,Recursos Humanos,Reclutamiento,2026-08-05,4.6,6.4,9.0,5.2,7.6,6.47,8.0,8.9,5.5,6.8,7.42,6.5,6.1,5.1,5.4,6.6,5.97,7.6,5.5,7.5,4.6,3.0,6.0
2509,Fernanda Martínez Sánchez,Marketing,Comunicación de Marca,2026-02-25,8.1,8.7,9.3,8.7,7.5,8.49,7.4,9.6,6.7,7.5,7.84,8.0,7.7,6.6,9.4,8.2,7.88,7.5,6.8,7.3,7.4,9.2,7.44
2510,Carlos Ortiz Martínez,Ventas,Ventas Internacionales,2026-05-26,4.7,2.9,1.6,4.4,0.6,2.97,3.2,1.2,1.3,3.4,2.37,4.2,4.1,4.2,3.5,3.7,4.0,4.3,2.6,1.4,2.2,3.3,2.78
2511,Fernanda Vázquez Ortiz,Finanzas,Auditoría Interna,2026-07-09,7.9,8.0,6.3,9.2,7.3,7.71,6.9,8.4,6.9,10.0,8.05,7.7,7.5,9.2,7.0,7.0,7.74,8.0,9.3,10.0,8.2,8.6,8.82
2512,Diego González Sánchez,Marketing,Marketing Digital,2025-10-26,3.9,3.7,3.8,4.3,4.0,3.9,4.8,4.3,2.8,2.7,3.75,4.7,5.6,4.4,6.3,3.2,4.88,5.1,4.8,4.4,2.7,5.6,4.45
2513,Carlos Jiménez Pérez,Marketing,Comunicación de Marca,2025-10-30,3.9,5.1,4.9,6.1,4.5,4.82,6.6,5.7,7.0,8.9,7.03,5.7,8.7,6.3,6.5,7.4,6.94,5.6,7.3,5.0,5.4,6.3,5.94
2514,Karla Jiménez Castillo,Marketing,Marketing Digital,2025-09-30,4.0,5.7,5.4,5.8,5.9,5.26,2.6,4.6,3.9,5.7,4.14,5.7,7.7,6.3,4.6,4.0,5.9,4.9,4.1,5.3,5.1,5.5,4.88
2515,Jorge Romero Cruz,Operaciones,Control de Calidad,2026-04-17,5.2,5.2,4.0,5.0,5.8,5.02,4.6,5.1,6.3,7.4,5.76,6.1,5.4,6.0,3.7,5.2,5.41,8.0,7.4,6.6,8.1,7.7,7.56
2516,Valeria Jiménez Ortiz,Ventas,Ventas Internacionales,2026-04-05,6.2,5.1,6.4,8.1,4.1,5.94,7.4,7.2,5.8,7.4,7.03,6.6,8.2,6.7,7.4,7.9,7.34,9.1,7.0,6.8,7.3,6.2,7.47
2517,Paola Vázquez Ramírez,Ventas,Ventas Nacionales,2025-11-28,8.8,5.0,7.9,5.6,9.2,7.25,8.4,6.0,5.4,6.7,6.78,6.4,3.5,5.9,5.2,7.8,5.6,5.6,6.5,6.5,4.1,5.6,5.7
2518,Paola Flores Torres,Operaciones,Producción,2026-06-29,4.7,4.3,4.5,4.7,2.2,4.18,3.4,1.8,3.6,2.6,2.84,5.1,4.9,5.5,5.0,5.5,5.18,1.7,4.5,3.0,2.2,2.4,2.83
2519,Karla Martínez Ortiz,Marketing,Marketing Digital,2026-08-19,5.9,5.9,5.3,5.2,4.7,5.5,4.4,7.3,2.5,6.5,5.27,6.0,4.1,4.6,4.7,5.6,4.99,5.2,3.4,7.1,5.9,4.0,5.15
2520,Gabriela López Romero,Marketing,Marketing Digital,2026-04-07,8.2,8.6,8.0,7.7,9.4,8.36,10.0,8.7,9.1,8.0,9.0,6.7,7.2,8.4,7.5,6.7,7.28,8.7,8.1,8.7,7.7,10.0,8.48
2521,Roberto Martínez Flores,Finanzas,Auditoría Interna,2026-01-21,8.4,6.6,5.9,8.1,7.6,7.28,6.1,8.4,7.0,5.7,6.76,8.6,8.8,8.9,6.0,5.8,7.9,8.1,6.9,7.9,6.6,6.4,7.29
2522,Mariana Pérez Castillo,Tecnología,Soporte Técnico,2026-03-25,5.6,7.2,6.3,9.3,6.2,6.78,5.4,3.8,6.4,5.3,5.18,5.0,7.0,3.2,5.4,7.5,5.58,5.9,4.7,4.6,4.5,5.5,5.02
2523,Fernanda González Ramírez,Ventas,Atención a Clientes,2026-06-22,4.2,6.4,6.0,7.9,5.8,5.9,7.8,7.5,6.7,7.5,7.43,5.4,5.1,5.9,5.8,6.6,5.66,6.7,7.5,7.7,7.8,8.1,7.46
2524,Diego Jiménez Castillo,Ventas,Atención a Clientes,2026-03-02,7.4,8.0,7.2,6.9,5.6,7.16,7.9,6.7,5.6,6.3,6.74,6.3,5.8,6.7,7.3,5.1,6.22,7.6,5.7,3.7,7.3,5.9,6.12
2525,Laura Romero Rodríguez,Recursos Humanos,Capacitación,2025-09-28,8.3,9.2,7.4,8.3,7.3,8.2,7.2,6.9,8.4,6.7,7.24,4.9,5.9,5.9,7.3,6.9,6.01,6.9,7.9,8.7,6.9,8.6,7.68
2526,Ana Castillo Sánchez,Marketing,Investigación de Mercado,2026-05-30,4.4,5.1,4.7,6.7,6.8,5.34,7.0,7.1,4.2,5.2,6.02,6.6,3.7,6.6,5.3,6.5,5.66,4.3,2.7,4.8,5.8,2.9,4.16
2527,Karla Jiménez García,Ventas,Ventas Nacionales,2026-04-14,6.5,9.4,9.6,10.0,8.3,8.64,7.0,8.6,7.8,6.6,7.46,7.1,9.2,7.5,8.1,9.6,8.23,9.0,7.5,7.9,8.2,6.3,7.98
2528,Carlos Jiménez Sánchez,Tecnología,Desarrollo,2026-05-16,8.9,7.1,7.5,6.0,6.7,7.4,7.9,8.3,7.5,10.0,8.44,9.6,10.0,8.3,9.8,8.1,9.25,8.0,7.9,10.0,8.6,9.6,8.65
2529,María García Ortiz,Finanzas,Auditoría Interna,2026-05-23,5.9,3.6,5.5,6.3,5.6,5.26,7.5,8.2,6.3,7.4,7.41,6.8,5.7,7.9,6.4,6.9,6.7,6.9,6.0,8.3,7.5,8.7,7.26
2530,Luis López Morales,Operaciones,Logística,2026-01-11,6.0,7.5,6.4,4.4,5.4,6.12,7.0,7.4,5.9,5.3,6.46,7.8,6.7,6.7,8.2,7.5,7.32,5.9,4.2,3.4,3.6,6.9,4.62
2531,Ana Jiménez Rodríguez,Recursos Humanos,Capacitación,2026-04-24,6.0,5.9,6.8,6.1,5.5,6.08,8.4,5.7,7.7,8.0,7.48,6.7,7.4,4.8,5.8,5.8,6.22,7.5,9.1,6.7,8.0,8.5,7.94
2532,Roberto Flores Vázquez,Operaciones,Logística,2026-01-24,7.6,8.8,7.4,6.3,7.3,7.62,6.3,7.4,7.0,6.9,6.86,5.2,7.8,6.0,4.8,6.5,6.14,9.1,8.0,8.7,8.4,8.4,8.54
2533,Roberto Cruz García,Ventas,Atención a Clientes,2026-08-31,2.6,2.5,2.8,1.2,3.6,2.56,3.3,4.1,2.0,1.7,2.84,3.1,7.7,7.5,5.6,6.4,6.0,3.2,2.9,2.2,3.4,3.0,2.94
2534,Sofía López García,Recursos Humanos,Capacitación,2026-01-09,6.3,5.5,6.8,5.0,5.9,5.94,2.7,4.1,5.8,2.8,3.7,4.6,4.5,5.5,5.4,3.8,4.76,5.6,5.3,5.9,5.4,4.1,5.4
2535,Sofía González Martínez,Finanzas,Tesorería,2026-07-31,4.7,3.5,4.7,3.5,3.1,3.98,2.5,3.2,3.3,4.2,3.26,2.1,4.2,0.7,1.4,2.4,2.28,2.1,2.2,3.6,4.0,3.6,2.96
2536,Miguel Rodríguez Hernández,Finanzas,Auditoría Interna,2026-04-23,8.3,8.9,8.8,9.3,7.8,8.62,7.3,9.5,10.0,10.0,9.06,7.5,6.7,8.0,8.7,6.2,7.38,5.9,8.8,7.3,6.8,8.7,7.36
2537,Sofía García Martínez,Ventas,Ventas Nacionales,2025-10-24,6.8,7.4,7.3,6.3,8.7,7.26,8.7,7.3,7.8,9.8,8.44,7.1,8.1,6.7,9.8,9.2,7.99,6.9,8.3,8.4,5.1,7.9,7.29
2538,Luis Flores Jiménez,Tecnología,Desarrollo,2026-05-08,5.3,5.2,4.0,3.7,7.0,5.03,4.7,3.1,2.9,2.5,3.39,4.6,0.9,3.1,3.1,2.5,2.84,3.4,3.7,3.3,0.7,4.6,3.04
2539,Sergio Reyes Reyes,Tecnología,Soporte Técnico,2025-12-27,7.0,5.7,5.6,6.7,6.3,6.24,4.9,5.5,6.9,6.4,5.82,6.7,4.8,3.9,4.0,5.2,5.04,7.5,6.8,5.7,6.5,7.7,6.78
2540,Raúl Pérez Vázquez,Ventas,Ventas Nacionales,2026-05-02,7.8,9.1,8.8,9.3,9.8,8.85,7.9,9.7,8.0,9.4,8.74,4.4,7.5,5.6,7.0,8.2,6.37,9.6,9.0,8.1,10.0,8.8,9.15
2541,Raúl Morales Ortiz,Finanzas,Contabilidad,2025-10-13,8.4,7.5,7.4,10.0,7.4,8.06,8.1,7.7,8.2,5.5,7.37,7.4,7.7,8.9,7.1,8.4,7.88,10.0,8.1,6.5,7.8,8.3,8.22
2542,Ana Gómez Morales,Ventas,Ventas Nacionales,2025-09-25,1.9,4.1,1.3,3.5,1.8,2.56,3.1,5.5,3.2,4.0,3.94,3.8,4.1,2.7,5.5,3.4,3.85,2.0,4.6,3.7,5.3,1.9,3.64
2543,Carlos Martínez Torres,Marketing,Comunicación de Marca,2025-10-11,5.3,3.8,5.2,4.2,5.8,4.81,6.6,5.1,3.1,5.9,5.35,5.2,4.0,6.3,4.2,4.2,4.82,4.9,6.3,6.8,5.3,6.1,5.83
2544,Ricardo Sánchez Ramírez,Finanzas,Contabilidad,2026-04-16,7.9,5.5,7.4,5.6,3.8,6.24,4.8,5.1,6.2,8.8,6.16,4.7,5.6,3.2,5.7,5.4,4.88,6.4,6.2,7.6,7.7,5.4,6.75
2545,Ximena Cruz Martínez,Tecnología,Desarrollo,2026-05-15,6.3,5.4,3.6,6.7,6.7,5.66,3.3,7.4,5.6,8.2,6.01,7.3,5.5,6.5,7.0,4.8,6.27,7.0,6.6,6.4,6.0,6.7,6.55
2546,Sofía López Jiménez,Recursos Humanos,Nómina,2026-01-29,6.2,6.4,3.4,2.8,3.2,4.73,3.9,4.6,3.7,3.8,4.01,2.5,3.2,3.0,2.6,2.4,2.78,3.6,4.5,3.4,2.2,0.8,3.22
2547,Sergio Ortiz Reyes,Operaciones,Logística,2025-11-13,3.7,4.3,3.7,3.1,2.2,3.54,5.7,4.3,3.1,4.3,4.48,4.6,5.5,5.4,3.8,5.0,4.92,4.4,3.8,4.6,3.7,3.4,4.05
2548,Gabriela Cruz Reyes,Recursos Humanos,Reclutamiento,2026-03-01,7.4,6.6,8.8,5.7,8.0,7.32,7.9,7.9,6.7,8.2,7.74,8.4,7.8,8.0,9.8,7.0,8.17,9.6,8.3,8.5,9.5,9.9,9.06
2549,Juan Rodríguez Morales,Ventas,Ventas Internacionales,2025-12-12,7.1,8.0,9.1,5.7,8.7,7.75,6.4,5.6,5.0,5.4,5.67,5.4,5.0,5.8,6.4,4.9,5.46,6.3,7.7,4.5,5.8,3.8,5.94
2550,María Rodríguez Torres,Recursos Humanos,Reclutamiento,2025-10-23,3.6,4.0,3.2,4.8,3.1,3.72,2.8,3.4,2.3,1.4,2.5,2.3,2.5,2.6,1.8,3.2,2.47,2.0,3.1,5.4,4.8,4.2,3.74
2551,Jorge Rodríguez Pérez,Ventas,Atención a Clientes,2025-12-07,7.3,7.2,9.1,7.1,7.2,7.59,6.6,5.2,6.5,5.1,5.86,7.4,8.7,7.0,5.8,7.3,7.39,6.5,6.4,5.6,7.0,5.4,6.28
2552,Sofía López Sánchez,Marketing,Investigación de Mercado,2026-04-26,2.5,4.4,4.1,2.9,4.1,3.6,2.5,4.9,2.3,2.4,3.04,1.4,2.4,3.8,2.9,0.0,2.14,3.2,2.9,1.7,4.4,3.3,3.08
2553,Sergio Castillo Reyes,Tecnología,Infraestructura,2026-06-08,4.6,4.9,5.7,4.3,5.1,4.92,6.5,6.9,6.7,7.9,6.99,5.8,5.4,5.5,6.0,4.7,5.5,6.5,8.5,6.7,7.7,6.0,7.23
2554,Karla Reyes Flores,Operaciones,Logística,2026-04-02,3.6,4.6,3.2,6.3,3.3,4.13,7.2,5.1,5.6,5.6,5.96,3.5,3.8,3.4,3.4,5.0,3.76,4.7,4.6,3.7,4.7,4.6,4.47
2555,Fernanda Reyes Vázquez,Ventas,Ventas Internacionales,2026-02-10,3.4,0.6,2.8,1.6,2.5,2.17,4.9,3.2,3.0,3.0,3.62,4.8,3.7,2.2,3.5,3.9,3.68,4.8,3.9,4.1,1.0,4.3,3.62
2556,Fernanda Morales Flores,Recursos Humanos,Reclutamiento,2025-11-04,0.8,4.5,3.9,3.4,3.1,3.08,1.4,0.8,3.2,1.3,1.59,2.3,2.1,3.1,1.3,2.6,2.31,2.7,3.7,2.2,2.2,3.5,2.83
2557,Sofía Pérez Martínez,Marketing,Marketing Digital,2026-05-21,8.1,7.4,7.2,8.9,4.9,7.39,7.7,9.2,8.0,8.9,8.43,6.7,6.0,7.8,7.1,6.0,6.7,6.4,6.4,7.2,8.2,5.6,6.84
2558,Ricardo Torres Jiménez,Finanzas,Tesorería,2026-07-11,8.2,8.5,7.0,10.0,10.0,8.57,10.0,10.0,10.0,10.0,10.0,10.0,8.9,10.0,9.6,9.1,9.53,8.9,10.0,10.0,10.0,9.2,9.64
2559,Ximena García Vázquez,Ventas,Atención a Clientes,2026-05-15,5.0,3.9,4.6,3.5,2.8,4.09,2.8,3.9,5.3,2.9,3.6,3.9,3.7,5.5,1.8,4.0,3.87,3.1,3.9,5.5,5.6,3.1,4.28
2560,Sergio Cruz Pérez,Marketing,Marketing Digital,2026-02-03,5.2,5.2,5.5,4.1,5.8,5.18,6.1,9.5,6.9,5.7,7.01,8.4,8.7,7.8,7.0,7.1,7.95,5.8,7.1,7.4,8.5,8.5,7.26
2561,Daniela Jiménez Gómez,Marketing,Comunicación de Marca,2026-06-15,1.5,2.6,4.9,2.2,5.1,3.1,3.3,1.4,0.8,5.3,2.82,1.8,2.7,2.5,2.7,3.6,2.57,6.2,4.6,4.6,5.0,3.8,5.0
2562,Karla Rodríguez Jiménez,Tecnología,Desarrollo,2026-04-15,10.0,10.0,8.6,10.0,8.9,9.56,8.0,8.8,6.0,8.7,7.98,8.9,6.8,9.7,8.9,9.3,8.6,10.0,10.0,8.5,8.8,7.3,9.19
2563,José Reyes García,Operaciones,Logística,2026-06-06,5.6,9.4,7.6,10.0,7.2,7.85,8.4,6.3,9.6,9.0,8.26,7.2,5.8,5.9,6.2,7.0,6.41,7.8,8.4,10.0,8.1,8.1,8.48
2564,Raúl Gómez Rodríguez,Ventas,Ventas Internacionales,2025-09-13,6.0,3.9,4.8,6.9,6.7,5.48,5.0,6.2,6.9,4.9,5.65,6.8,9.0,4.9,7.0,6.4,6.94,5.7,5.5,5.8,6.1,4.6,5.64
2565,Jorge Torres Reyes,Tecnología,Soporte Técnico,2026-03-04,8.1,6.8,6.7,6.6,8.9,7.39,6.1,7.3,7.2,8.7,7.27,5.2,3.8,4.7,4.7,4.1,4.51,7.5,8.8,6.8,7.8,7.2,7.72
2566,Valeria Rodríguez González,Finanzas,Tesorería,2025-12-18,8.6,6.6,10.0,8.4,5.9,7.94,7.4,5.2,4.2,7.5,6.24,6.9,8.4,5.2,7.5,5.9,6.88,7.3,7.9,6.2,6.3,7.6,7.06
2567,Juan Pérez Rodríguez,Ventas,Atención a Clientes,2026-03-02,4.7,6.3,4.7,5.9,3.9,5.16,8.0,6.4,5.8,6.9,6.88,7.0,6.0,6.8,4.7,6.9,6.35,5.6,7.6,6.9,7.6,7.1,6.91
2568,Fernanda Rodríguez Pérez,Marketing,Marketing Digital,2026-09-04,4.3,6.7,3.4,3.9,6.2,4.94,6.3,7.6,4.8,4.2,5.8,7.3,5.2,5.7,6.5,8.3,6.48,6.1,6.0,5.9,3.4,6.1,5.5
2569,Raúl Ramírez Ortiz,Operaciones,Control de Calidad,2026-06-03,4.8,2.7,3.6,3.3,4.6,3.78,2.6,3.9,3.2,3.6,3.3,1.4,3.6,4.9,3.9,3.5,3.34,3.7,5.2,3.6,3.1,5.6,4.12
2570,Jorge Cruz Reyes,Recursos Humanos,Nómina,2025-11-05,7.5,7.9,8.4,5.6,6.6,7.36,4.4,6.6,4.9,4.8,5.15,4.8,6.4,6.2,5.9,8.3,6.17,4.6,5.8,3.5,4.6,5.6,4.78
2571,Sofía González Ramírez,Ventas,Atención a Clientes,2026-03-05,7.4,5.9,6.9,5.3,4.1,6.12,4.9,7.1,5.0,4.0,5.24,5.8,5.5,7.9,6.1,5.2,6.1,6.7,7.4,7.5,6.1,7.8,7.02
2572,Sergio López Cruz,Marketing,Marketing Digital,2025-12-25,8.3,7.2,7.2,6.8,6.1,7.25,6.5,5.8,5.3,3.1,5.24,4.0,4.6,3.3,5.6,6.4,4.61,6.1,6.1,4.2,3.9,5.2,5.19
2573,Roberto Torres Cruz,Marketing,Investigación de Mercado,2025-12-03,4.6,4.9,4.8,4.6,6.3,4.97,6.7,3.5,6.5,4.9,5.41,5.5,4.0,6.2,3.3,6.9,5.14,3.8,5.7,3.9,5.0,4.1,4.57
2574,Juan García Flores,Tecnología,Infraestructura,2026-02-15,10.0,10.0,8.9,8.7,10.0,9.59,7.2,8.8,8.5,7.3,7.89,9.1,8.2,9.0,10.0,10.0,9.12,7.5,8.0,9.3,7.6,7.6,8.02
2575,Sergio García Gómez,Ventas,Atención a Clientes,2026-02-09,5.9,6.3,5.8,7.0,6.0,6.16,5.7,2.6,5.4,6.2,4.99,6.8,5.5,5.2,4.4,4.7,5.48,3.4,3.4,3.7,4.6,2.9,3.65
2576,Roberto García Sánchez,Tecnología,Infraestructura,2026-06-13,4.8,8.4,6.8,5.9,7.1,6.61,9.0,6.6,5.4,6.7,7.1,7.6,5.1,6.4,6.2,7.4,6.5,7.9,7.3,6.3,7.2,5.1,7.01
2577,Carlos Castillo Morales,Operaciones,Control de Calidad,2026-06-09,8.6,8.9,8.8,7.7,6.4,8.25,8.9,6.0,7.5,7.5,7.54,9.0,7.8,8.6,8.3,8.4,8.43,8.8,8.4,6.9,7.1,7.6,7.86
2578,Daniela Pérez Morales,Marketing,Investigación de Mercado,2026-07-15,2.6,5.0,4.6,5.6,5.9,4.54,4.2,3.1,3.0,4.1,3.66,3.4,3.6,1.1,3.8,3.1,3.0,2.7,2.4,3.2,4.1,3.8,3.12
2579,María Pérez Hernández,Finanzas,Contabilidad,2026-05-22,6.0,7.2,7.2,5.7,7.6,6.74,6.5,4.6,5.5,5.7,5.62,4.2,7.4,3.9,4.6,6.0,5.27,7.5,5.7,6.6,4.8,4.6,6.04
2580,Karla Jiménez Flores,Recursos Humanos,Reclutamiento,2026-01-21,3.3,3.9,4.1,4.4,5.4,4.09,4.5,6.2,7.5,5.1,5.68,4.6,4.1,4.4,3.7,3.9,4.2,5.9,4.5,4.4,2.4,4.9,4.45
2581,Ana Ramírez Ortiz,Recursos Humanos,Reclutamiento,2025-10-04,4.6,4.5,3.1,4.1,5.4,4.32,3.3,5.0,3.9,4.4,4.12,3.1,7.1,2.6,6.5,4.8,4.76,2.5,4.7,3.2,4.4,3.9,3.71
2582,Laura Hernández López,Finanzas,Auditoría Interna,2026-03-31,6.1,6.3,5.6,6.6,6.1,6.12,9.2,6.2,5.8,6.4,7.07,9.0,8.9,8.8,8.0,8.0,8.64,8.0,6.6,9.2,7.6,8.5,7.86
2583,Sergio López Morales,Marketing,Marketing Digital,2026-01-31,2.4,6.0,4.6,3.9,4.1,4.22,5.3,6.0,5.7,3.8,5.18,6.8,5.4,5.5,7.0,6.4,6.16,4.8,7.2,6.6,6.6,5.6,6.2
2584,Ximena Reyes Cruz,Finanzas,Tesorería,2025-10-28,6.4,6.0,5.6,2.9,5.3,5.45,2.5,1.7,3.9,5.0,3.2,6.3,6.3,6.0,5.0,4.8,5.82,4.9,4.6,6.2,2.3,4.5,4.53
2585,Laura García Hernández,Marketing,Comunicación de Marca,2026-01-03,1.8,3.2,3.6,2.2,3.6,2.84,2.4,0.1,0.0,2.5,1.37,2.9,1.5,2.6,4.1,2.0,2.53,2.3,4.0,4.8,3.2,3.2,3.5
2586,Raúl López García,Marketing,Marketing Digital,2026-06-04,7.5,5.7,9.6,9.7,9.2,8.06,9.2,9.4,7.7,7.8,8.6,8.2,7.0,8.5,9.6,9.0,8.29,9.0,10.0,9.1,9.3,10.0,9.43
2587,Sergio Cruz Ramírez,Tecnología,Soporte Técnico,2026-05-28,7.6,9.4,7.3,9.4,9.0,8.47,6.9,6.0,8.6,6.8,6.99,6.8,8.1,9.0,7.7,7.3,7.78,7.5,9.5,7.7,8.0,8.8,8.27
2588,Francisco Rodríguez Castillo,Recursos Humanos,Capacitación,2026-01-18,4.0,2.5,2.7,2.3,3.0,2.96,3.1,1.9,2.1,2.1,2.35,2.9,3.2,2.8,5.1,3.7,3.4,2.3,4.7,3.4,4.5,2.5,3.58
2589,Paola Torres Gómez,Tecnología,Infraestructura,2026-05-25,7.6,5.7,7.1,7.8,7.9,7.1,5.3,5.3,7.4,7.9,6.37,6.6,6.4,6.0,6.8,6.2,6.4,6.1,5.1,7.6,5.0,5.7,5.89
2590,Ricardo Pérez Romero,Tecnología,Soporte Técnico,2026-06-09,1.5,2.3,0.5,2.9,1.8,1.76,2.4,1.0,3.7,3.2,2.51,1.1,1.9,2.4,3.8,2.6,2.19,2.8,0.6,0.0,0.0,1.2,0.97
2591,Carlos García Morales,Operaciones,Producción,2026-02-03,5.6,6.0,7.1,6.8,9.2,6.72,6.3,7.1,10.0,8.1,7.69,7.9,6.7,8.7,8.6,8.3,7.93,9.2,10.0,8.5,7.6,8.0,8.82
2592,Ximena Martínez Ortiz,Tecnología,Infraestructura,2026-01-18,7.8,5.7,6.8,6.4,4.5,6.37,3.9,5.1,5.6,6.2,5.11,4.9,7.3,4.8,5.8,7.3,5.98,3.5,3.6,5.1,4.6,5.4,4.26
2593,Mariana Castillo Cruz,Operaciones,Control de Calidad,2026-06-07,4.7,4.1,1.8,2.7,3.0,3.42,3.3,1.3,1.8,2.9,2.4,3.5,3.7,3.2,4.8,2.4,3.52,4.1,4.7,1.3,3.2,2.9,3.39
2594,Sofía Rodríguez López,Operaciones,Control de Calidad,2026-08-21,8.1,4.5,5.6,6.1,5.8,6.06,2.3,7.1,6.0,6.4,5.26,5.4,5.5,8.5,8.8,6.1,6.66,5.8,6.7,3.7,6.0,3.0,5.36
2595,Mariana Jiménez Flores,Tecnología,Infraestructura,2025-12-01,7.4,8.1,8.1,9.9,9.2,8.36,8.6,8.3,9.3,10.0,9.02,9.4,6.7,9.0,10.0,9.2,8.7,7.4,9.4,7.7,7.1,8.6,8.02
2596,Diego Torres Rodríguez,Tecnología,Infraestructura,2026-04-18,4.1,4.4,5.6,2.3,4.5,4.26,4.6,5.2,4.9,5.8,5.11,5.1,5.4,5.9,4.1,6.0,5.32,4.4,5.5,5.0,5.8,6.3,5.26
2597,Mariana Castillo Castillo,Marketing,Comunicación de Marca,2026-01-19,5.3,2.7,4.5,3.6,7.2,4.52,4.0,2.7,2.8,3.4,3.28,2.6,4.9,4.0,3.7,2.4,3.59,5.2,2.8,4.6,2.1,3.8,3.72
2598,Karla Torres Sánchez,Ventas,Atención a Clientes,2026-07-06,6.6,8.6,7.7,8.3,7.4,7.7,6.3,9.6,9.1,9.7,8.54,9.8,5.9,8.3,9.4,9.8,8.47,8.3,8.0,9.6,10.0,9.8,8.98
2599,José Cruz Gómez,Marketing,Marketing Digital,2026-05-16,2.5,4.3,1.1,4.3,4.6,3.26,1.8,1.1,1.9,1.6,1.6,2.7,2.3,4.1,2.6,2.4,2.82,1.1,3.9,2.2,1.5,2.1,2.2
2600,Ana Rodríguez Hernández,Operaciones,Producción,2026-01-29,7.2,7.8,6.2,7.4,4.9,6.84,4.6,5.8,3.2,4.2,4.52,4.7,7.9,7.4,6.9,7.4,6.78,5.7,4.5,5.3,4.5,8.0,5.31
2601,Ricardo López Torres,Ventas,Ventas Nacionales,2026-07-24,6.7,7.3,7.0,4.3,6.4,6.5,7.2,7.2,5.3,7.3,6.84,7.4,6.9,6.8,6.6,5.2,6.71,5.0,8.2,6.5,6.0,8.7,6.67
2602,Sergio Vázquez Torres,Marketing,Investigación de Mercado,2026-05-15,5.0,5.3,7.2,7.2,6.2,6.02,5.5,4.6,7.3,4.7,5.44,2.7,4.9,6.6,6.5,5.3,4.99,4.9,7.8,5.2,4.7,8.0,5.96
2603,Carlos Rodríguez López,Finanzas,Tesorería,2025-12-19,4.8,4.3,1.7,2.3,4.1,3.58,0.8,2.5,2.3,3.5,2.2,3.9,5.1,4.2,5.4,4.1,4.51,3.7,2.1,3.4,2.0,3.8,2.91
2604,Jorge Rodríguez Jiménez,Marketing,Comunicación de Marca,2025-11-30,3.4,5.4,3.7,4.4,3.2,4.08,3.4,4.2,4.6,4.0,3.99,6.1,3.6,2.2,4.2,4.7,4.2,3.9,5.2,3.7,4.9,4.4,4.44
2605,Juan Ortiz Flores,Recursos Humanos,Capacitación,2026-05-02,1.8,3.5,5.0,3.9,3.3,3.4,2.0,2.1,2.1,5.1,2.82,3.3,2.6,3.2,3.7,1.3,2.86,2.2,4.7,2.5,3.8,1.3,3.12
2606,Pedro Rodríguez Rodríguez,Ventas,Atención a Clientes,2026-07-28,5.2,7.4,5.9,7.4,6.6,6.43,5.7,4.4,6.2,4.1,5.08,4.7,5.9,4.8,5.1,3.7,4.93,5.9,8.1,6.6,5.5,4.4,6.36
2607,Valeria Ortiz Hernández,Finanzas,Auditoría Interna,2026-08-29,9.7,7.6,10.0,10.0,10.0,9.32,6.9,5.8,7.6,8.2,7.09,8.2,10.0,8.2,10.0,9.6,9.13,8.2,5.1,6.5,7.2,8.9,6.96
2608,Diego García Flores,Marketing,Comunicación de Marca,2026-02-16,2.5,3.8,1.8,3.3,2.2,2.76,5.8,6.1,6.0,3.3,5.29,0.9,0.0,2.6,2.5,2.0,1.42,6.5,4.8,4.7,2.2,2.6,4.46
2609,Sergio Gómez Pérez,Operaciones,Logística,2025-12-28,7.6,8.2,6.9,6.5,7.2,7.38,7.5,7.7,9.7,8.5,8.24,8.4,7.4,9.0,10.0,7.0,8.3,5.1,8.7,7.0,9.5,10.0,7.75
2610,Jorge Morales Ramírez,Recursos Humanos,Nómina,2026-02-03,6.6,2.5,6.5,5.2,3.8,4.93,3.4,2.6,4.8,4.8,3.83,6.0,3.3,2.4,4.7,4.0,4.11,4.2,5.9,4.6,3.7,3.5,4.54
2611,Luis Sánchez Cruz,Marketing,Marketing Digital,2026-04-13,2.9,3.6,1.6,3.4,3.7,3.01,3.4,2.0,3.3,4.4,3.28,1.9,1.8,2.4,3.1,1.8,2.14,3.5,4.5,3.0,4.9,1.6,3.74
2612,Diego Castillo Rodríguez,Tecnología,Soporte Técnico,2026-08-30,6.3,4.6,6.8,8.7,7.7,6.54,6.3,5.6,5.2,7.1,6.1,5.3,6.3,6.0,4.6,5.5,5.61,7.7,6.4,7.6,6.5,5.3,6.88
2613,Jorge Jiménez Vázquez,Recursos Humanos,Capacitación,2026-06-17,6.7,4.7,5.6,6.3,6.4,5.88,7.5,6.9,6.5,7.1,7.05,6.2,5.6,5.9,7.0,7.5,6.31,6.6,9.1,6.5,6.2,5.2,6.98
2614,Ricardo Flores González,Ventas,Ventas Nacionales,2026-08-25,6.8,6.5,6.8,5.9,5.9,6.46,4.7,4.9,5.2,4.9,4.9,7.0,4.9,6.6,4.3,5.7,5.8,4.0,4.9,4.6,3.4,6.2,4.44
2615,Pedro Gómez Hernández,Ventas,Atención a Clientes,2026-03-23,5.4,5.5,5.5,6.4,5.0,5.54,4.7,5.5,4.7,6.1,5.25,5.3,5.8,5.1,5.0,3.0,5.0,6.1,8.7,6.2,8.4,6.2,7.24
2616,Daniela Pérez Castillo,Recursos Humanos,Nómina,2026-05-18,6.3,7.4,7.1,7.2,5.6,6.76,6.8,7.2,7.1,7.4,7.11,6.2,6.4,5.1,5.0,6.1,5.84,8.1,7.5,7.0,7.1,6.3,7.35
2617,José González Sánchez,Marketing,Investigación de Mercado,2026-08-13,7.7,8.3,8.2,8.7,8.4,8.2,7.2,8.1,8.4,7.9,7.84,8.1,8.9,7.4,8.6,6.6,8.01,6.0,6.9,7.8,8.0,7.4,7.12
2618,Andrea González Rodríguez,Finanzas,Contabilidad,2026-01-28,4.1,5.3,5.5,4.2,5.4,4.89,8.6,7.8,7.9,7.1,7.88,5.2,8.0,8.1,6.4,4.2,6.51,7.1,7.4,5.2,8.0,6.8,6.94
2619,Francisco Ortiz Martínez,Finanzas,Contabilidad,2026-04-25,10.0,10.0,8.9,9.5,7.9,9.39,8.2,10.0,10.0,8.9,9.18,8.1,8.4,7.4,9.4,9.4,8.43,10.0,10.0,9.4,9.9,10.0,9.86
2620,Ana Martínez Castillo,Finanzas,Contabilidad,2025-09-21,3.6,3.9,5.0,4.2,2.4,3.86,3.0,4.8,4.1,4.2,3.97,1.1,4.2,5.1,1.3,5.0,3.29,4.4,1.7,3.6,2.2,2.0,2.88
2621,Roberto Rodríguez Vázquez,Finanzas,Auditoría Interna,2026-04-08,3.6,3.2,3.9,2.9,2.7,3.32,3.7,6.2,4.3,4.0,4.52,4.6,2.2,2.8,5.7,5.1,3.88,1.4,3.1,2.8,1.1,1.0,2.0
2622,Alejandro González Rodríguez,Recursos Humanos,Capacitación,2026-08-05,0.6,2.4,1.0,1.4,1.9,1.44,3.1,4.0,5.5,4.6,4.18,3.5,1.4,3.9,4.7,3.5,3.24,2.6,0.5,1.3,1.9,1.6,1.58
2623,Valeria García Reyes,Operaciones,Logística,2025-12-24,10.0,9.8,10.0,10.0,10.0,9.95,8.9,9.9,9.4,8.2,9.07,10.0,10.0,8.6,8.2,8.8,9.27,8.4,7.0,8.1,8.8,6.9,7.92
2624,Paola Martínez Pérez,Finanzas,Tesorería,2025-12-25,4.5,7.1,6.5,6.4,5.4,5.97,7.5,8.0,7.3,5.5,7.08,6.0,6.8,6.9,6.3,6.7,6.53,5.6,4.7,6.1,5.4,4.4,5.32
2625,Ricardo Sánchez Pérez,Operaciones,Control de Calidad,2025-10-03,10.0,8.8,10.0,8.5,9.2,9.36,8.7,9.4,8.0,9.5,8.94,10.0,10.0,10.0,10.0,10.0,10.0,8.6,9.1,10.0,9.3,10.0,9.28
2626,Roberto Cruz Flores,Tecnología,Soporte Técnico,2025-12-29,10.0,7.3,7.1,7.0,8.4,8.06,6.5,9.0,9.6,6.8,7.82,8.1,9.5,9.3,8.6,6.0,8.45,8.4,8.8,8.3,8.2,6.9,8.29
2627,Sergio Martínez Ramírez,Ventas,Ventas Internacionales,2026-04-28,7.9,6.1,7.8,9.3,9.0,7.8,7.9,8.5,10.0,9.5,8.87,7.9,5.6,8.6,8.2,7.2,7.4,6.6,6.1,5.7,6.2,4.7,6.02
2628,Juan Castillo Hernández,Finanzas,Contabilidad,2026-01-06,9.5,7.1,9.0,10.0,9.2,8.83,7.3,7.3,8.3,9.9,8.15,9.9,9.8,7.3,7.1,10.0,8.95,7.9,8.4,8.6,8.3,9.3,8.38
2629,Sergio Hernández Sánchez,Tecnología,Infraestructura,2025-11-20,8.9,10.0,9.3,9.2,7.4,9.07,7.4,8.9,9.1,9.1,8.54,9.2,8.3,8.2,9.0,7.7,8.52,7.8,8.2,8.0,7.4,8.1,7.89
2630,Karla Ortiz Hernández,Finanzas,Contabilidad,2026-03-03,8.4,7.5,7.3,9.1,7.7,7.96,9.4,6.9,8.7,9.7,8.71,8.6,7.9,7.6,9.4,9.2,8.43,9.6,10.0,9.1,7.9,10.0,9.3
2631,Laura Gómez Sánchez,Operaciones,Control de Calidad,2025-11-21,4.3,3.6,3.8,3.3,5.8,4.1,4.8,5.7,3.1,6.0,4.99,5.1,4.4,4.9,5.0,7.5,5.23,2.9,6.2,3.8,4.3,3.5,4.24
2632,Laura Torres Martínez,Marketing,Marketing Digital,2025-09-20,9.7,10.0,9.9,9.4,10.0,9.82,8.7,6.5,8.2,7.3,7.7,10.0,10.0,9.8,8.7,8.7,9.57,9.3,9.6,8.6,8.7,8.4,9.02
2633,Pedro Gómez Gómez,Tecnología,Desarrollo,2025-12-06,3.5,2.3,1.3,2.4,3.4,2.58,4.8,3.2,1.4,4.4,3.62,6.2,3.8,4.1,3.2,1.7,4.06,6.9,4.5,3.2,3.2,6.1,4.74
2634,Miguel López Cruz,Finanzas,Tesorería,2026-03-08,7.7,9.3,10.0,9.8,9.5,9.14,8.9,9.1,9.0,8.3,8.82,6.2,7.2,5.7,7.0,7.1,6.6,7.2,9.8,9.1,10.0,8.6,8.93
2635,Daniela Romero Reyes,Tecnología,Desarrollo,2026-03-12,10.0,7.4,7.3,7.4,9.8,8.39,10.0,8.3,10.0,10.0,9.57,8.3,7.4,7.0,9.8,8.6,8.08,10.0,10.0,10.0,9.9,10.0,9.98
2636,Raúl Vázquez Torres,Recursos Humanos,Reclutamiento,2025-11-06,7.2,9.2,8.3,6.6,7.4,7.86,5.7,5.3,3.7,4.9,5.0,5.8,7.0,5.9,6.9,8.8,6.74,7.4,4.2,5.7,6.4,6.2,5.94
2637,Ana Martínez García,Marketing,Marketing Digital,2025-10-24,2.1,2.8,0.2,1.6,3.9,2.09,2.3,4.0,5.2,1.8,3.18,3.6,2.2,3.1,3.1,2.2,2.86,2.2,4.2,3.6,1.4,2.2,2.82
2638,Alejandro González Romero,Recursos Humanos,Nómina,2026-06-04,2.7,1.2,2.0,3.2,3.3,2.35,3.0,2.5,5.1,3.6,3.44,0.7,1.8,4.2,4.8,1.7,2.44,2.7,2.8,2.4,2.8,5.3,2.94
2639,Ana Castillo Jiménez,Recursos Humanos,Nómina,2026-09-04,8.2,6.6,8.3,7.6,8.7,7.8,5.8,7.0,6.6,6.1,6.34,4.1,4.4,3.8,5.1,5.1,4.41,6.9,5.5,3.8,7.2,6.5,5.95
2640,Juan Martínez Ramírez,Finanzas,Contabilidad,2025-11-17,6.8,10.0,9.5,7.7,8.1,8.47,9.7,9.7,9.7,10.0,9.77,10.0,7.3,7.5,8.7,8.3,8.38,8.9,9.1,8.7,7.9,9.9,8.81
2641,Daniela Sánchez Rodríguez,Ventas,Ventas Internacionales,2026-06-13,8.8,8.7,9.2,9.1,9.0,8.93,10.0,8.5,9.4,10.0,9.5,10.0,9.5,10.0,7.8,8.8,9.36,8.6,10.0,8.7,10.0,8.1,9.2
2642,Ana López Jiménez,Operaciones,Producción,2025-09-09,6.8,8.1,8.9,8.5,8.5,8.06,7.3,8.9,8.4,7.0,7.85,7.0,9.0,8.1,8.7,6.9,7.96,7.2,9.0,9.6,7.3,7.1,8.14
2643,Ximena Pérez Castillo,Ventas,Ventas Internacionales,2026-08-25,6.1,6.4,7.5,5.3,7.9,6.6,4.7,5.5,5.9,5.7,5.39,9.2,6.4,7.7,7.8,5.6,7.45,5.0,4.1,6.4,6.0,5.1,5.26
2644,Daniela Sánchez Martínez,Operaciones,Producción,2025-10-10,6.8,7.5,8.5,8.9,7.8,7.78,7.6,8.0,7.1,8.7,7.87,6.4,6.0,6.6,7.9,8.1,6.82,7.6,8.3,8.0,9.0,6.1,7.98
2645,Fernanda Flores Jiménez,Recursos Humanos,Nómina,2026-01-03,3.6,3.4,4.8,3.1,3.7,3.73,4.1,3.3,5.6,5.2,4.47,5.4,4.4,4.1,3.5,5.9,4.68,5.3,3.7,2.5,4.2,3.9,3.98
2646,Luis Hernández Cruz,Tecnología,Soporte Técnico,2026-05-20,3.2,4.5,2.6,5.5,4.7,3.98,4.4,3.1,4.7,4.8,4.24,5.0,4.8,5.7,3.7,3.7,4.7,2.4,2.1,3.8,3.4,4.4,3.0
2647,José López Reyes,Recursos Humanos,Capacitación,2026-08-26,6.3,7.2,6.7,5.3,5.4,6.32,8.6,9.6,7.1,8.5,8.52,6.5,7.0,5.8,6.3,7.5,6.6,6.6,7.2,8.3,8.2,7.3,7.48
2648,Raúl Morales López,Recursos Humanos,Nómina,2025-11-03,7.0,6.2,3.1,6.1,6.5,5.81,7.4,6.8,6.8,4.2,6.33,5.1,4.2,4.1,5.4,2.4,4.32,6.0,5.0,8.0,3.7,3.9,5.48
2649,Ximena Rodríguez Torres,Finanzas,Tesorería,2026-07-26,7.6,5.0,3.8,3.8,4.8,5.2,5.6,6.4,7.0,7.9,6.66,7.9,7.3,7.5,4.7,7.1,7.07,5.8,5.0,6.4,7.9,6.9,6.25
2650,Laura Morales Martínez,Finanzas,Contabilidad,2026-08-04,7.4,10.0,7.7,10.0,8.0,8.59,7.9,9.5,9.8,9.3,9.03,7.6,7.9,7.1,10.0,7.8,7.96,7.1,7.5,8.8,8.3,7.8,7.85
2651,Karla González Castillo,Tecnología,Desarrollo,2025-11-23,6.1,4.5,6.0,3.1,4.1,4.93,5.6,3.8,4.7,4.6,4.72,7.0,5.3,5.7,5.3,5.3,5.8,3.6,3.7,4.1,5.6,3.7,4.14
2652,José Jiménez López,Finanzas,Tesorería,2026-01-03,8.7,9.8,7.8,10.0,8.4,8.94,8.0,7.9,9.3,7.3,8.06,10.0,10.0,8.4,6.6,7.3,8.76,10.0,7.4,9.2,9.1,6.7,8.68
2653,Valeria Flores Romero,Ventas,Ventas Nacionales,2026-07-23,1.9,3.1,3.5,3.8,3.7,3.08,2.9,4.3,7.0,5.6,4.74,4.9,5.0,4.2,5.8,6.2,5.12,3.7,2.8,5.1,2.8,4.1,3.62
2654,Roberto Ramírez Martínez,Recursos Humanos,Nómina,2026-05-06,8.0,7.3,9.2,8.7,7.4,8.08,9.2,9.3,10.0,10.0,9.59,8.4,10.0,9.2,6.6,8.0,8.63,8.5,6.3,5.7,6.2,7.0,6.78
2655,Alejandro Cruz Martínez,Tecnología,Soporte Técnico,2026-01-07,1.3,2.8,3.9,5.2,2.6,2.98,3.7,2.9,4.3,4.5,3.82,5.0,4.6,4.3,3.7,3.9,4.4,4.4,3.3,5.1,4.6,4.9,4.36
2656,Alejandro González González,Finanzas,Contabilidad,2026-01-10,9.5,9.5,7.0,8.1,8.9,8.7,9.8,10.0,9.7,9.6,9.78,7.1,6.4,7.3,8.1,7.0,7.1,8.5,8.4,7.8,6.4,9.0,7.97
2657,María Ramírez González,Tecnología,Soporte Técnico,2026-04-28,3.8,6.3,4.2,5.9,5.9,5.14,7.3,5.4,3.8,6.4,5.9,6.9,8.9,5.0,5.8,8.0,7.02,5.9,6.5,6.7,6.3,4.4,6.14
2658,Juan Cruz González,Marketing,Comunicación de Marca,2026-04-10,5.5,4.0,5.2,6.3,6.1,5.28,4.0,5.7,3.7,3.1,4.14,7.3,8.4,5.0,5.3,6.3,6.66,5.7,6.1,5.7,3.4,3.8,5.15
2659,Ana Flores Martínez,Recursos Humanos,Nómina,2026-08-09,8.5,4.7,6.2,5.7,6.8,6.41,4.7,5.9,5.0,5.1,5.16,7.7,6.0,8.2,7.9,7.3,7.34,4.6,3.6,7.0,5.7,5.7,5.16
2660,Ximena Flores Romero,Finanzas,Auditoría Interna,2026-09-04,4.6,3.3,2.7,3.2,2.7,3.4,3.1,3.4,1.8,2.8,2.84,2.7,2.3,3.4,3.1,4.0,3.0,3.4,5.8,3.9,3.4,4.8,4.24
2661,Pedro Romero Rodríguez,Ventas,Atención a Clientes,2025-09-19,6.0,6.8,7.3,8.9,6.4,6.96,6.0,7.4,6.7,7.3,6.82,7.6,8.4,8.7,7.0,6.7,7.8,5.8,5.1,6.7,6.2,6.5,5.96
2662,Fernanda Torres Martínez,Ventas,Ventas Internacionales,2026-06-15,1.7,2.2,3.9,3.6,2.7,2.7,3.3,2.6,3.2,2.4,2.88,1.6,3.3,2.6,2.5,2.0,2.42,2.7,2.3,1.6,3.7,2.2,2.53
2663,Mariana Sánchez García,Tecnología,Infraestructura,2025-10-04,4.9,2.0,4.7,2.6,4.3,3.7,4.5,3.3,3.2,4.7,3.99,6.0,3.2,4.2,6.0,7.0,5.09,2.6,2.2,1.3,1.7,3.7,2.17
2664,Carlos González García,Tecnología,Infraestructura,2026-08-23,7.9,9.3,9.2,9.8,10.0,9.11,9.0,10.0,10.0,10.0,9.7,10.0,9.2,10.0,10.0,8.7,9.6,6.8,7.2,8.0,8.9,10.0,7.88
2665,Roberto Martínez Ortiz,Tecnología,Soporte Técnico,2025-09-11,3.8,3.5,1.5,2.1,2.2,2.77,3.4,5.3,4.3,5.5,4.58,3.5,3.9,4.0,2.1,1.2,3.15,2.3,3.8,3.2,2.5,3.3,3.0
2666,Ricardo Torres Sánchez,Ventas,Ventas Internacionales,2026-04-05,7.6,5.2,3.3,3.8,4.3,5.08,6.4,7.9,5.3,5.6,6.36,6.4,6.0,7.9,7.8,5.3,6.64,7.4,5.6,6.0,6.1,7.1,6.38
2667,Ana Hernández Reyes,Tecnología,Infraestructura,2025-11-17,6.4,5.7,4.4,6.2,5.7,5.69,2.4,5.3,4.7,5.2,4.28,5.0,4.7,3.5,3.6,3.7,4.22,4.4,6.5,7.5,3.6,6.4,5.58
2668,Francisco Pérez Ramírez,Tecnología,Soporte Técnico,2025-11-05,7.2,4.8,4.8,4.8,5.7,5.54,6.2,6.0,6.0,7.1,6.34,5.1,6.3,5.4,5.6,6.5,5.74,4.6,7.0,7.3,7.2,6.1,6.41
2669,Raúl Gómez Cruz,Finanzas,Contabilidad,2026-05-02,8.9,8.1,7.9,7.8,7.1,8.06,7.9,6.3,6.6,7.6,7.17,6.3,7.3,5.4,5.2,5.5,6.09,7.5,6.4,5.6,4.6,7.0,6.22
2670,Carlos Sánchez Rodríguez,Operaciones,Logística,2025-12-12,5.4,6.3,8.1,6.7,5.9,6.44,4.1,2.1,3.2,4.4,3.5,4.7,1.7,4.5,3.4,4.7,3.72,4.5,3.6,4.6,2.9,2.3,3.76
2671,Andrea Hernández Martínez,Operaciones,Producción,2026-05-09,8.2,6.4,8.1,10.0,7.0,7.82,7.9,7.1,5.6,7.4,7.12,5.4,8.8,5.7,7.0,6.2,6.67,8.4,7.3,7.8,8.5,7.6,7.94
2672,Paola Vázquez Hernández,Ventas,Ventas Nacionales,2025-11-24,5.2,5.9,6.1,6.9,7.0,6.08,6.6,4.2,5.3,7.6,5.99,6.7,6.6,7.9,6.1,6.6,6.81,6.3,3.3,7.1,7.1,6.4,5.88
2673,Fernanda Hernández González,Tecnología,Desarrollo,2025-09-22,5.9,4.9,5.6,2.9,6.1,5.17,5.5,5.7,7.0,7.0,6.22,7.4,4.1,2.8,6.5,5.8,5.28,3.2,3.6,3.6,5.3,3.9,3.87
2674,Karla Pérez Pérez,Tecnología,Desarrollo,2025-11-17,3.8,4.9,4.0,3.5,4.6,4.19,6.2,6.4,4.7,5.4,5.75,2.4,4.1,4.1,2.9,3.5,3.4,5.5,5.6,5.4,5.2,5.2,5.41
2675,Ximena Hernández Hernández,Marketing,Investigación de Mercado,2025-12-16,10.0,7.1,10.0,10.0,10.0,9.28,10.0,10.0,7.2,9.3,9.26,8.0,7.7,6.4,6.9,7.9,7.43,10.0,8.1,10.0,8.3,9.6,9.14
2676,Raúl Morales García,Recursos Humanos,Capacitación,2026-04-25,5.8,3.9,5.7,3.9,4.5,4.82,3.7,8.8,6.0,5.6,5.91,4.2,5.8,5.8,3.3,4.3,4.8,5.4,6.8,5.6,4.3,6.0,5.63
2677,Fernanda Morales Pérez,Finanzas,Tesorería,2026-07-30,9.5,9.3,10.0,8.4,9.3,9.36,9.6,10.0,9.6,10.0,9.8,7.1,8.9,7.7,8.0,8.6,8.03,10.0,9.6,8.9,9.4,9.9,9.55
2678,Andrea Reyes Pérez,Marketing,Investigación de Mercado,2026-03-07,4.1,5.5,7.2,3.8,5.7,5.26,3.8,4.1,5.3,4.9,4.45,6.2,6.5,6.8,7.8,6.8,6.72,2.7,5.4,5.6,3.4,4.9,4.32
2679,Sergio Flores Romero,Tecnología,Infraestructura,2026-07-22,5.8,8.9,7.2,6.9,5.0,6.9,4.6,3.9,5.1,5.6,4.78,6.6,7.9,6.5,7.7,6.2,7.01,7.6,6.5,6.6,6.3,7.3,6.83
2680,Juan Sánchez Torres,Recursos Humanos,Reclutamiento,2026-03-06,5.0,6.1,6.0,6.1,6.6,5.88,7.7,5.8,6.0,5.4,6.31,7.9,7.6,7.8,9.0,7.5,7.91,3.7,4.0,6.7,5.3,5.1,4.84
2681,Camila González Romero,Ventas,Ventas Internacionales,2025-10-25,8.4,6.9,8.0,8.9,8.5,8.04,6.0,10.0,9.2,8.1,8.16,7.6,9.0,9.6,7.3,7.9,8.35,5.4,9.2,7.7,7.1,7.1,7.32
2682,Laura Cruz Sánchez,Marketing,Investigación de Mercado,2026-07-28,3.8,4.7,4.4,4.8,4.4,4.38,3.1,1.9,4.9,6.0,3.88,5.3,8.9,6.4,6.2,3.2,6.24,5.1,6.5,6.4,6.0,5.2,5.9
2683,Fernanda Castillo Torres,Operaciones,Logística,2025-10-14,5.0,5.9,5.7,4.7,5.3,5.36,3.4,7.6,3.6,6.0,5.14,5.8,7.0,5.6,4.9,6.1,5.97,3.3,6.6,6.0,5.1,5.4,5.24
2684,Sergio Pérez Castillo,Ventas,Ventas Nacionales,2026-02-01,9.4,9.7,8.7,6.9,7.9,8.74,8.1,8.1,8.6,10.0,8.68,5.8,8.2,7.6,7.6,6.0,7.06,9.7,7.7,8.4,8.6,7.4,8.49
2685,Ricardo Jiménez Jiménez,Operaciones,Logística,2026-08-21,5.4,6.1,4.4,3.8,5.9,5.21,7.1,6.7,6.3,7.3,6.89,7.3,4.3,4.7,7.7,5.7,5.85,4.2,1.1,3.8,4.7,6.7,3.7
2686,Roberto Reyes Flores,Ventas,Ventas Nacionales,2025-12-19,4.9,6.8,5.0,5.4,5.0,5.48,8.3,3.7,4.9,7.0,6.14,5.6,5.6,7.0,6.9,6.9,6.27,7.3,8.7,6.1,8.1,5.0,7.34
2687,Roberto Castillo Ramírez,Finanzas,Contabilidad,2026-09-07,5.5,7.9,6.0,6.0,7.7,6.61,5.8,8.5,6.4,7.1,6.92,7.7,8.8,5.4,6.0,7.0,7.16,6.0,5.7,6.0,7.5,6.1,6.24
2688,Diego Hernández Ramírez,Tecnología,Desarrollo,2026-01-27,7.1,5.8,5.2,6.9,5.8,6.17,8.3,6.7,6.5,7.3,7.29,3.0,4.5,5.2,3.8,5.7,4.34,7.6,4.3,4.3,7.1,6.6,5.91
2689,Gabriela Reyes González,Marketing,Marketing Digital,2026-03-06,6.9,9.1,5.7,6.3,7.2,7.17,7.6,5.9,7.1,8.1,7.2,9.2,7.1,7.6,8.3,9.0,8.19,6.8,8.3,6.6,7.8,5.9,7.25
2690,Andrea Ortiz López,Recursos Humanos,Nómina,2025-12-09,8.4,5.8,6.6,4.3,6.5,6.49,6.4,7.1,3.8,4.7,5.63,5.0,6.8,5.1,6.4,6.1,5.84,5.7,3.4,5.6,7.1,4.6,5.28
2691,José Ramírez Jiménez,Ventas,Atención a Clientes,2026-04-23,3.3,3.5,3.5,3.4,4.0,3.51,3.4,3.8,1.5,3.5,3.14,3.6,0.9,0.0,2.4,0.7,1.59,0.7,2.7,2.4,1.8,1.2,1.81
2692,Miguel Ortiz Ortiz,Tecnología,Soporte Técnico,2026-07-26,2.6,2.2,2.3,3.3,2.6,2.55,2.4,3.5,4.1,5.2,3.72,4.0,3.0,4.5,4.4,4.8,4.03,3.6,2.9,2.7,3.4,4.8,3.32
2693,Diego Ramírez García,Recursos Humanos,Reclutamiento,2026-04-19,7.4,5.5,8.8,9.5,7.6,7.55,8.0,6.5,8.7,8.7,7.94,7.3,7.2,9.1,10.0,6.5,7.92,9.0,9.5,10.0,7.4,8.7,8.98
2694,Mariana Gómez Cruz,Recursos Humanos,Nómina,2025-12-04,5.0,6.1,3.8,2.9,3.5,4.5,4.5,5.5,5.4,6.6,5.46,6.1,6.0,7.0,6.6,5.3,6.21,6.0,5.9,4.5,5.8,5.9,5.62
2695,Diego Vázquez Jiménez,Marketing,Marketing Digital,2025-09-24,8.8,5.8,4.2,6.6,4.3,6.12,5.5,6.0,5.7,6.4,5.89,4.6,5.0,3.8,5.7,4.9,4.75,4.6,5.1,8.4,7.0,6.1,6.12
2696,Ana Jiménez Castillo,Tecnología,Desarrollo,2026-06-24,6.9,4.6,5.6,7.4,6.9,6.14,8.1,8.2,9.6,9.1,8.67,7.9,5.7,6.6,6.8,9.2,7.12,7.5,5.8,8.4,7.4,6.5,7.14
2697,Gabriela Flores Rodríguez,Recursos Humanos,Capacitación,2026-05-02,8.3,8.0,8.0,6.2,6.9,7.64,6.1,7.7,5.8,6.9,6.64,4.2,6.7,5.4,6.1,6.0,5.62,6.9,7.8,7.6,7.7,8.3,7.56
2698,Sofía Jiménez González,Recursos Humanos,Capacitación,2025-10-22,8.7,8.3,9.3,9.3,6.7,8.51,7.9,7.8,8.0,8.3,8.0,8.3,10.0,9.6,8.5,8.2,9.0,6.9,8.1,9.1,9.1,7.5,8.14
2699,Daniela Pérez Sánchez,Marketing,Marketing Digital,2026-05-16,9.5,9.3,9.7,9.7,8.9,9.43,9.2,7.7,7.5,8.4,8.28,8.2,6.6,8.3,9.3,7.7,7.91,5.4,7.4,5.8,7.5,7.7,6.63
2700,Jorge Martínez Torres,Finanzas,Auditoría Interna,2026-06-10,4.3,6.5,8.2,4.6,6.8,6.05,4.9,4.9,3.4,4.7,4.55,7.7,7.7,4.9,7.1,7.0,6.94,5.8,4.5,6.0,5.8,4.6,5.4
2701,Ricardo Castillo Hernández,Marketing,Marketing Digital,2025-11-08,10.0,6.7,7.7,7.7,7.5,8.0,8.3,9.8,9.9,10.0,9.42,8.5,9.8,8.0,9.8,7.0,8.7,10.0,10.0,9.0,8.6,10.0,9.52
2702,Roberto Hernández Rodríguez,Operaciones,Logística,2026-03-12,8.3,8.0,7.2,7.4,7.0,7.68,7.5,7.9,5.7,8.8,7.56,8.6,10.0,9.9,9.6,8.1,9.28,7.9,5.5,7.2,8.2,7.1,7.14
2703,Paola Cruz Jiménez,Marketing,Investigación de Mercado,2026-02-07,1.5,0.8,0.0,2.5,1.0,1.1,2.0,4.0,3.5,1.3,2.63,2.1,2.2,3.4,1.8,1.2,2.21,4.8,3.6,2.5,3.0,1.5,3.35
2704,Mariana Sánchez Ortiz,Ventas,Ventas Internacionales,2026-03-14,5.2,2.9,3.0,5.8,2.8,3.92,5.4,4.2,2.1,5.5,4.46,3.8,3.4,3.8,1.8,2.2,3.16,4.1,4.3,3.0,3.6,1.8,3.6
2705,Laura Pérez Sánchez,Marketing,Comunicación de Marca,2026-01-30,9.4,10.0,8.9,9.3,8.8,9.35,10.0,8.0,10.0,9.8,9.45,8.4,9.2,7.3,8.5,7.6,8.28,10.0,10.0,9.5,8.9,8.4,9.52
2706,Raúl López Ramírez,Ventas,Ventas Nacionales,2026-06-01,5.3,7.0,4.3,6.3,6.4,5.84,6.5,7.0,4.2,5.7,5.96,5.2,5.4,5.1,5.1,6.2,5.36,4.3,7.1,8.0,6.2,6.5,6.34
2707,Fernanda Ortiz Flores,Recursos Humanos,Capacitación,2025-12-14,4.1,8.4,5.6,7.3,7.8,6.51,8.8,7.6,7.2,7.8,7.93,6.2,9.1,7.2,7.7,7.5,7.55,7.3,7.0,7.1,6.2,6.9,6.93
2708,Ximena Torres Torres,Tecnología,Desarrollo,2026-04-28,5.4,3.0,3.3,3.2,3.9,3.82,6.5,5.7,6.5,6.2,6.22,6.4,5.9,6.5,6.4,5.5,6.16,8.9,4.3,5.8,5.5,6.6,6.22
2709,Gabriela Hernández Cruz,Operaciones,Logística,2026-02-28,8.2,7.3,9.4,6.0,9.8,8.12,10.0,9.4,10.0,9.0,9.6,7.9,10.0,6.7,7.9,8.2,8.23,10.0,10.0,10.0,10.0,10.0,10.0
2710,Alejandro González López,Tecnología,Soporte Técnico,2026-07-02,9.8,10.0,9.7,10.0,10.0,9.89,9.3,9.3,9.6,10.0,9.54,8.7,9.4,8.8,10.0,8.7,9.09,7.0,10.0,10.0,9.4,10.0,9.13
2711,Ana Vázquez Jiménez,Tecnología,Infraestructura,2026-09-03,7.5,7.2,8.2,9.2,7.1,7.76,7.2,7.2,8.4,7.4,7.49,7.5,7.0,3.8,5.9,6.7,6.28,9.0,10.0,9.6,10.0,9.8,9.65
2712,Sofía Torres Jiménez,Marketing,Marketing Digital,2026-02-11,6.1,4.2,6.6,5.7,6.4,5.71,5.6,7.7,7.9,7.5,7.06,6.2,7.0,6.2,6.2,6.4,6.43,5.0,5.9,7.3,6.8,6.0,6.15
2713,Sergio Castillo Gómez,Marketing,Comunicación de Marca,2026-07-19,8.0,9.1,6.6,7.3,8.2,7.92,7.6,8.4,8.9,10.0,8.66,6.7,6.3,8.0,5.9,7.8,6.9,6.0,8.0,6.6,6.3,5.9,6.67
2714,Laura Vázquez Ramírez,Finanzas,Tesorería,2025-10-09,8.1,7.2,8.5,8.0,5.6,7.56,4.3,7.2,6.0,6.5,5.92,5.3,9.1,8.8,5.9,8.6,7.53,8.1,6.5,8.3,7.6,9.1,7.74
2715,Fernanda Reyes Reyes,Ventas,Ventas Internacionales,2025-09-22,5.4,5.2,6.2,7.4,6.0,5.9,3.7,5.6,4.2,4.2,4.4,6.9,5.1,5.8,6.0,5.9,5.94,5.5,6.1,6.1,5.4,5.3,5.73
2716,Fernanda Romero Hernández,Finanzas,Auditoría Interna,2026-05-15,5.7,5.6,8.5,9.9,5.4,6.82,7.5,5.6,8.8,7.7,7.34,6.9,9.8,7.4,5.8,6.4,7.49,8.7,9.7,7.7,10.0,9.4,9.08
2717,Juan García Ortiz,Finanzas,Contabilidad,2026-05-25,6.6,6.6,6.6,6.1,5.5,6.36,6.7,5.0,6.6,6.7,6.26,5.3,7.4,6.5,7.4,5.2,6.36,6.3,7.8,6.2,4.6,8.2,6.51
2718,Fernanda Cruz Reyes,Marketing,Marketing Digital,2026-03-06,7.2,5.6,5.2,7.1,5.5,6.13,4.8,4.9,4.8,5.0,4.88,5.0,6.0,6.3,6.3,4.2,5.58,6.0,8.8,6.3,6.6,4.2,6.7
2719,Ricardo Morales Martínez,Marketing,Comunicación de Marca,2026-06-25,4.9,6.4,5.7,4.6,6.3,5.6,8.2,6.1,5.8,6.8,6.84,4.6,4.0,6.4,4.4,6.1,5.0,6.8,7.1,6.5,7.0,4.4,6.62
2720,Luis Castillo Flores,Marketing,Marketing Digital,2025-10-28,5.2,5.8,3.6,4.0,6.3,5.02,4.9,3.5,3.8,3.8,4.06,6.2,5.2,6.7,7.3,5.6,6.12,7.6,7.4,7.1,6.5,7.9,7.26
2721,Luis Ramírez Sánchez,Tecnología,Infraestructura,2026-08-01,7.2,8.3,6.5,8.2,6.7,7.41,6.1,7.3,7.1,7.8,7.02,9.5,7.5,6.6,9.0,8.6,8.21,6.2,6.9,7.1,7.0,5.5,6.64
2722,Sofía Pérez Torres,Marketing,Comunicación de Marca,2026-03-26,3.2,2.4,2.7,0.5,2.3,2.36,3.8,3.2,3.1,3.8,3.51,3.8,3.9,3.6,1.3,4.3,3.48,3.7,4.2,2.8,2.7,4.9,3.57
2723,Juan Sánchez Flores,Recursos Humanos,Nómina,2026-07-01,10.0,8.7,9.4,9.2,9.9,9.42,9.0,8.4,9.1,6.4,8.22,5.5,7.5,5.3,8.1,6.2,6.46,9.7,9.0,9.3,6.8,6.9,8.59
2724,Andrea Gómez Castillo,Operaciones,Producción,2025-11-08,6.4,5.6,7.6,8.3,5.9,6.65,3.6,5.6,6.1,3.7,4.62,4.2,7.1,6.4,6.7,5.8,5.98,7.7,6.5,5.9,7.7,7.9,7.06
2725,Miguel Rodríguez García,Finanzas,Tesorería,2026-07-17,6.7,6.5,8.8,7.9,7.2,7.33,6.9,5.1,6.2,5.8,6.04,8.5,7.5,9.2,6.9,7.4,7.98,6.5,4.9,6.9,8.4,8.0,6.71
2726,Karla Hernández Martínez,Finanzas,Auditoría Interna,2026-03-29,5.9,6.5,5.6,6.9,6.7,6.26,7.0,6.4,7.6,5.1,6.5,6.3,5.3,4.7,6.3,4.9,5.52,3.6,5.7,2.8,3.8,5.1,4.16
2727,Roberto Hernández Flores,Operaciones,Logística,2025-11-07,2.0,2.2,4.3,3.0,2.2,2.69,0.0,2.6,1.7,1.5,1.36,1.6,3.1,2.6,4.5,3.6,2.91,1.3,4.4,4.7,4.3,3.1,3.54
2728,Juan Torres Vázquez,Tecnología,Desarrollo,2026-03-31,5.7,8.0,7.9,7.2,7.3,7.18,5.6,8.1,8.4,6.7,7.06,8.6,8.6,7.8,8.4,9.2,8.5,5.9,7.3,9.3,8.7,8.3,7.73
2729,Alejandro Ortiz Cruz,Ventas,Ventas Internacionales,2026-07-02,9.1,10.0,7.6,10.0,9.1,9.16,10.0,8.7,8.3,9.6,9.24,9.2,6.0,8.0,6.6,8.7,7.7,7.6,10.0,9.2,7.8,9.3,8.73
2730,Laura Hernández González,Ventas,Ventas Internacionales,2026-07-12,7.7,6.6,6.9,8.4,8.6,7.5,5.1,9.4,5.6,5.0,6.25,7.9,6.8,8.3,7.6,8.2,7.7,5.1,7.9,6.9,6.2,6.6,6.53
2731,Laura Sánchez González,Tecnología,Infraestructura,2026-01-30,6.6,5.2,6.8,7.6,5.3,6.24,7.2,5.9,4.6,7.2,6.36,7.2,7.1,7.3,6.4,8.1,7.21,7.7,7.6,5.8,6.1,5.8,6.78
2732,Alejandro López Reyes,Operaciones,Control de Calidad,2026-07-24,5.2,4.8,4.3,5.3,5.1,4.92,3.6,1.8,1.6,3.6,2.75,2.0,3.0,5.1,5.0,4.8,3.74,4.2,2.6,2.5,3.2,4.0,3.24
2733,Daniela Jiménez Rodríguez,Operaciones,Producción,2026-05-01,8.8,8.2,8.7,9.2,10.0,8.87,10.0,10.0,8.3,9.1,9.44,10.0,9.9,9.4,9.1,10.0,9.72,8.6,8.2,9.2,8.3,8.7,8.57
2734,Camila Cruz Pérez,Ventas,Ventas Nacionales,2026-01-27,3.8,5.0,2.4,4.7,4.6,4.08,3.3,3.0,2.2,3.2,2.98,3.2,3.7,3.5,2.9,4.5,3.54,3.2,3.8,2.9,3.1,3.8,3.33
2735,Alejandro Jiménez Cruz,Finanzas,Contabilidad,2026-04-22,8.8,8.7,8.1,8.3,8.3,8.48,7.8,9.1,8.3,6.0,7.78,7.2,9.6,6.6,7.1,8.6,7.88,10.0,10.0,8.5,10.0,10.0,9.7
2736,Andrea Flores Sánchez,Operaciones,Control de Calidad,2025-11-10,8.5,7.1,7.0,8.0,7.8,7.67,8.7,9.5,6.9,9.6,8.76,6.7,9.3,9.6,8.1,7.4,8.24,8.8,7.9,8.2,8.7,6.7,8.23
2737,Miguel Castillo Jiménez,Operaciones,Producción,2025-12-30,4.3,3.3,5.3,4.6,4.4,4.31,6.3,5.6,3.7,5.2,5.33,3.5,2.9,3.4,3.5,0.3,2.85,5.6,3.3,4.6,4.4,5.6,4.58
2738,Juan Romero Torres,Operaciones,Producción,2026-07-20,5.7,4.0,2.6,5.5,5.8,4.64,5.6,6.3,5.4,5.5,5.71,6.7,7.0,8.0,6.6,8.8,7.34,7.2,6.7,4.6,7.0,6.8,6.48
2739,José Torres Morales,Operaciones,Producción,2025-11-13,7.0,6.6,5.6,7.2,7.0,6.65,5.9,2.9,2.8,5.4,4.4,4.6,6.3,5.6,3.5,6.2,5.3,6.8,6.9,4.8,7.1,6.2,6.42
2740,Camila Flores Rodríguez,Tecnología,Infraestructura,2025-10-10,6.3,7.7,6.2,4.2,6.9,6.4,6.0,6.3,6.8,5.7,6.16,8.4,7.9,7.1,7.5,6.7,7.62,5.9,7.1,5.5,7.9,7.3,6.66
2741,Miguel Sánchez Reyes,Recursos Humanos,Reclutamiento,2026-06-26,4.6,2.5,3.0,4.2,2.6,3.4,3.3,5.2,4.9,4.6,4.42,4.9,6.9,5.4,5.3,6.9,5.86,4.4,4.0,4.8,5.1,4.5,4.53
2742,Mariana Gómez Vázquez,Tecnología,Desarrollo,2026-04-30,5.9,9.0,7.6,10.0,6.1,7.66,7.1,8.2,9.0,6.9,7.7,9.5,5.6,5.2,6.9,4.8,6.57,10.0,7.8,10.0,7.6,10.0,8.97
2743,Karla Rodríguez Sánchez,Ventas,Atención a Clientes,2026-04-16,4.6,3.2,3.1,4.5,2.9,3.68,6.1,4.5,7.5,6.6,6.1,3.3,1.7,3.6,2.7,4.2,3.0,3.1,4.2,7.1,4.3,3.5,4.46
2744,Gabriela Sánchez Pérez,Finanzas,Tesorería,2026-04-05,7.4,9.2,7.7,7.6,5.7,7.68,8.4,7.0,5.8,7.1,7.2,8.5,7.2,9.2,6.7,8.1,7.98,9.1,10.0,7.7,8.0,9.5,8.86
2745,Pedro Morales Ramírez,Marketing,Comunicación de Marca,2026-03-22,5.2,3.1,5.9,6.0,6.6,5.14,5.2,5.7,3.5,5.0,4.94,5.8,7.5,6.3,6.3,5.7,6.38,8.5,5.5,4.6,6.0,4.8,6.1
2746,Pedro Romero Sánchez,Ventas,Ventas Nacionales,2025-10-16,5.4,7.1,7.5,6.8,5.2,6.42,6.0,7.3,5.8,5.8,6.24,7.1,8.2,5.5,7.2,8.6,7.3,5.8,5.5,5.6,6.3,6.0,5.8
2747,Diego Flores Torres,Ventas,Ventas Nacionales,2026-01-13,10.0,7.5,7.2,9.5,7.6,8.38,7.4,7.5,8.6,10.0,8.32,6.6,6.7,8.5,7.5,7.2,7.23,6.3,7.3,6.5,7.8,8.4,7.1
2748,Raúl Rodríguez Vázquez,Recursos Humanos,Nómina,2025-10-15,4.9,8.3,6.0,8.5,6.7,6.78,7.6,6.4,7.8,8.0,7.44,9.8,9.6,7.4,8.7,10.0,9.14,7.1,8.6,4.3,5.1,6.9,6.5
2749,Alejandro Gómez Cruz,Operaciones,Control de Calidad,2026-05-03,7.1,5.5,5.6,4.5,3.7,5.5,6.4,6.2,7.2,7.4,6.76,10.0,8.2,7.0,6.1,9.7,8.32,6.1,8.3,7.2,7.2,7.3,7.21
2750,Jorge Cruz Romero,Ventas,Ventas Nacionales,2026-02-28,6.2,5.7,5.0,6.0,7.0,5.92,5.0,5.3,5.8,5.5,5.36,3.9,3.8,4.3,4.5,4.9,4.19,6.2,6.1,5.4,6.3,6.7,6.08
2751,Karla Hernández García,Recursos Humanos,Nómina,2026-07-31,3.7,5.7,5.2,6.3,5.2,5.12,7.7,6.7,8.4,8.0,7.67,3.5,5.2,7.1,5.5,7.1,5.48,3.1,4.4,4.4,4.6,5.0,4.18
2752,Diego Ortiz Flores,Marketing,Marketing Digital,2026-05-29,8.9,8.4,6.9,7.2,8.8,8.1,6.0,6.5,6.0,8.6,6.78,6.0,6.5,6.9,6.8,6.6,6.52,4.6,6.0,5.8,4.3,4.9,5.16
2753,Andrea Vázquez Rodríguez,Finanzas,Contabilidad,2026-02-06,8.5,7.8,7.5,8.3,9.5,8.25,6.8,8.1,6.7,9.1,7.68,8.1,6.4,7.1,7.8,8.1,7.43,6.6,5.2,6.1,5.9,7.3,6.08
2754,Camila Reyes Torres,Finanzas,Auditoría Interna,2026-07-07,4.8,8.4,7.7,8.0,7.4,7.15,5.2,3.5,3.2,1.6,3.48,5.5,8.1,4.8,7.9,4.3,6.19,5.4,4.2,3.0,5.5,5.1,4.61
2755,Gabriela Reyes Martínez,Ventas,Ventas Nacionales,2025-09-22,5.5,6.6,8.7,6.4,3.6,6.26,7.4,4.4,2.0,6.0,5.22,4.5,3.8,5.1,4.5,5.1,4.54,7.0,5.7,4.0,5.6,4.8,5.57
2756,Fernanda López Rodríguez,Recursos Humanos,Reclutamiento,2026-05-31,7.5,7.9,7.6,6.1,6.5,7.26,8.7,6.3,5.2,5.5,6.6,7.6,5.9,6.6,7.3,6.6,6.78,6.8,9.9,6.1,8.5,9.5,8.04
2757,Luis Rodríguez Sánchez,Tecnología,Desarrollo,2026-07-11,7.6,4.6,7.2,5.2,8.2,6.5,5.9,4.5,7.1,5.7,5.74,6.6,7.5,7.3,8.0,7.2,7.26,5.3,8.5,4.6,4.9,6.7,6.02
2758,María López Rodríguez,Marketing,Investigación de Mercado,2025-11-27,9.2,10.0,10.0,9.4,10.0,9.71,9.1,8.7,9.8,8.1,8.89,10.0,9.3,8.3,9.7,10.0,9.44,10.0,10.0,9.5,10.0,10.0,9.9
2759,Juan Gómez Vázquez,Operaciones,Logística,2026-08-06,3.0,6.3,6.0,6.0,5.7,5.28,6.9,6.4,4.9,7.0,6.4,7.4,8.5,9.0,7.9,8.2,8.19,8.4,4.6,5.8,4.7,5.4,5.89
2760,Valeria Hernández Vázquez,Operaciones,Logística,2026-05-12,5.7,2.8,4.7,3.8,3.4,4.14,3.9,4.4,4.4,3.2,3.95,3.1,3.0,5.9,6.9,3.0,4.19,4.1,3.2,4.0,3.8,5.3,3.92
2761,Karla Ramírez García,Ventas,Ventas Nacionales,2026-06-27,6.8,6.0,6.8,7.5,7.2,6.76,5.6,4.4,2.9,4.8,4.56,5.7,4.1,7.2,4.7,6.2,5.52,7.5,8.8,5.6,6.2,7.7,7.2
2762,Diego Vázquez García,Recursos Humanos,Capacitación,2025-12-28,4.0,9.0,7.4,5.4,6.9,6.58,6.7,5.5,4.2,6.0,5.72,7.1,7.0,8.2,7.4,6.2,7.2,4.5,3.7,4.8,4.4,5.4,4.43
2763,José Ramírez Rodríguez,Marketing,Investigación de Mercado,2025-11-04,8.7,7.9,8.4,6.4,8.6,8.08,7.7,8.8,7.9,7.3,7.92,10.0,7.9,10.0,9.7,9.1,9.3,7.2,8.6,8.5,9.0,9.9,8.44
2764,Paola Cruz Pérez,Finanzas,Contabilidad,2026-06-28,5.8,4.9,3.8,7.4,6.5,5.52,3.7,3.3,6.2,4.2,4.23,4.8,3.5,3.5,2.5,4.4,3.81,3.8,5.8,5.9,3.9,4.6,4.82
2765,José García Martínez,Recursos Humanos,Capacitación,2026-04-09,3.2,4.0,1.9,2.6,4.7,3.28,3.6,3.5,5.3,2.9,3.74,4.2,3.0,3.1,2.3,4.6,3.45,1.7,2.0,5.1,2.6,2.7,2.74
2766,Valeria Vázquez Cruz,Tecnología,Soporte Técnico,2026-03-17,5.1,5.4,6.5,7.2,6.5,5.98,6.0,6.7,5.9,6.3,6.23,6.2,5.2,4.6,7.5,6.3,5.84,8.2,8.0,4.3,6.4,5.7,6.76
2767,Juan Cruz Romero,Ventas,Ventas Internacionales,2025-12-29,4.5,5.4,4.0,5.9,3.5,4.69,7.3,5.1,5.2,5.5,5.88,4.9,3.9,5.2,5.8,6.1,5.03,5.2,2.8,4.9,2.9,4.3,3.99
2768,Carlos Flores Rodríguez,Ventas,Ventas Internacionales,2026-05-02,6.2,6.1,7.3,5.7,5.5,6.22,5.0,4.2,6.8,5.9,5.38,6.3,5.4,5.2,5.3,6.7,5.76,7.0,5.3,4.2,7.1,4.3,5.76
2769,Daniela Cruz Flores,Ventas,Ventas Nacionales,2026-03-01,6.1,6.2,7.2,5.6,5.1,6.12,8.3,7.1,9.7,6.6,7.86,5.7,5.9,7.8,7.6,8.8,6.92,5.3,5.2,6.3,6.2,5.1,5.64
2770,Paola Torres Morales,Operaciones,Producción,2026-03-08,6.2,5.3,5.1,5.0,5.3,5.44,7.0,4.4,7.9,6.9,6.51,5.6,6.7,5.7,5.2,5.1,5.76,4.6,5.1,3.2,5.5,4.7,4.64
2771,José García Cruz,Recursos Humanos,Nómina,2026-09-03,7.0,10.0,10.0,9.8,10.0,9.22,7.6,9.6,7.9,9.4,8.61,7.0,10.0,8.3,9.7,8.1,8.58,7.1,9.2,7.6,7.5,8.0,7.89
2772,Camila García Martínez,Ventas,Ventas Nacionales,2026-02-11,6.6,6.4,6.6,5.5,8.6,6.68,5.0,5.2,5.4,4.5,5.0,3.9,6.8,4.6,7.7,6.5,5.72,6.7,3.5,4.7,4.2,5.4,4.87
2773,Valeria Flores González,Recursos Humanos,Reclutamiento,2026-02-12,6.8,6.1,6.3,6.1,6.7,6.4,5.0,5.5,5.1,4.1,4.92,5.1,6.2,4.5,5.7,5.4,5.39,6.9,5.6,5.7,6.1,3.6,5.85
2774,Laura Jiménez Rodríguez,Ventas,Ventas Nacionales,2025-09-11,6.8,7.7,6.6,6.5,7.2,7.0,9.5,8.3,8.4,7.4,8.46,4.7,6.8,5.1,3.6,6.6,5.43,5.1,4.5,3.1,7.0,5.3,4.95
2775,Karla Pérez Rodríguez,Marketing,Comunicación de Marca,2026-03-05,7.7,6.6,7.2,9.4,6.5,7.4,7.1,7.2,8.7,8.7,7.84,8.4,7.9,9.8,7.2,6.7,8.12,6.9,9.3,8.1,5.5,8.4,7.61
2776,Pedro Sánchez Ramírez,Tecnología,Infraestructura,2025-10-14,7.2,7.5,4.6,5.2,5.2,6.16,4.5,4.8,4.4,6.4,5.03,5.0,5.9,6.9,3.4,5.8,5.48,4.1,4.4,4.6,6.0,5.7,4.82
2777,Luis Reyes García,Recursos Humanos,Nómina,2026-05-03,6.6,4.0,3.3,4.0,4.5,4.58,2.7,4.9,6.4,5.4,4.67,7.2,7.4,7.5,5.7,7.2,7.09,9.1,6.7,7.6,5.6,7.5,7.34
2778,Carlos Torres García,Recursos Humanos,Reclutamiento,2025-12-28,5.1,6.8,4.7,4.9,4.8,5.37,4.1,7.5,5.6,6.2,5.78,5.8,7.1,4.1,8.0,5.3,6.04,5.2,4.6,4.1,5.1,3.5,4.64
2779,Ximena Cruz Ramírez,Tecnología,Soporte Técnico,2025-10-13,3.9,5.6,6.3,4.4,4.6,4.98,3.6,2.6,3.3,3.5,3.26,5.9,4.6,3.4,2.7,3.9,4.3,5.4,4.9,6.2,3.1,3.9,4.82
2780,Andrea Reyes Flores,Ventas,Ventas Nacionales,2026-07-13,6.3,4.9,3.8,3.5,5.0,4.84,2.6,6.2,3.9,3.4,3.96,6.1,7.2,6.1,5.2,4.3,5.97,5.8,7.8,5.3,6.6,6.2,6.4
2781,Pedro Romero González,Marketing,Comunicación de Marca,2026-02-13,4.9,3.0,2.2,4.8,1.4,3.34,5.4,4.9,4.3,4.9,4.93,4.1,2.8,2.9,5.3,3.7,3.66,5.2,4.2,4.6,5.5,4.7,4.84
2782,Valeria Sánchez Romero,Recursos Humanos,Capacitación,2025-10-07,7.9,8.6,7.9,8.8,9.7,8.48,9.2,8.1,9.7,8.4,8.82,7.9,9.3,8.7,8.4,9.9,8.78,9.1,10.0,8.0,9.6,10.0,9.3
2783,Sofía Pérez Torres,Ventas,Ventas Internacionales,2026-02-17,6.2,8.0,6.5,7.8,8.7,7.32,4.3,7.6,7.9,4.4,5.87,5.8,5.5,5.3,6.6,5.4,5.68,5.4,2.5,4.5,5.2,6.1,4.53
2784,Sergio López Morales,Recursos Humanos,Capacitación,2025-10-17,10.0,8.9,10.0,10.0,10.0,9.72,9.7,10.0,10.0,10.0,9.91,10.0,10.0,9.2,8.6,9.7,9.58,9.1,9.0,8.5,9.5,10.0,9.12
2785,Daniela Reyes Morales,Recursos Humanos,Nómina,2026-04-07,4.5,5.7,5.1,5.0,5.6,5.16,4.8,5.6,5.7,5.6,5.38,5.4,4.9,4.4,6.7,4.5,5.14,5.7,6.6,6.6,4.9,5.6,5.94
2786,Ximena Castillo Jiménez,Recursos Humanos,Nómina,2025-10-19,5.0,6.8,6.9,5.9,6.1,6.13,7.3,7.4,4.2,7.3,6.7,7.0,4.8,5.5,6.2,7.0,6.03,5.4,6.6,5.7,5.2,3.5,5.53
2787,Valeria Gómez Hernández,Marketing,Comunicación de Marca,2026-01-21,6.8,6.4,6.7,6.9,6.8,6.7,4.2,7.7,5.7,8.4,6.43,7.2,4.5,2.4,6.9,7.0,5.49,3.4,3.9,5.8,6.4,6.8,4.94
2788,Francisco Vázquez López,Marketing,Investigación de Mercado,2026-03-17,2.7,1.1,1.7,0.5,3.4,1.88,2.7,1.4,2.2,3.2,2.4,4.9,5.0,2.8,1.1,3.3,3.7,1.0,2.3,1.5,3.8,2.8,2.16
2789,Pedro Jiménez Sánchez,Marketing,Comunicación de Marca,2026-06-21,8.9,7.4,7.1,7.6,6.4,7.6,7.0,8.8,8.2,6.8,7.64,7.8,5.8,7.7,8.4,7.8,7.37,7.7,5.9,7.2,5.8,5.2,6.52
2790,Paola Flores Castillo,Operaciones,Control de Calidad,2026-07-07,3.6,4.5,4.2,4.2,6.6,4.49,4.4,4.1,5.4,3.8,4.38,2.8,3.8,1.8,3.1,2.0,2.77,4.9,5.5,4.6,4.7,3.2,4.78
2791,Ximena Ortiz Jiménez,Tecnología,Soporte Técnico,2026-05-25,6.7,6.0,9.0,5.1,7.9,6.92,8.6,7.1,9.0,8.8,8.36,6.7,7.9,8.4,6.3,7.1,7.34,7.7,5.4,8.6,6.7,6.7,7.0
2792,Juan Castillo López,Ventas,Atención a Clientes,2025-12-06,3.6,3.5,3.4,2.8,3.8,3.44,3.6,2.8,4.4,4.0,3.66,2.6,4.4,2.4,2.9,2.1,2.98,1.6,3.7,0.0,3.7,2.9,2.36
2793,Luis Martínez Castillo,Tecnología,Infraestructura,2026-03-21,5.3,5.3,5.8,6.7,9.0,6.16,9.6,6.1,6.7,8.9,7.97,4.3,3.6,3.4,4.1,3.7,3.82,5.4,6.4,6.6,6.8,5.1,6.14
2794,Paola González Martínez,Marketing,Comunicación de Marca,2026-04-19,2.7,5.0,0.8,4.9,4.9,3.56,3.4,4.0,3.3,3.5,3.56,2.4,1.7,3.3,2.4,2.0,2.34,5.2,4.8,4.4,3.8,4.7,4.61
2795,Fernanda Torres Romero,Tecnología,Desarrollo,2026-03-21,6.5,6.0,6.4,4.7,5.7,5.96,4.4,6.1,4.8,4.6,4.96,7.6,5.3,5.8,6.5,7.7,6.52,6.2,7.9,7.6,8.2,8.5,7.54
2796,Andrea Reyes Ortiz,Marketing,Comunicación de Marca,2026-05-05,4.2,6.7,3.3,7.9,4.4,5.23,8.5,7.4,6.4,5.2,6.98,5.9,6.5,5.7,7.2,4.5,6.0,4.0,5.4,5.8,3.2,5.0,4.65
2797,Camila Pérez Romero,Finanzas,Tesorería,2025-11-17,5.6,4.6,7.0,5.4,6.0,5.66,7.4,8.0,8.0,8.4,7.92,9.8,10.0,8.5,7.8,10.0,9.32,6.9,9.5,9.3,9.2,7.4,8.54
2798,Diego Castillo López,Marketing,Marketing Digital,2026-04-18,7.4,8.0,7.8,5.7,7.5,7.39,7.5,7.0,8.6,7.6,7.62,5.4,6.7,6.6,7.4,5.8,6.33,7.7,6.4,6.3,7.5,7.4,7.02
2799,Juan Gómez Jiménez,Finanzas,Tesorería,2026-03-19,5.0,5.3,5.5,6.5,3.8,5.22,5.7,3.1,0.6,4.3,3.68,2.8,6.0,3.3,1.9,2.4,3.51,3.4,4.0,2.7,5.3,3.9,3.84
2800,Luis Gómez López,Marketing,Comunicación de Marca,2026-02-15,6.3,7.8,7.2,6.8,6.7,6.99,7.5,8.3,9.5,8.7,8.4,8.5,8.5,7.8,10.0,9.8,8.78,9.5,9.1,8.6,6.1,6.1,8.2
2801,Valeria González Martínez,Ventas,Atención a Clientes,2026-01-15,6.3,5.8,6.4,8.1,6.7,6.52,5.8,6.1,4.8,5.2,5.52,6.7,5.9,5.7,7.7,7.4,6.56,7.5,7.6,8.2,7.3,8.0,7.68
2802,Sergio Ortiz López,Marketing,Comunicación de Marca,2026-05-09,4.8,6.1,7.0,5.5,7.2,6.03,6.6,7.6,8.5,8.6,7.73,8.9,7.9,8.0,7.8,7.0,8.02,7.9,5.2,5.9,6.1,6.5,6.32
2803,Juan Reyes García,Operaciones,Control de Calidad,2026-08-12,4.3,5.8,4.0,4.7,7.1,5.1,5.0,5.3,4.1,3.8,4.6,7.9,7.4,7.0,7.3,6.5,7.3,8.4,6.2,7.7,6.6,7.3,7.24
2804,Francisco Castillo Vázquez,Finanzas,Tesorería,2025-12-30,10.0,7.9,9.9,7.8,9.3,9.02,7.3,10.0,9.7,9.5,9.0,6.9,6.3,8.5,8.0,8.2,7.43,10.0,10.0,7.4,6.3,8.3,8.57
2805,Carlos Hernández Jiménez,Marketing,Comunicación de Marca,2026-02-15,2.7,3.6,3.4,4.2,3.5,3.41,3.2,4.9,2.5,5.0,3.94,2.1,3.2,0.7,2.2,1.8,2.07,4.1,2.9,4.3,3.6,1.5,3.48
2806,José Rodríguez Cruz,Recursos Humanos,Reclutamiento,2026-01-14,8.8,7.3,6.8,8.2,4.9,7.35,8.3,7.6,7.6,5.9,7.38,9.5,8.4,10.0,7.7,9.1,8.99,9.9,6.2,9.4,8.0,9.1,8.42
2807,Francisco González Vázquez,Recursos Humanos,Reclutamiento,2026-02-21,2.8,2.6,4.6,2.1,3.8,3.16,3.5,4.4,4.4,2.5,3.66,4.0,2.6,2.6,2.8,1.1,2.76,2.5,2.6,2.9,3.3,3.2,2.84
2808,Valeria González Ramírez,Operaciones,Logística,2026-03-06,9.9,8.6,9.4,8.8,7.7,8.98,6.0,9.2,7.9,8.5,7.8,8.1,8.0,7.6,5.2,7.6,7.46,8.0,9.7,8.3,8.9,8.9,8.76
2809,José Cruz Pérez,Operaciones,Control de Calidad,2025-09-26,4.0,3.2,1.3,3.8,3.4,3.14,4.1,2.7,4.3,2.8,3.46,5.4,4.7,4.0,5.1,3.3,4.58,1.8,2.9,4.0,3.9,2.7,3.02
2810,Ana Morales Morales,Finanzas,Tesorería,2026-08-19,8.6,10.0,9.7,8.1,8.6,9.09,7.3,9.2,8.4,7.5,8.04,8.8,7.5,7.3,9.4,8.0,8.14,8.7,9.7,8.1,8.8,8.5,8.83
2811,Juan Hernández Martínez,Recursos Humanos,Nómina,2026-08-05,8.7,10.0,9.4,10.0,9.9,9.54,10.0,7.1,8.6,10.0,9.0,9.7,7.7,9.1,8.7,10.0,8.98,9.5,8.8,9.4,10.0,10.0,9.46
2812,Valeria Sánchez Martínez,Marketing,Investigación de Mercado,2025-10-01,7.8,6.8,8.7,7.8,6.2,7.49,8.0,9.8,8.1,7.9,8.44,7.6,7.3,6.8,8.8,6.1,7.32,8.2,8.9,6.2,8.3,8.3,8.01
2813,Laura Romero Pérez,Finanzas,Tesorería,2025-10-19,5.9,6.0,6.8,5.9,5.6,6.06,5.4,6.1,7.6,6.0,6.16,5.0,6.6,7.5,6.3,6.7,6.35,6.3,7.2,5.2,5.9,6.8,6.28
2814,Valeria Flores Hernández,Operaciones,Control de Calidad,2026-04-10,5.7,5.0,3.4,4.6,5.2,4.82,4.9,3.6,5.7,3.7,4.44,3.9,5.0,3.2,4.3,5.6,4.35,5.8,5.6,6.5,4.0,5.2,5.47
2815,Miguel García Torres,Ventas,Ventas Internacionales,2026-02-22,7.2,5.0,7.7,5.6,6.4,6.39,5.9,7.1,9.2,5.8,6.84,8.6,8.6,9.0,9.0,8.6,8.74,8.2,9.6,10.0,9.4,7.0,9.03
2816,Daniela Flores Hernández,Recursos Humanos,Capacitación,2026-03-27,2.0,2.3,3.3,4.2,4.9,3.1,6.1,6.9,2.9,5.3,5.46,7.5,6.1,5.2,6.3,5.5,6.21,4.0,5.6,3.2,2.7,3.0,3.88
2817,Mariana González Morales,Finanzas,Contabilidad,2025-09-09,3.8,4.9,4.2,5.0,4.4,4.42,4.5,8.4,5.3,3.9,5.48,6.3,3.3,2.9,3.9,5.7,4.42,4.2,6.2,5.7,5.7,5.1,5.39
2818,Pedro Torres Reyes,Operaciones,Producción,2026-03-25,6.2,8.7,6.9,8.2,6.6,7.32,5.4,5.6,5.9,5.0,5.45,4.9,4.2,6.9,6.0,3.6,5.1,7.8,4.5,6.2,8.7,6.9,6.75
2819,Pedro Hernández Romero,Recursos Humanos,Reclutamiento,2025-12-04,6.5,7.8,7.6,6.1,7.5,7.14,6.7,5.8,6.4,5.9,6.22,7.6,6.4,6.1,6.8,6.3,6.68,4.2,6.6,6.0,4.9,6.0,5.48
2820,Andrea Cruz Pérez,Marketing,Marketing Digital,2026-04-27,5.1,4.6,4.9,4.1,6.3,4.96,7.2,6.7,5.9,7.6,6.92,5.3,6.0,7.4,3.8,6.3,5.82,6.8,8.6,7.3,6.8,7.7,7.44
2821,Francisco Romero Jiménez,Finanzas,Contabilidad,2026-04-21,3.8,3.7,5.8,4.1,6.9,4.68,5.7,5.4,4.6,4.5,5.11,1.8,3.6,5.4,4.3,4.6,3.76,6.5,7.1,3.9,5.8,6.3,5.97
2822,María Flores Torres,Operaciones,Logística,2026-01-04,2.1,1.0,0.3,4.2,3.1,1.93,1.8,5.1,3.3,2.5,3.1,3.8,0.0,0.8,1.4,0.8,1.44,3.8,3.6,3.2,2.0,4.0,3.29
2823,Fernanda Vázquez Torres,Marketing,Marketing Digital,2026-04-15,4.8,2.5,5.7,4.3,3.1,4.08,6.4,4.9,3.3,3.5,4.68,3.5,6.2,7.2,5.2,6.9,5.68,6.4,6.0,6.0,7.0,6.1,6.31
2824,José Morales Hernández,Tecnología,Desarrollo,2026-09-02,9.8,9.6,10.0,9.8,10.0,9.82,8.6,8.8,7.5,10.0,8.78,5.6,8.3,8.5,8.1,9.1,7.76,8.1,10.0,9.1,8.5,9.8,9.03
2825,Paola Ramírez Ortiz,Marketing,Marketing Digital,2026-07-06,4.2,6.3,6.2,2.8,6.2,5.22,3.3,4.7,5.1,5.2,4.49,5.4,5.5,4.4,5.6,1.4,4.66,1.4,5.1,5.9,4.7,5.1,4.26
2826,Pedro Flores Rodríguez,Tecnología,Infraestructura,2025-10-24,8.3,8.9,9.4,8.6,10.0,8.97,7.7,7.0,10.0,7.3,7.89,7.6,8.2,6.8,6.2,8.6,7.53,9.4,6.9,6.8,8.3,10.0,8.1
2827,Karla Jiménez Reyes,Recursos Humanos,Reclutamiento,2026-04-27,6.9,3.3,4.5,4.2,4.5,4.76,5.8,6.9,6.2,4.6,5.86,6.2,6.6,4.9,7.0,5.6,6.07,5.6,6.9,4.7,4.1,6.0,5.49
2828,Gabriela Romero Ortiz,Operaciones,Producción,2026-08-01,6.6,6.4,6.7,7.7,8.5,7.02,7.7,8.1,7.5,8.8,8.04,10.0,6.8,8.4,7.8,8.9,8.39,7.9,6.4,5.8,7.2,7.0,6.88
2829,Ana Flores Flores,Recursos Humanos,Reclutamiento,2025-09-30,3.6,5.5,4.5,5.5,5.5,4.82,6.2,6.2,6.0,4.9,5.84,7.9,6.8,6.0,8.1,8.2,7.32,4.5,3.7,7.1,6.9,5.3,5.38
2830,Diego Rodríguez Torres,Operaciones,Control de Calidad,2025-09-08,7.0,7.5,5.9,5.0,7.0,6.6,5.1,6.6,6.1,6.4,6.0,6.2,7.9,6.0,4.9,5.6,6.3,5.5,5.9,4.6,6.1,7.1,5.7
2831,Fernanda Pérez Flores,Finanzas,Contabilidad,2026-03-09,5.4,6.0,5.2,5.5,5.1,5.48,4.4,6.1,6.2,5.6,5.48,4.6,5.8,5.0,6.6,4.7,5.3,5.5,6.5,7.2,6.9,6.5,6.47
2832,Mariana Sánchez García,Marketing,Comunicación de Marca,2026-01-21,5.1,5.6,3.6,4.6,3.3,4.58,2.9,3.2,2.5,3.6,3.07,2.6,4.8,4.2,3.8,4.2,3.89,3.0,3.5,2.3,4.1,3.3,3.24
2833,Ximena Hernández Reyes,Recursos Humanos,Capacitación,2025-12-06,5.7,5.7,7.8,4.7,6.8,6.14,7.5,7.8,5.5,6.4,6.9,6.6,6.8,5.6,4.0,7.6,6.21,7.0,4.5,7.0,3.6,6.8,5.68
2834,Sergio Pérez Sánchez,Tecnología,Infraestructura,2026-08-14,4.0,3.7,1.5,2.5,3.4,3.11,3.7,2.8,4.5,4.5,3.84,3.9,3.3,4.1,4.1,4.7,3.94,1.7,4.2,4.8,3.4,5.0,3.62
2835,Sofía López Hernández,Finanzas,Tesorería,2026-05-22,5.6,4.7,7.0,6.9,4.3,5.66,5.3,5.5,5.0,4.2,5.01,7.1,8.9,6.1,9.0,6.2,7.5,7.0,4.2,4.6,2.9,2.7,4.57
2836,Laura Flores Rodríguez,Marketing,Investigación de Mercado,2026-02-14,8.7,8.2,7.6,8.2,9.8,8.44,10.0,10.0,9.4,9.2,9.68,9.4,10.0,9.3,10.0,10.0,9.71,7.3,8.6,8.8,9.0,9.1,8.44
2837,María Ortiz Jiménez,Marketing,Comunicación de Marca,2026-02-19,3.2,0.5,0.8,2.4,0.0,1.44,3.7,2.0,3.0,0.5,2.34,1.9,0.7,2.1,0.9,1.1,1.37,1.6,2.5,2.6,2.4,1.0,2.12
2838,José Ortiz García,Finanzas,Auditoría Interna,2026-05-10,4.0,7.1,5.3,6.2,5.5,5.59,4.0,6.7,4.9,4.8,5.06,7.1,5.7,4.9,5.4,6.0,5.89,4.8,4.9,5.4,4.1,8.3,5.16
2839,Andrea Flores Rodríguez,Finanzas,Tesorería,2026-09-07,6.2,7.3,6.4,6.3,5.8,6.47,6.3,6.8,6.2,8.5,6.96,6.6,8.8,8.9,7.7,6.3,7.73,10.0,7.2,8.9,9.1,7.7,8.67
2840,Raúl Castillo Pérez,Recursos Humanos,Nómina,2025-09-25,7.5,4.4,9.4,8.0,9.7,7.51,10.0,9.3,8.7,7.7,8.99,6.7,8.9,8.9,8.6,8.8,8.29,8.7,7.6,7.7,6.7,8.5,7.8
2841,Alejandro Romero Torres,Operaciones,Control de Calidad,2026-01-26,1.6,4.0,4.2,3.8,3.0,3.26,4.4,3.9,3.1,3.8,3.86,5.2,1.8,4.8,2.1,3.6,3.56,3.7,3.5,4.0,4.8,5.3,4.09
2842,Pedro Cruz Pérez,Operaciones,Control de Calidad,2025-12-06,3.9,5.5,4.1,6.3,4.5,4.79,6.6,5.3,5.5,5.8,5.86,4.8,4.0,6.1,2.8,4.6,4.53,3.6,4.1,3.8,5.9,4.4,4.3
2843,Diego Ortiz Castillo,Tecnología,Infraestructura,2026-04-01,6.0,5.7,9.6,5.7,6.9,6.74,6.8,7.0,6.7,5.1,6.4,8.6,8.0,8.6,9.6,9.5,8.74,6.0,4.9,6.6,6.7,5.7,5.96
2844,Valeria Torres Rodríguez,Recursos Humanos,Reclutamiento,2026-03-06,7.7,7.2,6.6,6.5,7.5,7.14,7.2,5.8,6.7,7.9,6.93,5.5,7.2,6.5,5.3,7.1,6.33,7.1,6.5,6.1,6.4,8.6,6.76
2845,Miguel Cruz Flores,Marketing,Investigación de Mercado,2026-03-29,9.0,8.9,9.2,10.0,9.9,9.3,7.3,10.0,8.8,10.0,8.95,8.8,10.0,10.0,10.0,10.0,9.7,6.3,7.6,8.3,8.0,10.0,7.74
2846,Sergio Morales Vázquez,Ventas,Ventas Internacionales,2026-04-04,5.9,3.8,5.4,7.5,7.0,5.68,7.1,5.4,7.3,6.1,6.46,9.1,5.8,7.8,6.6,7.1,7.34,4.1,4.9,5.7,5.8,5.5,5.1
2847,María Vázquez Rodríguez,Ventas,Atención a Clientes,2026-01-06,8.9,10.0,8.5,8.6,9.1,9.08,7.8,7.1,9.5,7.6,7.92,4.9,5.5,7.3,5.4,7.5,6.0,7.1,8.7,8.5,6.9,7.7,7.8
2848,Ximena Flores Flores,Operaciones,Logística,2025-09-09,2.0,3.0,2.6,3.0,4.1,2.83,2.9,4.4,6.3,2.0,3.73,2.5,2.8,1.8,2.0,1.7,2.24,3.4,1.9,4.3,2.7,1.6,2.88
2849,Ana Ortiz Torres,Recursos Humanos,Nómina,2025-11-28,4.8,4.0,4.8,5.0,3.1,4.38,3.8,2.4,4.9,1.7,3.14,4.1,3.8,5.4,3.4,4.1,4.18,3.3,5.3,3.6,3.7,5.0,4.11
2850,Pedro Martínez González,Operaciones,Logística,2026-01-07,7.3,5.3,6.6,6.5,5.5,6.27,6.2,6.5,6.2,7.5,6.6,6.7,6.1,4.5,6.2,5.7,5.88,8.7,7.9,6.7,8.6,7.6,7.97
2851,Pedro García Rodríguez,Tecnología,Soporte Técnico,2026-09-03,5.3,6.3,8.0,7.7,4.9,6.39,7.6,5.2,5.9,6.2,6.31,5.8,6.9,5.5,5.2,6.2,5.98,5.6,6.1,5.8,8.0,5.8,6.26
2852,Fernanda Castillo Gómez,Operaciones,Control de Calidad,2026-03-04,6.3,4.7,3.7,5.8,6.3,5.31,5.2,5.6,4.6,5.9,5.36,6.2,5.0,2.3,3.2,4.5,4.42,5.7,5.6,3.3,5.8,5.5,5.2
2853,Camila Pérez Morales,Marketing,Marketing Digital,2025-09-24,5.7,5.3,7.1,7.1,5.4,6.04,7.2,7.5,5.2,5.9,6.55,6.6,5.5,6.7,6.8,6.8,6.4,7.7,6.8,8.0,6.9,5.4,7.14
2854,Valeria Romero García,Recursos Humanos,Nómina,2026-04-15,5.1,7.7,6.2,6.0,7.4,6.45,4.4,4.1,6.0,5.7,4.97,5.7,7.2,5.8,5.3,6.0,6.08,5.7,5.6,3.8,4.4,6.8,5.14
2855,Ximena Ramírez López,Recursos Humanos,Nómina,2026-02-19,8.1,8.5,8.0,6.8,8.1,7.98,6.5,7.8,6.4,8.9,7.4,8.5,9.5,7.9,9.4,7.6,8.63,7.5,7.8,7.9,8.0,5.7,7.58
2856,Karla Vázquez López,Finanzas,Contabilidad,2026-05-12,7.4,7.3,5.8,6.5,7.0,6.86,6.8,7.3,5.1,7.8,6.84,7.7,9.6,7.1,7.1,4.6,7.5,5.9,10.0,6.3,7.9,7.2,7.54
2857,José Gómez Castillo,Recursos Humanos,Reclutamiento,2026-06-30,8.3,8.2,7.2,8.2,8.8,8.12,10.0,7.1,7.5,8.8,8.48,10.0,8.1,7.6,9.1,8.8,8.73,7.9,5.9,10.0,8.8,8.9,8.1
2858,Luis Castillo Castillo,Operaciones,Logística,2025-12-24,6.5,6.1,7.5,8.2,5.7,6.74,6.3,6.0,6.8,5.6,6.15,4.5,7.4,6.6,5.5,7.7,6.28,6.5,7.1,6.7,8.8,8.1,7.31
2859,Ximena González Morales,Recursos Humanos,Nómina,2026-05-16,5.3,5.2,5.0,4.2,5.8,5.12,2.8,2.8,2.7,1.9,2.56,6.0,6.4,4.8,5.2,5.6,5.68,4.0,5.3,3.5,2.8,2.7,3.86
2860,Ximena Castillo Reyes,Operaciones,Control de Calidad,2026-02-05,8.4,9.8,8.4,9.3,8.7,8.93,10.0,9.7,7.8,10.0,9.48,9.7,9.8,8.3,9.3,8.5,9.2,8.3,8.5,8.8,8.5,7.9,8.45
2861,Laura Martínez Pérez,Finanzas,Tesorería,2026-02-03,8.5,8.2,9.3,7.5,9.7,8.62,8.6,8.5,9.8,8.7,8.84,8.8,8.1,6.5,8.2,6.5,7.73,9.4,9.0,8.9,9.0,7.4,8.92
2862,José Hernández Martínez,Tecnología,Desarrollo,2025-11-02,10.0,8.0,10.0,10.0,8.6,9.29,7.6,6.8,9.7,9.9,8.4,7.8,6.9,6.8,6.1,6.9,6.98,9.0,9.7,10.0,10.0,7.3,9.41
2863,Gabriela Morales Rodríguez,Finanzas,Contabilidad,2025-09-30,3.0,2.7,4.1,3.6,2.9,3.22,4.0,3.6,3.5,2.2,3.35,4.4,4.6,3.9,4.5,3.0,4.16,3.8,6.2,5.0,5.4,5.9,5.17
2864,Sergio Cruz Cruz,Marketing,Marketing Digital,2026-02-17,4.8,5.4,3.8,5.0,7.5,5.18,5.6,4.6,4.4,4.7,4.88,6.8,5.0,6.8,8.5,6.7,6.59,5.2,5.1,4.8,5.8,6.4,5.34
2865,Laura Cruz Hernández,Ventas,Ventas Internacionales,2026-08-20,10.0,9.0,7.8,10.0,8.6,9.1,7.7,9.0,8.2,8.9,8.43,9.5,7.6,10.0,9.6,8.3,8.96,8.5,8.6,7.0,8.5,5.0,7.88
2866,Alejandro Romero Rodríguez,Ventas,Atención a Clientes,2026-02-07,6.3,7.0,5.0,6.7,6.2,6.26,6.1,7.3,6.3,6.5,6.54,4.8,7.2,6.7,5.9,7.6,6.36,8.8,6.9,7.4,5.6,8.0,7.32
2867,Miguel Jiménez Ortiz,Tecnología,Desarrollo,2025-10-20,7.6,7.7,6.1,5.7,3.3,6.4,3.9,4.1,6.8,4.4,4.65,7.0,5.1,6.9,5.5,3.5,5.76,6.1,6.5,7.8,5.5,7.8,6.59
2868,Paola Pérez Torres,Finanzas,Auditoría Interna,2026-03-17,4.4,5.9,5.8,4.7,5.8,5.31,4.8,6.2,5.3,5.0,5.3,4.3,2.8,5.9,6.5,4.4,4.59,4.5,3.5,2.6,4.9,6.8,4.18
2869,Laura Romero Sánchez,Tecnología,Desarrollo,2026-02-13,5.5,5.0,5.1,4.9,5.8,5.25,5.0,7.2,3.7,6.3,5.62,5.1,6.0,4.0,6.4,6.9,5.57,7.0,6.4,7.7,7.4,5.0,6.87
2870,Daniela Torres García,Recursos Humanos,Capacitación,2025-12-03,9.4,8.5,9.4,9.1,9.9,9.2,6.5,8.4,7.7,6.9,7.32,9.5,9.2,9.5,6.9,6.8,8.63,9.3,8.5,8.9,8.7,10.0,8.97
2871,Laura López Ramírez,Operaciones,Control de Calidad,2026-03-31,10.0,9.3,8.9,6.5,8.0,8.78,6.4,10.0,8.5,8.9,8.35,7.3,7.8,7.4,9.3,5.7,7.51,8.1,8.0,9.0,9.4,9.2,8.62
2872,Andrea Hernández Sánchez,Finanzas,Tesorería,2026-04-09,9.7,8.8,8.0,8.0,8.6,8.72,8.1,8.2,7.8,7.1,7.82,8.2,7.3,9.5,8.6,7.7,8.22,8.9,6.6,9.2,8.0,7.5,8.06
2873,Gabriela Castillo García,Finanzas,Tesorería,2026-03-16,7.2,7.9,8.6,4.2,8.2,7.36,7.8,6.9,7.3,6.6,7.17,5.9,5.7,5.2,6.6,5.1,5.7,7.5,8.2,8.3,8.3,9.3,8.18
2874,Karla García Rodríguez,Marketing,Investigación de Mercado,2025-11-01,7.2,8.1,7.9,7.8,5.4,7.38,8.3,4.7,7.9,5.6,6.64,5.4,6.1,6.0,7.3,5.2,5.95,7.4,4.1,6.1,4.3,4.8,5.44
2875,Pedro Vázquez González,Finanzas,Tesorería,2026-03-13,3.2,2.5,4.1,4.1,2.9,3.3,4.4,2.6,1.6,4.0,3.29,2.3,3.3,3.1,2.5,0.0,2.4,1.6,0.4,2.1,2.0,1.7,1.49
2876,Sofía Vázquez Ortiz,Ventas,Ventas Nacionales,2026-05-11,4.8,3.1,3.3,5.5,5.6,4.3,4.9,6.1,3.4,5.3,5.0,6.6,5.3,4.7,5.3,6.0,5.61,5.2,4.5,4.6,3.9,2.4,4.36
2877,Sofía García Cruz,Tecnología,Desarrollo,2026-02-02,1.6,5.2,2.4,2.9,0.9,2.75,4.8,0.5,2.0,2.2,2.51,1.0,4.1,1.9,1.4,3.9,2.45,1.4,0.9,2.6,1.3,0.0,1.36
2878,Karla Cruz Castillo,Operaciones,Control de Calidad,2025-12-29,9.8,8.9,9.1,7.8,8.2,8.9,7.4,7.3,8.2,8.5,7.81,10.0,8.5,6.7,8.5,8.0,8.44,9.8,10.0,10.0,10.0,9.6,9.91
2879,Sergio Vázquez García,Marketing,Comunicación de Marca,2025-10-09,1.7,2.8,2.9,4.2,1.9,2.62,2.0,2.9,3.8,4.1,3.11,5.7,3.5,3.9,1.7,1.0,3.48,4.6,4.3,4.1,5.0,6.2,4.66
2880,Mariana Vázquez Ramírez,Finanzas,Auditoría Interna,2025-10-17,6.8,7.9,5.8,5.8,6.9,6.74,7.2,5.3,8.6,9.4,7.56,6.1,6.7,7.1,5.9,5.4,6.32,9.6,8.1,7.9,7.7,8.8,8.43
2881,Alejandro Ortiz Castillo,Tecnología,Desarrollo,2025-11-26,3.8,4.4,3.9,3.3,4.8,4.04,6.1,7.2,4.6,5.2,5.85,5.9,4.5,4.9,6.0,6.4,5.44,5.0,4.5,4.7,4.9,6.5,4.94
2882,Andrea García Reyes,Ventas,Ventas Nacionales,2025-12-01,6.5,6.8,5.7,6.3,5.4,6.22,7.2,7.1,6.9,6.6,6.96,5.8,3.7,6.5,3.2,6.4,5.11,6.2,6.1,4.8,8.1,5.1,6.16
2883,Valeria Martínez Ortiz,Ventas,Ventas Nacionales,2026-03-27,8.3,6.6,6.0,7.7,7.3,7.18,3.8,6.8,6.9,6.9,5.94,8.1,6.0,6.3,7.3,6.2,6.81,6.3,6.9,7.7,8.3,7.0,7.2
2884,Laura Gómez Morales,Ventas,Ventas Nacionales,2026-05-05,2.1,3.9,7.1,3.0,4.0,3.97,2.4,4.3,4.0,5.0,3.84,2.8,1.9,1.6,3.6,3.1,2.5,1.1,1.3,2.8,1.5,4.3,1.89
2885,Daniela Martínez García,Marketing,Investigación de Mercado,2026-02-14,6.9,6.8,5.0,6.0,6.4,6.28,7.4,6.2,4.8,7.4,6.58,7.1,8.2,7.2,4.7,5.0,6.72,7.3,6.8,7.1,5.7,6.8,6.76
2886,Francisco Ramírez Ortiz,Ventas,Ventas Nacionales,2025-12-24,5.8,6.5,6.3,6.9,6.9,6.4,4.8,6.1,6.4,6.2,5.8,7.1,5.7,3.9,5.1,5.6,5.58,5.3,5.4,5.7,4.7,3.4,5.1
2887,Carlos Castillo Castillo,Marketing,Comunicación de Marca,2026-03-02,6.7,7.3,7.7,7.5,6.3,7.11,7.3,6.4,6.6,8.3,7.18,6.1,7.3,8.4,6.5,6.7,7.01,7.4,8.3,8.5,6.6,8.9,7.84
2888,Juan Reyes Castillo,Recursos Humanos,Reclutamiento,2026-06-24,7.2,8.1,8.0,8.6,6.2,7.64,9.4,6.5,9.7,9.5,8.76,8.2,8.2,6.5,9.0,8.7,8.06,8.6,7.4,8.8,8.7,9.6,8.46
2889,Daniela Martínez Gómez,Finanzas,Tesorería,2026-09-02,6.2,6.6,5.6,8.9,7.0,6.7,8.6,8.1,6.8,6.6,7.62,7.8,7.8,6.3,7.0,7.0,7.26,6.5,6.1,5.1,6.4,5.1,5.96
2890,Paola García Ortiz,Recursos Humanos,Reclutamiento,2026-08-17,6.1,6.3,7.0,6.5,7.9,6.66,7.9,8.7,7.0,8.2,8.0,6.8,6.6,6.7,8.4,6.8,6.97,8.5,7.9,9.3,8.5,9.7,8.63
2891,Valeria Martínez Pérez,Operaciones,Producción,2026-04-05,5.6,2.9,5.9,5.6,2.9,4.58,4.3,4.7,2.5,2.0,3.46,1.5,2.8,4.2,2.0,3.3,2.71,3.5,4.4,3.3,2.6,2.8,3.44
2892,María Romero García,Recursos Humanos,Reclutamiento,2025-11-23,6.2,5.6,4.6,3.3,6.2,5.3,7.2,6.3,8.9,6.4,7.12,5.1,4.6,2.8,5.3,3.0,4.23,3.9,5.8,5.1,4.5,5.7,4.92
2893,Sergio Rodríguez Morales,Finanzas,Tesorería,2025-11-23,6.7,7.4,7.7,7.3,7.1,7.22,7.1,8.1,7.4,7.6,7.54,7.1,7.9,8.5,6.7,7.6,7.6,8.9,7.3,5.6,7.9,7.4,7.49
2894,Sergio Gómez López,Ventas,Atención a Clientes,2025-11-17,4.1,5.6,1.3,2.6,1.9,3.36,3.6,1.3,1.9,2.7,2.46,2.2,2.5,4.0,2.7,3.9,2.96,2.7,2.7,3.1,2.7,1.5,2.66
2895,María López Jiménez,Finanzas,Auditoría Interna,2025-12-23,5.5,4.0,3.3,4.0,3.8,4.2,4.8,4.8,5.2,3.9,4.65,4.5,4.0,4.8,4.2,4.6,4.4,3.0,4.3,1.4,3.4,4.3,3.22
2896,Andrea Martínez González,Recursos Humanos,Reclutamiento,2026-08-30,7.1,8.3,8.6,9.9,7.3,8.15,8.5,8.5,9.0,9.5,8.85,5.9,6.9,7.5,8.5,8.8,7.3,7.6,9.0,9.0,8.4,6.6,8.29
2897,Andrea Torres Sánchez,Operaciones,Producción,2025-10-20,10.0,8.9,10.0,8.0,9.4,9.33,8.6,7.0,7.4,6.7,7.48,8.1,8.8,8.4,8.7,7.9,8.4,9.0,9.7,8.0,8.3,10.0,8.94
2898,Raúl Romero Vázquez,Operaciones,Control de Calidad,2025-09-27,2.6,3.7,1.6,1.2,1.6,2.32,4.7,2.2,3.8,6.0,4.22,2.3,2.6,1.4,4.3,3.2,2.63,2.9,2.9,4.7,3.4,4.0,3.47
2899,Ricardo Gómez Torres,Operaciones,Producción,2025-11-01,6.8,8.9,6.6,6.6,10.0,7.74,8.5,6.7,7.3,6.9,7.41,6.7,8.7,8.1,8.0,8.5,7.94,6.7,10.0,8.0,8.3,8.0,8.24
2900,Diego Cruz Ortiz,Ventas,Ventas Internacionales,2026-03-29,7.0,7.0,7.1,6.9,8.0,7.16,5.2,6.3,5.7,4.8,5.48,6.5,7.7,6.3,5.0,6.7,6.56,7.9,5.7,6.4,5.0,6.7,6.35
2901,Andrea Hernández Romero,Marketing,Investigación de Mercado,2026-06-21,6.2,6.3,6.4,6.5,5.0,6.13,9.2,5.3,6.3,6.1,6.87,3.7,3.9,9.2,5.8,6.1,5.52,7.0,6.9,5.8,7.3,7.2,6.82
2902,José Jiménez Jiménez,Marketing,Comunicación de Marca,2025-10-12,5.4,7.9,6.2,7.0,8.8,6.94,6.0,7.7,6.3,8.0,6.98,8.1,7.2,8.9,7.4,5.9,7.6,6.1,4.9,3.3,6.5,4.6,5.17
2903,Alejandro Martínez Flores,Ventas,Ventas Internacionales,2026-07-02,6.3,7.5,6.2,6.1,8.3,6.85,7.2,7.9,6.6,6.2,7.0,8.8,6.1,7.6,7.5,7.0,7.42,8.9,9.1,9.0,8.0,9.2,8.82
2904,Pedro González Jiménez,Tecnología,Infraestructura,2025-11-24,5.6,2.4,3.2,6.0,3.6,4.08,3.2,2.2,2.9,2.2,2.64,3.2,3.1,2.3,3.7,3.9,3.18,3.0,2.0,2.7,3.4,4.7,2.94
2905,Pedro Romero Rodríguez,Operaciones,Control de Calidad,2025-09-20,8.2,6.3,8.5,9.5,8.7,8.06,6.7,8.2,9.2,10.0,8.4,10.0,10.0,9.2,8.0,9.3,9.43,7.9,10.0,9.1,10.0,9.5,9.24
2906,Miguel Jiménez Flores,Marketing,Investigación de Mercado,2025-10-14,4.7,2.8,2.7,3.2,4.1,3.51,4.5,2.5,1.9,3.4,3.2,5.8,3.9,3.2,5.2,3.2,4.32,3.8,1.9,4.2,2.4,2.8,3.02
2907,Karla Torres Torres,Marketing,Marketing Digital,2026-03-01,5.2,5.8,6.9,4.0,4.8,5.45,5.9,6.4,5.8,7.0,6.28,6.5,5.1,6.2,7.0,8.7,6.5,4.3,3.5,5.9,5.8,4.5,4.74
2908,Carlos Vázquez Rodríguez,Finanzas,Contabilidad,2025-11-07,4.6,8.2,5.3,7.2,6.4,6.3,6.6,10.0,6.6,7.5,7.68,5.4,6.2,4.6,6.1,5.8,5.6,6.4,4.2,7.5,4.9,3.6,5.49
2909,Raúl Jiménez Gómez,Recursos Humanos,Capacitación,2025-11-08,6.6,8.3,9.1,9.7,8.0,8.2,7.5,8.0,8.1,9.1,8.14,9.6,7.0,6.5,8.6,8.6,8.03,9.8,7.6,8.2,8.5,9.5,8.64
2910,Ximena Romero Torres,Operaciones,Control de Calidad,2025-09-17,10.0,9.1,9.4,9.2,10.0,9.54,10.0,10.0,10.0,10.0,10.0,5.9,6.8,8.5,8.1,6.6,7.08,7.6,8.5,9.9,7.4,6.9,8.18
2911,Alejandro López Ramírez,Recursos Humanos,Capacitación,2026-04-29,9.1,8.2,8.2,10.0,8.5,8.74,7.6,9.0,8.3,7.5,8.06,10.0,9.7,8.4,8.4,10.0,9.36,7.0,7.3,7.7,6.1,8.5,7.18
2912,Paola Vázquez Morales,Operaciones,Logística,2026-01-21,7.0,8.1,8.4,6.9,6.4,7.45,9.4,8.8,9.0,7.6,8.72,10.0,9.5,9.8,10.0,9.9,9.82,10.0,9.9,10.0,10.0,9.6,9.93
2913,Ricardo López Torres,Marketing,Comunicación de Marca,2025-11-13,4.4,5.6,3.9,4.2,6.0,4.81,6.9,5.9,6.5,5.9,6.32,5.6,5.0,4.1,4.8,5.3,4.98,5.8,7.2,8.0,6.8,7.1,6.92
2914,Ricardo García Pérez,Recursos Humanos,Reclutamiento,2026-06-17,8.7,6.8,6.9,7.7,7.1,7.48,5.7,7.0,5.7,8.0,6.6,6.8,8.4,9.7,10.0,10.0,8.74,7.2,7.0,4.1,8.0,7.6,6.73
2915,Pedro López Cruz,Recursos Humanos,Capacitación,2026-06-17,5.4,4.4,5.1,3.8,5.7,4.89,6.4,5.5,7.7,6.0,6.34,7.2,5.9,4.8,7.8,6.0,6.3,6.6,4.5,7.1,6.1,4.6,5.88
2916,Diego Martínez Hernández,Tecnología,Desarrollo,2026-04-18,4.9,4.6,5.5,3.8,5.5,4.87,8.3,5.3,6.9,6.6,6.85,5.8,7.1,6.6,5.9,6.9,6.46,4.8,3.9,5.7,5.7,4.3,4.88
2917,Raúl Morales González,Tecnología,Desarrollo,2026-04-29,6.3,6.1,7.7,7.6,8.6,7.07,9.1,8.7,9.0,6.3,8.28,6.5,5.1,6.6,7.7,7.9,6.56,6.3,6.8,5.3,5.5,6.6,6.1
2918,Luis Cruz Torres,Ventas,Atención a Clientes,2025-12-07,5.9,6.1,5.4,6.6,5.8,5.94,6.7,5.2,4.9,5.2,5.59,4.3,4.1,4.7,3.3,4.7,4.24,5.1,5.1,6.0,6.0,5.5,5.5
2919,Francisco Hernández Torres,Tecnología,Infraestructura,2025-10-01,6.4,6.0,4.8,4.3,4.9,5.44,6.8,4.3,5.5,5.3,5.54,4.6,5.8,5.7,5.8,4.0,5.21,7.8,4.9,8.2,7.0,6.7,6.88
2920,Camila González García,Tecnología,Desarrollo,2026-07-12,5.0,6.0,6.6,6.1,8.4,6.24,5.9,5.7,7.1,8.2,6.66,5.2,4.7,5.7,4.0,5.3,5.01,8.2,5.7,6.2,7.7,5.6,6.82
2921,Raúl Rodríguez Vázquez,Operaciones,Logística,2026-05-12,7.3,8.8,5.5,5.7,7.2,7.06,7.5,8.2,6.8,6.3,7.24,6.0,7.0,7.5,7.9,9.0,7.28,7.1,8.4,6.1,6.4,8.6,7.24
2922,Miguel Pérez González,Marketing,Investigación de Mercado,2025-10-03,9.6,9.8,9.6,8.0,7.9,9.15,8.3,8.3,8.6,10.0,8.78,8.5,9.3,8.3,7.4,7.9,8.41,9.1,6.8,7.5,7.1,5.6,7.45
2923,Carlos Flores López,Finanzas,Auditoría Interna,2026-02-02,9.1,8.9,8.9,8.5,9.5,8.98,7.2,5.8,7.9,5.9,6.67,10.0,7.7,8.1,9.7,7.3,8.6,8.0,8.5,7.7,8.1,9.4,8.22
2924,Mariana Rodríguez Castillo,Operaciones,Producción,2026-06-25,6.3,4.1,3.8,6.2,4.7,4.99,5.5,5.6,3.1,6.2,5.22,6.1,6.5,6.0,5.7,5.8,6.08,8.5,4.8,4.7,6.1,8.4,6.32
2925,Diego Sánchez Rodríguez,Marketing,Comunicación de Marca,2026-01-30,10.0,8.8,7.5,8.6,8.5,8.76,10.0,8.7,10.0,10.0,9.68,7.9,7.4,10.0,8.4,7.6,8.22,7.7,6.2,7.7,8.2,5.6,7.22
2926,Luis Ortiz Torres,Recursos Humanos,Capacitación,2025-10-23,6.1,5.0,5.4,4.8,7.9,5.76,3.4,4.8,6.1,6.0,4.94,6.3,8.2,8.7,5.6,4.9,6.94,4.7,4.7,2.8,8.7,6.3,5.28
2927,Luis Morales Rodríguez,Operaciones,Producción,2026-04-24,3.8,4.3,4.7,4.0,3.3,4.06,4.9,4.2,3.6,5.0,4.49,1.6,5.3,5.6,2.1,3.4,3.67,3.8,6.1,6.1,4.3,4.6,5.01
2928,Laura López Vázquez,Tecnología,Desarrollo,2026-03-15,7.2,6.8,6.4,5.3,5.6,6.42,8.4,7.2,6.9,5.9,7.18,10.0,8.8,8.8,9.0,9.2,9.19,8.7,5.9,6.8,6.7,8.9,7.24
2929,Sofía Rodríguez González,Tecnología,Infraestructura,2026-01-27,5.8,4.3,5.3,5.3,6.8,5.4,6.2,3.5,5.5,5.1,5.11,5.2,5.4,3.5,7.3,7.2,5.52,7.4,7.9,8.4,7.9,4.8,7.57
2930,Roberto García Ramírez,Operaciones,Control de Calidad,2025-11-05,7.4,7.9,6.6,8.4,7.4,7.52,7.7,9.1,7.2,8.0,8.02,8.3,7.8,7.6,8.6,6.3,7.78,6.5,6.6,9.0,6.0,9.6,7.24
2931,Andrea Cruz Reyes,Ventas,Ventas Nacionales,2026-02-13,5.2,5.3,5.4,6.0,6.1,5.52,5.0,7.6,7.2,8.2,6.89,5.4,8.4,4.7,4.9,5.7,5.98,6.6,5.0,6.9,7.0,5.3,6.21
2932,Laura Cruz Vázquez,Marketing,Comunicación de Marca,2025-09-23,5.1,5.5,7.4,6.5,6.5,6.08,4.1,5.3,4.3,5.1,4.69,7.9,6.0,5.5,6.3,7.8,6.69,4.1,3.1,2.7,3.6,3.0,3.36
2933,Daniela Hernández Ortiz,Finanzas,Auditoría Interna,2025-12-06,6.1,3.4,5.6,4.1,1.3,4.31,2.3,3.7,4.9,4.8,3.8,4.8,1.7,3.4,0.4,1.5,2.59,5.5,3.6,5.3,4.1,4.2,4.58
2934,Gabriela Jiménez Vázquez,Tecnología,Soporte Técnico,2026-04-06,10.0,10.0,10.0,10.0,10.0,10.0,8.2,7.5,8.6,10.0,8.56,5.5,7.5,6.0,7.4,7.0,6.61,8.5,10.0,7.5,9.2,8.5,8.82
2935,Gabriela Torres Rodríguez,Operaciones,Control de Calidad,2026-03-14,5.6,4.5,4.9,3.2,3.8,4.56,3.7,4.9,3.4,5.0,4.27,5.8,5.7,4.6,3.0,7.3,5.34,4.9,3.7,3.7,5.7,1.5,4.18
2936,María Morales Pérez,Marketing,Investigación de Mercado,2025-12-27,5.4,5.9,6.8,6.6,8.4,6.44,7.4,7.0,6.6,6.8,6.99,8.1,8.6,5.9,5.4,6.4,7.13,10.0,7.3,6.0,7.5,6.4,7.67
2937,Gabriela Flores Castillo,Recursos Humanos,Reclutamiento,2026-08-13,4.8,3.3,1.0,3.3,2.0,3.02,1.9,3.9,1.6,2.3,2.44,4.2,5.2,4.4,5.7,5.3,4.88,2.3,3.5,2.6,3.8,4.4,3.17
2938,Alejandro Morales Castillo,Finanzas,Auditoría Interna,2026-06-17,5.9,5.5,5.0,5.9,8.0,5.94,8.7,8.2,6.8,8.4,8.12,5.3,5.0,7.4,7.9,6.6,6.23,6.0,5.9,7.3,6.5,6.7,6.4
2939,Paola Ramírez Ramírez,Recursos Humanos,Reclutamiento,2026-06-13,6.5,5.2,3.9,5.7,8.4,5.82,4.1,6.6,3.7,5.1,4.89,7.1,6.9,4.7,5.4,8.7,6.56,7.2,5.2,4.8,4.3,5.8,5.5
2940,Pedro Vázquez Hernández,Tecnología,Infraestructura,2025-11-19,5.7,6.7,8.2,8.2,7.2,7.05,6.6,6.9,7.3,8.6,7.32,7.6,8.5,7.0,8.1,8.9,7.98,7.8,9.2,6.8,7.0,6.6,7.67
2941,Paola Ramírez Reyes,Operaciones,Logística,2025-11-11,7.3,5.3,8.2,6.5,5.8,6.64,7.1,7.2,8.1,5.5,6.92,6.3,6.4,7.2,5.8,4.6,6.18,5.3,6.3,6.3,5.0,6.2,5.78
2942,José Torres Torres,Finanzas,Tesorería,2025-11-12,4.6,1.7,4.3,2.0,2.8,3.16,3.4,2.3,3.3,3.0,3.0,1.9,1.6,3.7,3.6,0.9,2.29,1.8,2.8,2.5,1.0,2.6,2.11
2943,Carlos Hernández Reyes,Finanzas,Auditoría Interna,2026-07-31,2.5,2.0,3.9,1.8,5.5,3.0,3.6,3.7,4.3,4.0,3.86,4.1,4.5,4.2,4.5,3.5,4.19,5.4,4.4,4.0,3.8,5.6,4.57
2944,Sofía Castillo Vázquez,Operaciones,Producción,2026-05-23,5.1,4.4,3.7,3.3,4.0,4.21,2.4,1.8,1.6,4.4,2.59,3.8,2.8,1.8,3.8,3.2,3.06,3.5,3.1,4.1,5.2,3.9,3.9
2945,Raúl Rodríguez Castillo,Finanzas,Auditoría Interna,2026-05-17,4.4,7.2,5.5,5.1,6.4,5.72,8.0,7.5,7.7,9.0,8.07,8.2,7.5,7.2,5.6,5.6,7.04,9.0,7.7,7.9,10.0,8.9,8.64
2946,María Pérez García,Recursos Humanos,Reclutamiento,2026-08-30,9.1,9.1,9.6,9.1,8.3,9.08,6.8,9.0,10.0,10.0,8.79,7.8,8.7,8.2,8.6,9.1,8.42,7.6,8.9,9.1,8.1,7.9,8.36
2947,Roberto Rodríguez Pérez,Finanzas,Contabilidad,2026-06-05,6.3,6.1,6.8,5.6,7.1,6.36,7.7,6.1,8.0,7.5,7.31,5.5,4.9,5.2,5.3,6.1,5.35,7.1,6.9,7.9,7.4,6.8,7.24
2948,Miguel Reyes Hernández,Ventas,Ventas Nacionales,2026-04-03,9.0,5.7,7.6,7.4,8.2,7.54,8.7,6.5,7.2,8.6,7.82,8.2,7.2,5.7,8.6,6.6,7.27,5.6,5.9,4.7,4.8,5.7,5.35
2949,Diego Reyes González,Ventas,Ventas Nacionales,2025-10-19,4.5,4.5,3.0,2.4,3.6,3.75,5.4,6.8,7.1,6.2,6.29,6.0,5.4,5.0,3.6,5.5,5.22,7.7,8.1,6.7,6.4,6.9,7.26
2950,Carlos Ramírez Morales,Marketing,Marketing Digital,2026-07-07,8.1,5.3,7.7,5.3,9.0,7.03,7.2,5.2,6.4,7.0,6.49,9.0,7.9,6.8,6.9,7.8,7.79,6.8,9.6,8.2,8.5,6.7,8.11
2951,Sofía Ramírez Rodríguez,Recursos Humanos,Capacitación,2025-10-28,9.0,7.6,7.5,6.8,7.4,7.78,7.2,8.1,8.5,8.4,7.99,10.0,8.8,7.0,7.0,10.0,8.65,9.3,9.8,10.0,8.3,10.0,9.44
2952,Laura Morales López,Ventas,Ventas Nacionales,2025-11-13,7.6,7.0,8.3,7.6,9.0,7.8,9.3,9.0,7.5,8.0,8.54,9.2,8.7,9.6,9.1,10.0,9.26,10.0,9.0,10.0,9.3,7.6,9.37
2953,Ana González Pérez,Ventas,Atención a Clientes,2026-07-12,3.1,0.6,4.2,2.2,1.8,2.37,4.6,1.3,6.1,4.5,4.05,5.0,5.8,5.7,4.0,2.9,4.88,3.0,1.8,4.4,3.4,2.7,3.03
2954,María Romero Sánchez,Ventas,Ventas Nacionales,2026-06-04,4.7,7.5,4.1,6.1,6.6,5.78,5.2,7.6,5.1,5.9,5.96,5.8,4.4,5.7,5.0,5.9,5.32,6.8,5.4,4.8,5.4,6.0,5.69
2955,Sergio Castillo Ortiz,Marketing,Comunicación de Marca,2026-03-24,8.6,7.5,8.6,7.0,10.0,8.3,7.6,7.6,7.9,8.7,7.94,7.4,9.0,7.1,9.7,7.6,8.12,7.9,7.8,9.2,7.7,8.1,8.12
2956,Mariana López Ramírez,Finanzas,Auditoría Interna,2025-09-28,8.0,5.5,5.4,5.6,6.2,6.22,8.0,6.3,7.5,4.9,6.7,6.5,8.0,9.0,6.7,7.4,7.54,5.9,6.7,9.3,7.3,6.4,7.11
2957,Francisco Morales García,Recursos Humanos,Nómina,2025-11-25,7.2,6.2,5.7,6.1,7.5,6.53,6.3,6.3,7.0,5.3,6.19,5.6,4.6,5.8,5.1,5.4,5.28,7.4,6.1,5.3,7.7,5.4,6.52
2958,Andrea Ortiz Ortiz,Recursos Humanos,Nómina,2025-09-18,7.9,8.5,7.8,7.4,8.2,8.0,8.6,9.2,10.0,9.4,9.23,9.0,7.8,8.8,7.1,7.6,8.17,9.3,9.8,10.0,9.2,9.8,9.6
2959,Jorge González Sánchez,Marketing,Comunicación de Marca,2026-05-16,10.0,9.8,8.4,9.5,9.8,9.53,7.7,9.3,6.4,7.8,7.86,10.0,10.0,9.7,10.0,8.9,9.77,9.6,8.5,9.6,9.6,8.5,9.22
2960,Miguel Sánchez Sánchez,Tecnología,Infraestructura,2025-10-11,7.3,6.1,5.7,4.5,5.2,5.94,7.4,5.9,8.7,5.7,6.86,7.0,6.3,6.3,5.3,7.6,6.52,8.0,5.9,7.0,8.4,8.4,7.4
2961,Ricardo García Pérez,Recursos Humanos,Capacitación,2025-09-24,5.6,5.1,5.6,3.9,4.9,5.12,3.3,5.3,5.9,4.9,4.72,5.1,5.5,6.1,4.6,7.2,5.64,3.5,5.8,5.5,5.4,4.9,5.0
2962,Miguel Hernández Gómez,Tecnología,Soporte Técnico,2026-02-01,9.2,9.0,9.1,9.5,7.8,8.96,8.6,10.0,9.9,9.0,9.31,6.9,6.1,6.6,7.5,6.5,6.67,8.0,8.2,7.5,6.5,9.6,7.81
2963,Roberto Castillo Morales,Finanzas,Tesorería,2026-07-13,5.3,3.3,5.2,2.4,4.7,4.26,6.6,6.8,6.2,7.1,6.7,5.6,5.5,5.5,5.5,3.7,5.26,4.6,3.9,3.0,4.2,5.0,4.07
2964,Ana Castillo Flores,Tecnología,Soporte Técnico,2026-06-02,6.1,8.6,6.2,9.0,9.8,7.74,6.2,7.8,8.9,8.6,7.74,6.5,8.2,6.5,6.6,7.4,7.08,8.2,8.0,8.7,6.0,7.2,7.71
2965,Valeria Ramírez Flores,Marketing,Investigación de Mercado,2026-07-23,8.1,5.7,9.0,5.6,8.7,7.4,5.5,6.0,6.9,7.7,6.46,5.4,3.7,6.4,6.3,6.4,5.46,7.7,5.8,4.4,7.7,8.0,6.6
2966,Paola Pérez Morales,Tecnología,Desarrollo,2025-11-17,6.6,7.8,8.6,8.4,7.7,7.74,10.0,10.0,9.6,9.4,9.77,10.0,8.3,8.6,9.8,10.0,9.26,6.9,8.4,7.2,9.7,9.3,8.14
2967,Francisco García López,Finanzas,Auditoría Interna,2026-05-16,7.6,6.8,8.4,8.0,7.8,7.65,6.8,6.4,8.0,8.8,7.44,5.5,6.4,7.6,5.3,6.3,6.24,7.4,8.1,6.4,6.8,5.9,7.1
2968,Mariana Morales Romero,Recursos Humanos,Nómina,2025-12-25,6.4,5.9,7.2,5.6,7.9,6.54,7.1,6.3,6.6,5.4,6.38,5.7,6.9,7.1,8.0,6.1,6.68,6.5,4.9,5.1,4.5,5.7,5.34
2969,Alejandro Jiménez Gómez,Operaciones,Control de Calidad,2026-06-02,7.1,6.6,6.0,8.0,6.6,6.82,8.3,4.9,6.6,7.0,6.78,6.0,5.6,6.8,5.8,6.8,6.15,6.1,6.3,6.2,7.0,6.8,6.42
2970,Roberto Sánchez Rodríguez,Tecnología,Desarrollo,2025-09-16,4.2,4.4,6.3,3.7,5.5,4.79,3.0,1.4,0.4,3.8,2.28,4.5,3.6,4.7,4.4,3.0,4.08,4.0,4.2,5.8,2.7,3.8,4.13
2971,Carlos Sánchez Jiménez,Finanzas,Auditoría Interna,2025-11-29,10.0,7.3,9.5,8.7,8.4,8.79,7.7,8.4,8.5,9.4,8.46,8.2,9.6,7.5,10.0,8.0,8.65,7.6,7.7,8.1,9.9,7.4,8.17
2972,Luis Jiménez Morales,Recursos Humanos,Capacitación,2026-04-23,6.6,7.4,6.3,7.5,6.0,6.78,6.1,4.9,4.6,6.0,5.48,3.7,6.6,3.7,4.5,6.3,4.94,3.9,3.9,5.2,4.0,4.4,4.23
2973,Miguel García Torres,Tecnología,Desarrollo,2026-03-17,6.2,6.2,5.4,6.4,5.3,5.94,7.8,9.6,9.0,7.3,8.36,5.5,7.3,4.7,8.6,5.2,6.21,8.4,7.7,8.7,7.8,9.2,8.25
2974,Mariana Torres Cruz,Marketing,Comunicación de Marca,2026-08-17,8.5,7.4,9.2,8.2,8.8,8.36,7.7,6.8,6.6,7.7,7.26,9.4,10.0,8.6,10.0,7.9,9.26,9.0,9.3,9.2,9.6,10.0,9.34
2975,Roberto Cruz Ramírez,Finanzas,Auditoría Interna,2026-07-20,10.0,7.9,7.4,7.5,7.9,8.26,10.0,9.3,9.1,7.8,9.1,10.0,9.6,10.0,8.9,8.0,9.43,9.9,7.9,9.7,9.8,9.1,9.26
2976,Daniela González Romero,Finanzas,Auditoría Interna,2025-09-08,8.9,9.0,7.8,6.5,7.4,8.12,8.7,7.1,8.8,9.0,8.4,7.6,7.6,7.1,7.6,7.4,7.47,8.2,6.5,6.5,4.9,6.6,6.62
2977,Roberto Hernández Gómez,Ventas,Ventas Internacionales,2025-11-14,5.8,6.9,6.6,5.6,6.5,6.31,4.7,5.5,8.3,6.4,6.04,4.4,3.9,6.1,6.3,5.1,5.0,6.5,8.3,7.3,7.7,6.6,7.36
2978,Luis Morales Hernández,Ventas,Ventas Nacionales,2025-11-06,9.5,10.0,9.3,10.0,10.0,9.74,8.0,7.4,7.7,6.3,7.36,6.6,6.6,7.9,9.7,7.8,7.5,7.2,8.5,8.1,6.6,9.2,7.78
2979,Jorge Jiménez Romero,Ventas,Ventas Nacionales,2026-01-16,10.0,10.0,9.8,10.0,9.6,9.9,9.4,9.0,10.0,7.2,8.87,8.4,9.8,9.9,10.0,9.7,9.49,6.2,7.3,9.4,9.1,8.4,7.92
2980,Ximena Gómez González,Operaciones,Control de Calidad,2026-06-19,4.5,3.3,5.1,3.3,3.9,4.05,3.6,6.8,2.9,3.1,4.14,2.1,3.9,3.1,2.4,3.3,2.98,2.6,0.3,1.0,0.7,2.4,1.3
2981,Juan Castillo Castillo,Ventas,Atención a Clientes,2026-07-31,8.3,8.9,10.0,7.2,10.0,8.88,10.0,10.0,8.5,10.0,9.7,8.5,9.2,10.0,10.0,10.0,9.43,8.6,10.0,8.1,9.9,10.0,9.25
2982,Sofía García Reyes,Finanzas,Contabilidad,2025-12-17,8.0,5.4,5.8,4.7,6.6,6.2,4.8,6.1,4.5,5.3,5.19,4.9,8.1,3.4,5.5,3.9,5.34,4.8,2.5,5.2,5.3,2.4,4.16
2983,Juan García Castillo,Finanzas,Auditoría Interna,2026-05-09,9.0,8.2,8.2,7.9,10.0,8.62,7.9,9.5,7.9,10.0,8.82,9.3,8.5,10.0,9.1,7.4,8.93,8.8,9.7,9.7,10.0,10.0,9.56
2984,Paola López Jiménez,Marketing,Marketing Digital,2026-09-07,8.9,8.6,7.9,7.9,8.9,8.48,10.0,8.7,9.0,7.4,8.82,7.6,8.0,9.7,8.6,8.7,8.44,7.1,7.8,7.0,7.9,5.1,7.22
2985,Jorge Rodríguez Gómez,Recursos Humanos,Nómina,2026-08-30,2.6,4.7,3.6,3.0,5.8,3.86,5.1,3.9,6.1,3.6,4.62,4.3,4.8,4.2,6.4,7.6,5.22,6.3,7.5,5.8,7.7,7.8,6.93
2986,Carlos Reyes Ortiz,Ventas,Ventas Nacionales,2026-02-16,5.7,3.0,6.4,5.0,4.7,4.91,5.8,2.5,5.1,4.0,4.38,2.8,2.9,2.7,2.7,3.2,2.85,4.4,3.4,4.0,5.2,2.6,4.05
2987,Fernanda Romero Cruz,Recursos Humanos,Nómina,2025-11-05,4.6,5.8,5.4,5.3,4.8,5.19,3.8,3.4,2.5,4.7,3.66,5.1,7.5,6.2,3.9,7.9,6.16,5.3,5.8,6.1,5.2,3.3,5.36
2988,Ricardo Gómez Reyes,Operaciones,Logística,2026-04-28,6.5,8.3,8.1,9.0,7.4,7.78,6.5,7.6,6.1,5.5,6.44,5.1,5.0,3.5,3.4,2.6,4.12,5.8,7.8,6.6,6.7,8.4,6.9
2989,Pedro Vázquez Torres,Ventas,Ventas Internacionales,2025-09-08,3.8,4.8,4.4,3.7,4.3,4.23,3.9,3.7,3.1,3.4,3.56,4.5,2.0,4.2,4.8,2.4,3.54,6.5,4.5,6.3,5.8,4.3,5.6
2990,Carlos Ramírez Gómez,Operaciones,Control de Calidad,2026-04-21,9.5,7.8,7.0,8.2,7.8,8.12,8.5,8.6,5.5,7.2,7.6,8.9,10.0,7.9,8.0,7.2,8.59,7.4,7.9,9.3,6.7,7.0,7.72
2991,Karla Pérez Sánchez,Recursos Humanos,Nómina,2025-12-14,4.6,4.7,4.2,4.9,2.9,4.34,5.0,5.1,5.2,5.6,5.22,1.4,2.6,5.1,3.4,3.1,3.0,6.1,6.0,3.2,2.0,2.5,4.32
2992,Gabriela Hernández López,Finanzas,Tesorería,2026-06-10,2.1,4.6,1.9,4.2,2.0,2.98,3.3,2.6,3.7,5.0,3.63,3.1,2.0,3.9,4.3,3.4,3.21,3.0,3.1,2.8,3.6,3.7,3.18
2993,Gabriela Pérez Vázquez,Ventas,Atención a Clientes,2026-01-29,4.9,5.4,6.8,4.1,6.7,5.56,4.4,3.7,3.7,5.5,4.36,4.5,5.4,4.1,5.1,5.9,4.94,7.6,3.4,5.7,8.3,6.3,6.18
2994,Diego Romero Rodríguez,Finanzas,Contabilidad,2026-05-30,6.6,5.1,4.3,5.5,6.0,5.51,3.6,7.9,5.4,4.2,5.18,6.6,7.1,4.9,8.6,6.9,6.73,6.2,6.3,5.4,7.3,6.7,6.34
2995,Pedro Gómez González,Marketing,Investigación de Mercado,2025-11-27,3.9,6.5,3.5,4.3,6.1,4.86,5.6,5.2,4.8,5.1,5.22,7.6,6.1,5.2,5.0,6.1,6.13,5.9,5.6,6.3,4.7,4.8,5.56
2996,Ximena Torres López,Operaciones,Control de Calidad,2026-03-26,3.8,3.5,4.0,3.5,2.7,3.56,1.0,1.8,4.1,3.0,2.32,1.4,0.5,0.9,1.6,2.2,1.23,1.5,3.9,2.2,3.8,4.9,3.04
2997,María Pérez García,Ventas,Ventas Nacionales,2026-08-23,7.6,5.6,6.0,6.8,6.2,6.45,4.3,3.8,5.0,5.1,4.51,6.2,8.8,6.8,5.5,6.4,6.9,5.5,8.1,7.3,7.0,7.5,7.01
2998,Jorge Romero Flores,Finanzas,Tesorería,2026-06-09,3.4,8.2,7.0,9.1,5.9,6.55,6.6,8.2,6.5,8.2,7.38,5.8,4.3,5.4,3.4,4.4,4.78,7.8,6.8,6.8,5.5,6.1,6.72
2999,María Flores González,Recursos Humanos,Capacitación,2026-05-02,9.1,8.1,4.8,6.7,8.9,7.6,9.0,7.0,6.8,8.1,7.83,10.0,10.0,10.0,10.0,10.0,10.0,9.9,7.3,7.0,6.8,6.9,7.75
3000,Mariana Martínez Vázquez,Tecnología,Soporte Técnico,2026-03-21,4.0,4.2,4.5,3.9,3.9,4.12,5.1,5.2,6.9,5.4,5.56,6.7,4.9,5.5,3.2,5.3,5.28,5.8,8.3,6.7,6.5,5.0,6.66
3001,Ricardo García Jiménez,Recursos Humanos,Nómina,2026-06-01,3.3,2.5,4.4,2.8,3.7,3.3,6.2,1.7,5.4,4.2,4.42,3.3,4.4,4.7,2.0,3.3,3.66,6.2,4.1,6.1,3.4,6.6,5.14
3002,Ricardo Vázquez Reyes,Finanzas,Tesorería,2026-02-09,10.0,8.7,7.7,8.1,8.8,8.75,7.0,8.0,7.3,7.5,7.44,7.9,8.6,9.9,8.4,8.9,8.7,5.3,8.4,7.5,8.4,5.8,7.18
3003,Sergio Flores García,Ventas,Atención a Clientes,2025-09-21,10.0,10.0,10.0,10.0,8.4,9.76,5.8,8.0,6.0,5.9,6.42,7.6,9.7,8.8,7.8,9.6,8.69,8.0,9.0,7.7,6.4,6.8,7.75
3004,Ana Flores Ramírez,Marketing,Investigación de Mercado,2025-12-22,7.1,5.2,6.5,6.1,7.4,6.4,5.1,7.0,6.4,7.3,6.39,5.6,6.1,6.2,5.3,5.3,5.76,5.2,6.5,6.8,6.6,5.9,6.2
3005,Sergio Cruz Gómez,Ventas,Atención a Clientes,2026-05-17,8.8,7.9,9.1,9.1,9.1,8.73,6.0,6.0,5.6,7.1,6.2,7.6,9.4,7.1,9.3,8.2,8.3,9.1,8.9,10.0,8.4,10.0,9.18
3006,Laura Ramírez Vázquez,Operaciones,Producción,2026-01-03,9.1,7.9,7.2,8.0,8.3,8.14,7.7,8.1,10.0,8.8,8.54,9.8,8.4,7.5,9.9,9.4,8.94,10.0,10.0,6.9,9.7,8.3,9.15
3007,Ana Sánchez Vázquez,Operaciones,Control de Calidad,2025-09-20,9.0,7.4,7.2,7.4,7.4,7.76,10.0,9.1,8.2,10.0,9.41,7.5,9.4,7.6,8.4,8.9,8.34,5.6,7.5,7.3,6.7,7.2,6.79
3008,Alejandro Vázquez Rodríguez,Ventas,Ventas Internacionales,2026-06-11,7.4,6.3,4.1,4.3,5.7,5.74,7.0,5.4,6.7,5.6,6.19,4.8,4.3,4.9,8.8,5.9,5.46,6.4,6.5,6.6,7.2,6.6,6.64
3009,Pedro Gómez Romero,Tecnología,Infraestructura,2026-06-15,5.3,3.3,5.1,7.2,6.8,5.27,4.7,2.7,4.0,4.6,4.04,2.9,6.5,4.7,3.7,5.4,4.66,3.2,5.8,5.9,4.7,5.2,4.89
3010,Ana Morales López,Ventas,Atención a Clientes,2026-08-24,1.0,0.6,1.4,1.8,1.9,1.23,2.1,2.9,2.2,3.5,2.67,3.2,2.7,0.8,3.6,2.2,2.51,1.3,2.1,3.5,3.0,3.7,2.52
3011,Carlos Sánchez Reyes,Recursos Humanos,Reclutamiento,2025-11-04,8.1,7.8,9.4,10.0,8.3,8.6,9.3,7.8,8.1,8.2,8.41,9.3,10.0,8.8,8.7,9.0,9.24,9.2,9.8,8.4,9.0,9.3,9.16
3012,Ricardo Gómez Pérez,Recursos Humanos,Reclutamiento,2025-11-08,10.0,10.0,9.5,9.5,9.4,9.74,10.0,9.0,9.2,9.3,9.41,8.3,8.4,8.1,10.0,7.6,8.44,10.0,10.0,10.0,10.0,10.0,10.0
3013,Karla Vázquez Romero,Recursos Humanos,Reclutamiento,2026-04-09,4.9,7.5,4.5,5.8,1.9,5.16,4.1,3.8,4.6,5.1,4.38,6.4,4.4,8.9,5.2,6.5,6.24,5.8,5.2,4.9,5.1,6.3,5.38
3014,Carlos Torres Martínez,Ventas,Ventas Internacionales,2025-10-24,3.5,4.6,3.8,4.0,5.8,4.26,4.3,6.2,5.7,4.5,5.11,5.6,4.4,4.0,1.5,5.6,4.36,2.3,4.3,5.1,5.3,4.2,4.15
3015,Andrea Cruz Romero,Finanzas,Tesorería,2026-01-13,3.5,3.1,3.0,5.0,3.0,3.45,3.3,4.6,5.1,2.4,3.76,4.7,6.0,4.6,3.6,6.6,5.12,6.6,4.2,2.9,4.7,3.9,4.61
3016,Gabriela Castillo Gómez,Tecnología,Desarrollo,2025-09-15,3.1,2.2,7.0,6.1,3.9,4.23,3.6,5.1,4.8,4.4,4.42,6.1,5.5,5.1,6.6,5.7,5.76,2.7,3.8,2.0,3.7,4.0,3.16
3017,Fernanda Torres García,Finanzas,Auditoría Interna,2025-10-06,8.2,9.1,4.3,9.0,10.0,8.04,9.4,8.4,8.3,9.2,8.88,9.8,10.0,9.5,6.6,8.8,9.16,8.3,7.0,9.0,7.1,6.3,7.68
3018,Andrea García Torres,Recursos Humanos,Nómina,2025-09-22,6.2,6.5,6.0,5.2,6.5,6.13,6.2,8.6,5.0,5.0,6.26,8.2,7.4,5.9,6.6,6.4,7.03,5.4,6.3,5.5,6.3,5.3,5.82
3019,Ximena Jiménez Ortiz,Tecnología,Soporte Técnico,2026-04-17,5.4,5.6,6.5,7.3,5.0,5.9,6.3,7.9,6.0,8.6,7.22,6.4,5.1,2.5,5.2,5.8,5.03,7.2,7.0,5.7,7.8,6.6,6.91
3020,Carlos Romero Morales,Ventas,Ventas Nacionales,2026-01-19,8.2,5.9,6.7,9.5,8.4,7.55,7.3,7.4,5.8,5.0,6.45,6.2,8.3,4.7,7.1,7.1,6.7,7.0,4.4,6.2,5.0,5.7,5.66
3021,Roberto Vázquez Reyes,Recursos Humanos,Nómina,2026-07-08,8.7,10.0,8.5,7.5,8.3,8.75,8.9,10.0,9.3,7.6,8.93,9.7,9.1,8.1,10.0,7.6,8.96,10.0,9.9,8.9,10.0,10.0,9.75
3022,Miguel Reyes Jiménez,Operaciones,Logística,2025-10-16,10.0,10.0,10.0,9.2,9.4,9.79,10.0,8.7,9.2,8.7,9.19,8.0,7.3,10.0,8.3,7.7,8.22,10.0,9.9,8.6,7.2,7.2,8.86
3023,Pedro Flores Rodríguez,Finanzas,Contabilidad,2026-05-14,3.3,4.2,3.5,4.9,3.2,3.79,0.6,3.2,3.1,0.0,1.6,4.6,1.9,2.1,2.2,3.4,2.88,3.8,4.9,3.9,3.4,1.9,3.82
3024,Diego López Martínez,Recursos Humanos,Nómina,2026-03-28,6.3,7.0,5.2,3.8,6.7,5.94,5.6,6.9,5.8,3.1,5.34,5.0,7.4,6.2,4.3,5.3,5.78,6.7,9.3,6.5,8.2,5.1,7.45
3025,María Jiménez Cruz,Ventas,Atención a Clientes,2026-02-03,8.4,8.2,9.2,9.4,9.2,8.78,7.9,9.0,6.0,8.5,7.94,8.3,8.2,7.7,9.6,9.2,8.48,5.7,6.6,3.3,7.1,7.6,5.92
3026,Pedro Torres López,Finanzas,Tesorería,2025-11-24,9.1,9.9,9.5,10.0,8.3,9.4,5.0,5.8,6.9,5.0,5.58,6.3,7.5,7.2,4.7,8.1,6.81,8.1,8.0,8.2,9.1,8.5,8.34
3027,Juan Ramírez Castillo,Ventas,Ventas Nacionales,2025-12-14,6.1,6.0,7.4,6.8,5.4,6.34,3.4,4.7,4.3,3.0,3.8,5.3,5.8,5.1,6.7,5.6,5.64,5.3,3.8,3.8,6.1,5.2,4.78
3028,José Hernández García,Marketing,Marketing Digital,2025-09-24,2.1,0.9,4.1,1.0,4.5,2.39,2.6,3.3,1.9,2.5,2.61,3.5,1.3,3.4,4.8,1.8,2.87,2.4,2.5,4.7,2.1,1.4,2.72
3029,Fernanda Romero Jiménez,Marketing,Comunicación de Marca,2025-12-21,6.4,5.0,7.4,6.7,7.0,6.38,5.3,6.5,7.9,6.4,6.4,6.6,7.7,6.1,5.6,3.7,6.19,6.8,4.7,7.5,8.6,5.6,6.65
3030,Paola López Ramírez,Finanzas,Contabilidad,2025-11-21,4.6,5.4,6.3,5.1,7.3,5.62,5.7,6.1,3.4,5.8,5.36,5.7,5.5,4.9,8.2,6.8,6.03,6.7,5.9,6.0,6.1,7.7,6.34
3031,Diego Pérez Torres,Ventas,Atención a Clientes,2026-02-11,5.0,4.6,5.7,3.6,5.4,4.89,5.0,5.2,5.8,6.1,5.48,7.6,5.0,5.2,3.7,8.1,5.96,5.5,6.8,4.7,7.1,6.3,6.06
3032,Ximena González Pérez,Finanzas,Tesorería,2026-04-09,7.6,8.8,8.9,8.7,9.4,8.59,3.8,5.4,7.2,5.6,5.33,10.0,8.8,8.9,10.0,8.8,9.3,7.2,5.9,7.7,6.0,9.5,6.97
3033,Ana Torres Flores,Marketing,Investigación de Mercado,2025-10-09,5.2,5.3,5.1,7.0,4.8,5.42,6.8,6.1,5.8,6.3,6.3,5.8,4.9,5.9,5.6,5.4,5.51,7.5,6.2,4.7,7.2,6.7,6.48
3034,Sofía González Martínez,Tecnología,Infraestructura,2026-04-23,8.6,7.3,8.7,7.1,7.1,7.84,9.2,9.3,7.8,9.8,9.09,9.5,7.9,10.0,7.9,8.8,8.86,8.4,10.0,9.5,9.2,8.4,9.18
3035,Paola Jiménez González,Ventas,Ventas Internacionales,2026-01-24,5.1,4.9,5.1,7.6,5.1,5.42,3.8,5.1,5.5,5.8,4.96,4.5,5.9,4.3,4.5,5.1,4.9,4.8,6.6,6.5,6.0,7.5,6.1
3036,María Flores Jiménez,Operaciones,Producción,2026-05-24,4.6,2.2,3.5,4.4,4.9,3.8,5.0,1.6,6.2,4.8,4.34,2.0,4.8,0.6,5.5,2.2,2.97,2.5,4.3,3.0,2.4,3.8,3.16
3037,Daniela Pérez Hernández,Tecnología,Soporte Técnico,2026-03-15,5.1,5.8,6.6,4.2,5.7,5.53,6.8,3.5,8.0,3.8,5.47,4.8,5.3,4.7,4.4,4.6,4.81,6.7,5.0,6.3,8.1,4.7,6.28
3038,Francisco Gómez Vázquez,Recursos Humanos,Reclutamiento,2026-04-27,5.4,5.2,4.7,5.2,6.1,5.28,5.3,5.7,5.2,5.3,5.38,7.5,6.5,6.6,5.3,5.9,6.5,5.6,4.4,9.0,6.8,6.2,6.28
3039,Diego Torres Ramírez,Finanzas,Tesorería,2026-06-05,9.3,8.8,9.7,9.9,9.2,9.33,7.4,8.0,9.5,9.4,8.47,9.2,6.8,8.3,9.6,9.6,8.54,7.0,9.7,6.7,10.0,8.6,8.38
3040,María Ramírez Torres,Recursos Humanos,Capacitación,2025-11-12,6.7,7.6,7.2,6.4,6.8,7.0,8.0,6.3,7.2,5.9,6.89,5.0,6.9,6.0,6.6,7.6,6.31,6.1,6.8,5.2,6.8,5.7,6.2
3041,Roberto Romero Romero,Tecnología,Desarrollo,2025-12-01,2.3,5.1,4.8,4.2,4.2,4.07,3.8,3.5,0.7,4.0,3.16,1.6,2.7,1.8,3.5,1.7,2.22,3.8,3.0,3.4,3.5,2.6,3.34
3042,Carlos García Pérez,Marketing,Investigación de Mercado,2025-12-25,8.1,8.5,9.2,8.0,10.0,8.69,9.3,9.5,7.6,8.0,8.68,7.8,8.4,9.1,7.6,10.0,8.51,6.7,7.4,6.6,7.8,5.4,6.95
3043,Pedro Ortiz Martínez,Marketing,Investigación de Mercado,2026-08-08,4.0,7.9,5.7,6.7,7.0,6.17,5.8,4.7,7.3,4.6,5.52,3.7,6.9,5.9,4.7,7.7,5.69,7.6,5.9,7.5,6.4,7.2,6.88
3044,Luis Morales Jiménez,Finanzas,Contabilidad,2026-06-08,5.9,5.9,5.7,5.9,3.6,5.52,6.7,6.8,6.2,6.9,6.68,5.1,4.2,6.0,7.7,6.3,5.63,5.8,5.8,4.0,4.9,4.9,5.17
3045,Ximena Vázquez González,Tecnología,Infraestructura,2026-06-20,4.5,8.7,8.2,7.6,8.0,7.28,6.7,9.4,9.2,7.0,7.95,8.1,8.8,6.8,7.9,6.9,7.8,8.7,8.8,8.6,8.6,7.9,8.6
3046,José Reyes Morales,Finanzas,Auditoría Interna,2025-12-22,4.2,4.4,5.5,4.0,3.4,4.36,4.3,3.0,2.6,3.6,3.46,0.8,4.1,5.0,4.1,4.2,3.47,3.6,4.9,4.5,6.6,5.4,4.88
3047,Camila Morales Rodríguez,Operaciones,Producción,2025-10-17,3.8,3.9,3.2,0.7,4.4,3.33,2.1,2.9,0.0,0.4,1.46,3.6,3.2,3.9,3.3,5.4,3.79,2.6,3.4,4.6,1.5,7.1,3.43
3048,Miguel Martínez Gómez,Operaciones,Logística,2026-04-22,8.1,5.5,6.2,5.2,5.8,6.29,6.5,7.5,7.6,5.4,6.7,7.5,7.9,5.8,5.8,4.7,6.58,7.3,6.5,5.8,7.4,5.5,6.64
3049,Mariana Hernández Torres,Recursos Humanos,Capacitación,2026-05-10,8.7,7.5,6.1,5.8,5.1,6.9,8.4,5.9,7.2,5.1,6.71,6.6,6.5,6.7,4.7,5.1,6.08,7.5,7.1,7.9,5.7,7.2,7.09
3050,Jorge Cruz Ortiz,Recursos Humanos,Nómina,2026-02-16,7.3,5.8,6.4,7.5,7.1,6.74,6.7,2.8,5.6,5.1,5.11,6.7,4.4,5.9,6.7,6.7,5.97,6.3,6.3,4.9,5.9,7.1,6.02
3051,Mariana Hernández Sánchez,Marketing,Marketing Digital,2025-09-12,6.2,7.2,5.6,5.3,6.8,6.28,4.9,7.8,7.2,6.3,6.44,8.2,9.2,9.0,7.3,7.7,8.4,6.8,6.3,6.8,5.8,6.9,6.48
3052,Sergio Castillo Martínez,Tecnología,Infraestructura,2026-04-25,8.2,5.9,5.4,5.8,5.1,6.24,5.8,8.3,5.7,5.9,6.43,7.0,6.4,5.1,5.3,3.9,5.75,7.5,6.6,4.8,7.5,6.8,6.66
3053,Mariana Flores Morales,Marketing,Comunicación de Marca,2026-05-29,7.0,9.5,7.2,8.6,8.0,8.06,10.0,8.7,8.2,8.9,9.04,9.6,7.7,7.8,9.5,7.8,8.48,8.1,8.4,6.2,10.0,9.2,8.28
3054,Juan Jiménez Jiménez,Recursos Humanos,Reclutamiento,2026-03-01,1.8,4.3,2.9,4.2,2.4,3.1,2.0,5.7,4.1,6.5,4.47,3.8,4.1,4.1,5.6,2.6,4.02,4.6,3.7,2.0,4.4,3.9,3.75
3055,Roberto Vázquez Castillo,Ventas,Ventas Nacionales,2025-10-08,5.2,1.6,4.0,3.0,3.3,3.44,2.5,0.8,2.3,3.4,2.26,3.9,3.8,0.6,4.2,2.4,3.03,0.7,0.0,3.3,0.1,0.4,0.9
3056,Mariana Torres Romero,Recursos Humanos,Nómina,2025-12-15,6.2,7.8,5.5,4.8,5.2,6.1,2.9,4.3,4.4,2.2,3.38,3.8,3.3,5.7,4.6,7.3,4.7,5.5,5.7,7.3,6.0,6.5,6.11
3057,Roberto Jiménez Rodríguez,Finanzas,Auditoría Interna,2026-03-02,0.4,3.4,1.6,2.2,3.0,2.05,2.3,2.1,2.5,2.5,2.34,3.7,3.7,3.9,2.5,4.3,3.65,4.2,2.2,2.8,3.4,2.6,3.1
3058,Gabriela Martínez Rodríguez,Ventas,Atención a Clientes,2025-12-15,3.6,4.5,4.9,6.2,4.9,4.67,4.8,4.4,5.5,6.2,5.19,5.7,4.7,7.7,3.2,5.1,5.39,5.8,6.8,4.2,5.5,5.0,5.59
3059,Fernanda Castillo Martínez,Tecnología,Soporte Técnico,2026-09-02,9.1,7.2,8.2,7.7,8.5,8.14,9.6,8.2,10.0,10.0,9.43,8.7,8.3,9.6,9.1,9.1,8.9,7.6,7.2,9.4,9.2,8.1,8.23
3060,Roberto Hernández Gómez,Ventas,Ventas Internacionales,2025-12-07,7.3,9.3,8.3,5.9,7.8,7.86,9.2,9.7,8.6,10.0,9.4,9.0,10.0,10.0,9.7,9.1,9.57,8.9,6.9,6.5,9.5,9.0,8.05
3061,Mariana González Gómez,Operaciones,Producción,2026-08-03,7.8,7.4,6.9,9.1,8.3,7.79,9.3,7.2,8.7,10.0,8.83,9.7,7.0,8.2,7.8,7.6,8.12,7.5,7.1,5.6,7.3,7.7,7.0
3062,Paola Romero Torres,Operaciones,Producción,2026-04-18,6.1,4.8,2.7,5.5,2.7,4.5,0.7,3.1,2.2,1.9,1.9,3.4,1.0,3.7,3.6,2.2,2.71,2.4,2.7,2.2,2.4,3.9,2.58
3063,María González Cruz,Tecnología,Infraestructura,2026-05-03,10.0,10.0,9.1,9.5,10.0,9.75,7.7,7.3,8.3,7.1,7.57,10.0,9.8,9.1,8.3,8.6,9.3,9.8,9.3,9.5,10.0,8.6,9.54
3064,Laura López Romero,Finanzas,Contabilidad,2025-12-29,5.6,4.7,4.4,6.9,5.3,5.28,5.1,6.1,6.6,5.3,5.7,6.1,5.8,7.2,5.7,4.2,5.9,3.7,3.6,6.0,6.4,5.8,4.89
3065,Pedro Cruz González,Operaciones,Logística,2026-06-12,7.7,7.0,7.0,8.4,5.6,7.18,8.2,8.5,8.1,7.9,8.18,8.4,6.6,4.7,5.8,7.1,6.62,7.6,6.6,7.3,8.2,10.0,7.65
3066,Laura Castillo Sánchez,Operaciones,Logística,2026-06-12,10.0,8.9,8.3,8.1,7.7,8.75,8.8,9.0,10.0,8.7,9.07,9.9,8.0,8.2,9.2,8.5,8.77,8.7,10.0,8.4,7.4,9.0,8.74
3067,María Ramírez Flores,Ventas,Atención a Clientes,2025-10-20,2.8,2.3,4.2,2.6,4.5,3.18,3.2,0.8,2.5,2.5,2.28,3.5,3.3,3.3,3.1,3.1,3.29,2.4,4.3,4.1,2.2,0.8,3.01
3068,Karla Sánchez Castillo,Finanzas,Auditoría Interna,2026-03-17,3.5,6.2,8.0,5.1,5.9,5.68,7.2,6.6,5.7,7.4,6.8,7.4,5.9,7.5,7.1,7.0,6.94,5.6,7.7,6.9,6.9,7.9,6.88
3069,Roberto Romero Ramírez,Marketing,Marketing Digital,2025-12-11,5.8,9.2,9.7,9.0,8.8,8.36,7.6,8.5,7.6,8.0,7.92,7.5,7.6,8.6,7.4,6.1,7.52,6.9,8.5,8.0,8.0,7.4,7.79
3070,Roberto Ramírez Jiménez,Operaciones,Logística,2026-02-07,8.8,9.7,8.3,8.7,8.9,8.93,6.3,7.3,6.7,7.8,7.0,8.4,5.4,6.1,8.4,5.9,6.82,7.7,7.7,7.9,6.4,9.3,7.64
3071,Francisco Sánchez Castillo,Ventas,Ventas Nacionales,2026-01-24,9.3,7.4,8.5,9.5,8.8,8.62,8.8,9.6,9.4,7.2,8.72,5.6,6.2,5.4,5.1,7.0,5.84,9.9,7.7,8.0,7.4,8.4,8.32
3072,Pedro Gómez González,Marketing,Marketing Digital,2025-12-31,7.8,8.7,7.7,8.7,9.4,8.38,6.2,8.8,8.2,5.7,7.12,7.5,8.2,7.6,8.4,6.5,7.68,8.0,9.2,9.7,7.2,7.5,8.43
3073,Francisco López López,Tecnología,Soporte Técnico,2026-01-07,7.2,5.2,5.7,4.6,6.8,5.95,8.4,6.2,7.3,8.3,7.6,5.1,5.8,5.3,2.8,5.2,4.99,10.0,9.0,7.7,6.6,7.1,8.32
3074,Ximena Hernández Gómez,Finanzas,Tesorería,2025-10-10,6.0,5.9,6.5,3.5,5.4,5.61,4.5,5.4,3.1,5.9,4.8,8.4,5.6,5.4,5.7,6.8,6.46,5.4,4.7,5.2,5.2,5.1,5.12
3075,Ricardo Sánchez Martínez,Marketing,Investigación de Mercado,2025-11-25,8.0,4.9,8.7,7.2,5.9,6.93,5.2,7.3,6.4,6.5,6.29,5.8,5.5,6.2,7.8,6.2,6.16,7.5,8.2,6.7,7.3,7.4,7.46
3076,Roberto Torres Flores,Tecnología,Desarrollo,2026-05-19,7.2,8.7,5.4,6.4,5.3,6.81,6.3,7.0,7.1,6.7,6.74,6.3,5.3,6.1,6.2,5.5,5.88,4.9,5.2,3.5,4.4,5.4,4.65
3077,Sergio Sánchez Morales,Finanzas,Tesorería,2026-07-08,5.8,4.9,7.1,5.3,6.0,5.79,6.4,5.6,6.9,4.7,5.88,2.9,4.9,6.2,6.5,6.0,5.06,6.8,5.9,5.5,2.8,5.1,5.34
3078,Miguel Morales López,Operaciones,Control de Calidad,2025-11-03,3.6,4.3,3.0,4.3,4.3,3.86,3.4,4.6,2.6,4.0,3.69,6.6,4.7,5.7,3.6,2.8,4.93,5.3,5.7,5.2,7.5,6.5,5.94
3079,Paola Rodríguez Morales,Marketing,Investigación de Mercado,2026-04-25,5.8,6.9,5.8,7.1,7.3,6.5,2.6,4.9,6.5,7.4,5.15,6.0,5.9,6.4,7.0,5.3,6.1,6.3,5.3,4.2,6.5,5.9,5.63
3080,Ricardo Reyes Rodríguez,Ventas,Atención a Clientes,2026-05-17,5.7,6.0,7.7,6.1,9.3,6.78,7.8,7.6,9.5,9.9,8.62,8.8,7.4,6.8,6.2,5.7,7.2,5.2,8.0,6.4,6.9,10.0,6.96
3081,Sofía González Reyes,Finanzas,Auditoría Interna,2026-07-29,9.6,9.2,10.0,5.9,7.0,8.64,9.9,9.6,10.0,9.4,9.72,7.5,8.8,9.5,10.0,7.9,8.66,10.0,7.4,10.0,9.0,9.1,9.06
3082,Raúl Vázquez Reyes,Ventas,Atención a Clientes,2026-02-18,4.7,4.6,5.5,5.0,4.5,4.85,6.2,6.6,7.4,3.9,5.96,4.3,4.2,5.7,4.4,3.6,4.46,7.2,6.3,6.1,8.1,7.3,6.94
3083,Camila Gómez Rodríguez,Marketing,Investigación de Mercado,2026-03-05,8.2,8.4,9.2,7.8,9.4,8.57,8.9,9.0,8.0,9.0,8.77,9.9,10.0,10.0,7.9,10.0,9.66,8.0,8.0,8.4,9.8,7.4,8.38
3084,Ana Reyes Reyes,Ventas,Ventas Nacionales,2025-11-09,5.1,5.0,6.6,5.8,5.7,5.57,6.2,5.8,4.3,4.8,5.37,4.5,5.3,6.7,7.5,3.3,5.41,5.0,5.9,5.5,3.5,5.1,5.04
3085,Sofía Ortiz Gómez,Recursos Humanos,Capacitación,2025-12-08,7.8,10.0,10.0,9.2,10.0,9.33,9.6,5.4,8.0,7.4,7.68,8.6,7.1,8.1,6.7,8.6,7.84,9.9,9.8,10.0,9.4,9.1,9.72
3086,Daniela Flores Hernández,Operaciones,Producción,2025-12-18,4.9,3.7,5.6,4.0,4.8,4.59,0.0,3.9,3.2,2.9,2.34,3.9,4.0,4.9,3.8,4.3,4.17,7.4,5.2,4.4,5.5,7.3,5.86
3087,Luis Pérez Ramírez,Recursos Humanos,Nómina,2026-02-23,6.5,6.4,7.0,8.2,8.1,7.07,4.7,5.1,5.5,8.3,5.86,7.6,3.7,3.1,5.7,5.2,5.08,6.3,7.8,6.7,8.4,7.3,7.28
3088,Sofía Hernández Cruz,Tecnología,Infraestructura,2025-10-28,7.7,7.8,7.8,8.5,8.5,7.99,10.0,10.0,10.0,10.0,10.0,10.0,6.8,8.0,9.0,8.1,8.36,8.3,8.8,9.0,6.8,7.4,8.18
3089,Karla Sánchez Rodríguez,Ventas,Ventas Internacionales,2025-09-14,7.3,7.4,4.3,5.5,8.0,6.56,6.3,4.5,7.6,7.1,6.31,5.4,5.2,5.6,3.2,3.7,4.8,4.1,6.4,5.5,5.4,3.7,5.18
3090,Sofía Torres Reyes,Marketing,Investigación de Mercado,2025-11-14,5.2,8.1,7.6,5.7,2.9,6.14,3.5,6.9,6.1,5.6,5.4,8.5,6.9,7.1,5.8,4.8,6.86,7.1,4.9,6.4,5.1,6.8,5.98
3091,Raúl Martínez Gómez,Ventas,Atención a Clientes,2026-05-03,5.3,6.3,5.8,7.6,7.5,6.32,7.4,5.8,8.3,8.7,7.5,7.2,7.0,7.6,9.9,9.2,7.94,10.0,10.0,9.3,9.1,10.0,9.68
3092,Daniela Martínez Jiménez,Ventas,Atención a Clientes,2026-05-30,8.7,7.3,6.6,6.5,7.2,7.38,7.6,6.1,3.1,6.5,6.05,6.5,6.4,4.4,4.5,4.2,5.41,5.9,8.6,6.0,6.9,8.2,7.02
3093,Luis Hernández Romero,Operaciones,Control de Calidad,2026-09-07,7.1,6.4,6.5,9.4,4.5,6.76,4.7,4.7,3.4,4.7,4.44,6.2,6.5,7.9,7.2,7.0,6.88,5.9,4.4,7.5,5.3,5.9,5.72
3094,Carlos Rodríguez González,Marketing,Investigación de Mercado,2025-09-10,6.7,6.9,5.2,4.1,5.7,5.91,6.5,6.8,6.1,4.8,6.07,6.5,4.4,3.4,5.2,8.2,5.42,6.9,4.1,5.2,5.1,5.9,5.4
3095,Ana García García,Ventas,Ventas Internacionales,2025-12-14,5.2,3.9,3.4,2.6,2.8,3.76,7.4,7.3,6.2,7.2,7.08,5.4,4.8,5.6,6.1,5.9,5.47,5.0,6.8,5.3,4.9,5.7,5.56
3096,Paola Cruz García,Operaciones,Producción,2025-09-30,2.2,4.2,3.8,1.5,2.7,2.99,3.4,3.5,1.7,1.6,2.64,1.0,2.0,2.4,0.9,1.0,1.52,1.5,3.6,3.5,4.1,2.1,3.0
3097,Daniela Pérez Morales,Operaciones,Producción,2025-11-24,4.1,4.2,5.2,4.7,5.0,4.57,7.3,7.5,6.6,6.8,7.08,5.1,6.2,4.8,4.3,6.5,5.4,8.2,6.3,3.0,6.1,8.3,6.28
3098,Ximena Jiménez Castillo,Finanzas,Contabilidad,2026-04-03,7.0,8.3,6.5,6.4,5.7,6.94,6.4,7.5,6.6,7.8,7.06,6.0,3.2,7.0,5.4,6.2,5.44,4.8,3.8,5.1,5.6,3.4,4.63
3099,Laura González Vázquez,Tecnología,Desarrollo,2026-07-17,8.8,4.4,7.4,6.4,7.2,6.82,9.2,8.9,9.5,10.0,9.38,8.9,8.5,9.8,8.0,8.3,8.75,7.1,7.6,8.4,8.2,8.9,7.88
3100,Miguel Ortiz Flores,Operaciones,Producción,2026-08-21,6.8,7.2,6.3,7.3,6.9,6.89,6.1,6.9,5.8,7.2,6.52,9.0,9.5,7.9,7.5,7.9,8.52,7.3,4.3,4.0,7.4,6.0,5.78
3101,Laura Ortiz Morales,Operaciones,Producción,2025-11-22,5.8,6.5,6.1,7.0,9.1,6.71,7.1,7.3,4.1,6.4,6.38,5.9,4.6,8.8,7.8,8.5,6.83,9.5,7.4,5.5,5.2,6.7,7.03
3102,Sergio Flores López,Ventas,Ventas Nacionales,2026-05-20,7.1,5.2,6.5,4.8,5.5,5.92,4.8,5.2,5.7,6.1,5.4,5.0,5.1,5.1,6.2,4.9,5.21,4.2,5.1,3.8,3.0,5.0,4.19
3103,Valeria López Jiménez,Operaciones,Logística,2026-04-22,2.8,3.8,2.9,3.9,3.6,3.36,3.3,3.8,3.7,5.9,4.16,0.6,3.5,3.3,1.9,3.4,2.48,2.6,4.3,2.3,2.0,4.3,3.02
3104,Fernanda Vázquez Gómez,Tecnología,Infraestructura,2025-11-06,6.5,6.2,5.6,6.0,6.6,6.18,6.8,6.2,7.4,4.0,6.07,6.8,6.2,6.1,5.6,5.5,6.14,3.7,3.4,6.4,4.0,5.8,4.44
3105,Fernanda Gómez López,Ventas,Ventas Internacionales,2026-03-16,4.0,4.7,5.4,4.0,4.4,4.51,0.0,2.5,2.6,3.8,2.09,4.6,4.5,5.7,3.4,4.4,4.58,1.1,3.1,4.2,2.6,2.3,2.64
3106,Ana Romero Morales,Finanzas,Tesorería,2025-09-25,5.8,6.0,5.5,5.0,3.8,5.37,7.9,6.7,6.5,6.1,6.87,7.3,6.5,4.5,5.1,7.3,6.21,3.0,5.4,4.6,5.3,4.6,4.54
3107,Ricardo Hernández Pérez,Tecnología,Infraestructura,2026-02-20,1.6,4.6,2.1,2.9,3.4,2.92,2.8,2.4,3.9,2.2,2.77,3.9,5.7,3.4,3.0,4.7,4.24,2.3,4.1,2.3,3.7,1.8,2.98
3108,Valeria Ortiz Castillo,Recursos Humanos,Reclutamiento,2025-11-08,5.5,2.9,5.4,7.3,7.3,5.37,7.5,7.8,7.1,6.3,7.2,7.9,8.3,8.0,10.0,7.7,8.3,7.2,5.4,8.0,8.2,7.4,7.13
3109,Fernanda Flores Hernández,Marketing,Comunicación de Marca,2026-07-24,4.7,7.4,6.6,4.1,7.1,6.02,5.4,5.1,5.8,5.6,5.46,3.7,6.2,5.6,5.9,7.1,5.54,4.7,5.5,6.7,7.7,6.2,6.05
3110,Juan Cruz Morales,Finanzas,Auditoría Interna,2026-04-16,8.3,10.0,8.2,7.0,8.3,8.51,9.3,7.3,7.1,7.2,7.84,9.5,8.7,7.6,7.5,8.0,8.4,7.7,6.7,7.9,8.7,8.4,7.76
3111,Juan Cruz Reyes,Operaciones,Producción,2026-07-03,7.6,5.5,7.7,7.6,7.2,7.03,8.1,9.4,7.1,8.0,8.2,5.9,7.6,6.8,7.5,7.1,6.93,7.0,5.9,8.3,7.7,6.9,7.12
3112,Sergio Castillo Sánchez,Finanzas,Tesorería,2026-08-18,9.7,8.8,7.4,10.0,9.0,8.96,8.2,7.6,7.2,8.2,7.85,7.1,8.2,10.0,9.5,8.7,8.56,8.3,10.0,10.0,9.3,9.2,9.36
3113,Jorge Gómez Jiménez,Tecnología,Infraestructura,2025-09-11,6.5,8.9,7.6,7.8,9.3,7.94,5.1,5.3,5.6,6.4,5.57,8.4,6.3,5.9,6.3,6.1,6.72,5.7,7.7,6.5,7.7,7.1,6.9
3114,Sofía Jiménez Hernández,Tecnología,Desarrollo,2026-03-03,6.2,7.4,6.2,5.5,6.1,6.38,4.9,4.4,8.0,6.6,5.82,5.1,4.1,4.6,6.0,5.8,4.99,5.5,5.0,4.7,4.5,5.6,5.02
3115,Ricardo Sánchez Romero,Marketing,Marketing Digital,2026-05-01,5.8,6.9,4.1,4.1,3.8,5.18,4.4,3.7,2.7,5.0,4.04,5.1,4.7,5.1,4.4,5.0,4.88,6.3,3.0,4.0,5.8,5.6,4.84
3116,María Gómez Pérez,Finanzas,Auditoría Interna,2026-04-23,4.5,3.9,2.9,4.6,6.0,4.27,4.5,4.1,5.0,5.6,4.78,0.0,2.6,4.4,1.4,4.2,2.37,4.1,2.8,3.8,3.2,2.2,3.34
3117,José Jiménez Jiménez,Marketing,Marketing Digital,2026-06-12,5.4,4.7,7.7,6.6,5.8,5.93,9.1,8.1,7.0,8.9,8.38,6.4,6.8,6.6,5.9,6.4,6.46,7.4,7.9,5.2,6.1,5.6,6.64
3118,Ana García López,Ventas,Atención a Clientes,2026-07-25,4.3,5.3,5.3,2.6,2.2,4.18,3.5,3.0,3.1,4.1,3.44,3.0,4.0,4.3,2.0,3.5,3.43,2.2,3.7,5.8,4.4,5.5,4.06
3119,Fernanda López Torres,Operaciones,Control de Calidad,2025-10-09,5.3,6.9,5.0,7.3,6.5,6.12,3.8,3.2,6.0,4.3,4.22,7.1,6.2,6.1,4.4,7.0,6.26,2.3,4.3,6.8,6.6,6.1,4.94
3120,Juan Vázquez Gómez,Finanzas,Tesorería,2026-07-31,10.0,10.0,9.1,10.0,10.0,9.82,9.2,6.9,8.4,8.8,8.36,8.9,10.0,8.0,9.7,9.0,9.13,10.0,10.0,9.6,8.6,7.7,9.41
3121,Francisco Castillo Castillo,Finanzas,Contabilidad,2026-04-20,8.3,4.5,7.0,4.9,6.7,6.34,5.5,6.1,5.2,5.1,5.49,1.3,5.8,4.4,5.1,2.8,3.84,7.1,5.3,5.3,5.5,5.5,5.81
3122,José Sánchez Vázquez,Finanzas,Auditoría Interna,2026-07-14,5.0,6.6,7.5,6.4,8.9,6.7,6.6,9.0,9.1,6.4,7.65,6.8,7.8,4.9,7.5,8.1,6.97,4.8,5.3,4.9,5.4,7.4,5.32
3123,Daniela Torres Vázquez,Tecnología,Infraestructura,2025-10-03,7.0,7.7,8.3,5.3,7.5,7.26,7.3,8.9,7.6,7.6,7.84,8.1,6.9,8.7,8.4,9.1,8.12,6.8,6.4,6.6,6.7,6.7,6.63
3124,Ximena Sánchez Sánchez,Finanzas,Tesorería,2026-06-24,4.2,5.4,3.5,3.3,3.8,4.17,5.9,4.5,5.3,5.9,5.43,5.1,3.9,6.0,2.4,2.1,4.12,2.9,1.9,5.6,3.5,3.8,3.4
3125,María Pérez Pérez,Operaciones,Logística,2026-04-17,5.7,7.5,6.4,6.1,5.1,6.26,3.8,5.4,5.2,6.6,5.18,5.6,4.8,5.0,4.8,4.3,4.96,6.9,7.7,5.5,5.4,7.6,6.59
3126,Ricardo Cruz Gómez,Operaciones,Producción,2025-12-06,7.5,5.6,4.9,7.5,6.6,6.37,4.9,3.7,6.1,6.1,5.14,5.5,5.8,5.6,7.2,5.4,5.84,7.6,6.2,7.0,7.0,5.4,6.79
3127,Gabriela Torres García,Marketing,Investigación de Mercado,2026-02-11,7.2,6.6,7.7,7.5,7.7,7.27,5.0,7.6,4.4,7.0,6.03,6.6,6.8,6.0,8.8,5.8,6.74,6.4,6.1,7.1,5.6,5.2,6.18
3128,Paola Torres González,Recursos Humanos,Reclutamiento,2026-04-21,3.7,7.4,1.9,2.8,5.2,4.36,4.4,6.5,6.1,5.2,5.46,7.8,1.8,6.2,4.5,4.2,4.94,5.6,4.0,4.0,5.2,3.6,4.6
3129,Fernanda Torres Vázquez,Marketing,Investigación de Mercado,2026-02-14,5.2,5.7,7.3,6.0,5.3,5.88,9.1,9.2,8.5,5.6,8.13,8.6,6.9,8.7,8.3,7.7,8.02,8.5,9.0,8.2,6.5,6.8,7.99
3130,Mariana Cruz Ramírez,Marketing,Marketing Digital,2026-04-01,5.4,7.4,6.6,8.2,5.3,6.54,5.7,5.3,7.2,4.8,5.68,5.7,5.4,5.7,8.3,5.9,6.04,6.1,4.8,7.0,7.3,7.4,6.32
3131,Jorge Jiménez Cruz,Operaciones,Control de Calidad,2026-05-25,4.4,4.7,5.7,4.6,6.2,5.04,7.7,5.5,6.0,6.4,6.48,6.8,2.5,4.1,5.1,7.0,4.96,6.2,4.9,6.9,5.1,5.4,5.72
3132,Fernanda Hernández Flores,Tecnología,Soporte Técnico,2026-02-01,1.8,2.9,2.7,3.3,1.8,2.48,3.5,4.5,5.8,2.7,4.01,1.8,4.5,2.8,3.3,5.4,3.44,0.0,1.3,0.0,1.2,1.1,0.68
3133,Carlos Rodríguez Gómez,Marketing,Comunicación de Marca,2026-04-27,5.5,4.1,3.2,5.7,3.9,4.48,5.0,6.5,4.8,3.2,4.88,3.3,4.3,3.0,3.4,2.8,3.43,3.8,4.6,3.3,5.6,4.0,4.28
3134,Gabriela Flores Romero,Operaciones,Producción,2025-09-22,6.0,5.2,7.6,7.0,4.1,5.98,4.0,5.1,5.5,2.4,4.18,5.0,5.8,5.5,3.3,5.7,5.15,5.0,5.5,2.8,5.6,5.4,4.84
3135,Ximena Cruz Vázquez,Marketing,Comunicación de Marca,2026-03-22,7.1,7.4,8.2,8.3,9.3,7.9,8.0,7.8,7.0,7.8,7.7,5.5,8.7,7.7,6.9,8.7,7.43,10.0,7.5,8.1,10.0,8.7,8.86
3136,Daniela Gómez Ramírez,Tecnología,Infraestructura,2025-12-05,0.0,0.4,1.8,1.8,1.3,0.92,0.5,3.9,2.4,3.5,2.48,3.6,3.3,1.5,2.9,3.8,3.03,2.3,4.0,4.0,5.7,3.2,3.84
3137,Sofía López Ortiz,Recursos Humanos,Reclutamiento,2026-06-14,5.9,6.3,5.8,5.0,7.3,6.06,4.9,5.1,8.1,4.2,5.42,4.4,6.1,4.9,3.6,3.7,4.7,6.2,8.0,8.1,6.8,7.5,7.28
3138,Miguel Ortiz Martínez,Recursos Humanos,Capacitación,2026-01-15,7.1,8.3,8.0,9.4,8.2,8.09,8.0,6.6,9.1,9.0,8.12,7.0,8.0,7.9,7.4,6.9,7.48,9.6,8.7,7.4,8.7,10.0,8.8
3139,Diego Cruz Cruz,Ventas,Atención a Clientes,2026-02-15,5.2,8.1,4.6,4.1,6.3,5.81,3.3,5.4,7.5,5.5,5.22,3.9,4.8,3.8,3.1,5.5,4.22,4.1,4.9,4.0,4.5,5.4,4.49
3140,Luis Martínez Sánchez,Operaciones,Producción,2025-12-10,6.0,4.6,5.5,5.6,5.3,5.38,1.1,3.0,5.0,2.8,2.78,4.4,4.4,5.8,3.4,3.1,4.34,6.3,7.6,6.7,7.4,5.0,6.8
3141,Paola Vázquez Flores,Tecnología,Desarrollo,2026-03-23,7.2,4.6,4.7,5.6,5.6,5.57,4.0,3.5,5.0,5.4,4.43,7.9,6.1,6.2,5.4,5.0,6.3,4.3,5.5,5.2,5.3,4.7,5.02
3142,Carlos Pérez Reyes,Marketing,Comunicación de Marca,2025-12-19,4.9,6.2,10.0,5.5,5.1,6.36,7.3,6.9,9.0,6.1,7.24,6.4,5.4,7.2,5.8,7.9,6.44,3.8,3.9,4.3,3.4,2.5,3.72
3143,Ricardo Castillo Cruz,Ventas,Ventas Nacionales,2026-08-17,9.2,7.0,8.6,6.9,6.0,7.7,8.3,7.5,5.8,6.9,7.25,7.9,6.2,9.0,8.5,8.0,7.8,8.0,7.5,5.2,8.8,5.4,7.22
3144,Andrea Martínez Hernández,Marketing,Comunicación de Marca,2025-12-30,3.3,0.8,4.0,3.2,5.0,3.06,1.4,1.6,3.6,1.3,1.86,3.0,2.2,2.0,4.3,5.1,3.11,3.8,3.6,3.1,3.2,2.9,3.4
3145,Mariana Sánchez Cruz,Recursos Humanos,Nómina,2025-12-06,9.0,10.0,8.6,9.7,8.9,9.26,9.0,8.8,6.4,9.2,8.48,8.5,9.6,9.9,8.9,10.0,9.34,7.9,7.7,9.1,9.9,9.6,8.66
3146,Alejandro Martínez Rodríguez,Tecnología,Desarrollo,2026-03-10,7.8,6.2,6.6,6.0,5.6,6.56,5.4,5.4,6.6,4.7,5.46,3.8,5.4,7.3,7.6,6.3,5.84,4.3,5.6,5.7,4.2,6.4,5.1
3147,Daniela López Cruz,Ventas,Ventas Nacionales,2026-08-26,9.5,9.9,10.0,9.4,8.8,9.58,9.8,8.1,7.3,8.1,8.45,10.0,8.0,8.9,7.4,7.9,8.58,8.7,9.5,7.2,9.0,5.8,8.37
3148,Ricardo Hernández Rodríguez,Recursos Humanos,Nómina,2026-02-13,7.7,5.1,6.1,8.6,8.4,6.97,8.5,7.2,6.7,6.9,7.41,7.9,8.8,7.1,9.1,9.4,8.37,7.7,7.2,7.1,8.8,10.0,7.9
3149,Francisco Pérez Romero,Marketing,Investigación de Mercado,2025-11-26,5.5,4.7,4.6,4.9,5.5,5.03,6.9,5.7,4.8,6.1,5.98,5.8,8.5,7.4,6.1,7.4,7.08,7.1,7.4,7.4,5.9,6.2,6.9
3150,Karla Vázquez Martínez,Recursos Humanos,Nómina,2026-03-23,8.6,7.0,9.6,8.5,7.6,8.24,7.9,10.0,9.1,8.2,8.74,8.0,8.9,7.0,8.2,7.6,7.99,8.2,9.0,9.8,8.6,8.2,8.8
3151,Gabriela Sánchez Torres,Tecnología,Infraestructura,2026-08-04,7.8,7.3,7.1,7.1,7.0,7.31,7.8,9.3,7.7,5.7,7.63,8.8,8.3,8.8,9.1,8.2,8.63,8.5,5.9,9.0,7.6,7.9,7.71
3152,Sergio Pérez Pérez,Ventas,Ventas Nacionales,2026-04-16,3.5,3.6,2.6,6.2,3.8,3.79,2.8,2.8,4.2,2.6,3.03,4.1,4.9,5.1,5.5,5.3,4.89,4.3,4.9,3.8,4.6,5.1,4.49
3153,José Reyes Vázquez,Operaciones,Control de Calidad,2025-09-10,3.3,2.9,2.1,1.9,2.4,2.62,3.2,2.5,2.7,2.4,2.72,5.2,6.3,3.5,3.4,4.2,4.72,2.9,5.2,3.2,4.5,2.5,3.82
3154,Fernanda Hernández Sánchez,Recursos Humanos,Capacitación,2026-06-01,5.2,5.2,4.6,6.9,6.9,5.59,4.3,5.2,4.5,7.1,5.26,5.2,4.6,6.0,6.7,4.8,5.38,5.8,4.2,3.1,4.6,2.5,4.29
3155,Fernanda Castillo López,Operaciones,Control de Calidad,2026-02-26,4.8,4.5,3.3,3.6,7.8,4.7,7.9,4.9,5.8,6.7,6.43,4.9,7.3,6.1,6.1,6.7,6.19,7.6,5.8,7.8,5.7,9.8,7.03
3156,Daniela Reyes González,Recursos Humanos,Reclutamiento,2026-05-01,6.7,7.2,5.6,6.4,7.0,6.6,8.3,6.9,9.6,8.9,8.36,5.0,5.1,6.5,5.2,4.9,5.34,4.6,7.0,7.7,8.0,6.6,6.7
3157,Pedro Castillo Ramírez,Recursos Humanos,Reclutamiento,2025-12-21,8.5,9.3,8.9,8.5,8.6,8.8,9.0,8.8,9.2,7.4,8.59,8.7,8.8,9.4,9.2,8.5,8.91,8.8,7.7,9.2,9.3,7.5,8.57
3158,Francisco Vázquez Jiménez,Ventas,Ventas Internacionales,2026-04-04,8.3,6.6,7.9,7.1,6.3,7.32,8.4,7.0,8.9,8.6,8.2,8.9,8.5,6.8,7.8,6.0,7.78,7.5,9.7,9.7,9.4,9.2,9.04
3159,Laura García Sánchez,Finanzas,Tesorería,2026-04-20,9.9,9.3,10.0,10.0,10.0,9.8,8.5,8.8,8.4,7.8,8.38,10.0,7.0,7.1,8.1,10.0,8.38,8.8,9.1,7.5,10.0,10.0,8.98
3160,Ana Pérez Reyes,Operaciones,Producción,2026-02-08,6.3,4.6,5.5,5.5,3.4,5.16,3.4,6.3,3.6,5.0,4.56,4.9,4.3,7.0,5.3,6.0,5.4,7.1,4.3,5.3,5.6,7.0,5.73
3161,Alejandro González García,Recursos Humanos,Reclutamiento,2026-02-11,8.3,7.3,6.6,7.3,9.3,7.71,8.7,8.5,9.5,6.9,8.36,5.5,7.8,5.9,8.9,6.9,6.88,6.9,7.0,6.2,7.6,7.7,7.0
3162,Carlos Flores Vázquez,Operaciones,Producción,2026-03-09,7.7,7.7,8.1,9.6,6.7,7.92,7.6,7.0,5.4,7.5,6.98,9.0,8.8,7.0,7.6,9.0,8.34,10.0,6.6,8.6,5.7,6.6,7.67
3163,Jorge Pérez Morales,Tecnología,Infraestructura,2026-06-05,10.0,7.6,9.6,7.7,7.9,8.66,8.5,8.1,8.2,10.0,8.72,6.6,8.7,7.5,10.0,9.3,8.22,5.9,6.0,7.5,9.1,6.7,6.96
3164,Juan González García,Operaciones,Control de Calidad,2026-07-30,9.3,8.0,9.6,9.3,8.6,8.93,10.0,8.5,8.0,9.1,9.0,7.3,8.2,6.9,6.6,8.4,7.5,8.9,8.8,9.1,8.8,8.2,8.83
3165,Diego Cruz Morales,Finanzas,Auditoría Interna,2025-12-29,6.1,7.5,7.2,6.9,7.6,7.02,7.4,9.1,8.2,6.4,7.74,7.9,9.5,5.6,8.2,6.9,7.74,6.8,7.2,7.5,8.8,7.8,7.54
3166,Karla Ramírez Gómez,Ventas,Ventas Nacionales,2026-05-06,3.4,3.2,4.2,2.5,2.6,3.26,4.3,5.0,2.8,3.9,4.08,5.2,2.4,3.2,1.5,2.0,3.06,2.4,0.7,2.6,2.9,5.6,2.44
3167,Camila López Castillo,Finanzas,Auditoría Interna,2026-01-27,8.5,7.1,8.5,8.0,8.2,8.03,8.7,8.2,9.4,10.0,9.04,10.0,8.7,6.9,8.7,7.6,8.5,10.0,9.4,7.1,10.0,8.1,9.08
3168,Laura González Rodríguez,Marketing,Investigación de Mercado,2026-04-23,7.2,6.4,9.7,8.9,9.2,8.06,8.2,7.4,10.0,9.7,8.74,8.3,8.7,8.3,6.0,8.2,8.04,8.2,7.2,10.0,9.3,8.8,8.59
3169,María Ramírez Hernández,Finanzas,Auditoría Interna,2025-10-31,8.3,10.0,7.9,10.0,8.4,8.92,8.7,9.5,10.0,8.1,9.01,7.4,10.0,10.0,10.0,8.3,9.09,8.0,8.0,7.6,9.0,8.9,8.21
3170,Paola Ortiz Castillo,Ventas,Atención a Clientes,2025-12-23,9.1,9.8,6.4,8.2,8.4,8.49,9.2,8.4,6.8,9.1,8.49,7.5,8.7,10.0,8.8,10.0,8.87,9.1,8.6,9.2,8.2,9.3,8.83
3171,Laura Rodríguez Flores,Ventas,Ventas Nacionales,2026-04-13,5.1,7.1,9.1,10.0,5.1,7.14,5.8,4.8,7.0,6.7,6.02,6.3,5.7,7.0,7.6,6.9,6.58,10.0,8.7,9.6,8.3,8.9,9.14
3172,Fernanda Reyes Romero,Ventas,Atención a Clientes,2026-05-09,7.7,9.8,8.5,9.4,8.0,8.68,8.5,9.0,8.9,10.0,9.08,8.5,8.7,9.7,7.6,10.0,8.88,10.0,10.0,10.0,9.8,10.0,9.96
3173,Fernanda Martínez Castillo,Tecnología,Soporte Técnico,2025-12-08,7.1,8.1,8.1,7.9,8.9,7.94,8.9,8.7,8.3,8.4,8.6,8.5,9.8,6.8,8.6,7.4,8.34,9.2,8.2,6.8,8.1,8.9,8.22
3174,Raúl Sánchez Rodríguez,Marketing,Comunicación de Marca,2026-09-05,10.0,9.0,6.0,10.0,10.0,8.95,7.8,9.0,10.0,9.0,8.84,8.9,10.0,7.9,9.5,9.0,9.08,6.6,8.2,7.7,8.1,5.5,7.41
3175,Pedro Rodríguez Flores,Tecnología,Soporte Técnico,2026-08-17,6.1,4.0,7.0,3.4,4.8,5.15,4.0,6.1,3.6,4.0,4.44,3.9,3.4,5.2,6.0,4.7,4.47,4.7,5.7,7.4,4.1,6.7,5.57
3176,Camila Ortiz Rodríguez,Recursos Humanos,Reclutamiento,2026-08-08,3.5,4.4,3.5,3.6,1.2,3.4,2.1,4.0,3.0,1.9,2.7,2.6,2.0,2.9,1.0,0.0,1.88,2.3,4.0,3.4,4.2,4.3,3.52
3177,Luis Cruz Jiménez,Ventas,Atención a Clientes,2026-05-04,1.4,1.8,0.6,0.8,2.1,1.36,3.7,1.6,1.1,2.2,2.28,2.1,1.2,3.1,3.3,3.8,2.51,1.4,2.1,5.5,0.9,1.0,2.26
3178,Sofía Rodríguez Jiménez,Tecnología,Desarrollo,2026-03-10,5.8,5.0,5.1,6.4,3.8,5.25,6.7,5.6,5.9,4.6,5.74,5.0,4.0,4.5,4.2,6.2,4.71,3.8,6.0,2.7,5.0,5.2,4.51
3179,Juan Morales Torres,Recursos Humanos,Nómina,2026-05-24,6.7,8.6,8.9,8.0,8.4,8.07,7.7,9.0,8.9,7.4,8.19,10.0,8.1,8.5,8.1,10.0,8.94,8.5,10.0,8.4,8.6,7.8,8.8
3180,Carlos Rodríguez Torres,Operaciones,Logística,2026-07-01,8.1,8.5,7.1,7.6,8.0,7.91,8.1,8.1,8.0,9.0,8.3,6.6,6.5,5.7,6.0,8.1,6.53,9.3,9.1,6.4,7.9,9.6,8.42
3181,José Reyes Pérez,Finanzas,Auditoría Interna,2026-05-16,6.9,7.0,6.9,8.3,5.9,6.98,6.1,7.0,6.8,5.9,6.42,6.2,5.5,4.9,7.6,5.6,5.88,4.9,4.9,5.6,3.3,6.2,4.85
3182,Fernanda Reyes García,Tecnología,Soporte Técnico,2026-03-11,3.6,5.7,6.3,5.0,5.0,5.08,5.6,5.2,5.0,5.3,5.3,4.0,3.8,4.7,3.8,5.5,4.28,3.7,7.6,4.5,4.3,5.6,5.14
3183,María Cruz Castillo,Ventas,Ventas Nacionales,2026-05-22,5.9,4.8,5.8,3.8,6.1,5.32,7.3,4.2,5.4,4.4,5.42,5.9,7.3,7.1,7.6,6.3,6.8,7.2,4.9,4.8,5.2,6.3,5.66
3184,María Vázquez Martínez,Tecnología,Desarrollo,2026-02-10,10.0,10.0,8.2,10.0,8.8,9.46,9.7,10.0,9.0,10.0,9.71,8.3,7.7,8.7,6.9,7.5,7.9,7.7,9.3,8.7,7.6,8.5,8.36
3185,Paola Cruz Flores,Operaciones,Logística,2026-04-21,4.9,6.2,4.4,4.2,6.6,5.28,7.1,5.3,5.1,7.4,6.32,3.8,6.0,5.0,2.8,4.6,4.56,6.6,5.9,5.5,4.2,3.4,5.4
3186,Juan Vázquez Pérez,Ventas,Atención a Clientes,2025-10-02,3.4,3.6,4.2,5.9,5.6,4.31,4.0,7.8,5.9,4.0,5.33,7.2,6.2,6.7,7.0,5.3,6.54,3.6,3.4,3.5,4.4,4.6,3.79
3187,Gabriela Jiménez Morales,Finanzas,Auditoría Interna,2025-09-10,6.2,8.6,6.7,7.0,9.4,7.5,8.9,8.6,8.7,6.8,8.26,8.6,6.9,7.2,8.6,6.9,7.64,9.5,7.6,7.7,6.2,5.1,7.56
3188,Miguel Jiménez Romero,Marketing,Comunicación de Marca,2026-01-11,8.0,8.4,8.1,7.0,8.7,8.07,8.1,6.8,8.6,6.9,7.57,8.0,4.3,7.5,6.9,7.7,6.76,8.9,7.1,5.9,6.8,5.8,7.12
3189,Camila Castillo González,Ventas,Ventas Internacionales,2026-02-17,5.7,7.8,5.7,6.9,7.6,6.69,6.7,6.7,3.1,6.8,6.0,7.1,5.3,5.1,6.6,5.3,5.9,7.3,4.8,7.0,8.2,6.4,6.7
3190,Alejandro Ramírez Romero,Marketing,Investigación de Mercado,2026-08-27,8.7,6.6,6.1,8.7,9.2,7.73,5.4,7.4,7.1,8.6,7.04,9.0,8.0,8.0,9.6,8.9,8.62,7.7,6.3,7.5,5.0,7.2,6.72
3191,Raúl Gómez Hernández,Recursos Humanos,Nómina,2026-01-23,8.4,9.7,9.9,6.6,9.2,8.88,10.0,9.6,10.0,9.2,9.7,5.5,8.4,7.9,8.2,6.9,7.32,10.0,9.8,6.7,8.3,6.4,8.59
3192,Miguel Torres Torres,Tecnología,Desarrollo,2026-04-22,6.0,3.2,4.9,4.1,2.9,4.33,4.2,2.9,3.5,2.4,3.28,5.5,5.3,5.2,3.5,4.3,4.91,3.6,2.4,4.7,3.6,3.1,3.47
3193,Daniela López López,Recursos Humanos,Nómina,2026-05-25,7.1,4.7,5.9,5.7,6.3,5.93,6.3,4.6,4.0,4.7,5.01,5.5,5.6,3.6,7.3,5.0,5.34,7.3,6.7,5.8,7.1,6.1,6.69
3194,Valeria Flores Flores,Operaciones,Producción,2025-11-22,5.1,5.8,5.3,5.1,5.1,5.32,7.6,7.5,7.4,6.6,7.28,3.3,4.7,4.0,3.2,4.3,3.92,5.6,4.9,5.6,3.9,6.3,5.16
3195,Sergio García Vázquez,Ventas,Ventas Internacionales,2026-08-23,5.4,5.6,5.5,5.6,7.8,5.86,3.8,6.9,7.1,6.4,5.88,8.6,7.5,7.6,7.4,5.6,7.5,5.4,6.6,5.1,6.5,7.7,6.09
3196,Sofía Castillo Romero,Operaciones,Producción,2026-06-04,5.4,8.9,5.3,6.8,6.8,6.67,7.4,6.9,6.3,4.5,6.33,7.0,5.5,5.9,6.5,6.9,6.32,6.3,5.8,9.0,5.4,6.8,6.58
3197,Diego Sánchez González,Marketing,Comunicación de Marca,2025-11-29,5.5,5.7,4.0,5.8,6.3,5.42,4.3,7.5,2.5,2.9,4.39,5.8,5.3,5.7,6.7,5.7,5.78,1.6,1.5,4.3,4.0,1.5,2.58
3198,Laura Romero Hernández,Tecnología,Infraestructura,2025-10-05,2.6,1.3,3.8,2.1,1.5,2.28,4.4,3.2,2.5,1.9,3.1,3.9,2.4,2.6,2.9,1.2,2.71,4.2,1.7,2.8,4.3,4.1,3.3
3199,Ricardo Flores Jiménez,Marketing,Comunicación de Marca,2026-03-04,9.4,10.0,9.6,9.3,9.9,9.65,8.1,9.4,7.9,8.7,8.54,10.0,8.6,9.4,9.8,10.0,9.5,8.3,9.2,8.6,8.0,9.1,8.6
3200,Mariana Morales Vázquez,Finanzas,Contabilidad,2026-02-26,3.5,3.6,2.1,4.1,1.8,3.08,4.0,4.4,1.8,5.4,4.01,3.9,5.2,3.7,3.0,3.8,4.04,3.3,3.6,4.2,3.8,3.6,3.68
3201,Andrea Cruz Hernández,Operaciones,Logística,2025-09-20,10.0,10.0,9.7,9.1,10.0,9.8,8.8,8.8,10.0,7.5,8.72,9.6,9.7,10.0,10.0,9.7,9.78,8.6,7.7,7.8,9.6,8.7,8.42
3202,Laura Cruz García,Marketing,Comunicación de Marca,2026-08-05,5.7,5.3,3.3,4.5,6.9,5.12,7.3,6.5,6.7,5.6,6.56,8.8,6.2,6.1,6.0,7.7,7.02,7.7,6.0,6.5,6.0,4.2,6.34
3203,Miguel Flores Flores,Finanzas,Auditoría Interna,2026-03-16,4.5,5.6,5.4,3.9,6.6,5.18,4.1,6.0,4.3,4.2,4.64,4.0,4.6,5.4,7.0,3.7,4.84,5.9,7.5,7.2,7.1,5.8,6.79
3204,Sergio Romero Torres,Tecnología,Desarrollo,2026-06-11,2.1,2.2,2.1,1.9,1.6,2.02,3.3,2.9,2.7,4.3,3.33,1.9,3.9,1.8,4.2,0.7,2.54,4.5,3.7,5.3,3.9,4.2,4.31
3205,Juan Cruz Torres,Marketing,Comunicación de Marca,2026-03-17,3.2,4.0,3.3,2.9,1.9,3.18,5.4,1.7,5.1,3.9,4.04,5.9,4.5,5.1,5.5,4.5,5.12,2.9,4.1,4.0,6.4,4.9,4.32
3206,Alejandro Flores Cruz,Operaciones,Logística,2025-10-12,6.3,8.3,6.1,7.0,6.5,6.9,5.0,7.2,4.9,8.0,6.28,7.0,7.4,7.6,4.6,5.8,6.68,7.8,8.4,6.0,8.2,7.5,7.64
3207,Fernanda Morales Hernández,Marketing,Comunicación de Marca,2026-02-02,7.2,5.2,7.8,8.7,7.1,7.03,5.9,6.3,4.0,5.8,5.6,8.0,6.5,8.6,6.5,7.8,7.49,6.6,7.0,6.1,7.3,7.9,6.87
3208,Diego González Jiménez,Recursos Humanos,Nómina,2025-09-11,8.6,9.3,9.1,9.0,9.6,9.08,10.0,10.0,9.8,9.4,9.81,10.0,7.6,10.0,10.0,8.6,9.19,8.7,6.9,7.2,9.2,7.9,7.97
3209,Pedro Rodríguez Ramírez,Tecnología,Soporte Técnico,2026-03-07,3.1,3.1,1.7,4.0,1.6,2.73,2.1,1.6,3.3,2.2,2.24,1.2,0.9,0.9,1.1,2.1,1.18,2.9,3.4,3.5,2.6,2.4,3.04
3210,Raúl Jiménez Cruz,Recursos Humanos,Reclutamiento,2025-10-27,5.0,2.4,5.2,3.6,3.7,3.99,1.9,4.5,5.8,3.0,3.6,4.8,3.0,3.7,2.3,5.3,3.83,0.8,4.2,3.9,2.9,3.2,2.93
3211,María García González,Finanzas,Auditoría Interna,2026-07-08,3.3,2.8,2.7,5.2,2.6,3.24,0.6,4.2,4.1,4.0,3.05,4.7,2.3,1.2,3.2,2.0,2.77,3.4,1.6,1.5,1.8,3.9,2.3
3212,Carlos Torres Rodríguez,Recursos Humanos,Reclutamiento,2026-05-13,10.0,9.8,9.0,10.0,10.0,9.75,6.7,6.2,6.7,9.3,7.22,8.8,9.4,7.6,8.9,9.4,8.82,8.5,9.0,8.7,8.2,7.7,8.52
3213,Ximena Rodríguez Castillo,Operaciones,Producción,2026-05-31,4.1,3.1,4.9,2.9,0.8,3.34,5.8,4.3,4.3,4.5,4.8,4.5,4.8,3.2,3.3,2.9,3.9,2.1,3.2,4.1,2.2,1.8,2.76
3214,Andrea Ramírez Torres,Marketing,Investigación de Mercado,2025-12-01,4.0,5.3,6.1,5.7,6.0,5.3,3.6,6.9,4.8,3.7,4.69,5.2,4.9,5.2,3.4,3.2,4.56,5.4,3.7,5.9,5.0,6.7,5.12
3215,Ricardo Pérez Flores,Tecnología,Desarrollo,2026-03-04,10.0,9.5,8.5,10.0,8.8,9.4,9.2,10.0,9.8,9.8,9.67,8.2,9.1,7.5,10.0,9.3,8.72,9.7,10.0,7.9,9.1,8.8,9.2
3216,Roberto Ramírez Torres,Operaciones,Producción,2026-06-18,7.9,8.2,7.3,7.4,6.4,7.56,9.4,9.4,7.2,7.6,8.51,9.3,9.0,9.5,6.9,7.9,8.7,9.2,7.9,10.0,8.1,10.0,8.9
3217,Ximena Cruz Pérez,Marketing,Comunicación de Marca,2026-07-06,7.6,7.2,4.4,6.5,7.3,6.65,5.9,4.6,4.3,4.5,4.9,4.0,5.9,4.5,3.8,4.4,4.6,6.0,5.9,6.3,6.8,6.6,6.26
3218,Fernanda Ortiz Hernández,Recursos Humanos,Reclutamiento,2026-04-20,3.2,2.6,2.5,1.1,4.5,2.79,3.5,2.0,3.4,0.7,2.4,2.8,2.9,5.3,4.4,4.3,3.79,2.2,3.3,1.2,5.6,2.5,2.98
3219,Ximena Cruz Ortiz,Finanzas,Tesorería,2026-07-13,6.9,4.1,7.6,6.3,7.6,6.36,3.3,3.5,5.5,4.0,3.96,4.5,5.4,6.8,4.7,4.0,5.14,5.2,4.4,3.7,2.7,3.6,4.04
3220,Sergio Vázquez Castillo,Operaciones,Logística,2025-12-27,6.7,6.3,8.1,6.5,6.7,6.85,5.1,4.0,4.9,4.3,4.58,7.7,8.3,8.9,7.3,6.5,7.85,5.8,4.6,4.8,6.3,5.5,5.37
3221,Laura Morales Martínez,Recursos Humanos,Capacitación,2025-11-02,6.5,6.3,6.4,4.3,5.5,5.95,7.9,6.5,7.9,7.6,7.48,5.6,6.6,5.8,7.3,6.5,6.28,3.7,7.1,5.6,5.7,3.1,5.27
3222,Miguel García Jiménez,Finanzas,Contabilidad,2025-09-19,7.2,3.8,8.1,8.6,7.5,6.78,6.9,8.6,9.7,9.6,8.56,8.1,8.3,7.6,9.1,10.0,8.48,7.5,7.0,9.6,6.7,9.9,7.88
3223,Karla Torres Hernández,Ventas,Ventas Nacionales,2026-06-13,3.4,5.7,4.2,4.5,5.0,4.54,3.1,1.8,3.1,2.9,2.72,2.8,3.0,3.1,4.5,4.5,3.42,5.6,4.4,5.1,4.0,5.1,4.83
3224,Daniela Jiménez Ortiz,Operaciones,Producción,2026-03-31,8.1,7.7,6.8,6.8,7.2,7.41,6.5,7.6,6.3,8.9,7.33,8.1,8.2,8.6,8.0,6.9,8.03,10.0,9.4,8.3,8.6,9.3,9.16
3225,Pedro Martínez Cruz,Recursos Humanos,Reclutamiento,2026-03-08,7.6,5.2,4.8,6.8,5.5,6.0,3.9,7.7,6.0,3.4,5.14,5.7,5.8,5.0,4.1,8.8,5.81,6.0,5.6,7.5,5.8,4.2,5.98
3226,María Ortiz López,Operaciones,Logística,2026-03-11,7.3,7.6,9.0,9.6,9.1,8.33,8.2,6.0,9.6,10.0,8.38,6.0,8.2,5.9,8.3,5.7,6.83,7.4,8.4,9.3,9.2,10.0,8.65
3227,Mariana Hernández García,Recursos Humanos,Nómina,2026-03-26,7.9,7.0,7.2,4.3,6.4,6.77,3.9,7.0,4.8,3.8,4.83,4.3,5.3,6.2,4.7,3.5,4.87,2.4,3.9,6.6,3.4,3.7,3.94
3228,Pedro Cruz Cruz,Operaciones,Control de Calidad,2026-06-19,6.9,7.2,5.6,2.7,7.2,6.13,7.9,6.6,6.7,6.2,6.91,3.6,3.4,5.3,3.2,6.7,4.3,5.1,3.0,5.2,3.1,4.8,4.16
3229,Roberto Pérez Jiménez,Ventas,Ventas Nacionales,2026-07-29,3.3,3.0,5.0,3.7,5.4,3.94,4.0,4.0,3.4,4.6,4.03,5.3,4.4,4.5,5.1,4.6,4.78,4.8,6.0,6.8,5.1,5.0,5.58
3230,Ricardo Pérez Ramírez,Operaciones,Control de Calidad,2026-04-13,8.0,7.0,8.1,7.7,9.5,7.95,8.6,8.7,7.8,9.5,8.69,9.7,9.0,9.7,10.0,9.8,9.59,9.6,7.8,6.9,10.0,8.2,8.55
3231,María Sánchez Morales,Operaciones,Producción,2026-08-05,4.2,2.3,2.2,3.6,0.9,2.74,5.0,6.2,5.2,4.0,5.09,1.2,2.9,1.4,1.5,4.3,2.17,1.8,3.0,3.8,1.7,2.3,2.53
3232,Ana López Jiménez,Finanzas,Contabilidad,2026-08-15,6.2,5.6,5.0,4.8,5.2,5.45,5.0,8.5,5.8,5.6,6.18,4.7,4.6,6.2,5.6,8.0,5.6,6.0,3.1,5.5,6.5,6.9,5.36
3233,Fernanda López Torres,Ventas,Atención a Clientes,2026-02-28,9.4,8.8,9.5,8.5,8.6,9.02,6.0,8.9,8.1,6.5,7.27,7.6,6.8,7.2,7.7,7.5,7.32,8.1,8.3,8.5,8.4,9.2,8.4
3234,Gabriela García González,Ventas,Ventas Internacionales,2025-10-29,7.4,7.0,8.2,7.4,8.5,7.62,8.5,9.2,9.3,8.9,8.94,6.7,8.9,8.2,5.7,7.9,7.58,7.2,6.8,8.7,9.7,8.5,8.03
3235,Jorge Torres Martínez,Ventas,Ventas Nacionales,2026-02-22,7.4,6.7,6.8,5.1,7.8,6.82,7.8,6.5,5.7,7.3,6.93,5.8,5.7,5.9,7.1,7.9,6.3,7.1,3.4,6.1,5.9,4.2,5.44
3236,Sergio Sánchez López,Tecnología,Desarrollo,2026-08-30,7.8,7.4,7.5,7.4,7.3,7.5,5.6,6.6,5.7,7.7,6.4,9.2,7.5,6.6,6.1,6.2,7.34,7.2,5.1,8.0,8.2,5.7,6.89
3237,Pedro Martínez López,Finanzas,Auditoría Interna,2025-11-05,5.2,6.4,4.1,3.9,4.8,5.02,6.7,5.6,4.8,5.4,5.72,5.2,3.4,4.9,5.6,5.2,4.75,5.4,3.6,6.1,6.8,5.8,5.41
3238,Raúl Rodríguez Flores,Tecnología,Desarrollo,2026-01-01,5.9,7.2,3.3,4.2,6.8,5.59,5.5,6.4,7.4,4.1,5.76,4.2,6.2,6.0,6.5,5.9,5.66,4.5,5.8,6.0,4.0,6.3,5.2
3239,Valeria Reyes Reyes,Recursos Humanos,Capacitación,2026-05-20,8.7,9.2,6.9,6.2,7.9,7.97,5.5,5.4,3.9,7.1,5.56,5.5,4.4,5.4,9.0,4.9,5.64,6.6,6.0,6.6,5.4,6.9,6.24
3240,María Morales Pérez,Finanzas,Contabilidad,2026-05-31,7.1,6.8,5.1,4.0,5.6,5.93,3.3,3.3,4.1,3.1,3.41,4.3,4.1,3.8,4.0,5.0,4.21,2.8,3.3,2.6,1.6,2.2,2.59
3241,Sergio Rodríguez López,Tecnología,Infraestructura,2025-10-14,4.6,6.8,5.4,4.6,4.1,5.24,6.6,5.8,6.4,5.3,6.04,4.7,4.1,4.0,3.9,6.8,4.61,5.0,3.5,6.4,5.7,4.5,5.0
3242,Pedro Pérez Pérez,Tecnología,Infraestructura,2026-03-18,1.8,4.3,3.0,2.8,5.5,3.37,4.8,5.7,3.0,3.8,4.42,3.1,5.6,4.3,2.8,4.9,4.19,4.4,4.8,3.3,3.7,5.6,4.26
3243,Raúl Vázquez Gómez,Marketing,Investigación de Mercado,2026-07-18,7.0,4.6,4.7,5.5,5.5,5.49,5.3,5.9,4.7,3.8,4.96,5.9,7.1,5.2,4.6,5.6,5.82,4.8,5.6,6.8,6.3,6.1,5.83
3244,Roberto Castillo López,Finanzas,Tesorería,2026-05-28,6.8,6.7,1.8,3.3,4.9,4.96,5.1,4.9,5.2,4.5,4.92,4.2,4.0,5.9,2.0,4.4,4.19,4.8,6.0,6.2,2.9,5.8,5.1
3245,Alejandro Pérez Ramírez,Recursos Humanos,Capacitación,2026-06-03,3.1,1.2,3.3,2.4,3.0,2.54,4.5,0.6,3.1,2.9,2.84,1.6,0.9,2.8,1.1,3.0,1.8,3.1,0.0,2.7,0.2,1.0,1.46
3246,Carlos González Cruz,Finanzas,Tesorería,2026-04-14,10.0,10.0,9.3,8.6,9.0,9.5,9.7,10.0,8.3,8.6,9.22,7.9,8.4,7.8,9.6,9.5,8.5,6.5,8.3,7.5,7.7,9.0,7.64
3247,Camila Reyes Sánchez,Finanzas,Auditoría Interna,2026-05-04,10.0,8.6,10.0,9.9,8.2,9.36,8.4,9.6,9.3,10.0,9.28,9.5,5.8,4.2,10.0,10.0,7.66,7.9,7.7,6.8,7.4,7.4,7.48
3248,Ricardo Rodríguez González,Operaciones,Control de Calidad,2026-02-20,3.7,5.7,4.7,5.0,5.0,4.79,6.1,7.0,8.1,4.9,6.43,5.0,5.9,5.1,6.2,4.5,5.35,6.9,4.1,6.3,4.1,2.9,5.12
3249,Diego Jiménez González,Ventas,Ventas Nacionales,2026-05-13,6.6,9.6,9.3,8.2,6.4,8.1,7.2,9.1,9.7,8.3,8.45,7.8,7.1,8.4,6.9,7.4,7.55,6.6,8.9,8.3,7.6,10.0,8.06
3250,Alejandro Torres Rodríguez,Finanzas,Auditoría Interna,2026-01-17,3.6,5.5,4.4,4.0,5.2,4.54,7.9,4.9,6.0,5.2,6.1,4.9,6.4,6.5,6.3,4.9,5.81,3.6,5.4,5.1,5.7,6.0,5.01
3251,Miguel Morales Vázquez,Operaciones,Logística,2026-03-12,5.8,3.5,5.7,5.8,4.0,4.93,6.7,6.1,2.6,6.1,5.58,6.9,3.9,6.3,7.7,6.7,6.12,10.0,8.0,7.1,8.4,9.6,8.56
3252,Carlos Morales Jiménez,Finanzas,Contabilidad,2025-09-29,1.8,1.3,2.6,1.8,0.0,1.56,0.4,4.0,1.7,2.9,2.18,1.5,1.0,1.6,2.0,4.1,1.86,0.0,2.4,1.4,1.8,3.1,1.55
3253,Daniela Ramírez Gómez,Recursos Humanos,Capacitación,2025-11-09,4.8,5.8,6.2,6.9,6.1,5.84,5.8,5.3,5.6,6.6,5.83,4.6,6.5,5.8,6.3,6.7,5.88,4.5,6.5,4.8,5.5,3.3,5.14
3254,Jorge Morales López,Marketing,Marketing Digital,2026-05-09,3.8,4.6,4.4,4.1,2.7,4.0,3.0,1.8,3.0,2.9,2.68,3.3,1.8,0.0,3.9,2.1,2.17,5.6,3.7,6.9,5.1,3.8,5.1
3255,Camila Morales Vázquez,Operaciones,Control de Calidad,2026-08-23,8.5,7.4,8.1,7.7,8.1,7.97,8.8,5.9,7.0,4.8,6.72,10.0,9.0,7.4,7.8,8.1,8.62,9.0,7.6,6.2,9.3,7.6,8.01
3256,Alejandro Ramírez Sánchez,Tecnología,Infraestructura,2026-02-06,4.8,5.5,5.7,4.0,5.6,5.16,5.1,5.2,4.9,6.2,5.36,4.6,5.3,5.9,4.5,5.2,5.11,6.1,6.9,3.2,7.5,9.1,6.3
3257,Valeria Gómez López,Operaciones,Logística,2026-05-07,4.8,4.0,5.4,4.9,5.7,4.87,6.7,7.9,7.2,4.2,6.48,5.3,6.3,5.2,5.5,6.4,5.72,7.4,5.4,5.8,5.3,6.1,6.03
3258,Mariana Ortiz López,Marketing,Marketing Digital,2025-10-13,5.3,7.8,6.8,6.1,5.2,6.33,5.4,6.6,5.9,5.7,5.88,9.4,7.0,7.8,5.4,7.8,7.64,6.7,8.0,6.3,5.6,5.6,6.61
3259,Ana Jiménez Ortiz,Marketing,Investigación de Mercado,2026-04-12,6.8,5.3,3.9,5.7,5.6,5.5,6.6,7.2,5.6,5.0,6.15,5.9,6.8,7.9,5.5,3.4,6.09,5.6,6.0,5.7,5.8,5.1,5.71
3260,Fernanda Reyes Romero,Tecnología,Infraestructura,2026-05-25,7.7,8.7,7.1,7.7,7.1,7.74,10.0,7.0,9.6,6.6,8.32,7.8,8.0,8.8,8.9,7.9,8.23,8.8,8.9,7.4,9.1,10.0,8.73
3261,Daniela González Romero,Ventas,Ventas Internacionales,2026-05-07,6.2,7.5,7.7,4.0,7.0,6.61,6.6,4.9,4.5,5.8,5.56,6.2,5.8,6.4,5.8,5.0,5.9,6.7,6.0,7.7,6.0,5.9,6.5
3262,Sofía Flores Cruz,Ventas,Atención a Clientes,2025-10-27,8.4,5.4,6.0,5.8,6.2,6.45,5.2,7.3,7.5,7.4,6.74,8.1,9.0,3.8,6.0,6.7,6.94,8.3,7.3,7.3,7.6,7.0,7.58
3263,Diego Pérez Jiménez,Ventas,Ventas Nacionales,2026-07-28,9.5,6.5,6.3,6.1,6.1,7.09,7.3,9.3,5.9,8.0,7.7,7.1,6.0,7.2,7.2,6.2,6.72,5.3,6.2,6.8,6.4,6.4,6.16
3264,Valeria González Flores,Recursos Humanos,Capacitación,2025-09-23,6.8,6.4,7.7,7.5,7.0,7.02,5.0,6.5,6.9,6.8,6.2,7.8,6.9,7.8,7.9,4.6,7.11,7.7,6.5,9.3,7.1,10.0,7.83
3265,José González Romero,Ventas,Ventas Nacionales,2026-06-14,5.0,4.1,4.3,2.4,3.7,4.05,6.7,6.0,6.2,6.6,6.4,3.0,4.1,4.4,4.3,5.9,4.19,3.8,4.0,4.8,4.2,5.2,4.27
3266,Diego Reyes Gómez,Operaciones,Logística,2025-11-02,6.3,8.6,6.7,6.4,5.6,6.86,7.4,7.6,9.6,7.8,7.99,7.5,8.5,8.7,7.7,10.0,8.4,9.2,9.1,8.5,8.3,10.0,8.93
3267,Valeria Vázquez Torres,Ventas,Atención a Clientes,2026-02-21,6.1,4.9,7.0,3.6,4.5,5.36,7.5,5.5,3.9,6.2,5.96,7.4,7.6,6.4,7.9,6.5,7.19,8.3,7.5,7.5,8.7,8.2,8.01
3268,Paola Reyes Pérez,Tecnología,Desarrollo,2026-02-12,6.6,6.6,6.2,6.9,7.7,6.73,4.8,7.4,6.2,6.2,6.08,4.0,6.0,6.6,7.8,8.3,6.24,6.6,6.5,5.9,5.8,5.3,6.14
3269,Pedro Hernández Gómez,Ventas,Ventas Nacionales,2026-06-25,5.5,4.1,4.3,5.8,4.6,4.82,3.3,5.5,1.3,3.7,3.55,3.3,3.6,5.3,5.3,4.0,4.18,6.1,3.4,4.6,4.6,3.7,4.58
3270,Pedro López Torres,Ventas,Ventas Internacionales,2025-12-18,4.3,7.3,2.5,5.1,5.0,4.92,5.7,7.2,4.8,6.1,5.99,5.4,3.7,4.4,6.1,6.0,4.97,3.9,6.0,4.5,4.4,5.3,4.78
3271,Ximena Morales Sánchez,Operaciones,Control de Calidad,2026-01-14,4.6,3.6,4.2,5.0,4.7,4.34,5.1,5.5,1.9,4.1,4.31,4.7,5.6,3.7,5.9,4.1,4.82,4.5,1.9,3.4,2.6,0.3,2.83
3272,Pedro Rodríguez López,Recursos Humanos,Capacitación,2026-03-16,9.0,9.2,9.1,7.2,10.0,8.95,6.1,6.7,7.2,7.4,6.8,6.7,7.7,7.1,7.3,6.8,7.14,9.3,6.0,6.5,6.6,6.0,7.04
3273,Carlos Jiménez Flores,Ventas,Ventas Nacionales,2026-03-24,5.3,5.2,2.8,3.6,0.9,3.86,3.6,5.3,5.0,5.3,4.73,3.3,2.9,2.6,3.4,3.1,3.04,6.4,4.1,4.0,2.1,2.7,4.12
3274,Carlos Vázquez López,Operaciones,Control de Calidad,2026-02-02,7.6,4.8,4.4,5.0,5.7,5.58,6.0,4.6,6.3,7.2,6.01,6.0,5.3,5.9,5.7,7.5,5.99,6.8,7.0,6.0,6.0,6.3,6.48
3275,Carlos Flores García,Recursos Humanos,Capacitación,2026-03-19,6.0,4.7,4.1,4.6,4.6,4.88,6.6,5.6,3.6,5.8,5.55,4.5,4.7,4.5,7.6,6.7,5.34,4.1,4.7,6.2,7.6,4.9,5.45
3276,Jorge Castillo Castillo,Tecnología,Infraestructura,2025-09-17,5.6,3.7,4.1,5.3,4.8,4.66,5.3,2.5,3.6,6.5,4.56,5.6,6.6,6.9,6.1,7.3,6.44,4.2,6.8,3.4,5.5,4.7,5.0
3277,Pedro Sánchez Martínez,Recursos Humanos,Reclutamiento,2026-08-23,6.0,4.2,6.2,6.1,7.3,5.8,6.8,7.6,7.1,8.6,7.51,4.7,6.1,6.3,6.3,4.4,5.56,4.9,6.6,4.6,6.8,6.1,5.76
3278,Sergio Ramírez Torres,Marketing,Comunicación de Marca,2026-06-08,10.0,9.1,9.4,10.0,10.0,9.66,9.6,8.9,7.9,8.0,8.68,10.0,10.0,10.0,10.0,8.0,9.7,9.2,9.5,7.5,7.7,6.9,8.4
3279,Ana Jiménez Morales,Finanzas,Contabilidad,2025-11-01,1.6,1.9,4.3,2.3,2.3,2.42,3.7,4.1,3.1,3.1,3.53,0.9,2.6,2.3,2.8,2.1,2.07,4.0,2.3,2.9,0.0,0.0,2.15
3280,Camila López Cruz,Ventas,Atención a Clientes,2025-11-22,7.8,7.4,8.3,8.3,6.1,7.62,6.6,7.5,7.9,8.4,7.54,5.9,6.3,4.6,5.7,7.7,5.98,6.9,7.4,5.8,6.7,8.0,6.88
3281,Ximena Ramírez Jiménez,Tecnología,Soporte Técnico,2026-05-03,6.2,3.9,2.3,6.3,7.0,4.98,3.6,5.1,3.1,2.8,3.68,4.1,2.7,1.9,0.8,4.0,2.8,3.0,3.2,3.4,6.6,3.2,3.87
3282,Luis Torres Pérez,Operaciones,Control de Calidad,2026-03-07,5.5,4.9,5.0,5.5,4.9,5.16,7.6,6.0,5.5,5.4,6.23,6.6,3.7,3.7,3.9,2.5,4.28,6.8,4.8,5.4,3.5,3.5,5.03
3283,Alejandro Gómez Jiménez,Ventas,Ventas Internacionales,2026-08-29,10.0,8.7,10.0,9.2,10.0,9.56,10.0,7.0,8.8,10.0,9.01,10.0,10.0,9.8,10.0,10.0,9.96,8.4,8.3,7.3,10.0,9.3,8.57
3284,Paola Hernández Sánchez,Finanzas,Contabilidad,2026-07-05,5.3,5.3,6.2,4.3,6.3,5.48,7.2,8.4,8.1,5.6,7.28,8.8,7.1,4.0,6.9,5.0,6.56,6.2,4.5,4.6,5.4,4.8,5.15
3285,Mariana González Jiménez,Recursos Humanos,Reclutamiento,2025-09-28,8.4,9.8,8.3,9.4,8.0,8.82,10.0,8.3,9.3,6.5,8.56,9.0,9.8,10.0,10.0,10.0,9.7,8.6,9.6,10.0,9.6,10.0,9.47
3286,Paola Sánchez Torres,Marketing,Investigación de Mercado,2026-01-16,2.4,6.2,4.6,5.9,6.2,4.88,8.3,6.1,4.4,5.1,6.17,6.0,4.8,5.7,4.4,7.9,5.68,5.4,5.6,4.5,4.6,4.8,5.05
3287,Jorge Pérez Rodríguez,Ventas,Ventas Nacionales,2026-08-24,3.7,4.8,7.2,5.1,4.8,5.05,6.5,8.6,8.8,6.8,7.56,5.3,4.5,5.8,6.5,5.8,5.46,6.4,4.9,8.1,5.5,4.8,6.02
3288,Gabriela Gómez Reyes,Recursos Humanos,Capacitación,2025-11-22,9.7,10.0,7.8,7.3,10.0,9.08,8.5,7.5,7.3,8.6,8.04,9.9,10.0,9.6,6.2,7.7,8.98,9.1,8.3,8.9,9.0,8.8,8.81
3289,Roberto Vázquez Pérez,Tecnología,Desarrollo,2026-04-13,2.7,3.0,4.6,2.7,4.2,3.38,4.7,1.9,2.8,3.1,3.22,4.2,3.6,4.2,5.7,3.0,4.1,1.8,4.7,4.0,4.2,3.9,3.66
3290,Sofía Flores Reyes,Ventas,Ventas Internacionales,2026-02-12,9.0,8.7,9.2,9.3,8.4,8.92,8.7,10.0,6.3,6.1,7.9,6.9,6.4,7.6,9.6,8.9,7.62,6.5,6.2,5.9,7.4,7.1,6.55
3291,Roberto Hernández Vázquez,Finanzas,Contabilidad,2025-10-30,3.5,5.3,4.3,5.5,7.3,4.98,7.1,7.2,7.9,4.5,6.64,6.0,4.8,4.3,2.7,4.5,4.64,4.1,6.1,5.8,3.8,6.5,5.12
3292,Jorge Gómez Torres,Recursos Humanos,Reclutamiento,2025-11-06,4.4,4.8,4.5,6.3,5.8,5.01,6.3,9.4,5.1,7.8,7.21,5.1,5.8,6.4,4.6,4.6,5.38,6.5,5.6,7.0,6.2,5.4,6.2
3293,Ximena Reyes Rodríguez,Operaciones,Producción,2026-07-20,8.8,7.4,10.0,6.6,8.1,8.26,10.0,9.3,7.5,8.8,9.02,6.9,9.1,6.8,8.7,9.0,8.02,10.0,10.0,8.5,8.7,9.9,9.43
3294,Laura Ramírez Gómez,Marketing,Investigación de Mercado,2026-04-27,9.4,9.3,8.9,9.4,6.9,8.9,6.6,7.4,6.8,7.5,7.06,6.1,6.7,4.4,8.4,6.0,6.24,6.6,5.9,6.5,4.5,8.4,6.16
3295,Jorge Martínez González,Marketing,Investigación de Mercado,2026-05-31,10.0,9.1,10.0,10.0,10.0,9.78,9.7,10.0,9.5,8.7,9.48,10.0,7.6,9.7,9.5,9.3,9.16,9.5,10.0,9.2,10.0,10.0,9.72
3296,Alejandro Reyes Romero,Operaciones,Producción,2025-10-09,8.2,8.4,10.0,6.4,10.0,8.61,8.8,8.5,8.0,8.5,8.49,8.5,7.9,8.9,9.1,7.6,8.38,9.2,10.0,9.5,8.8,9.9,9.45
3297,Raúl Rodríguez Morales,Ventas,Ventas Internacionales,2025-11-27,7.1,7.9,7.1,6.7,7.1,7.24,8.4,7.5,6.5,6.2,7.24,5.4,7.0,6.5,6.1,3.7,5.87,6.7,4.0,7.0,6.0,5.5,5.82
3298,Sergio García Morales,Operaciones,Producción,2026-01-14,4.5,6.7,4.9,6.9,6.4,5.78,8.0,9.2,7.7,6.2,7.79,5.5,6.6,5.5,3.8,6.4,5.66,5.9,4.6,8.1,7.9,7.5,6.58
3299,Paola Vázquez Ortiz,Marketing,Investigación de Mercado,2026-08-17,10.0,10.0,9.4,9.6,10.0,9.82,9.8,10.0,10.0,10.0,9.94,7.3,10.0,10.0,9.6,10.0,9.26,8.9,8.0,9.8,9.6,7.0,8.8
3300,Roberto Jiménez Jiménez,Ventas,Atención a Clientes,2025-11-18,5.6,2.9,6.3,4.0,5.2,4.76,6.6,7.0,6.4,5.1,6.28,7.5,6.0,5.3,3.5,4.7,5.67,4.2,5.7,5.7,7.2,5.9,5.64
3301,Alejandro González Pérez,Ventas,Ventas Internacionales,2026-02-15,7.8,6.6,8.1,8.5,7.2,7.57,7.8,8.4,6.2,5.7,7.1,8.0,7.8,5.5,8.3,7.9,7.48,7.6,8.3,9.8,7.2,7.3,8.1
3302,Francisco Reyes González,Operaciones,Producción,2026-05-31,6.1,5.1,4.8,4.1,4.0,4.97,4.8,3.8,3.1,5.3,4.34,5.7,5.9,3.1,3.9,4.0,4.7,5.6,6.3,6.3,7.0,4.7,6.1
3303,Pedro Romero Reyes,Operaciones,Control de Calidad,2026-03-30,3.7,3.5,4.8,2.4,3.4,3.63,4.9,2.6,5.5,3.6,4.12,3.9,1.7,0.2,2.3,2.3,2.13,2.8,3.1,3.7,3.6,5.1,3.44
3304,Carlos Castillo González,Operaciones,Producción,2026-03-29,5.5,5.5,4.1,5.5,5.8,5.26,7.0,7.6,5.3,6.4,6.66,4.7,7.8,6.0,5.9,6.7,6.22,5.2,3.7,3.8,4.0,2.4,4.03
3305,Ricardo Gómez Rodríguez,Recursos Humanos,Nómina,2026-05-22,6.8,6.5,4.3,5.8,8.3,6.3,5.6,7.0,7.0,8.9,7.06,6.6,7.4,8.2,8.0,8.4,7.6,7.4,5.6,4.8,7.3,5.2,6.19
3306,Carlos Martínez Ramírez,Tecnología,Soporte Técnico,2025-10-10,7.5,7.5,6.1,6.9,8.5,7.28,8.4,7.4,8.0,7.6,7.87,8.2,5.2,8.4,7.7,5.7,7.04,7.1,9.0,9.8,7.4,7.1,8.18
3307,Roberto Torres González,Marketing,Marketing Digital,2025-10-08,3.3,5.1,4.3,5.4,5.6,4.61,8.6,7.1,7.2,6.8,7.5,4.1,3.6,4.2,5.4,6.0,4.47,5.9,6.3,3.8,6.4,2.7,5.36
3308,Luis Torres Hernández,Finanzas,Tesorería,2026-08-20,3.6,3.7,5.2,6.1,5.5,4.61,3.8,3.1,3.5,3.4,3.47,3.9,5.8,3.3,4.0,4.4,4.34,4.1,4.1,5.3,4.7,5.7,4.62
3309,José Flores Morales,Recursos Humanos,Nómina,2025-10-01,6.7,5.7,7.2,6.1,6.7,6.46,8.2,5.8,3.3,7.0,6.32,3.9,6.4,5.0,5.3,4.7,5.08,6.2,6.4,6.1,5.8,5.0,6.03
3310,Carlos González González,Operaciones,Logística,2026-04-13,7.0,3.8,6.3,6.8,6.1,5.9,6.5,5.1,5.5,4.1,5.35,3.5,5.8,5.7,6.2,6.2,5.32,6.5,6.3,5.7,8.8,7.7,6.87
3311,Daniela García García,Ventas,Ventas Nacionales,2025-11-20,4.1,4.1,2.5,5.8,5.0,4.17,7.0,4.5,5.9,6.1,5.93,5.5,5.0,5.5,4.6,5.3,5.21,6.0,5.4,8.9,7.6,7.3,6.88
3312,Jorge García Sánchez,Finanzas,Tesorería,2025-11-27,6.5,6.6,9.5,8.5,6.2,7.38,9.0,6.7,6.0,8.5,7.7,5.1,2.5,6.2,6.3,5.4,4.89,4.7,5.0,7.8,5.0,4.8,5.46
3313,Alejandro García Reyes,Recursos Humanos,Nómina,2026-02-01,2.6,5.0,3.9,4.4,4.7,4.04,3.8,5.4,5.6,3.8,4.56,5.2,2.7,4.9,3.3,2.6,3.84,2.9,4.0,4.4,4.6,3.3,3.86
3314,Karla Morales Reyes,Operaciones,Producción,2025-12-10,3.6,5.0,6.0,4.9,4.8,4.8,6.5,6.6,5.8,6.7,6.44,2.6,2.8,4.2,1.9,2.6,2.87,4.3,4.2,3.3,0.9,4.8,3.44
3315,Sergio Martínez Hernández,Ventas,Ventas Internacionales,2026-01-02,4.4,2.9,4.7,4.6,5.6,4.3,3.8,3.2,4.3,1.0,3.05,3.9,4.2,3.1,6.2,3.9,4.16,3.9,3.6,3.0,3.5,4.4,3.62
3316,Miguel Jiménez Gómez,Ventas,Ventas Internacionales,2025-11-01,4.8,3.3,5.4,4.7,5.6,4.65,4.3,3.7,3.6,3.4,3.78,4.9,2.0,4.9,5.3,4.1,4.12,5.9,5.9,5.2,3.4,6.0,5.27
3317,Camila Morales Cruz,Marketing,Investigación de Mercado,2026-04-06,0.9,3.0,2.8,2.2,1.5,2.09,4.6,2.2,3.2,2.8,3.27,2.8,0.2,1.8,1.6,2.1,1.66,1.3,4.6,1.0,3.0,3.1,2.58
3318,Fernanda Martínez Flores,Marketing,Marketing Digital,2025-12-12,8.7,4.7,5.6,5.8,5.5,6.16,5.6,8.2,8.3,8.4,7.49,6.1,9.4,10.0,8.4,5.9,8.02,8.3,6.6,7.4,6.0,6.8,7.08
3319,Diego González Vázquez,Marketing,Investigación de Mercado,2025-09-15,5.8,6.9,4.4,5.2,5.6,5.68,5.5,7.6,7.8,4.7,6.28,3.2,6.7,6.2,4.9,7.3,5.54,3.9,5.5,6.5,6.0,5.2,5.37
3320,Sergio Sánchez Castillo,Operaciones,Control de Calidad,2025-09-27,2.6,2.7,3.7,6.1,4.6,3.67,5.7,5.3,5.1,4.9,5.28,7.2,4.9,4.7,5.3,4.7,5.46,3.7,4.8,3.1,1.6,5.8,3.65
3321,Juan Castillo Vázquez,Ventas,Atención a Clientes,2026-07-15,8.0,10.0,6.3,9.8,7.0,8.28,7.5,6.7,7.5,7.2,7.22,10.0,8.5,9.4,8.4,8.9,9.1,10.0,8.8,9.1,8.7,10.0,9.26
3322,Carlos Jiménez Sánchez,Marketing,Comunicación de Marca,2026-03-10,6.0,5.0,7.9,5.7,6.8,6.2,4.6,7.0,5.4,4.8,5.41,4.8,5.6,6.2,5.2,6.6,5.61,4.3,7.1,6.6,7.5,6.4,6.31
3323,Sergio Hernández González,Finanzas,Contabilidad,2026-03-05,8.3,8.4,8.0,7.4,7.0,7.94,9.0,9.4,9.3,10.0,9.41,7.8,8.0,9.0,8.5,10.0,8.52,9.8,10.0,10.0,10.0,8.2,9.77
3324,Miguel Hernández Sánchez,Finanzas,Tesorería,2026-01-23,6.1,5.7,8.8,4.2,6.7,6.35,5.0,4.0,6.6,6.5,5.44,5.7,5.7,6.3,4.5,5.9,5.67,4.8,4.1,5.5,5.9,6.2,5.12
3325,Alejandro Reyes Morales,Ventas,Ventas Nacionales,2026-01-14,6.4,5.9,5.6,5.0,6.5,5.92,5.9,5.3,4.1,7.1,5.69,4.3,3.6,4.9,4.7,4.3,4.3,4.4,5.6,5.8,6.2,5.4,5.44
3326,Laura González Castillo,Recursos Humanos,Reclutamiento,2025-11-02,5.5,4.7,3.8,3.6,3.2,4.33,5.7,7.6,7.7,5.5,6.52,6.6,7.0,6.8,5.0,5.9,6.4,4.7,6.2,4.9,5.7,6.9,5.54
3327,Sofía López Flores,Finanzas,Auditoría Interna,2026-02-25,4.6,7.0,6.7,5.5,6.4,6.02,5.9,6.8,6.8,5.0,6.08,6.4,4.3,7.3,6.2,7.1,6.13,1.8,5.1,3.6,4.8,3.5,3.76
3328,María Sánchez Gómez,Tecnología,Soporte Técnico,2025-12-25,4.1,5.9,4.5,4.2,6.6,5.02,5.5,6.6,4.9,5.1,5.56,4.1,5.4,5.0,5.9,5.3,5.06,7.8,7.6,6.5,6.3,7.7,7.18
3329,Sofía Torres Flores,Operaciones,Logística,2025-10-14,6.9,6.7,7.0,6.2,5.7,6.59,7.3,7.6,5.8,6.4,6.85,9.9,7.8,7.5,5.7,9.1,8.14,8.4,8.7,8.7,8.2,10.0,8.66
3330,Daniela Jiménez Morales,Operaciones,Control de Calidad,2026-08-01,4.7,6.5,6.9,6.2,5.4,5.92,6.0,6.6,6.3,7.7,6.64,3.3,4.5,5.7,5.6,4.4,4.59,5.7,8.6,4.7,7.8,5.3,6.61
3331,Miguel González Castillo,Marketing,Comunicación de Marca,2026-01-16,5.5,5.0,6.8,4.8,5.9,5.59,2.1,3.1,2.6,3.8,2.88,2.0,4.6,3.7,1.9,3.2,3.16,3.4,2.5,0.8,2.8,2.8,2.48
3332,Luis Romero Flores,Operaciones,Producción,2026-04-27,8.6,9.8,10.0,10.0,9.2,9.48,9.0,8.0,7.1,8.9,8.34,7.1,6.0,6.6,5.5,5.0,6.17,8.9,7.7,7.1,10.0,9.1,8.48
3333,Ximena Ramírez Morales,Finanzas,Auditoría Interna,2025-10-12,7.4,7.4,8.7,8.2,7.8,7.84,7.5,7.6,6.8,8.7,7.68,5.9,6.8,6.4,6.2,8.9,6.72,6.8,6.3,7.0,7.8,5.6,6.79
3334,Karla Sánchez González,Tecnología,Infraestructura,2026-02-18,7.7,9.3,7.6,9.2,8.2,8.38,7.7,8.5,9.6,9.4,8.7,7.4,7.3,6.5,6.9,8.7,7.32,8.5,7.6,7.0,6.8,8.7,7.66
3335,Diego Jiménez Pérez,Operaciones,Producción,2026-01-30,5.6,7.1,8.2,6.5,5.2,6.57,7.5,6.7,7.1,8.1,7.37,7.3,6.4,8.2,7.6,6.2,7.13,7.9,8.6,6.1,5.0,7.3,7.07
3336,Gabriela Reyes Hernández,Ventas,Atención a Clientes,2025-12-06,7.0,7.2,7.3,7.1,7.0,7.12,8.5,7.9,6.8,7.7,7.81,5.3,4.2,4.4,4.0,5.4,4.66,6.6,5.5,5.2,7.2,7.4,6.24
3337,Raúl García Jiménez,Finanzas,Contabilidad,2026-06-11,8.2,7.4,6.4,7.6,5.9,7.2,7.7,7.8,5.8,9.1,7.7,6.0,4.7,4.8,6.3,5.7,5.44,9.1,10.0,7.6,9.4,8.4,9.02
3338,Ricardo Jiménez Vázquez,Ventas,Ventas Internacionales,2026-02-21,6.4,7.4,6.0,8.2,7.0,6.93,6.1,7.1,5.3,4.0,5.66,6.4,5.0,6.1,6.7,4.1,5.69,7.0,6.9,6.1,6.8,7.1,6.76
3339,Valeria Jiménez Ortiz,Recursos Humanos,Capacitación,2025-11-29,9.4,7.5,8.3,9.1,9.2,8.63,8.6,6.6,9.1,8.0,8.05,8.6,8.3,6.2,6.9,7.3,7.6,7.0,5.1,6.2,9.2,7.8,6.89
3340,Valeria Ortiz Cruz,Marketing,Comunicación de Marca,2025-11-28,5.8,4.6,7.6,7.3,6.8,6.24,6.8,6.4,6.8,8.5,7.12,5.9,7.6,8.2,6.5,7.5,7.11,5.1,7.3,6.0,6.1,5.6,6.08
3341,Laura González Reyes,Marketing,Investigación de Mercado,2026-06-16,7.1,8.8,7.8,7.1,6.7,7.6,7.3,4.4,5.8,5.8,5.9,7.3,6.3,6.5,5.3,6.9,6.53,6.6,8.2,7.1,8.4,7.1,7.51
3342,Diego Martínez González,Marketing,Investigación de Mercado,2025-11-06,8.9,10.0,8.5,9.8,8.8,9.22,4.4,5.8,7.6,6.2,5.84,7.6,7.8,6.6,9.1,7.9,7.72,6.5,7.1,8.8,7.8,7.4,7.46
3343,Ximena Torres Vázquez,Operaciones,Logística,2026-07-10,5.1,4.5,4.5,3.2,4.4,4.44,3.1,4.6,5.2,3.4,3.97,2.9,1.9,3.2,1.9,2.9,2.56,3.2,3.6,5.2,3.6,2.9,3.75
3344,Laura Martínez Pérez,Recursos Humanos,Capacitación,2026-06-03,6.2,7.2,5.9,5.7,5.6,6.22,5.0,7.1,7.6,6.1,6.32,3.7,3.3,6.6,5.9,4.2,4.58,8.1,8.6,7.4,8.9,7.2,8.16
3345,Mariana Rodríguez Vázquez,Operaciones,Logística,2025-10-30,10.0,7.8,8.3,9.9,10.0,9.1,10.0,10.0,10.0,10.0,10.0,7.0,7.8,6.4,9.8,7.6,7.59,9.6,9.8,9.1,10.0,7.0,9.37
3346,Paola Flores Reyes,Ventas,Ventas Internacionales,2026-01-26,4.9,5.6,7.1,5.0,5.3,5.59,6.9,7.6,4.3,6.1,6.36,3.0,3.9,3.7,3.8,5.9,3.92,6.8,6.5,7.3,6.6,5.8,6.68
3347,Raúl Cruz Morales,Marketing,Investigación de Mercado,2026-02-22,4.8,5.3,4.0,4.1,5.7,4.8,5.1,7.0,7.4,7.5,6.64,5.4,6.3,7.3,5.8,6.3,6.2,6.8,7.1,5.7,6.4,3.9,6.28
3348,Camila Ramírez Ortiz,Ventas,Atención a Clientes,2026-02-16,9.6,6.6,8.6,7.5,10.0,8.4,8.1,9.2,8.6,9.5,8.82,7.8,9.6,10.0,8.6,8.0,8.84,8.8,9.8,9.2,10.0,10.0,9.49
3349,Diego Gómez Flores,Operaciones,Producción,2025-09-19,3.3,0.5,1.8,2.6,2.6,2.09,1.8,4.1,2.6,4.2,3.14,0.5,3.5,2.0,4.1,2.1,2.33,4.3,4.4,3.5,2.9,3.6,3.82
3350,Karla Sánchez Reyes,Finanzas,Contabilidad,2026-06-17,6.3,5.6,6.3,5.3,4.8,5.75,6.9,5.7,5.3,6.4,6.15,4.2,5.0,4.4,4.2,7.3,4.9,8.5,5.7,6.0,6.6,8.0,6.87
3351,Daniela Reyes Vázquez,Finanzas,Tesorería,2026-05-21,7.3,5.6,5.8,7.3,5.6,6.32,7.6,5.6,7.9,7.0,7.01,5.3,7.2,4.2,3.5,7.9,5.68,4.4,7.7,6.4,7.2,5.4,6.29
3352,Ricardo Cruz Sánchez,Finanzas,Contabilidad,2026-03-13,7.0,7.0,6.3,9.5,5.9,7.07,8.1,8.1,9.5,7.0,8.1,8.3,7.3,7.9,9.1,7.8,8.02,6.5,5.9,7.6,9.4,6.8,7.18
3353,Francisco Morales Rodríguez,Ventas,Ventas Internacionales,2025-11-03,4.3,5.7,7.2,6.5,6.3,5.86,4.1,4.7,4.1,2.2,3.77,3.9,4.4,5.7,5.5,5.6,4.88,3.3,3.2,4.2,4.1,3.5,3.64
3354,María López García,Operaciones,Logística,2026-02-19,5.2,4.1,4.6,4.9,5.6,4.82,6.2,6.4,6.8,5.7,6.24,5.1,3.7,6.1,4.9,4.9,4.89,5.9,6.5,5.5,4.9,4.5,5.63
3355,Mariana Gómez Martínez,Ventas,Ventas Nacionales,2025-12-17,7.1,6.1,6.5,6.8,6.1,6.53,8.8,5.1,7.0,3.0,6.06,6.1,7.0,6.2,5.7,4.5,6.05,4.5,7.1,8.5,8.2,5.1,6.75
3356,José Vázquez Rodríguez,Operaciones,Control de Calidad,2025-11-13,3.1,2.2,3.6,1.2,3.8,2.8,2.2,1.9,2.9,2.4,2.32,1.1,0.7,1.5,0.5,1.4,1.03,4.2,4.7,3.1,2.9,3.9,3.82
3357,Miguel Reyes González,Tecnología,Desarrollo,2025-10-17,1.1,1.1,0.9,1.6,1.7,1.23,3.6,3.2,2.2,3.0,3.07,3.8,3.7,3.9,3.4,2.0,3.46,2.9,1.0,3.2,2.8,1.6,2.34
3358,Laura Ramírez Gómez,Recursos Humanos,Capacitación,2026-03-23,3.6,4.1,4.6,7.4,3.0,4.4,5.8,4.8,5.8,6.0,5.6,5.9,7.8,6.4,6.0,4.8,6.32,9.2,6.3,7.3,7.7,7.2,7.6
3359,Gabriela Hernández Morales,Operaciones,Control de Calidad,2026-03-24,3.2,3.9,3.6,3.9,5.8,3.95,4.2,3.0,2.3,0.0,2.47,2.1,1.7,1.2,3.1,2.0,1.95,4.8,2.9,4.8,3.3,2.1,3.76
3360,Pedro Romero Vázquez,Ventas,Ventas Internacionales,2026-08-09,2.3,3.8,3.0,3.2,1.6,2.84,4.2,2.9,4.2,2.9,3.55,2.5,3.4,3.6,3.3,4.5,3.36,2.6,1.4,1.6,4.3,1.5,2.33
3361,Ana González González,Operaciones,Control de Calidad,2026-08-09,2.9,4.8,4.9,4.8,5.5,4.45,6.8,5.0,7.9,7.2,6.67,6.8,6.8,4.9,4.0,6.8,6.0,5.8,7.8,6.4,6.9,6.5,6.71
3362,Luis Hernández Sánchez,Operaciones,Producción,2026-03-14,6.3,4.7,7.9,6.4,7.6,6.43,7.5,6.3,6.8,8.0,7.18,4.0,5.3,6.5,4.8,4.1,4.96,6.7,5.4,5.8,5.5,3.1,5.6
3363,Andrea Ramírez Cruz,Tecnología,Infraestructura,2025-12-08,3.9,2.5,3.1,4.3,3.8,3.44,5.6,3.3,3.6,4.7,4.4,0.5,4.0,5.0,3.1,4.2,3.22,4.6,2.0,3.2,2.7,4.4,3.27
3364,Carlos Hernández Romero,Ventas,Ventas Internacionales,2025-11-06,5.3,6.4,6.8,4.0,6.5,5.86,6.0,5.5,6.4,5.8,5.9,4.4,5.7,4.6,5.4,5.1,5.02,6.8,6.2,4.5,6.1,6.4,6.01
3365,Alejandro González Ortiz,Tecnología,Desarrollo,2026-04-11,2.9,2.5,5.0,3.1,3.4,3.32,1.6,1.9,0.7,2.2,1.64,3.0,3.9,4.0,3.2,2.6,3.4,2.6,3.9,3.2,3.5,3.4,3.3
3366,Mariana Romero Hernández,Operaciones,Control de Calidad,2026-02-11,5.8,6.4,6.8,5.0,6.2,6.09,6.8,3.7,7.3,7.9,6.4,5.8,7.5,6.6,7.8,6.3,6.76,6.1,6.7,5.2,5.9,6.0,6.02
3367,Karla Romero Ortiz,Recursos Humanos,Nómina,2025-11-15,7.1,9.8,6.8,9.4,5.4,7.8,10.0,9.5,9.5,8.2,9.32,7.5,5.8,9.2,7.0,7.7,7.37,6.5,7.0,9.1,7.9,8.6,7.64
3368,Carlos Gómez Cruz,Finanzas,Auditoría Interna,2026-05-14,4.7,6.0,5.3,6.4,3.5,5.22,6.0,10.0,7.9,5.7,7.3,5.4,4.9,6.0,6.6,3.7,5.32,4.3,4.8,5.8,5.0,5.5,4.98
3369,Paola Morales Vázquez,Marketing,Marketing Digital,2026-07-12,4.6,1.5,3.7,3.0,6.9,3.75,1.9,2.3,2.7,2.6,2.34,2.8,2.7,2.0,2.3,3.0,2.57,4.0,3.4,2.5,4.6,3.7,3.64
3370,Ana Rodríguez Ortiz,Recursos Humanos,Nómina,2025-10-06,5.4,7.0,7.4,3.4,6.3,6.04,7.7,5.5,5.8,5.2,6.14,7.2,6.8,6.8,6.8,5.5,6.71,4.3,7.6,6.1,6.4,4.5,5.92
3371,Andrea Pérez Martínez,Ventas,Ventas Internacionales,2026-02-20,10.0,6.6,6.4,7.0,7.9,7.67,5.4,5.1,4.0,4.6,4.85,4.7,4.9,6.4,3.3,4.0,4.78,7.9,5.8,5.0,7.2,7.0,6.56
3372,Andrea Torres Rodríguez,Finanzas,Auditoría Interna,2026-07-13,4.8,5.6,6.7,5.1,8.0,5.9,5.8,3.2,3.4,3.4,4.07,5.1,5.4,6.3,7.8,5.8,5.92,5.3,5.4,7.9,7.1,6.8,6.36
3373,Ximena Reyes Rodríguez,Operaciones,Control de Calidad,2026-06-08,8.0,7.9,7.6,10.0,7.2,8.07,7.4,10.0,8.8,10.0,8.98,7.0,8.9,9.0,7.8,5.4,7.76,5.5,9.2,7.3,8.5,9.6,7.8
3374,José Morales Hernández,Recursos Humanos,Reclutamiento,2026-05-11,6.2,7.5,6.6,8.1,6.4,6.92,5.3,5.5,4.8,4.5,5.05,7.2,7.4,7.6,5.9,6.2,6.98,6.1,8.4,4.7,6.8,3.6,6.29
3375,Francisco Hernández Castillo,Recursos Humanos,Capacitación,2026-06-26,2.8,3.1,2.8,3.9,1.4,2.83,4.7,4.3,6.0,2.8,4.38,2.0,3.0,4.4,3.2,3.9,3.2,4.8,3.7,2.5,3.8,1.9,3.58
3376,Miguel Cruz López,Tecnología,Desarrollo,2026-04-01,7.5,4.2,5.5,5.2,5.5,5.63,9.1,9.6,7.6,10.0,9.15,8.1,9.2,7.4,6.6,6.5,7.77,7.6,7.3,8.0,8.4,7.4,7.74
3377,Laura Castillo Pérez,Operaciones,Logística,2025-11-15,7.9,7.2,7.8,6.5,6.5,7.28,5.8,8.2,5.9,7.5,6.85,5.9,6.1,6.3,6.2,6.3,6.14,5.9,4.8,7.0,5.1,7.3,5.83
3378,Diego Romero Reyes,Recursos Humanos,Capacitación,2025-12-12,3.7,4.1,4.8,6.0,5.3,4.61,5.4,6.0,5.0,5.0,5.37,5.2,3.8,6.0,4.0,4.1,4.66,3.6,4.7,6.3,3.8,5.9,4.68
3379,José Ramírez Ramírez,Operaciones,Producción,2025-10-08,6.9,10.0,9.0,8.4,9.2,8.66,7.0,6.3,8.0,8.2,7.32,8.1,6.2,6.9,7.2,8.4,7.3,6.4,6.7,10.0,7.2,8.0,7.52
3380,Sofía González Rodríguez,Tecnología,Soporte Técnico,2025-11-06,8.4,8.1,10.0,7.7,9.4,8.69,9.1,9.6,9.9,8.6,9.26,7.3,7.0,7.3,7.5,7.4,7.27,7.5,8.5,8.8,9.8,7.2,8.44
3381,Jorge Pérez Cruz,Tecnología,Infraestructura,2026-05-17,3.6,4.1,3.5,2.6,5.2,3.8,3.9,3.4,3.4,3.2,3.5,4.8,5.9,4.3,6.3,3.1,4.94,2.3,1.2,2.7,1.0,2.5,1.86
3382,Daniela González Flores,Operaciones,Logística,2026-08-17,1.3,2.2,4.3,5.1,1.7,2.76,3.4,5.4,2.5,3.7,3.8,3.5,4.5,2.8,2.1,2.1,3.19,3.6,4.0,4.4,4.7,4.9,4.21
3383,Raúl Rodríguez Morales,Ventas,Ventas Nacionales,2026-07-14,5.9,6.1,6.9,5.8,5.9,6.14,4.6,4.3,4.5,5.7,4.78,6.2,5.0,4.2,2.9,3.7,4.63,5.3,3.5,5.5,5.4,6.1,4.99
3384,Ximena Reyes González,Marketing,Comunicación de Marca,2025-11-22,4.1,6.7,7.2,6.7,6.6,6.14,3.3,3.8,6.3,3.1,3.98,4.0,4.5,5.2,4.7,4.4,4.53,5.6,5.6,5.5,5.6,6.6,5.68
3385,Fernanda Flores Flores,Finanzas,Contabilidad,2026-05-06,5.1,4.2,4.3,4.0,7.1,4.85,4.3,4.9,6.7,4.3,4.93,6.3,5.6,5.0,5.4,7.0,5.84,4.0,6.7,4.9,5.3,7.1,5.42
3386,Luis López Sánchez,Tecnología,Desarrollo,2025-12-19,7.0,6.7,6.1,7.7,6.4,6.76,6.2,6.1,4.6,3.4,5.15,2.3,5.4,4.9,4.7,2.8,4.03,5.1,4.3,4.2,3.1,1.9,4.0
3387,Camila Torres Ortiz,Tecnología,Soporte Técnico,2026-03-24,8.2,7.4,7.2,8.4,7.2,7.68,10.0,7.8,9.5,8.6,9.0,6.3,7.9,8.0,6.9,9.0,7.54,9.5,7.8,7.6,7.9,7.4,8.17
3388,Luis Cruz Morales,Marketing,Marketing Digital,2025-10-16,4.6,4.6,7.0,4.8,6.0,5.32,4.0,4.4,6.3,5.3,4.88,5.1,6.2,6.9,4.5,4.1,5.5,2.4,4.7,3.0,4.9,3.0,3.66
3389,Ricardo Cruz Ramírez,Recursos Humanos,Reclutamiento,2026-03-06,10.0,8.9,9.7,10.0,9.5,9.59,9.9,7.4,9.4,8.0,8.7,10.0,10.0,10.0,9.0,10.0,9.85,8.8,9.2,7.8,10.0,7.4,8.8
3390,José Gómez Castillo,Operaciones,Logística,2025-10-14,8.1,10.0,7.5,8.0,8.3,8.47,8.5,9.1,7.4,7.7,8.23,10.0,10.0,9.8,8.8,10.0,9.78,8.6,10.0,9.2,9.9,9.5,9.42
3391,Juan Cruz Rodríguez,Marketing,Investigación de Mercado,2026-06-08,3.4,3.8,1.2,2.6,3.0,2.88,3.3,2.0,1.2,0.0,1.73,2.9,4.8,5.4,1.9,5.7,4.14,2.2,2.4,4.3,2.8,1.4,2.71
3392,Gabriela Romero Cruz,Ventas,Atención a Clientes,2025-11-28,6.9,8.5,6.6,8.3,7.1,7.48,5.0,7.3,5.2,4.4,5.46,5.9,4.6,4.7,5.4,2.6,4.76,8.0,7.4,6.8,7.9,5.6,7.35
3393,Francisco Castillo Ortiz,Operaciones,Control de Calidad,2026-02-28,5.0,4.5,2.5,3.7,2.6,3.82,5.5,2.7,4.3,2.1,3.71,2.2,2.9,4.2,1.2,1.9,2.58,0.0,2.2,2.5,1.7,1.7,1.56
3394,Miguel Ortiz Cruz,Tecnología,Infraestructura,2026-06-30,8.6,8.9,9.0,8.4,8.6,8.72,9.5,9.2,7.2,6.9,8.32,10.0,9.2,8.4,9.4,10.0,9.39,6.1,9.4,10.0,9.8,9.3,8.76
3395,María Vázquez Ortiz,Marketing,Comunicación de Marca,2026-06-14,8.3,6.2,5.0,5.3,6.1,6.34,8.9,5.6,7.2,7.2,7.31,7.4,8.3,8.9,8.0,7.4,8.02,7.1,5.9,4.6,6.5,7.4,6.21
3396,Daniela Flores Ramírez,Marketing,Investigación de Mercado,2026-05-16,9.6,5.2,7.4,8.1,6.5,7.37,6.4,6.9,6.5,7.0,6.7,7.0,8.7,7.3,7.1,8.7,7.75,7.3,9.3,10.0,8.3,9.4,8.75
3397,Ana Romero García,Marketing,Investigación de Mercado,2026-07-13,6.7,5.1,4.4,7.2,7.2,5.99,3.0,3.8,4.0,5.8,4.1,6.7,6.2,5.2,6.8,4.6,5.98,4.0,4.4,6.2,5.4,2.5,4.67
3398,Andrea García Jiménez,Marketing,Comunicación de Marca,2025-10-01,5.3,7.3,6.4,5.6,5.5,6.1,5.5,8.1,5.8,7.8,6.78,3.9,6.1,5.6,4.9,4.6,5.04,6.5,7.5,6.2,5.9,5.4,6.46
3399,Camila Reyes Reyes,Recursos Humanos,Reclutamiento,2026-06-22,7.1,8.6,7.4,8.7,6.5,7.68,8.7,8.7,8.4,8.9,8.69,6.4,5.8,6.8,5.8,8.8,6.6,8.7,5.9,6.1,7.1,6.4,6.93
3400,Mariana Romero Gómez,Operaciones,Control de Calidad,2026-02-01,5.5,6.7,6.8,8.0,5.5,6.44,5.4,6.8,7.0,6.9,6.44,6.6,6.6,7.5,5.5,5.9,6.51,5.2,7.7,6.5,6.5,8.1,6.64
3401,Carlos Morales Ortiz,Operaciones,Control de Calidad,2026-02-11,8.6,6.2,6.7,8.7,8.5,7.62,10.0,9.7,9.6,8.7,9.52,10.0,6.7,6.3,8.5,10.0,8.21,8.5,7.8,10.0,9.9,10.0,9.06
3402,Miguel Jiménez García,Ventas,Ventas Internacionales,2026-02-23,6.5,6.6,7.2,6.1,7.9,6.82,5.8,6.0,5.5,6.8,6.04,6.1,7.0,8.7,9.0,8.3,7.61,5.3,7.7,7.7,6.7,6.5,6.78
3403,Pedro Reyes Torres,Tecnología,Soporte Técnico,2026-01-21,2.2,3.7,5.7,4.4,5.1,4.04,5.9,6.0,3.4,4.2,5.0,3.5,5.0,4.4,4.1,4.6,4.31,4.5,6.6,3.6,4.5,3.6,4.76
3404,Mariana González Flores,Finanzas,Auditoría Interna,2025-10-08,3.5,4.3,3.7,2.9,4.9,3.86,4.5,4.1,4.3,4.4,4.34,1.2,3.5,2.7,5.8,5.1,3.35,4.5,4.8,3.7,3.4,3.3,4.08
3405,Pedro Hernández Ortiz,Recursos Humanos,Nómina,2025-09-19,2.8,0.6,1.3,2.7,1.5,1.74,1.3,2.1,1.4,0.9,1.42,2.7,1.4,2.4,3.1,3.4,2.48,0.8,0.0,1.2,1.8,2.0,1.0
3406,Miguel Morales Rodríguez,Operaciones,Logística,2025-10-23,9.7,7.5,8.7,9.5,8.5,8.74,9.9,10.0,9.5,8.7,9.55,7.1,7.2,6.8,7.3,8.7,7.34,6.3,7.4,8.0,6.5,7.2,7.04
3407,Valeria Ortiz Sánchez,Marketing,Comunicación de Marca,2026-03-24,7.2,7.4,7.2,7.6,6.3,7.18,4.4,5.3,3.1,3.3,4.09,6.4,7.2,6.0,6.3,7.8,6.72,6.6,6.8,5.7,7.9,4.0,6.47
3408,Luis Cruz Reyes,Operaciones,Producción,2025-12-16,3.1,6.9,5.8,5.4,4.0,5.07,8.9,4.7,7.5,3.9,6.32,7.5,5.5,7.0,4.6,6.0,6.24,5.6,6.8,5.6,4.3,4.5,5.53
3409,Gabriela Vázquez Sánchez,Ventas,Ventas Nacionales,2026-07-02,3.7,4.1,5.6,4.6,5.1,4.52,4.1,2.7,0.1,3.1,2.7,4.6,4.9,3.3,4.6,3.1,4.19,4.1,1.7,2.7,4.4,2.6,3.13
3410,Raúl Martínez López,Ventas,Ventas Nacionales,2025-10-20,6.3,5.6,7.8,6.3,5.8,6.35,4.0,7.7,6.4,4.9,5.63,6.5,8.0,7.3,5.5,8.1,7.12,7.5,7.7,5.6,8.4,7.0,7.3
3411,María Castillo Hernández,Recursos Humanos,Nómina,2026-06-28,9.5,9.0,7.2,7.7,7.1,8.28,7.0,8.3,9.0,7.5,7.85,9.6,10.0,8.8,7.7,10.0,9.32,9.6,6.9,7.9,8.5,6.0,8.01
3412,Alejandro Ortiz Vázquez,Finanzas,Tesorería,2026-07-28,6.8,6.1,8.4,6.6,6.9,6.93,6.6,5.1,6.5,4.6,5.7,5.4,6.1,7.5,5.2,4.6,5.85,7.6,7.2,6.1,8.3,7.9,7.37
3413,Raúl Martínez Cruz,Finanzas,Contabilidad,2025-11-09,8.0,5.5,6.3,7.1,6.4,6.66,6.9,6.9,6.7,6.2,6.68,5.9,5.7,7.3,6.1,9.0,6.62,6.5,5.9,5.2,6.9,6.4,6.16
3414,Diego Jiménez Reyes,Tecnología,Soporte Técnico,2025-12-05,3.7,4.7,1.7,1.3,4.4,3.3,2.5,2.8,1.8,3.1,2.58,4.0,3.8,3.1,4.5,2.8,3.66,3.5,3.8,2.0,6.1,2.7,3.72
3415,Andrea Sánchez López,Finanzas,Tesorería,2026-07-19,2.8,4.5,1.7,1.6,0.0,2.41,5.8,2.5,1.1,3.0,3.34,3.4,3.4,3.2,3.2,3.0,3.27,0.8,2.8,2.5,3.2,1.6,2.2
3416,Ricardo Pérez Morales,Operaciones,Logística,2025-09-20,5.3,5.4,5.7,6.4,5.3,5.57,4.0,7.2,6.0,7.7,6.12,10.0,5.5,7.1,7.1,4.7,7.06,5.7,4.8,5.9,4.2,5.5,5.2
3417,Sergio Morales Morales,Marketing,Investigación de Mercado,2026-07-29,5.8,5.6,6.3,8.8,7.8,6.6,6.2,7.2,8.5,6.0,6.86,7.8,7.0,5.8,7.0,4.4,6.57,4.6,6.9,6.0,5.5,6.1,5.79
3418,José Reyes Cruz,Marketing,Investigación de Mercado,2026-08-21,4.7,6.0,6.8,5.9,5.9,5.8,6.4,6.7,7.3,7.5,6.93,7.2,7.6,7.9,6.7,6.2,7.22,4.5,2.6,4.0,6.4,6.0,4.46
3419,Ana González Vázquez,Marketing,Comunicación de Marca,2025-09-24,9.0,6.9,7.6,7.5,8.0,7.82,6.4,8.8,6.8,6.2,7.03,5.6,6.4,5.8,7.5,8.1,6.5,6.5,7.6,6.5,9.9,8.7,7.68
3420,Camila Rodríguez Romero,Recursos Humanos,Capacitación,2026-06-18,1.7,0.5,4.7,1.6,2.9,2.16,3.7,2.0,1.9,0.5,2.12,2.6,0.4,1.9,3.2,2.3,1.95,1.2,2.4,2.2,5.1,1.7,2.53
3421,Laura Pérez Castillo,Ventas,Ventas Nacionales,2026-06-14,7.5,10.0,8.6,10.0,9.1,8.96,8.8,6.6,8.2,9.6,8.33,10.0,9.4,9.3,9.3,10.0,9.6,10.0,10.0,9.9,10.0,10.0,9.98
3422,Luis Jiménez González,Finanzas,Tesorería,2025-11-22,1.1,3.1,0.7,2.0,2.0,1.79,3.2,2.5,3.7,0.6,2.48,4.8,6.9,5.3,5.7,2.8,5.26,1.0,5.3,2.8,3.1,5.5,3.3
3423,Daniela Flores Ramírez,Recursos Humanos,Nómina,2026-01-29,5.2,5.7,5.6,7.5,4.7,5.68,7.2,6.6,7.4,6.5,6.92,7.9,6.6,8.2,7.6,6.6,7.4,7.8,3.1,5.2,5.0,3.7,5.14
3424,Pedro Romero Rodríguez,Operaciones,Logística,2026-03-02,5.8,6.1,5.7,5.5,8.5,6.22,7.2,6.7,4.8,7.3,6.62,6.6,4.7,7.6,5.8,5.3,6.01,4.9,5.5,5.0,8.4,4.9,5.77
3425,Diego Martínez González,Recursos Humanos,Nómina,2025-09-12,5.7,6.7,3.8,6.0,4.4,5.42,5.2,5.0,6.8,6.6,5.82,5.8,5.3,4.8,6.0,4.2,5.26,4.9,4.8,3.6,5.8,4.9,4.8
3426,José Gómez González,Ventas,Ventas Nacionales,2026-08-07,4.3,4.0,4.2,4.5,6.4,4.55,3.2,5.0,5.2,4.5,4.38,0.5,2.7,3.6,4.0,1.7,2.38,1.9,2.6,4.0,3.2,4.7,3.04
3427,Daniela Ortiz Torres,Operaciones,Producción,2025-10-05,8.0,5.5,5.9,6.1,6.3,6.42,7.2,6.2,5.4,5.3,6.12,10.0,10.0,10.0,10.0,8.9,9.84,6.3,8.2,7.8,8.5,8.9,7.78
3428,Karla García Morales,Ventas,Ventas Internacionales,2026-06-02,8.3,10.0,8.0,9.9,8.4,8.92,10.0,10.0,10.0,10.0,10.0,9.6,10.0,8.8,9.9,8.5,9.42,9.1,8.2,6.0,7.0,8.7,7.8
3429,Andrea Sánchez Torres,Ventas,Atención a Clientes,2026-01-23,6.2,2.7,6.8,6.5,5.2,5.34,5.6,5.4,6.6,6.4,5.95,7.8,5.1,5.9,5.3,5.1,5.96,5.3,5.3,6.3,5.3,7.0,5.67
3430,Raúl Pérez Sánchez,Ventas,Atención a Clientes,2026-05-12,5.3,6.2,6.5,6.1,6.1,6.0,6.4,6.4,6.5,7.3,6.64,8.0,8.7,8.1,6.8,9.0,8.16,6.6,6.2,7.0,5.9,7.4,6.52
3431,Daniela Ortiz Martínez,Recursos Humanos,Nómina,2026-05-24,3.5,5.1,4.9,5.2,4.2,4.54,5.9,7.8,6.2,6.3,6.54,6.8,6.2,7.6,5.1,7.6,6.67,7.4,4.1,4.9,6.6,6.8,5.86
3432,Camila Vázquez Flores,Recursos Humanos,Nómina,2026-05-13,4.5,5.3,7.2,5.0,5.4,5.45,5.0,4.6,8.0,7.0,6.0,5.9,5.6,5.2,6.2,5.3,5.64,7.4,5.9,7.1,6.3,5.7,6.58
3433,Alejandro Gómez Vázquez,Finanzas,Auditoría Interna,2026-02-15,4.6,4.1,5.5,6.1,4.2,4.82,7.3,8.0,7.0,8.0,7.59,6.6,6.1,6.4,9.6,6.6,6.88,6.5,6.3,5.1,7.5,6.3,6.35
3434,Sofía Martínez Jiménez,Finanzas,Contabilidad,2025-10-22,7.1,7.1,7.1,7.2,8.8,7.37,9.5,8.4,7.3,8.3,8.48,6.2,5.6,8.4,7.5,6.8,6.78,5.4,9.6,8.4,6.1,9.9,7.64
3435,Luis Martínez Romero,Finanzas,Tesorería,2026-07-28,9.4,10.0,7.5,6.0,9.2,8.63,8.8,8.5,7.9,6.4,7.94,6.2,9.3,7.0,7.5,8.5,7.68,8.5,10.0,7.8,9.3,10.0,9.05
3436,Paola Jiménez González,Finanzas,Auditoría Interna,2026-01-09,6.0,7.8,6.2,4.2,7.1,6.38,6.8,5.4,5.6,3.2,5.31,6.9,9.0,7.6,7.6,5.9,7.52,5.1,5.1,4.1,4.8,6.3,4.96
3437,Juan Martínez Ramírez,Ventas,Ventas Nacionales,2025-10-29,2.4,1.8,0.4,2.0,1.7,1.68,3.7,1.9,3.8,3.5,3.22,1.3,4.4,2.7,2.8,2.8,2.8,3.8,3.7,3.9,2.6,3.6,3.54
3438,María Cruz Sánchez,Recursos Humanos,Capacitación,2025-12-13,9.0,7.4,7.2,7.3,9.3,8.03,7.2,6.9,7.7,8.8,7.63,6.6,6.6,8.4,8.8,7.0,7.35,8.7,7.0,6.8,6.8,7.3,7.38
3439,Diego Morales Sánchez,Recursos Humanos,Capacitación,2025-09-15,3.2,3.1,4.6,4.9,5.5,4.06,3.7,3.6,1.8,3.0,3.12,6.1,4.3,5.3,3.8,3.9,4.81,5.4,4.3,5.8,5.7,2.7,4.99
3440,Ricardo Martínez Sánchez,Ventas,Atención a Clientes,2026-09-03,4.2,4.6,4.8,3.0,3.7,4.16,3.3,3.3,5.3,2.2,3.42,3.3,2.9,2.3,2.1,1.4,2.53,1.8,2.2,3.9,3.1,2.4,2.64
3441,Ximena Romero Flores,Ventas,Ventas Nacionales,2026-04-28,6.1,8.5,8.8,6.6,9.6,7.84,6.7,7.3,7.0,8.5,7.36,8.0,8.2,8.0,9.3,8.5,8.32,7.9,7.7,7.3,8.9,8.0,7.94
3442,Raúl Rodríguez López,Finanzas,Contabilidad,2026-04-04,3.4,0.9,4.8,3.3,4.6,3.22,6.0,5.7,4.2,5.1,5.34,6.0,3.8,4.0,4.8,2.9,4.4,3.5,4.2,3.5,5.7,1.9,3.96
3443,Pedro Cruz Reyes,Finanzas,Contabilidad,2026-02-24,1.6,1.0,3.7,4.7,3.2,2.58,4.8,4.9,3.3,2.0,3.82,4.1,4.8,4.7,2.6,3.3,4.05,5.6,5.8,4.4,3.9,3.2,4.83
3444,Roberto Sánchez Torres,Marketing,Investigación de Mercado,2026-05-14,5.7,5.1,4.3,5.2,6.6,5.33,9.2,6.1,7.0,7.5,7.56,5.3,4.4,6.0,3.7,5.1,4.94,5.6,3.9,3.3,6.1,4.2,4.68
3445,Diego Ramírez Pérez,Ventas,Ventas Internacionales,2026-06-07,9.5,10.0,10.0,10.0,10.0,9.88,9.1,10.0,9.4,10.0,9.61,10.0,8.1,10.0,8.6,10.0,9.32,8.2,7.1,10.0,8.6,9.7,8.51
3446,Francisco González López,Operaciones,Producción,2025-11-01,2.9,3.7,6.2,4.3,6.2,4.46,6.7,6.4,7.5,4.5,6.24,4.4,7.8,5.6,6.4,3.2,5.61,3.8,4.8,4.4,5.1,5.9,4.64
3447,Pedro Sánchez Reyes,Ventas,Ventas Nacionales,2026-06-15,5.0,6.2,6.4,4.2,4.2,5.34,5.3,5.9,6.8,5.9,5.9,6.9,7.0,7.4,9.0,8.3,7.55,6.1,6.7,6.5,7.1,5.8,6.5
3448,Francisco Ortiz Reyes,Recursos Humanos,Reclutamiento,2025-09-24,3.7,3.6,3.3,2.7,3.5,3.42,3.0,4.2,2.8,3.5,3.38,5.4,4.8,3.3,2.7,5.6,4.46,3.7,4.2,3.4,3.8,3.2,3.74
3449,Valeria Ortiz Castillo,Operaciones,Producción,2026-08-25,5.8,6.0,5.8,6.1,5.7,5.88,8.4,4.4,5.3,7.1,6.46,5.5,4.8,4.0,6.0,4.2,4.9,3.6,5.1,3.2,4.4,3.4,4.04
3450,José Torres Hernández,Ventas,Ventas Nacionales,2026-04-06,8.3,6.4,7.1,7.7,5.3,7.05,4.7,6.7,6.2,6.2,5.88,6.2,6.0,4.1,3.5,5.8,5.26,4.6,4.0,4.9,4.2,4.4,4.41
3451,Pedro García González,Finanzas,Auditoría Interna,2026-01-28,3.2,3.3,3.9,2.7,3.5,3.34,3.8,4.9,5.2,2.4,4.0,3.4,3.7,2.5,3.0,4.8,3.44,3.8,5.0,5.1,6.0,4.2,4.84
3452,Laura Reyes García,Recursos Humanos,Reclutamiento,2025-09-17,8.4,6.6,6.5,6.5,6.9,7.06,9.3,9.7,8.2,7.1,8.63,6.9,5.6,7.0,7.7,7.2,6.76,8.6,9.6,8.1,7.0,7.8,8.35
3453,María Rodríguez Romero,Finanzas,Auditoría Interna,2025-12-02,7.2,6.0,7.3,6.1,4.6,6.36,5.8,7.5,5.6,6.2,6.28,7.2,6.5,8.2,8.0,6.8,7.28,5.0,7.4,5.7,7.1,5.3,6.19
3454,Diego Cruz Jiménez,Finanzas,Tesorería,2026-09-02,7.3,6.2,8.9,8.1,7.5,7.5,8.0,7.4,8.9,9.4,8.38,9.0,9.0,8.7,7.4,9.2,8.73,9.4,6.8,7.8,8.3,8.5,8.12
3455,Andrea Ramírez Morales,Ventas,Atención a Clientes,2025-12-08,7.6,8.2,8.8,8.3,9.9,8.44,8.7,7.2,7.5,7.5,7.78,9.2,9.2,7.8,8.7,10.0,8.96,8.0,6.3,6.8,9.5,6.9,7.53
3456,María González Jiménez,Recursos Humanos,Nómina,2026-05-12,10.0,9.2,7.1,7.1,9.3,8.68,9.2,8.9,9.0,9.1,9.06,10.0,9.5,8.9,9.5,8.9,9.41,6.8,7.5,6.6,8.7,6.2,7.26
3457,Daniela Martínez López,Recursos Humanos,Capacitación,2025-10-29,8.3,6.6,6.8,7.2,6.2,7.1,8.9,9.2,7.5,7.6,8.37,6.8,6.5,8.7,7.3,8.1,7.38,8.8,10.0,10.0,8.4,8.0,9.18
3458,Pedro Sánchez García,Recursos Humanos,Nómina,2025-11-29,6.8,5.5,5.3,6.1,5.0,5.8,5.1,5.9,5.6,5.3,5.45,5.2,6.9,5.9,7.5,6.8,6.35,7.1,5.9,5.7,3.9,5.8,5.75
3459,Francisco Rodríguez Flores,Marketing,Marketing Digital,2026-06-29,9.0,9.4,7.9,7.9,8.9,8.7,10.0,7.5,6.1,8.2,8.14,7.3,7.5,7.0,8.2,7.3,7.42,7.6,6.5,5.9,8.1,7.8,7.1
3460,Camila Sánchez Morales,Operaciones,Logística,2026-04-29,5.3,5.9,4.1,4.0,2.6,4.61,8.0,6.3,6.7,4.6,6.46,5.1,3.9,1.9,3.7,3.5,3.71,5.2,4.5,6.2,7.4,5.1,5.66
3461,Francisco Reyes González,Finanzas,Tesorería,2025-11-12,7.3,8.9,8.3,7.7,7.6,8.01,5.5,6.7,5.9,4.5,5.63,6.3,5.0,4.7,5.8,5.2,5.42,5.0,7.8,5.0,4.7,6.0,5.74
3462,Valeria Torres López,Ventas,Atención a Clientes,2025-10-06,5.7,8.1,5.8,7.1,3.6,6.22,3.2,6.4,6.0,6.5,5.38,6.2,5.6,4.4,6.7,4.4,5.5,6.0,3.9,6.2,6.8,6.4,5.72
3463,Luis Jiménez López,Tecnología,Infraestructura,2026-01-30,9.2,7.4,5.5,6.8,9.1,7.64,6.0,4.6,5.3,6.7,5.68,4.6,4.9,6.3,4.1,3.6,4.79,6.3,5.4,4.7,6.4,7.1,5.86
3464,Pedro López Romero,Recursos Humanos,Capacitación,2026-06-20,5.7,4.9,4.7,5.5,6.9,5.45,6.1,6.0,4.5,4.2,5.28,5.4,4.9,6.9,4.1,7.1,5.64,4.2,4.7,5.9,7.3,5.7,5.44
3465,Roberto Cruz Pérez,Recursos Humanos,Reclutamiento,2026-04-18,9.3,8.4,10.0,9.5,7.0,8.9,9.1,8.8,7.1,8.5,8.48,10.0,10.0,8.1,8.9,8.7,9.26,8.1,8.5,9.5,8.1,8.0,8.47
3466,Daniela Torres Vázquez,Tecnología,Infraestructura,2025-11-21,5.4,7.9,7.1,6.0,6.9,6.68,7.0,5.7,5.7,9.0,6.92,6.0,6.0,6.8,8.6,6.0,6.55,6.4,6.4,7.4,7.5,9.4,7.12
3467,Laura Rodríguez Romero,Recursos Humanos,Capacitación,2026-02-01,5.7,8.8,6.8,5.8,7.6,7.0,6.4,6.1,5.1,6.2,6.02,4.4,4.8,7.7,7.4,4.3,5.6,5.7,6.6,7.0,5.4,6.8,6.24
3468,Sofía Jiménez Hernández,Finanzas,Contabilidad,2026-06-26,4.7,1.6,4.0,2.0,0.5,2.75,1.5,0.0,2.4,0.0,0.93,3.3,2.0,1.9,1.6,4.5,2.62,3.2,2.0,3.2,2.6,2.8,2.74
3469,Mariana Hernández Pérez,Recursos Humanos,Reclutamiento,2026-05-26,7.7,7.3,6.8,7.3,6.9,7.24,6.5,7.6,6.0,7.8,7.0,8.9,7.8,5.8,7.7,7.6,7.63,6.3,6.1,5.4,5.4,7.2,5.98
3470,Ricardo Ramírez Hernández,Ventas,Atención a Clientes,2026-06-28,4.8,4.1,3.7,4.0,5.5,4.39,6.7,9.6,5.9,6.7,7.26,7.3,6.8,7.9,6.4,7.7,7.22,5.1,5.5,7.3,7.4,9.6,6.55
3471,Karla García Romero,Marketing,Comunicación de Marca,2026-03-20,6.3,6.0,4.9,6.1,3.9,5.56,6.4,7.8,6.5,6.0,6.67,5.8,5.0,5.9,6.2,5.2,5.59,4.6,4.6,6.4,7.2,6.7,5.69
3472,José Sánchez Castillo,Marketing,Comunicación de Marca,2026-03-29,6.5,7.8,8.7,5.8,8.8,7.51,8.7,7.7,6.1,6.5,7.38,8.8,8.0,10.0,8.5,10.0,8.98,10.0,8.4,8.4,9.1,9.0,9.0
3473,Luis Martínez Torres,Operaciones,Logística,2026-02-22,7.3,8.2,10.0,8.5,7.6,8.29,6.5,7.6,6.8,8.2,7.26,9.5,9.2,8.8,7.2,7.4,8.62,8.5,9.1,7.4,8.3,7.8,8.32
3474,Juan Gómez Flores,Operaciones,Control de Calidad,2025-09-28,4.9,8.8,7.5,8.1,7.5,7.26,5.8,6.8,6.2,3.1,5.46,6.7,6.6,8.1,5.7,7.1,6.86,6.4,7.4,8.7,6.3,7.8,7.23
3475,Pedro González López,Marketing,Marketing Digital,2026-01-13,5.7,6.5,5.6,5.0,5.7,5.78,7.3,7.8,7.2,6.6,7.23,7.0,6.8,6.9,5.8,3.7,6.26,5.6,8.1,7.8,6.2,8.0,7.02
3476,Raúl Vázquez Castillo,Recursos Humanos,Nómina,2026-02-06,6.3,5.1,5.3,6.0,4.4,5.47,4.8,5.4,5.9,5.1,5.24,6.1,6.0,6.3,7.6,6.2,6.36,4.1,6.4,4.5,4.5,4.7,4.89
3477,Miguel Cruz Morales,Ventas,Atención a Clientes,2026-04-27,8.2,7.0,7.7,7.4,6.4,7.41,7.5,6.6,8.1,8.1,7.54,8.7,9.3,7.8,8.5,8.3,8.58,8.8,8.8,8.4,7.2,8.3,8.35
3478,Ricardo González Ramírez,Recursos Humanos,Capacitación,2026-01-19,7.8,5.8,3.8,6.2,5.7,5.94,7.0,5.9,5.0,6.1,6.1,6.2,7.6,6.2,7.4,6.8,6.82,9.0,7.1,8.5,6.1,7.5,7.7
3479,Karla García Sánchez,Tecnología,Desarrollo,2025-09-24,7.3,6.0,7.0,6.7,6.8,6.75,5.0,5.7,5.8,4.9,5.31,6.9,7.8,6.9,5.9,6.6,6.93,6.7,6.7,10.0,9.5,7.4,7.99
3480,Miguel Martínez López,Finanzas,Auditoría Interna,2026-09-04,1.8,4.7,5.1,4.2,5.7,4.13,4.8,4.4,4.7,5.0,4.73,3.6,4.3,4.7,4.5,5.2,4.37,4.6,3.3,4.5,4.8,4.0,4.24
3481,Paola López Sánchez,Ventas,Ventas Nacionales,2026-05-03,8.5,3.7,8.3,5.4,6.1,6.44,6.2,4.7,5.1,8.7,6.23,5.8,6.2,7.1,7.9,6.1,6.52,8.1,6.6,7.7,7.8,5.0,7.28
3482,Andrea Gómez Martínez,Marketing,Investigación de Mercado,2026-08-18,3.9,4.6,6.0,3.6,3.1,4.33,8.0,7.1,5.1,5.3,6.52,4.9,6.3,6.1,5.1,8.1,6.0,5.0,4.4,5.8,5.7,7.6,5.41
3483,Ricardo López Cruz,Finanzas,Contabilidad,2026-06-25,6.3,6.0,8.2,7.3,5.6,6.65,9.3,8.9,9.0,7.1,8.59,3.1,2.9,6.7,6.7,5.3,4.64,5.9,6.4,3.9,4.0,4.3,5.08
3484,Paola Vázquez Cruz,Operaciones,Producción,2026-08-14,6.6,5.2,8.3,4.6,4.8,6.02,8.6,8.2,6.2,7.2,7.67,5.9,6.5,8.7,7.1,5.5,6.73,6.4,6.1,7.2,6.5,8.5,6.72
3485,Raúl López Martínez,Tecnología,Infraestructura,2026-02-03,9.7,9.1,10.0,9.5,9.9,9.61,7.3,8.0,6.5,8.2,7.54,8.8,9.3,8.6,9.0,8.8,8.91,8.9,6.5,8.4,6.6,8.1,7.66
3486,María Ramírez Hernández,Ventas,Atención a Clientes,2025-11-12,6.5,7.7,6.5,6.4,7.1,6.88,6.1,8.0,5.5,5.8,6.38,5.4,4.2,7.2,3.0,5.1,5.06,8.3,7.1,5.5,5.7,4.8,6.57
3487,Juan González Romero,Recursos Humanos,Capacitación,2025-09-29,8.4,9.7,8.7,8.3,9.2,8.89,9.0,9.6,9.5,8.5,9.12,8.8,9.9,9.5,8.7,5.3,8.68,9.1,9.1,8.5,7.5,8.4,8.59
3488,Sergio García Castillo,Marketing,Marketing Digital,2026-06-13,1.1,2.0,0.7,3.3,2.2,1.74,3.7,4.5,4.3,3.9,4.07,1.9,1.0,2.1,1.4,4.0,1.96,2.4,2.6,2.8,0.5,3.6,2.27
3489,Laura Cruz Sánchez,Finanzas,Auditoría Interna,2025-12-26,9.6,7.3,6.9,6.3,6.0,7.45,6.5,5.6,8.1,7.0,6.72,4.9,5.5,7.1,6.7,5.5,5.85,5.0,5.8,6.5,6.4,5.0,5.78
3490,Fernanda Vázquez Torres,Operaciones,Producción,2026-05-10,4.1,1.8,4.0,4.1,2.8,3.31,5.1,3.6,2.6,4.5,4.07,3.2,2.0,2.7,1.5,2.9,2.5,5.3,3.8,5.1,3.8,5.4,4.6
3491,Alejandro Reyes Torres,Marketing,Marketing Digital,2026-05-15,6.6,6.3,6.3,8.8,6.5,6.78,5.1,5.5,4.5,6.2,5.36,6.0,6.7,7.7,7.2,6.5,6.77,6.8,5.8,4.1,7.4,5.6,6.01
3492,Laura Ramírez López,Tecnología,Infraestructura,2026-01-28,10.0,10.0,9.2,10.0,10.0,9.84,10.0,10.0,10.0,9.1,9.78,9.6,9.3,8.8,8.6,9.8,9.24,10.0,9.6,8.8,10.0,8.5,9.51
3493,Valeria Cruz Reyes,Operaciones,Control de Calidad,2026-01-03,2.3,5.2,5.3,1.3,5.3,3.92,2.3,5.1,2.3,3.6,3.32,3.3,3.1,2.9,5.0,5.3,3.72,3.2,3.1,4.6,5.1,3.4,3.86
3494,Andrea Pérez López,Operaciones,Logística,2026-02-06,10.0,10.0,9.7,9.1,8.9,9.64,9.5,9.6,10.0,8.7,9.43,8.1,9.1,8.5,8.9,9.5,8.76,10.0,9.1,8.7,10.0,10.0,9.52
3495,Ximena Pérez López,Finanzas,Contabilidad,2026-08-02,7.4,8.3,9.9,7.8,7.9,8.26,5.2,7.1,6.9,7.8,6.66,7.3,6.9,5.7,6.9,6.8,6.74,6.1,5.1,6.0,7.5,9.4,6.44
3496,Miguel Castillo Pérez,Operaciones,Logística,2026-04-11,7.0,5.5,7.4,7.0,5.7,6.51,7.9,7.4,5.6,4.8,6.54,5.6,6.0,6.0,6.7,5.8,5.98,5.1,4.7,3.9,5.8,4.3,4.82
3497,Ximena Flores Gómez,Operaciones,Producción,2026-05-26,3.7,4.8,4.8,1.1,2.5,3.62,3.9,4.7,2.1,5.2,4.06,1.2,5.1,3.0,3.8,3.3,3.24,3.0,4.2,5.3,3.4,3.2,3.86
3498,Roberto García Rodríguez,Tecnología,Desarrollo,2026-09-06,2.7,4.9,6.6,5.7,3.9,4.66,4.0,7.2,6.0,5.8,5.65,6.5,7.1,5.9,6.3,7.7,6.68,5.8,3.9,4.8,6.4,4.5,5.12
3499,Fernanda González Rodríguez,Marketing,Investigación de Mercado,2026-08-24,6.0,8.1,6.9,7.2,6.5,6.96,7.2,6.3,9.0,8.7,7.71,7.1,8.6,7.7,7.7,7.9,7.8,7.3,7.0,6.7,7.0,7.5,7.06
3500,Juan Jiménez Ortiz,Recursos Humanos,Nómina,2026-03-27,6.1,4.2,3.8,5.2,6.4,5.08,5.8,5.3,5.5,5.2,5.46,5.6,4.1,4.6,5.6,3.2,4.66,4.0,5.6,3.9,4.8,5.0,4.64
3501,Juan Flores Jiménez,Marketing,Marketing Digital,2026-08-02,5.6,8.1,5.4,5.3,6.5,6.28,6.3,8.5,8.0,7.4,7.46,6.5,5.7,7.2,9.2,8.2,7.1,6.8,4.7,5.6,6.7,9.1,6.24
3502,José Ramírez Pérez,Marketing,Comunicación de Marca,2025-12-12,9.7,6.8,6.4,8.4,7.1,7.73,8.0,10.0,9.2,8.2,8.79,6.8,9.5,7.3,8.0,7.5,7.86,6.5,6.4,9.8,7.7,10.0,7.72
3503,José Ortiz Cruz,Ventas,Ventas Nacionales,2026-08-18,9.8,9.3,10.0,6.6,7.6,8.91,8.8,10.0,10.0,8.7,9.32,8.9,7.8,8.2,7.3,9.8,8.38,9.6,9.7,9.8,7.2,10.0,9.22
3504,Gabriela Morales Gómez,Operaciones,Logística,2026-06-14,3.5,3.7,3.8,3.8,5.1,3.89,4.7,2.1,5.0,1.4,3.28,3.1,3.7,4.1,2.9,2.6,3.34,3.5,3.2,4.6,4.1,5.3,3.94
3505,Ximena Reyes Ramírez,Tecnología,Infraestructura,2025-09-13,5.8,6.7,6.6,5.0,5.2,5.98,3.0,4.4,2.0,5.0,3.65,6.0,7.0,7.4,6.7,6.6,6.72,7.8,6.1,6.8,6.0,6.2,6.66
3506,Fernanda Ortiz Cruz,Recursos Humanos,Capacitación,2025-12-23,7.9,7.9,4.6,5.6,4.2,6.34,7.5,6.9,6.5,6.3,6.85,3.5,3.1,6.7,4.3,4.4,4.3,8.5,4.1,8.5,8.3,5.7,7.08
3507,Diego Hernández Romero,Finanzas,Auditoría Interna,2026-02-16,10.0,6.7,9.8,10.0,9.5,9.06,7.3,6.2,6.8,7.6,7.0,10.0,9.6,9.9,8.2,9.1,9.48,10.0,10.0,10.0,10.0,6.8,9.68
3508,Roberto Sánchez Morales,Recursos Humanos,Capacitación,2026-09-02,6.5,6.7,6.3,5.7,5.8,6.28,8.8,9.5,7.8,6.8,8.28,5.5,5.0,7.4,6.4,6.7,6.07,5.5,7.7,6.9,5.8,7.8,6.62
3509,Fernanda Hernández Gómez,Marketing,Investigación de Mercado,2026-08-23,7.5,4.8,7.2,5.4,4.4,5.99,6.5,6.2,5.6,6.4,6.22,7.2,6.0,5.3,5.4,4.8,5.89,7.3,7.5,7.2,8.7,7.7,7.65
3510,Pedro Ortiz Ramírez,Recursos Humanos,Nómina,2025-10-11,9.4,8.8,7.6,7.0,7.1,8.18,7.7,7.4,6.5,5.9,6.94,5.6,6.6,8.0,6.8,5.6,6.51,8.4,6.0,9.3,6.5,9.3,7.69
3511,Sofía García Torres,Marketing,Comunicación de Marca,2025-11-20,7.6,7.0,7.7,5.9,6.7,7.08,7.3,6.7,7.2,4.8,6.51,7.8,5.8,6.9,7.1,7.6,6.98,8.0,7.8,5.5,5.6,5.9,6.76
3512,Daniela Gómez Gómez,Marketing,Comunicación de Marca,2025-09-26,5.8,5.2,6.7,5.5,5.6,5.76,4.1,5.8,3.2,5.4,4.67,5.9,3.8,7.3,6.3,4.7,5.54,3.5,7.6,6.3,5.3,6.7,5.76
3513,Ana Castillo López,Operaciones,Producción,2025-11-17,5.7,5.9,5.9,5.6,5.4,5.73,7.6,5.6,4.7,8.0,6.62,7.5,7.7,7.2,7.4,8.1,7.56,9.2,10.0,7.3,9.2,9.8,9.08
3514,Paola Flores Romero,Tecnología,Infraestructura,2026-09-07,5.6,7.0,8.4,8.5,7.3,7.2,6.7,5.0,6.9,7.1,6.41,4.8,4.8,5.8,7.6,6.9,5.74,6.9,7.6,7.0,5.4,3.9,6.5
3515,Roberto Gómez Morales,Marketing,Marketing Digital,2025-11-17,4.9,4.9,7.6,7.6,5.4,5.92,6.0,5.6,5.8,5.7,5.78,6.2,7.8,6.2,6.3,6.9,6.72,7.7,7.5,7.3,7.9,7.7,7.61
3516,Mariana Gómez Gómez,Finanzas,Tesorería,2026-03-24,9.5,7.8,8.0,6.4,5.6,7.72,7.5,6.2,9.9,6.4,7.38,5.4,7.2,5.4,6.4,8.5,6.46,6.7,7.4,7.6,7.6,7.7,7.33
3517,Fernanda Ramírez Romero,Marketing,Marketing Digital,2025-12-29,7.8,6.8,6.7,8.6,6.3,7.22,5.0,8.7,8.4,8.7,7.53,7.8,9.2,8.4,6.2,8.9,8.2,7.5,9.4,8.2,7.3,6.5,7.98
3518,Gabriela Castillo Morales,Operaciones,Logística,2026-04-09,5.9,8.0,8.1,6.7,7.2,7.18,9.2,8.4,6.4,8.8,8.34,9.4,8.4,5.9,8.8,9.2,8.33,8.5,7.2,6.9,6.2,9.6,7.5
3519,Raúl Torres Torres,Tecnología,Desarrollo,2025-12-18,7.2,4.6,6.2,4.7,5.2,5.68,6.1,7.4,5.3,5.1,6.02,6.6,7.1,5.9,6.7,7.8,6.78,7.3,2.9,4.1,6.6,6.8,5.37
3520,Luis Morales Torres,Operaciones,Producción,2025-11-04,7.2,7.1,7.8,6.9,7.8,7.34,7.2,7.7,8.0,6.8,7.39,6.9,5.6,7.1,6.3,6.5,6.46,7.7,7.4,8.3,8.3,9.6,8.06
3521,Gabriela Romero Sánchez,Operaciones,Control de Calidad,2025-09-17,4.7,4.6,5.5,4.0,6.6,5.02,5.4,7.8,6.0,6.5,6.4,7.2,6.2,3.9,5.0,5.0,5.63,7.1,5.5,5.4,4.1,6.0,5.65
3522,Miguel Romero Romero,Finanzas,Tesorería,2026-02-22,3.6,1.0,1.3,2.4,0.6,1.86,3.1,4.7,3.4,4.5,3.91,3.7,2.2,3.9,2.3,4.2,3.23,4.2,2.4,3.0,1.9,3.5,2.98
3523,Laura Ramírez Castillo,Operaciones,Control de Calidad,2026-05-29,6.2,9.2,6.7,6.7,10.0,7.69,9.3,8.7,7.5,8.4,8.56,9.5,9.1,5.3,8.0,5.8,7.78,7.8,6.9,7.8,5.0,6.4,6.88
3524,Laura Vázquez López,Ventas,Ventas Internacionales,2026-01-27,3.5,4.2,1.6,4.7,3.6,3.49,4.8,4.9,5.0,2.9,4.39,3.3,3.0,3.6,2.5,2.2,3.0,4.5,3.0,3.5,4.3,4.0,3.84
3525,Luis Vázquez Reyes,Recursos Humanos,Capacitación,2026-03-09,5.2,5.4,4.0,6.0,5.7,5.2,4.9,5.7,5.2,3.1,4.71,6.2,5.9,5.9,4.8,3.3,5.42,8.0,5.1,5.3,5.4,6.0,6.02
3526,Andrea Gómez Sánchez,Recursos Humanos,Reclutamiento,2026-06-26,5.1,5.4,6.3,5.5,4.5,5.38,3.2,5.7,5.3,3.5,4.32,6.6,5.4,8.1,6.3,8.0,6.76,6.1,3.7,5.5,6.6,6.6,5.53
3527,Diego Reyes Torres,Marketing,Comunicación de Marca,2025-12-17,2.2,4.7,1.1,3.2,3.4,2.93,3.8,4.2,4.1,3.2,3.81,5.4,5.8,6.7,3.4,6.2,5.58,7.4,4.0,7.6,3.5,3.5,5.42
3528,Daniela Reyes Cruz,Finanzas,Contabilidad,2026-08-10,6.6,5.3,7.3,8.5,6.3,6.65,6.1,7.4,6.2,5.7,6.34,3.6,2.6,3.5,5.2,5.4,3.84,5.3,6.0,5.7,6.3,8.5,6.08
3529,Andrea Gómez Ramírez,Operaciones,Logística,2026-04-13,5.4,6.4,6.9,6.3,7.2,6.36,6.3,5.0,6.7,8.1,6.5,6.4,4.3,5.6,5.9,6.1,5.6,5.5,3.3,4.4,3.6,4.6,4.26
3530,Roberto Castillo Vázquez,Ventas,Atención a Clientes,2025-12-29,3.9,2.6,2.9,2.7,2.6,3.0,4.5,2.8,4.1,2.0,3.37,3.3,4.1,2.2,5.6,2.5,3.5,4.0,2.1,0.3,3.4,2.8,2.54
3531,Ximena Morales Pérez,Marketing,Investigación de Mercado,2025-10-06,7.0,6.9,8.2,8.0,7.5,7.44,7.3,7.1,7.9,7.0,7.3,7.4,8.3,8.2,6.3,7.0,7.56,5.2,8.9,8.8,9.0,8.0,7.88
3532,Ximena Reyes González,Recursos Humanos,Reclutamiento,2026-01-24,6.2,7.4,6.2,7.1,6.6,6.7,9.3,8.0,8.7,9.7,8.96,6.2,7.5,8.3,10.0,8.5,7.86,7.3,7.4,8.4,5.4,6.0,7.04
3533,Miguel Pérez Ortiz,Marketing,Investigación de Mercado,2025-09-15,4.2,4.4,5.6,4.1,6.3,4.83,3.0,2.9,2.4,2.7,2.78,4.6,3.0,3.4,3.5,4.2,3.74,6.0,5.0,3.2,1.7,3.3,4.06
3534,Juan Torres Morales,Operaciones,Producción,2025-11-08,10.0,9.5,6.3,8.5,9.6,8.85,6.9,8.9,9.7,8.7,8.41,8.8,8.3,8.4,8.0,7.3,8.25,10.0,9.0,8.4,7.9,8.0,8.81
3535,Juan Reyes Vázquez,Recursos Humanos,Reclutamiento,2026-06-13,8.6,10.0,5.3,5.8,8.2,7.81,7.8,7.9,6.6,9.5,8.01,7.1,6.9,7.3,5.6,7.4,6.91,5.8,6.1,7.0,6.8,8.0,6.54
3536,Francisco Rodríguez Sánchez,Finanzas,Auditoría Interna,2025-11-03,2.3,3.7,2.8,3.0,3.9,3.1,2.9,3.6,4.2,3.4,3.46,5.7,5.1,3.2,2.6,5.3,4.53,1.5,4.7,5.1,3.3,4.5,3.68
3537,Luis García Ramírez,Operaciones,Control de Calidad,2026-05-08,3.3,4.7,5.3,5.2,6.1,4.76,9.6,6.8,3.5,6.2,6.83,5.5,5.2,6.5,4.9,6.5,5.68,3.0,5.4,3.9,6.4,3.0,4.46
3538,Karla García Romero,Finanzas,Contabilidad,2026-01-20,6.9,10.0,10.0,9.4,9.5,9.06,7.9,8.6,8.0,7.6,8.02,9.7,7.2,9.3,8.1,7.3,8.4,8.9,10.0,9.6,10.0,9.2,9.56
3539,Alejandro Pérez Romero,Marketing,Investigación de Mercado,2026-06-26,6.0,3.6,4.6,3.7,5.1,4.64,3.1,4.5,5.8,3.7,4.14,6.6,5.6,6.9,5.2,6.5,6.18,5.2,6.3,3.0,4.0,4.9,4.77
3540,Laura Romero Pérez,Finanzas,Contabilidad,2026-02-23,7.7,8.4,7.0,5.9,7.2,7.39,5.4,5.8,4.9,3.6,4.95,6.4,5.8,6.3,5.9,6.6,6.18,8.0,5.9,7.6,3.6,9.3,6.64
3541,Jorge Cruz Romero,Marketing,Comunicación de Marca,2026-01-02,10.0,8.0,9.7,9.1,10.0,9.3,9.1,10.0,9.2,9.0,9.32,8.0,9.4,8.1,9.0,9.7,8.77,10.0,9.1,8.8,10.0,8.4,9.38
3542,Sofía Romero Sánchez,Ventas,Ventas Internacionales,2025-10-09,8.5,10.0,8.5,10.0,8.8,9.14,7.4,8.8,9.0,9.1,8.49,8.6,9.0,10.0,8.3,9.4,9.06,10.0,8.8,10.0,9.2,6.9,9.23
3543,Sofía Reyes Jiménez,Recursos Humanos,Reclutamiento,2025-09-28,9.0,7.3,8.8,8.2,8.9,8.4,9.6,7.9,6.7,10.0,8.7,6.3,10.0,7.7,8.1,10.0,8.33,10.0,10.0,10.0,10.0,10.0,10.0
3544,Daniela López Ramírez,Recursos Humanos,Capacitación,2025-11-19,5.7,5.3,3.4,4.0,3.9,4.62,5.0,2.9,4.7,3.8,4.12,4.7,5.4,6.8,5.2,7.1,5.73,3.4,4.6,6.3,6.1,6.9,5.17
3545,Andrea García Martínez,Finanzas,Tesorería,2026-02-16,6.7,5.1,5.0,7.9,8.5,6.41,7.6,7.2,6.5,8.9,7.6,5.7,6.4,6.9,6.3,8.1,6.56,7.0,7.6,6.7,7.2,6.5,7.08
3546,Camila García Cruz,Finanzas,Tesorería,2025-10-20,5.1,5.2,4.9,5.6,6.0,5.3,5.2,4.2,6.5,6.5,5.54,3.6,6.5,6.1,6.3,4.7,5.4,3.4,6.2,4.2,4.3,3.8,4.48
3547,Gabriela Sánchez Flores,Ventas,Atención a Clientes,2026-07-31,2.2,2.1,4.2,3.5,2.9,2.88,2.7,0.5,3.0,2.3,2.11,2.6,2.5,4.3,2.4,4.0,3.1,5.7,2.8,3.7,3.6,2.8,3.86
3548,Juan Vázquez Reyes,Tecnología,Soporte Técnico,2025-09-09,8.3,6.3,7.1,8.7,7.8,7.54,8.2,8.5,9.1,8.9,8.63,10.0,7.8,7.7,7.5,7.0,8.17,7.3,9.1,7.0,8.6,7.9,8.01
3549,Mariana Gómez Ramírez,Recursos Humanos,Capacitación,2026-06-25,5.5,6.2,5.6,4.8,4.7,5.47,5.8,7.6,5.9,7.3,6.64,4.3,5.1,5.6,5.1,5.0,4.98,4.1,4.3,5.6,6.0,4.4,4.86
3550,José Sánchez López,Tecnología,Desarrollo,2026-04-13,8.0,7.1,7.3,7.4,8.4,7.6,8.6,8.5,7.8,5.5,7.64,7.8,6.4,5.8,6.9,8.6,7.04,10.0,8.0,9.5,9.8,10.0,9.36
3551,Diego López Castillo,Ventas,Ventas Internacionales,2025-10-11,5.8,5.3,5.5,6.0,6.4,5.74,9.9,7.2,7.2,7.0,7.96,5.0,7.4,5.1,9.4,7.1,6.6,6.9,7.4,7.9,7.1,6.9,7.26
3552,Alejandro Pérez Castillo,Ventas,Ventas Nacionales,2025-12-20,6.5,5.8,7.0,8.0,6.5,6.65,6.1,7.6,5.6,6.3,6.42,8.2,7.2,8.0,9.2,7.7,7.98,8.7,7.3,6.2,8.3,8.6,7.76
3553,Gabriela Cruz López,Recursos Humanos,Nómina,2025-11-01,4.3,4.7,2.7,5.5,1.7,3.87,2.6,3.8,2.6,3.0,3.0,3.7,2.0,4.3,3.5,4.8,3.53,2.6,4.5,2.7,2.4,2.4,3.04
3554,Daniela Morales Vázquez,Finanzas,Contabilidad,2025-12-30,4.7,7.4,5.7,4.9,8.2,6.13,4.6,5.9,6.4,5.6,5.54,3.7,4.7,4.8,5.2,6.5,4.81,6.5,4.5,5.4,6.5,6.7,5.8
3555,Sofía Torres Pérez,Marketing,Comunicación de Marca,2026-01-31,6.0,8.6,4.4,9.0,7.5,7.0,9.4,7.7,8.5,8.4,8.54,7.3,7.3,5.7,10.0,6.8,7.31,4.7,8.5,6.6,6.3,6.2,6.5
3556,Carlos Cruz Hernández,Ventas,Ventas Internacionales,2026-07-06,7.7,8.0,9.8,8.5,9.2,8.54,8.1,10.0,9.9,8.5,9.04,8.4,8.9,8.9,9.2,9.5,8.91,10.0,10.0,9.5,10.0,10.0,9.9
3557,Fernanda Ramírez Pérez,Operaciones,Control de Calidad,2025-09-09,4.8,6.5,4.8,5.0,4.9,5.27,6.8,5.0,5.6,4.9,5.64,7.2,6.4,6.1,6.2,6.2,6.48,7.0,7.2,5.6,7.2,6.0,6.71
3558,Gabriela Sánchez Jiménez,Marketing,Investigación de Mercado,2026-01-18,6.4,5.2,5.0,7.9,7.0,6.14,5.8,5.8,6.6,3.4,5.36,6.9,7.2,6.2,6.5,6.3,6.68,7.0,5.7,7.0,6.8,4.9,6.43
3559,Francisco Jiménez Pérez,Finanzas,Contabilidad,2026-01-07,4.9,5.3,8.1,5.7,6.2,5.96,5.3,4.6,7.0,6.5,5.76,7.0,5.6,5.0,6.0,7.3,6.14,6.7,6.8,7.5,7.5,7.8,7.16
3560,Mariana González Pérez,Finanzas,Auditoría Interna,2026-04-04,9.4,7.6,7.5,8.1,8.0,8.16,9.2,7.8,5.7,7.7,7.78,9.3,8.0,8.7,9.8,10.0,9.04,8.3,8.4,8.3,8.5,9.0,8.44
3561,Pedro Sánchez Jiménez,Tecnología,Infraestructura,2025-09-25,9.4,7.1,7.2,7.1,7.5,7.76,6.7,7.5,7.7,8.2,7.48,5.8,8.0,5.9,7.5,5.8,6.63,5.6,7.0,4.5,5.3,5.4,5.65
3562,José Reyes Gómez,Finanzas,Contabilidad,2026-03-27,9.4,8.9,7.9,9.0,10.0,9.0,8.3,8.1,9.9,8.1,8.52,8.9,9.5,10.0,7.8,10.0,9.27,9.9,10.0,9.4,9.4,10.0,9.74
3563,Valeria Morales Ortiz,Marketing,Marketing Digital,2026-06-30,8.1,5.9,8.1,7.2,7.1,7.26,4.8,4.8,6.6,6.1,5.48,6.9,8.7,10.0,8.7,7.9,8.39,7.7,5.7,6.5,7.7,8.3,7.02
3564,Miguel Ramírez Martínez,Finanzas,Tesorería,2026-07-04,3.0,4.2,5.6,3.2,4.0,4.0,1.1,3.4,3.7,3.5,2.8,2.2,4.3,2.1,3.6,3.6,3.12,2.9,2.1,4.6,3.0,2.7,3.04
3565,Valeria Torres Vázquez,Operaciones,Control de Calidad,2025-12-27,7.6,5.7,10.0,10.0,8.1,8.04,7.6,7.7,5.0,6.1,6.73,7.1,7.7,7.9,8.3,8.6,7.82,6.5,6.4,4.9,6.8,6.2,6.18
3566,Francisco López Jiménez,Operaciones,Producción,2025-12-10,7.4,7.1,8.3,6.0,6.5,7.16,7.0,6.1,7.3,8.0,7.08,6.2,5.7,6.1,6.0,7.6,6.24,6.9,6.6,6.1,8.0,8.7,7.06
3567,Gabriela González Flores,Ventas,Ventas Nacionales,2026-06-24,4.4,3.2,3.8,5.0,5.6,4.25,7.3,7.8,5.4,5.7,6.64,4.5,4.3,4.5,3.1,4.0,4.16,5.7,7.7,5.8,6.9,5.0,6.39
3568,Camila Cruz Vázquez,Marketing,Comunicación de Marca,2025-12-27,4.3,4.6,7.1,5.3,4.3,5.08,4.8,5.2,6.1,6.2,5.51,3.3,4.4,5.8,6.6,5.9,4.96,4.5,3.5,3.1,3.9,6.9,4.09
3569,Diego Jiménez Reyes,Marketing,Investigación de Mercado,2025-09-08,9.3,7.0,7.5,9.1,8.5,8.22,8.4,9.3,9.5,10.0,9.25,8.7,6.9,8.1,7.4,8.8,7.95,7.7,6.2,6.8,6.7,6.9,6.86
3570,Roberto Vázquez Castillo,Operaciones,Producción,2026-02-25,5.9,6.6,3.9,4.7,6.4,5.57,7.6,6.2,7.1,8.8,7.45,7.2,6.4,8.0,6.4,6.8,6.98,7.4,6.9,6.6,7.4,9.2,7.3
3571,Miguel Castillo Reyes,Marketing,Investigación de Mercado,2025-09-18,9.8,9.6,8.6,9.7,9.3,9.42,7.7,8.2,7.2,10.0,8.3,6.6,5.6,6.5,6.3,6.5,6.27,8.0,8.9,6.1,8.0,7.6,7.8
3572,Alejandro Sánchez Cruz,Ventas,Ventas Nacionales,2026-07-12,6.3,6.9,7.4,9.7,6.9,7.27,4.3,5.3,3.7,4.8,4.56,6.3,5.7,7.0,7.5,5.9,6.41,7.9,6.9,7.2,5.5,6.1,6.85
3573,Roberto Ramírez Pérez,Tecnología,Desarrollo,2026-04-13,7.3,4.7,4.8,3.9,3.8,5.12,4.4,5.7,6.0,6.7,5.62,4.9,6.1,2.8,6.4,7.5,5.4,3.6,6.1,2.6,4.0,5.2,4.27
3574,Sergio Cruz Reyes,Finanzas,Tesorería,2026-02-16,5.8,6.8,6.1,4.9,6.7,6.11,5.4,5.3,7.0,6.6,6.0,5.6,6.1,6.2,6.5,4.7,5.84,4.7,5.1,8.9,5.8,6.2,6.01
3575,María Martínez Ortiz,Ventas,Ventas Internacionales,2026-04-30,7.0,7.9,6.5,8.2,4.1,6.87,5.8,5.1,3.5,5.9,5.19,7.0,6.8,4.3,6.9,5.6,6.18,5.1,4.9,4.6,4.8,2.5,4.63
3576,Ana Vázquez Castillo,Tecnología,Desarrollo,2026-08-02,4.2,4.8,5.3,4.7,5.0,4.76,5.6,6.6,4.8,3.5,5.16,5.5,6.4,4.3,5.2,5.9,5.5,5.5,7.3,4.0,4.8,5.6,5.52
3577,Paola Gómez Cruz,Finanzas,Contabilidad,2026-03-24,6.4,4.5,7.0,6.4,6.3,6.03,4.1,5.6,5.8,4.5,4.92,7.9,5.5,9.0,7.1,6.5,7.19,6.8,6.9,5.2,3.8,6.9,5.92
3578,Raúl González Cruz,Operaciones,Control de Calidad,2026-05-07,3.2,1.8,2.4,2.2,3.4,2.57,2.1,2.6,0.0,0.0,1.28,3.8,3.3,5.1,3.2,5.7,4.13,4.2,2.5,3.3,3.5,1.4,3.18
3579,Jorge Vázquez García,Marketing,Marketing Digital,2026-06-25,9.1,7.5,6.1,8.7,5.9,7.56,6.1,6.2,4.7,6.4,5.92,7.3,9.5,6.9,8.4,6.6,7.83,7.5,6.1,8.2,8.8,6.6,7.46
3580,Mariana García Sánchez,Ventas,Ventas Nacionales,2026-04-25,5.6,5.6,4.5,4.3,5.1,5.11,5.9,8.4,9.4,6.5,7.38,4.6,8.2,8.3,5.7,6.6,6.7,8.8,7.3,6.4,8.8,8.2,7.89
3581,Alejandro López Flores,Finanzas,Tesorería,2026-04-08,7.4,6.2,7.0,8.5,7.7,7.23,6.4,5.9,6.0,5.4,5.94,8.3,6.0,7.6,7.4,7.8,7.38,8.1,5.8,6.2,5.0,5.4,6.26
3582,Ximena Ortiz García,Operaciones,Control de Calidad,2025-10-20,10.0,9.3,9.7,8.6,10.0,9.56,10.0,10.0,10.0,10.0,10.0,10.0,9.7,10.0,10.0,9.4,9.84,8.3,10.0,9.9,10.0,10.0,9.56
3583,Alejandro Morales Martínez,Ventas,Atención a Clientes,2026-03-12,4.9,6.6,6.3,4.7,4.2,5.47,7.5,4.4,7.2,7.0,6.54,7.2,3.4,4.5,6.5,4.9,5.26,6.7,4.9,4.5,5.0,6.8,5.48
3584,Roberto Rodríguez Jiménez,Finanzas,Tesorería,2026-04-09,6.3,7.0,6.4,7.5,8.7,7.04,8.9,8.8,10.0,7.9,8.85,8.2,8.2,10.0,8.2,8.9,8.66,7.4,6.5,8.2,8.0,7.4,7.46
3585,Miguel Pérez Torres,Recursos Humanos,Nómina,2026-04-18,5.6,6.6,5.0,6.5,8.7,6.33,5.6,6.2,6.2,6.5,6.1,6.5,6.7,7.0,5.2,5.4,6.29,8.5,6.9,5.6,9.0,5.8,7.35
3586,Francisco Hernández González,Recursos Humanos,Capacitación,2026-02-01,7.0,6.0,6.5,5.1,6.5,6.29,6.4,6.0,5.8,8.4,6.68,5.4,7.0,5.2,6.1,6.5,6.03,6.6,8.5,6.0,6.1,5.1,6.7
3587,Alejandro Ortiz González,Ventas,Atención a Clientes,2026-05-30,6.9,4.5,3.2,4.2,3.7,4.68,2.8,4.4,1.8,3.4,3.15,5.1,2.8,1.8,3.8,4.1,3.52,3.8,5.3,3.4,3.8,5.0,4.22
3588,Carlos Ortiz Jiménez,Ventas,Ventas Nacionales,2025-10-23,1.2,1.1,2.0,1.2,2.8,1.58,0.7,1.2,1.9,2.2,1.44,5.0,3.0,2.0,2.6,3.4,3.3,2.0,1.5,2.1,3.7,2.3,2.26
3589,Camila Vázquez Romero,Marketing,Marketing Digital,2026-04-08,2.1,4.6,2.5,2.5,4.5,3.22,1.5,1.5,0.7,0.8,1.16,5.9,3.6,4.5,4.0,5.0,4.62,1.6,2.4,1.3,3.2,2.4,2.14
3590,Laura Pérez González,Ventas,Atención a Clientes,2026-04-05,4.9,1.8,2.2,2.2,1.3,2.64,3.4,2.8,2.6,4.2,3.29,1.7,0.4,1.4,2.3,0.7,1.25,3.2,4.0,5.9,6.4,3.5,4.61
3591,José Vázquez Jiménez,Tecnología,Infraestructura,2026-08-15,5.4,6.2,6.1,6.2,5.7,5.9,8.0,6.5,5.2,7.1,6.84,5.7,4.1,6.5,3.9,4.9,5.07,7.9,6.8,4.9,7.2,5.4,6.64
3592,Juan Hernández Hernández,Operaciones,Control de Calidad,2025-10-20,6.4,7.6,6.9,6.1,8.3,7.04,5.1,3.5,5.8,5.7,4.99,5.7,5.9,3.9,6.9,4.8,5.44,6.8,3.8,6.0,5.1,5.4,5.41
3593,Fernanda Flores Pérez,Recursos Humanos,Capacitación,2026-03-20,8.5,7.1,7.5,4.0,5.3,6.8,7.7,6.9,8.1,6.7,7.33,6.3,6.6,6.5,6.7,5.2,6.31,5.7,6.8,5.6,6.3,6.8,6.18
3594,Raúl González Morales,Ventas,Ventas Internacionales,2026-07-20,7.6,7.6,5.0,6.2,5.9,6.61,6.0,5.0,6.2,6.2,5.84,6.7,6.5,7.4,5.7,7.1,6.7,5.6,6.7,7.7,3.9,5.9,5.98
3595,Ricardo Ramírez Ortiz,Recursos Humanos,Reclutamiento,2026-07-07,4.6,2.3,2.6,4.4,3.3,3.4,2.2,4.9,2.8,1.1,2.72,2.1,4.3,1.5,3.7,1.1,2.62,4.4,5.5,5.2,5.3,2.5,4.82
3596,Ximena García Flores,Finanzas,Tesorería,2026-04-27,1.6,2.6,4.7,3.2,3.0,2.92,4.7,4.8,5.7,2.3,4.32,0.8,2.2,3.1,1.5,1.0,1.74,4.9,4.9,3.3,7.2,5.5,5.1
3597,Ana Cruz Reyes,Ventas,Atención a Clientes,2025-11-27,2.5,3.4,3.6,2.5,5.4,3.38,3.7,4.3,1.5,1.5,2.86,4.4,3.6,3.9,4.0,4.6,4.07,4.3,4.0,3.7,7.1,3.8,4.62
3598,Fernanda Sánchez Sánchez,Tecnología,Desarrollo,2026-08-04,6.7,9.1,5.9,6.3,6.8,7.1,6.1,5.4,8.8,5.1,6.22,4.7,6.3,5.3,6.4,4.4,5.43,6.4,6.9,7.3,6.8,5.4,6.68
3599,Miguel Sánchez Ramírez,Tecnología,Soporte Técnico,2026-07-26,2.6,2.8,1.7,0.7,1.9,2.08,0.0,3.9,1.5,2.7,1.95,2.1,1.8,0.6,3.7,4.9,2.39,3.3,2.1,2.9,2.0,5.3,2.86
3600,Valeria Martínez García,Ventas,Ventas Nacionales,2026-02-15,7.2,8.8,8.6,7.7,6.9,7.91,9.2,7.2,7.8,7.4,7.97,6.2,7.5,7.2,6.5,5.1,6.6,7.8,7.4,5.4,5.9,4.5,6.51
3601,Diego Jiménez Pérez,Marketing,Investigación de Mercado,2026-03-09,8.3,9.4,6.0,8.7,10.0,8.43,8.5,7.9,8.0,6.5,7.75,10.0,9.8,8.5,8.0,10.0,9.35,8.2,10.0,8.1,8.9,7.7,8.72
3602,Laura Reyes Ramírez,Recursos Humanos,Nómina,2025-09-23,7.3,6.1,7.3,7.2,6.9,6.92,7.3,5.8,7.1,7.3,6.88,5.6,6.0,5.3,5.7,6.7,5.82,4.0,4.2,7.8,5.1,5.8,5.21
3603,Francisco López López,Finanzas,Auditoría Interna,2025-12-07,4.6,4.1,2.4,3.6,2.9,3.63,4.4,1.5,1.3,2.7,2.63,1.9,2.0,4.4,4.2,1.1,2.65,3.0,1.9,2.7,2.2,2.6,2.46
3604,Andrea Ramírez Torres,Operaciones,Producción,2026-01-11,6.4,4.3,5.0,6.6,7.1,5.73,5.5,4.3,5.7,6.5,5.49,4.9,6.9,6.2,5.5,6.3,5.96,4.6,7.3,5.5,4.8,5.8,5.61
3605,Diego Ramírez Hernández,Ventas,Atención a Clientes,2026-05-08,4.0,5.1,3.6,5.8,5.5,4.69,5.8,7.0,5.6,4.6,5.76,5.6,7.6,6.1,5.0,4.2,5.9,7.1,6.4,6.3,4.7,5.8,6.16
3606,Luis Vázquez González,Marketing,Comunicación de Marca,2026-01-22,1.7,2.5,1.7,0.7,1.0,1.64,0.3,3.0,3.4,2.8,2.22,1.4,2.1,3.8,1.4,0.8,1.96,2.3,1.9,0.5,0.4,1.7,1.4
3607,Diego Ortiz Gómez,Finanzas,Auditoría Interna,2026-02-06,9.4,9.0,7.8,9.6,7.3,8.7,9.8,8.2,9.0,10.0,9.29,7.7,8.3,9.2,9.6,8.5,8.56,7.8,6.3,9.6,8.3,9.1,8.02
3608,Sofía López Vázquez,Tecnología,Infraestructura,2026-05-29,10.0,8.3,9.8,6.2,9.6,8.9,7.8,9.6,6.2,8.8,8.18,8.0,9.7,7.0,6.6,5.6,7.66,8.2,7.9,5.8,9.6,9.1,8.02
3609,Valeria Sánchez Morales,Operaciones,Producción,2026-04-25,6.0,4.6,4.5,7.3,3.6,5.18,5.8,6.2,7.0,6.1,6.22,5.6,7.8,8.8,6.7,6.6,7.1,7.3,6.5,8.3,7.4,6.6,7.25
3610,Laura Torres Torres,Ventas,Atención a Clientes,2025-10-03,7.2,6.7,8.7,6.9,7.4,7.36,8.5,8.6,10.0,9.7,9.12,7.1,10.0,8.3,7.1,8.0,8.2,9.1,7.8,9.0,10.0,8.1,8.83
3611,Miguel Flores Sánchez,Recursos Humanos,Reclutamiento,2026-02-23,6.8,6.2,5.0,6.0,4.7,5.86,5.0,5.5,8.1,6.5,6.12,7.8,5.1,5.7,7.8,6.0,6.44,10.0,7.4,8.1,8.4,7.6,8.41
3612,María López Romero,Operaciones,Control de Calidad,2026-03-19,6.5,5.3,4.1,6.3,4.9,5.45,3.3,3.3,5.8,4.8,4.18,6.0,6.4,6.3,6.2,5.7,6.14,4.9,4.0,5.4,7.0,5.8,5.28
3613,Ricardo López García,Tecnología,Infraestructura,2025-11-21,4.0,4.6,5.4,6.3,4.4,4.84,4.9,3.0,2.8,5.0,4.03,5.9,6.8,5.7,6.2,5.5,6.07,7.2,6.3,5.4,4.8,7.6,6.18
3614,Daniela Romero Ramírez,Finanzas,Tesorería,2026-06-02,8.6,10.0,9.6,9.3,9.3,9.36,9.1,7.4,8.9,6.8,8.06,9.4,5.9,10.0,8.2,9.1,8.42,9.9,7.7,9.2,6.4,8.5,8.37
3615,Ximena Flores Vázquez,Tecnología,Desarrollo,2026-06-19,8.1,7.2,6.8,7.8,7.1,7.42,6.7,8.0,7.6,8.5,7.65,8.9,8.9,6.3,7.4,7.7,7.98,8.1,7.2,10.0,7.2,8.3,8.1
3616,Gabriela García García,Finanzas,Tesorería,2025-09-12,6.5,6.5,5.8,4.8,6.3,6.08,8.3,7.9,7.7,7.3,7.83,9.3,8.9,7.8,8.6,10.0,8.9,6.7,7.9,6.8,6.3,8.1,7.08
3617,Camila Castillo López,Tecnología,Infraestructura,2025-11-18,2.6,3.0,2.8,1.7,3.7,2.77,3.2,4.2,2.2,3.3,3.27,4.2,2.7,2.6,3.3,4.7,3.44,2.8,2.3,4.6,1.9,3.8,2.95
3618,Roberto Castillo Romero,Operaciones,Logística,2026-04-06,6.1,6.9,7.2,6.2,6.5,6.6,7.2,6.5,5.2,5.4,6.18,4.8,7.3,7.6,6.8,5.0,6.32,6.4,7.0,6.8,8.0,6.6,6.97
3619,Miguel Ortiz Reyes,Finanzas,Auditoría Interna,2025-09-27,9.5,9.5,10.0,8.9,8.8,9.41,7.9,5.2,8.0,8.4,7.37,7.0,8.1,6.5,8.7,7.5,7.5,7.5,9.0,6.8,9.1,7.5,8.06
3620,Camila López Reyes,Tecnología,Infraestructura,2026-04-25,6.3,9.6,7.9,7.2,7.6,7.78,8.3,6.1,8.4,6.7,7.37,8.2,8.4,7.7,9.0,9.2,8.42,10.0,9.9,10.0,8.3,9.4,9.57
3621,María Ramírez García,Recursos Humanos,Capacitación,2026-01-04,3.9,2.4,3.9,5.1,3.0,3.57,3.8,4.7,1.2,2.2,3.1,5.9,2.1,2.5,4.2,4.6,3.82,4.8,1.9,3.1,3.1,5.1,3.42
3622,Ricardo Ortiz Jiménez,Marketing,Comunicación de Marca,2026-08-26,9.6,7.5,10.0,10.0,8.4,9.04,7.9,8.2,9.4,8.8,8.5,9.1,9.7,7.1,10.0,10.0,9.12,8.8,10.0,10.0,8.3,9.7,9.33
3623,Miguel Cruz Ramírez,Recursos Humanos,Nómina,2025-12-27,2.2,1.9,3.2,1.7,4.4,2.58,1.4,2.7,2.0,2.1,2.02,4.5,5.3,5.2,5.9,2.7,4.78,4.6,3.0,3.3,2.3,1.7,3.19
3624,Francisco Pérez Martínez,Tecnología,Soporte Técnico,2026-07-04,6.3,7.8,7.4,7.7,7.0,7.21,7.3,7.8,7.3,7.4,7.45,7.4,7.4,7.9,5.4,8.3,7.34,7.3,8.1,7.7,8.4,6.4,7.71
3625,Diego Ortiz Flores,Ventas,Atención a Clientes,2026-06-11,4.8,4.9,5.1,3.6,5.4,4.8,5.5,7.1,3.8,7.7,6.11,8.0,5.2,7.2,5.0,5.1,6.26,5.8,5.7,5.0,4.5,6.6,5.44
3626,Laura García Castillo,Marketing,Comunicación de Marca,2025-11-16,4.3,6.8,5.8,3.6,5.3,5.27,7.6,5.2,5.7,4.8,5.92,5.1,6.3,6.5,5.6,5.4,5.8,5.2,5.4,4.4,4.3,3.3,4.72
3627,Gabriela Hernández Martínez,Finanzas,Contabilidad,2026-06-24,6.7,5.3,2.4,4.8,6.2,5.13,6.6,4.8,6.5,6.0,5.98,6.5,7.5,4.8,4.2,7.5,6.22,5.9,7.1,5.1,2.9,6.4,5.49
3628,Ana Ramírez Ortiz,Tecnología,Infraestructura,2026-03-15,5.2,7.5,7.4,6.2,5.7,6.44,4.6,4.2,4.6,7.2,5.15,6.8,9.0,7.4,6.9,6.2,7.4,7.1,6.6,8.8,8.8,7.6,7.7
3629,Luis Ortiz García,Recursos Humanos,Reclutamiento,2025-10-06,2.4,1.3,0.8,1.5,1.7,1.56,3.1,2.0,3.6,3.6,3.05,0.3,0.9,2.6,0.0,0.6,0.91,1.5,0.7,1.4,1.2,1.3,1.2
3630,Francisco Pérez Romero,Marketing,Investigación de Mercado,2025-09-24,9.4,10.0,9.0,10.0,10.0,9.65,7.3,9.1,7.7,8.9,8.23,7.8,7.5,7.7,8.3,10.0,8.11,10.0,9.1,8.4,9.4,8.3,9.17
3631,Paola Pérez González,Marketing,Comunicación de Marca,2026-03-29,6.0,8.3,5.2,6.7,5.1,6.38,6.3,7.3,7.0,6.0,6.62,6.5,4.9,7.3,6.5,7.9,6.47,4.4,6.0,7.1,6.7,5.4,5.9
3632,Mariana Cruz Ramírez,Finanzas,Auditoría Interna,2026-08-08,8.0,5.8,5.7,7.7,6.7,6.75,6.5,8.0,6.4,7.8,7.18,8.1,7.8,7.6,7.6,8.3,7.88,7.8,8.6,8.3,7.9,8.3,8.17
3633,Francisco Rodríguez Jiménez,Operaciones,Logística,2026-05-26,7.5,8.2,7.3,8.3,6.8,7.65,8.3,5.7,6.0,6.6,6.76,8.9,8.2,7.2,7.0,5.3,7.56,7.2,9.9,7.6,7.4,7.2,8.0
3634,Ricardo Martínez García,Finanzas,Tesorería,2026-01-26,1.9,2.9,3.6,1.5,0.4,2.2,4.0,5.4,3.6,4.9,4.5,2.9,5.8,2.3,2.8,1.8,3.32,4.8,3.9,2.1,2.2,3.9,3.42
3635,José Morales Rodríguez,Recursos Humanos,Reclutamiento,2026-05-08,8.4,9.8,10.0,10.0,9.2,9.43,10.0,10.0,9.9,10.0,9.98,8.1,8.4,7.3,7.9,8.0,7.97,7.6,8.5,8.3,6.6,6.6,7.67
3636,Francisco Gómez Hernández,Operaciones,Logística,2025-12-19,8.3,9.4,10.0,7.0,6.7,8.48,6.9,6.7,9.3,8.3,7.68,5.2,8.0,8.0,5.2,7.1,6.75,10.0,10.0,10.0,10.0,8.3,9.83
3637,Raúl Castillo Reyes,Finanzas,Auditoría Interna,2025-09-10,9.3,9.5,8.5,8.8,6.9,8.76,7.9,8.2,8.5,8.8,8.32,10.0,10.0,9.6,9.3,10.0,9.82,6.7,8.6,6.9,8.7,7.3,7.68
3638,Diego Hernández Hernández,Recursos Humanos,Reclutamiento,2026-01-24,8.9,8.1,7.3,7.0,10.0,8.26,9.6,9.5,10.0,8.8,9.46,6.1,8.6,9.9,8.3,6.7,7.9,10.0,8.1,7.2,9.9,8.4,8.79
3639,María Reyes Cruz,Ventas,Atención a Clientes,2026-01-22,6.0,6.9,7.1,7.7,6.8,6.82,2.9,4.7,4.2,5.8,4.34,7.8,6.7,7.1,6.9,7.3,7.18,5.2,5.3,6.4,5.8,7.0,5.76
3640,Laura López Martínez,Ventas,Ventas Internacionales,2026-02-26,8.9,7.8,8.2,10.0,9.8,8.78,9.7,7.5,8.0,10.0,8.88,10.0,9.5,10.0,8.7,10.0,9.68,8.5,7.1,10.0,9.1,6.2,8.34
3641,Karla Jiménez Reyes,Ventas,Ventas Nacionales,2026-07-01,4.2,4.0,3.0,3.3,4.0,3.74,4.7,3.3,2.3,3.2,3.5,4.1,1.9,3.0,4.0,2.8,3.12,4.7,3.2,4.1,3.4,3.3,3.8
3642,Ana García López,Recursos Humanos,Nómina,2026-02-08,4.6,3.2,4.0,4.0,3.1,3.82,6.0,4.7,4.2,3.0,4.56,4.4,6.0,2.3,4.8,3.8,4.35,3.7,4.1,2.0,5.2,2.7,3.66
3643,Gabriela Torres Pérez,Ventas,Ventas Nacionales,2025-10-02,6.1,6.9,6.9,10.0,6.8,7.15,7.1,5.8,8.6,6.8,7.0,8.5,9.7,6.6,6.9,7.5,8.03,6.5,9.0,7.0,7.8,9.1,7.75
3644,José Sánchez Ortiz,Marketing,Marketing Digital,2025-12-30,7.8,7.4,3.9,4.8,5.8,6.17,6.9,6.5,6.2,6.9,6.66,4.6,6.4,5.4,7.0,6.7,5.88,6.8,4.9,5.8,5.9,5.4,5.81
3645,Luis Vázquez Flores,Operaciones,Logística,2025-12-07,6.5,6.5,7.6,5.7,4.3,6.27,5.2,4.8,5.4,4.8,5.04,7.2,6.2,6.0,5.7,6.3,6.35,3.6,6.4,5.5,4.5,5.3,5.03
3646,Ana Castillo Rodríguez,Ventas,Atención a Clientes,2025-10-27,7.5,4.2,7.2,6.2,8.9,6.63,6.5,8.6,8.7,7.5,7.72,10.0,10.0,6.1,3.9,7.8,7.98,8.7,9.3,8.9,8.1,8.5,8.75
3647,Roberto Martínez Ramírez,Marketing,Investigación de Mercado,2026-04-19,5.1,3.5,5.5,3.4,4.5,4.43,5.1,3.1,4.5,4.4,4.3,6.2,7.0,4.6,7.2,5.5,6.12,6.4,8.1,7.0,5.0,5.5,6.58
3648,Karla Reyes Martínez,Recursos Humanos,Capacitación,2026-05-08,7.8,8.0,5.6,6.2,6.4,6.96,7.2,7.4,8.0,9.3,7.94,6.5,8.5,7.5,5.5,5.3,6.87,7.2,7.3,7.6,6.1,8.3,7.19
3649,Alejandro Castillo Vázquez,Finanzas,Contabilidad,2025-09-18,3.1,3.6,3.4,4.0,4.3,3.6,3.8,0.6,2.8,4.9,3.08,3.3,4.1,6.5,5.5,3.3,4.47,0.1,4.5,1.7,2.3,2.1,2.16
3650,Laura Castillo Jiménez,Operaciones,Control de Calidad,2026-03-24,2.0,2.9,1.3,2.6,0.5,1.95,2.1,1.7,3.2,0.0,1.7,3.8,2.4,3.7,2.9,4.6,3.42,0.6,3.1,1.1,3.3,0.9,1.9
3651,José López Castillo,Recursos Humanos,Nómina,2025-12-14,8.3,4.4,5.5,4.0,4.7,5.58,7.2,4.1,6.7,6.9,6.25,5.3,5.2,5.0,3.3,5.0,4.87,5.4,6.0,6.6,6.0,5.3,5.9
3652,Laura Martínez Flores,Tecnología,Desarrollo,2026-01-18,10.0,9.0,8.6,8.0,10.0,9.17,9.7,7.7,10.0,10.0,9.34,8.8,9.4,6.6,8.3,10.0,8.62,7.8,7.2,6.2,7.1,6.0,7.01
3653,Diego Morales Jiménez,Operaciones,Control de Calidad,2026-07-24,8.8,9.1,9.6,7.8,8.1,8.78,7.4,7.8,6.4,8.2,7.5,8.7,8.9,10.0,9.3,6.9,8.83,8.7,8.0,10.0,10.0,8.3,9.01
3654,Ximena Vázquez García,Tecnología,Soporte Técnico,2026-05-16,5.5,6.8,6.1,4.7,5.9,5.88,5.4,5.4,6.0,5.4,5.52,5.1,5.7,8.1,8.7,7.4,6.74,6.7,5.4,7.8,6.1,6.4,6.44
3655,Juan García Ramírez,Finanzas,Auditoría Interna,2026-05-11,6.2,8.0,7.9,9.8,8.8,7.92,8.3,8.9,7.8,9.0,8.52,9.5,8.6,8.2,9.6,9.3,9.0,6.2,7.4,9.3,9.1,7.4,7.82
3656,Daniela Castillo Ramírez,Ventas,Ventas Nacionales,2026-07-04,5.2,6.6,8.1,4.9,5.5,6.13,7.0,6.2,5.0,5.4,6.0,6.7,4.2,5.8,6.6,4.3,5.52,7.1,4.7,5.2,3.3,6.0,5.25
3657,María Gómez Pérez,Tecnología,Infraestructura,2025-11-27,7.2,9.0,7.0,5.8,6.7,7.32,9.6,9.2,6.3,7.8,8.39,10.0,7.7,8.7,7.8,9.2,8.72,9.3,6.0,8.0,4.9,8.6,7.27
3658,Camila Vázquez Gómez,Ventas,Ventas Nacionales,2025-09-20,2.9,0.7,2.2,4.2,5.7,2.82,2.9,4.8,4.4,1.0,3.2,2.1,1.7,1.2,3.4,0.1,1.72,1.9,2.6,0.7,3.7,1.0,2.1
3659,Sergio López Reyes,Finanzas,Tesorería,2025-09-20,4.1,4.4,2.3,5.7,3.5,3.96,5.4,5.4,2.5,4.8,4.67,3.5,2.8,2.7,2.8,3.2,3.02,6.8,6.2,6.7,6.1,6.2,6.43
3660,Fernanda Reyes Torres,Tecnología,Desarrollo,2026-06-28,7.8,5.2,7.2,7.4,6.2,6.73,7.9,8.8,9.4,10.0,8.95,5.4,4.7,5.9,6.9,4.5,5.42,5.4,5.9,4.6,7.3,5.2,5.72
3661,Diego Sánchez Castillo,Ventas,Ventas Nacionales,2026-03-27,5.5,5.7,7.4,5.6,7.2,6.2,7.3,7.1,6.4,5.3,6.57,7.1,7.3,7.8,7.9,7.8,7.52,8.1,9.0,8.2,9.1,6.7,8.41
3662,Roberto Gómez González,Tecnología,Desarrollo,2026-06-15,2.2,1.0,0.6,1.6,0.5,1.24,2.0,3.1,1.4,1.5,2.03,2.0,2.7,0.5,1.2,1.4,1.66,1.4,4.1,2.6,1.9,4.9,2.76
3663,Mariana Sánchez Flores,Operaciones,Control de Calidad,2026-08-16,6.4,6.5,7.2,5.8,7.7,6.69,7.7,5.2,6.4,6.9,6.62,6.6,5.6,6.4,4.2,5.5,5.78,6.3,5.7,8.8,7.4,7.0,6.94
3664,Pedro Ramírez Pérez,Ventas,Ventas Nacionales,2026-01-25,4.9,6.3,6.0,5.8,5.7,5.72,5.9,6.6,6.8,6.5,6.4,8.0,4.9,6.6,7.6,5.7,6.54,5.2,6.0,6.0,6.8,6.2,5.98
3665,Camila Romero Sánchez,Finanzas,Auditoría Interna,2025-10-29,7.7,6.9,3.9,6.7,6.0,6.34,4.9,4.5,6.1,5.7,5.24,4.7,4.0,5.7,3.7,2.9,4.3,6.2,5.7,5.7,3.5,4.1,5.22
3666,Miguel González García,Operaciones,Producción,2026-08-10,7.3,6.8,7.1,6.4,6.8,6.93,5.0,5.6,6.4,7.8,6.13,3.8,5.2,4.3,6.2,4.2,4.67,6.4,5.2,5.1,5.0,5.9,5.51
3667,Andrea Pérez Ortiz,Ventas,Ventas Nacionales,2026-01-16,5.1,6.7,5.6,5.9,5.6,5.8,7.6,5.4,4.8,9.2,6.89,4.1,4.0,6.2,6.3,6.9,5.24,5.9,5.2,8.0,7.9,6.9,6.64
3668,Luis Reyes Rodríguez,Tecnología,Soporte Técnico,2026-08-26,9.5,7.7,7.7,8.3,9.9,8.57,7.7,9.4,6.7,9.2,8.3,6.9,7.4,8.3,6.9,7.8,7.44,8.1,10.0,10.0,7.9,9.0,9.01
3669,Karla López Flores,Operaciones,Producción,2025-11-04,5.8,8.4,8.3,8.0,8.0,7.61,6.6,7.7,5.0,6.3,6.48,5.8,6.1,7.6,7.4,4.3,6.25,6.1,6.0,8.2,7.6,8.3,7.02
3670,Karla Sánchez Gómez,Tecnología,Desarrollo,2026-08-15,5.6,2.7,7.4,6.8,6.9,5.61,6.4,6.8,6.3,5.6,6.28,5.3,5.3,4.7,5.6,7.4,5.54,5.3,3.3,6.7,2.9,1.8,4.25
3671,Diego Ramírez García,Ventas,Ventas Internacionales,2026-04-02,10.0,10.0,7.7,7.0,7.3,8.68,9.5,7.2,9.8,7.0,8.36,6.6,8.1,6.9,6.5,8.2,7.26,8.6,7.9,6.4,5.2,8.2,7.26
3672,Luis Flores Cruz,Recursos Humanos,Nómina,2026-07-25,6.2,7.3,6.1,3.9,5.4,5.99,5.7,6.0,6.4,6.5,6.12,4.9,6.0,6.8,7.9,5.7,6.12,5.5,4.7,4.5,5.6,6.5,5.22
3673,Pedro Vázquez Hernández,Operaciones,Control de Calidad,2026-04-10,5.1,5.6,5.0,4.4,4.7,5.04,1.2,5.0,4.6,4.4,3.63,2.8,4.9,6.7,4.8,4.2,4.62,6.1,4.7,6.4,6.8,6.2,5.96
3674,Alejandro Flores López,Operaciones,Producción,2026-04-04,8.3,9.7,7.1,8.3,9.1,8.53,6.3,6.7,7.6,7.9,7.06,5.3,6.2,7.9,7.8,6.4,6.58,6.7,7.9,6.6,8.2,7.8,7.39
3675,Roberto Rodríguez Martínez,Recursos Humanos,Nómina,2026-02-22,8.4,5.7,7.1,9.0,6.1,7.21,6.7,5.7,7.8,7.1,6.77,7.4,8.4,6.6,7.8,9.2,7.82,6.7,4.7,6.6,8.3,5.4,6.37
3676,Paola Torres Sánchez,Tecnología,Infraestructura,2025-11-09,2.4,3.5,2.5,3.5,2.0,2.8,4.1,4.2,4.7,2.9,3.94,3.5,3.6,3.4,3.2,5.1,3.7,3.5,3.5,2.8,2.7,4.4,3.29
3677,Daniela López González,Ventas,Ventas Nacionales,2025-09-09,7.0,6.1,7.0,5.8,7.2,6.62,3.2,5.0,3.1,4.6,3.98,7.2,6.6,4.9,5.8,5.9,6.18,5.0,4.9,6.6,5.7,6.6,5.6
3678,Ximena Reyes Hernández,Tecnología,Soporte Técnico,2026-05-06,3.3,5.5,5.7,6.8,4.2,4.99,0.9,3.9,3.1,2.5,2.49,3.5,2.6,5.4,4.5,5.0,4.03,2.9,4.2,3.3,5.1,3.1,3.76
3679,Paola Hernández Cruz,Tecnología,Infraestructura,2025-10-06,7.8,7.2,6.4,7.7,7.8,7.36,7.2,8.7,9.1,9.2,8.46,6.2,7.4,7.9,10.0,8.9,7.82,10.0,10.0,9.7,9.9,7.6,9.68
3680,Luis Reyes Morales,Marketing,Marketing Digital,2026-04-04,6.8,7.3,4.5,6.5,8.7,6.7,6.0,6.2,7.6,7.1,6.64,5.7,6.5,5.7,7.2,5.8,6.14,7.6,4.4,5.5,5.3,8.3,5.99
3681,Karla Cruz Pérez,Marketing,Investigación de Mercado,2026-07-26,10.0,10.0,7.7,8.2,10.0,9.27,10.0,9.8,9.1,10.0,9.77,9.5,7.7,9.3,8.4,10.0,8.92,8.9,8.9,7.7,10.0,9.6,8.95
3682,Carlos González Cruz,Ventas,Atención a Clientes,2026-01-31,7.8,7.4,6.7,7.8,9.1,7.68,5.1,5.9,4.9,5.3,5.31,4.0,5.9,7.1,5.0,8.0,5.84,7.2,3.5,7.3,6.2,6.3,6.0
3683,Ricardo Jiménez Martínez,Finanzas,Contabilidad,2025-12-18,1.6,3.5,2.7,2.6,4.4,2.86,3.8,3.0,3.8,2.1,3.18,5.1,4.3,3.4,3.9,5.1,4.38,4.1,2.3,4.0,4.7,3.4,3.68
3684,Sofía Gómez Castillo,Ventas,Atención a Clientes,2026-05-20,6.0,6.7,7.6,9.8,8.3,7.41,8.2,8.0,5.4,5.7,6.96,8.7,7.3,8.6,8.3,8.9,8.3,6.6,6.6,6.7,5.3,7.4,6.44
3685,Raúl Sánchez López,Tecnología,Infraestructura,2026-02-04,8.5,8.1,8.5,10.0,8.7,8.66,9.1,9.6,8.1,9.7,9.18,10.0,10.0,9.2,10.0,9.6,9.78,6.9,9.3,8.0,8.6,8.5,8.22
3686,Laura López Romero,Finanzas,Tesorería,2026-04-03,5.3,6.9,5.8,5.9,6.8,6.12,6.0,4.9,7.6,3.3,5.37,5.3,4.7,6.6,6.2,3.8,5.32,8.2,3.2,6.5,4.9,5.8,5.71
3687,Pedro Ortiz Torres,Operaciones,Producción,2026-07-17,2.1,4.2,3.1,3.6,2.2,3.07,3.2,3.0,4.1,2.4,3.13,2.3,2.4,2.8,3.5,0.7,2.36,3.9,1.4,3.4,2.8,3.1,2.88
3688,Daniela Flores Ortiz,Marketing,Investigación de Mercado,2026-04-19,5.6,7.6,8.0,6.1,8.7,7.12,9.0,10.0,10.0,7.6,9.1,8.2,8.8,8.7,9.3,8.5,8.66,8.7,9.3,7.7,8.4,9.2,8.64
3689,Sergio Rodríguez Ortiz,Recursos Humanos,Capacitación,2026-04-04,5.2,6.2,3.3,2.3,4.5,4.53,7.4,8.6,7.3,6.6,7.48,5.4,5.9,5.3,5.7,5.7,5.6,6.7,7.3,7.1,8.0,6.1,7.13
3690,Daniela Cruz Ortiz,Tecnología,Soporte Técnico,2026-05-06,4.7,4.3,3.6,2.4,4.3,3.98,4.9,4.2,2.7,3.9,4.04,2.9,2.0,1.4,3.0,1.6,2.2,4.5,2.1,2.7,2.1,2.5,2.86
3691,Jorge Vázquez Flores,Ventas,Ventas Internacionales,2025-10-08,6.0,5.1,6.2,6.7,6.4,5.98,5.4,3.2,4.0,3.0,3.97,4.6,5.2,6.0,5.8,4.0,5.12,7.0,6.7,7.8,7.1,8.1,7.22
3692,Miguel González Reyes,Tecnología,Soporte Técnico,2026-04-19,5.4,4.3,2.6,4.5,3.4,4.13,6.1,5.1,8.6,4.7,6.0,4.5,3.9,3.2,6.4,5.0,4.45,2.3,3.1,4.5,4.8,4.3,3.64
3693,Paola Ramírez Torres,Ventas,Atención a Clientes,2026-01-22,6.4,8.0,7.4,6.4,7.4,7.15,7.4,6.3,5.7,7.1,6.71,7.4,4.9,6.5,6.4,6.0,6.24,6.4,6.3,4.1,3.5,5.9,5.28
3694,María Martínez Romero,Operaciones,Control de Calidad,2026-09-03,6.3,4.3,6.3,6.7,6.0,5.82,8.2,7.1,7.6,7.3,7.58,7.9,8.3,7.4,7.5,6.6,7.65,7.0,8.4,8.2,7.5,6.4,7.63
3695,Roberto Rodríguez García,Marketing,Investigación de Mercado,2026-05-16,7.6,4.6,6.0,5.6,4.1,5.7,7.8,4.9,6.2,5.2,6.1,6.8,6.0,7.4,7.6,6.0,6.72,6.1,8.3,8.1,6.8,7.3,7.31
3696,Alejandro Cruz Morales,Finanzas,Tesorería,2025-10-19,7.8,6.4,5.3,6.7,7.9,6.8,8.9,8.1,8.0,8.1,8.32,8.0,8.6,5.4,9.3,6.4,7.58,7.2,10.0,9.8,8.6,8.0,8.78
3697,José Morales Morales,Finanzas,Contabilidad,2025-10-17,6.3,4.3,7.3,7.1,4.9,5.91,7.0,5.0,6.2,7.2,6.39,5.0,4.6,7.3,6.6,5.4,5.66,8.8,7.1,7.2,6.6,8.8,7.62
3698,Miguel Martínez Romero,Recursos Humanos,Reclutamiento,2025-09-16,5.6,4.9,6.3,5.4,6.6,5.68,4.0,3.7,5.4,4.8,4.4,1.9,5.5,2.5,4.8,4.3,3.72,7.4,6.1,6.4,6.7,6.5,6.64
3699,Valeria Reyes Vázquez,Recursos Humanos,Capacitación,2026-08-18,7.2,6.0,7.0,7.7,6.4,6.82,5.2,6.0,5.9,7.0,5.99,5.7,5.9,8.8,6.7,7.3,6.76,3.5,5.6,7.1,4.5,5.4,5.14
3700,Roberto López Flores,Ventas,Ventas Nacionales,2025-10-28,8.0,8.7,3.3,4.8,8.0,6.76,8.3,8.2,8.2,9.5,8.56,5.8,7.3,6.7,5.7,4.6,6.16,7.5,6.4,8.1,6.7,6.7,7.1
3701,Pedro Pérez Romero,Ventas,Atención a Clientes,2026-06-02,7.0,6.1,6.0,6.0,5.8,6.24,4.1,6.5,3.3,6.3,5.09,7.7,6.8,7.9,8.6,7.5,7.62,7.5,7.4,5.5,6.2,7.1,6.78
3702,José Sánchez Ramírez,Recursos Humanos,Reclutamiento,2026-09-05,5.4,4.0,4.1,6.4,4.3,4.77,9.6,6.6,5.9,8.4,7.81,6.0,7.1,7.0,8.3,5.3,6.72,7.0,6.2,6.2,5.9,6.7,6.39
3703,Karla Hernández González,Operaciones,Logística,2026-08-05,8.2,10.0,10.0,10.0,8.7,9.36,7.3,8.2,9.3,9.7,8.52,7.9,8.0,8.8,6.4,8.3,7.94,7.9,9.8,8.3,9.3,9.9,8.94
3704,Roberto Pérez Gómez,Tecnología,Desarrollo,2025-12-07,5.6,5.4,4.4,5.4,7.9,5.62,4.0,4.1,6.6,3.0,4.3,6.0,4.2,4.1,4.2,5.6,4.84,5.7,6.8,6.3,8.1,5.8,6.58
3705,Pedro Sánchez Morales,Recursos Humanos,Reclutamiento,2026-02-03,2.8,2.1,4.6,3.3,6.3,3.58,3.6,3.3,2.3,2.3,2.94,3.7,2.8,4.0,4.1,3.0,3.49,1.7,2.7,3.2,2.0,2.0,2.34
3706,Daniela Sánchez Jiménez,Operaciones,Producción,2026-02-10,5.8,4.9,6.6,5.7,7.7,6.0,6.5,6.0,6.5,8.0,6.75,8.6,7.9,7.8,6.7,5.0,7.44,4.5,5.6,6.8,8.8,5.6,6.2
3707,Miguel López Pérez,Recursos Humanos,Nómina,2025-10-21,7.5,8.6,7.6,5.8,5.7,7.27,6.6,6.6,6.7,7.0,6.72,7.6,8.4,8.2,8.4,7.2,7.98,8.4,8.3,6.6,7.8,6.4,7.7
3708,Raúl Pérez Ramírez,Recursos Humanos,Nómina,2026-08-04,7.6,4.3,7.1,5.4,4.3,5.85,6.2,7.4,6.5,6.4,6.61,4.4,6.6,7.7,5.0,7.8,6.21,3.8,4.3,6.2,5.5,5.1,4.88
3709,Karla López Pérez,Marketing,Marketing Digital,2026-08-08,7.5,6.5,7.3,8.5,7.1,7.3,8.7,10.0,7.1,9.2,8.83,10.0,9.2,7.5,8.1,10.0,9.02,7.2,8.3,8.8,8.4,7.6,8.07
3710,Luis Castillo Castillo,Recursos Humanos,Reclutamiento,2025-10-02,7.2,9.4,8.1,9.5,9.8,8.67,8.8,6.7,8.8,6.8,7.78,9.0,10.0,8.4,7.0,10.0,8.98,7.1,7.0,7.7,7.7,6.8,7.28
3711,Gabriela González Reyes,Marketing,Investigación de Mercado,2026-01-29,3.8,4.4,6.1,5.0,7.4,5.13,4.6,6.9,5.8,6.3,5.84,6.2,5.8,5.2,6.7,6.9,6.08,4.1,4.7,4.1,5.4,5.8,4.68
3712,Roberto Gómez Hernández,Marketing,Marketing Digital,2025-11-28,5.7,8.1,5.4,5.8,7.4,6.51,6.4,7.3,7.0,6.1,6.67,6.8,5.6,7.1,5.8,5.0,6.14,5.9,6.4,5.0,6.6,5.4,5.94
3713,Francisco Hernández Morales,Recursos Humanos,Nómina,2026-02-28,3.9,2.6,1.3,1.3,2.9,2.52,4.7,6.5,3.5,4.9,4.96,4.0,1.0,4.6,2.5,3.4,3.06,3.9,2.6,4.1,3.6,3.9,3.56
3714,Pedro Martínez López,Finanzas,Contabilidad,2026-07-16,4.7,6.1,5.8,7.0,5.1,5.68,5.1,7.0,7.1,4.3,5.78,6.0,5.0,4.4,3.5,4.8,4.88,5.9,5.3,4.3,6.4,5.0,5.44
3715,Sergio García Jiménez,Ventas,Ventas Internacionales,2026-03-01,4.0,6.2,4.3,6.0,5.0,5.06,7.1,6.4,5.8,6.5,6.52,4.8,3.5,5.5,4.0,4.2,4.4,6.6,7.0,5.1,5.3,5.8,6.06
3716,Diego Sánchez Gómez,Tecnología,Soporte Técnico,2025-09-21,9.5,7.2,10.0,10.0,9.1,9.04,10.0,9.6,10.0,7.8,9.35,9.0,9.4,10.0,9.1,10.0,9.46,8.1,8.1,8.2,7.6,8.0,8.01
3717,Mariana Sánchez García,Tecnología,Soporte Técnico,2026-07-27,6.4,5.8,6.3,4.3,6.4,5.91,6.5,7.3,4.3,6.1,6.16,7.6,6.4,5.6,6.4,7.9,6.76,8.5,7.4,6.4,6.4,6.0,7.14
3718,Ana López Romero,Tecnología,Soporte Técnico,2026-07-23,3.0,4.3,4.1,4.9,4.2,4.01,1.6,2.2,3.0,2.6,2.28,4.9,3.6,4.5,4.5,2.2,4.03,5.6,5.9,3.3,4.3,6.0,5.0
3719,Alejandro Jiménez González,Recursos Humanos,Nómina,2026-05-04,1.9,4.9,2.7,3.1,4.3,3.35,4.7,3.7,5.1,2.6,4.0,2.8,3.8,2.8,3.2,4.7,3.4,2.5,3.0,2.0,4.9,3.6,3.12
3720,Mariana Torres Vázquez,Ventas,Ventas Internacionales,2026-03-26,2.0,2.2,3.3,2.9,3.2,2.62,0.3,0.5,1.2,0.0,0.45,3.1,2.2,3.2,3.2,3.2,2.92,0.1,2.7,0.0,2.2,2.5,1.39
3721,Paola Jiménez Rodríguez,Recursos Humanos,Capacitación,2026-01-21,9.8,9.2,10.0,10.0,9.2,9.63,9.6,7.4,4.9,6.9,7.44,7.9,9.5,10.0,9.7,10.0,9.3,8.4,7.1,8.4,8.6,7.9,8.06
3722,Jorge Morales Sánchez,Marketing,Comunicación de Marca,2026-07-11,8.2,7.7,8.4,9.1,7.6,8.16,8.2,6.8,8.1,9.5,8.15,10.0,9.0,9.6,8.6,10.0,9.46,9.9,10.0,8.3,9.7,10.0,9.57
3723,Raúl Torres Torres,Ventas,Atención a Clientes,2025-10-02,6.9,8.2,6.7,6.9,7.8,7.32,9.1,8.7,9.1,7.8,8.67,8.4,7.6,8.3,8.9,9.6,8.44,8.2,7.6,7.7,10.0,9.6,8.45
3724,Francisco Cruz Romero,Operaciones,Control de Calidad,2026-07-15,9.8,8.7,7.4,8.7,8.9,8.75,9.3,8.7,10.0,9.1,9.24,10.0,10.0,10.0,9.5,9.3,9.82,7.6,7.6,8.2,7.7,7.4,7.72
3725,Laura Morales Martínez,Ventas,Ventas Nacionales,2026-06-26,2.7,2.9,2.2,2.2,1.7,2.42,4.3,3.9,4.2,5.5,4.48,5.5,4.5,4.6,4.5,3.0,4.54,4.4,5.2,3.7,4.9,4.1,4.53
3726,Miguel Morales Flores,Tecnología,Infraestructura,2025-09-19,7.5,9.6,8.0,7.8,8.6,8.33,9.8,9.3,10.0,9.7,9.69,7.3,6.1,7.8,7.1,9.5,7.4,10.0,10.0,9.4,10.0,10.0,9.88
3727,Raúl Reyes Cruz,Tecnología,Infraestructura,2026-04-23,6.0,7.4,7.2,6.1,9.5,7.13,7.5,6.6,8.2,8.2,7.59,8.9,8.3,7.0,9.7,9.5,8.58,10.0,9.5,10.0,9.9,8.5,9.7
3728,Fernanda Reyes Vázquez,Tecnología,Infraestructura,2026-02-11,4.9,6.2,6.8,6.1,5.9,5.94,8.2,7.0,5.7,6.4,6.95,5.9,4.5,5.7,3.8,7.5,5.44,6.2,7.0,6.3,6.6,7.8,6.66
3729,Sofía Morales Morales,Ventas,Atención a Clientes,2026-04-02,7.0,7.4,5.5,2.6,4.8,5.81,4.4,4.2,5.0,4.8,4.57,5.2,7.2,6.6,5.7,5.4,6.09,6.2,5.3,2.8,5.0,4.5,4.89
3730,María Castillo Morales,Recursos Humanos,Capacitación,2026-06-05,6.0,6.8,6.6,4.5,7.2,6.28,6.4,9.0,7.6,5.8,7.14,5.5,5.7,8.3,5.7,7.0,6.36,7.0,5.1,7.5,7.1,6.4,6.59
3731,Carlos Reyes Jiménez,Ventas,Atención a Clientes,2026-03-07,8.2,6.6,9.8,10.0,9.5,8.59,9.0,9.1,8.4,7.8,8.6,10.0,8.0,7.1,8.3,8.8,8.48,9.3,9.3,7.3,8.8,8.3,8.7
3732,Camila García Cruz,Marketing,Investigación de Mercado,2025-11-28,4.5,4.2,3.4,4.5,6.2,4.46,5.5,4.7,3.5,3.4,4.38,3.1,3.5,4.0,2.0,2.8,3.17,5.7,4.6,4.6,3.6,5.5,4.76
3733,Laura Morales Rodríguez,Operaciones,Control de Calidad,2026-09-03,9.1,7.6,8.4,10.0,9.1,8.72,9.3,8.4,7.1,9.6,8.71,9.3,10.0,10.0,9.0,8.0,9.38,8.8,9.7,8.1,8.7,8.1,8.8
3734,Paola Romero Rodríguez,Recursos Humanos,Capacitación,2025-10-23,9.3,9.3,7.2,7.4,9.0,8.55,7.7,8.9,8.0,6.6,7.78,8.1,7.6,7.9,7.2,8.0,7.78,7.7,8.5,8.7,9.6,8.8,8.59
3735,Fernanda Martínez Pérez,Operaciones,Control de Calidad,2026-07-02,8.6,7.9,8.4,5.6,9.9,8.13,6.9,8.0,7.9,8.2,7.7,8.7,8.2,10.0,6.5,7.3,8.3,7.2,8.9,6.6,6.8,8.5,7.56
3736,Camila Flores Castillo,Recursos Humanos,Nómina,2025-10-08,2.0,3.9,1.6,1.6,4.1,2.65,2.4,3.0,1.7,0.6,1.96,2.2,3.0,1.8,3.3,4.1,2.77,1.1,2.7,1.6,1.1,2.4,1.73
3737,Diego Rodríguez Cruz,Finanzas,Auditoría Interna,2025-09-21,7.5,6.8,6.2,9.1,5.9,7.06,6.0,7.5,5.9,5.8,6.31,5.3,4.2,8.1,5.3,6.5,5.76,6.2,6.3,4.1,8.9,5.2,6.24
3738,Andrea Martínez Martínez,Recursos Humanos,Reclutamiento,2025-10-02,7.9,7.6,6.8,5.4,8.1,7.26,5.3,5.2,6.2,6.4,5.73,7.3,7.5,7.3,6.9,6.6,7.18,6.2,7.3,6.3,8.5,7.8,7.12
3739,Paola Morales Morales,Ventas,Atención a Clientes,2026-01-13,6.6,5.8,7.8,9.1,5.9,6.91,7.9,7.2,7.3,8.2,7.68,6.1,4.7,6.2,5.7,6.7,5.8,7.9,9.3,5.8,6.7,9.2,7.72
3740,Ricardo Pérez Torres,Recursos Humanos,Reclutamiento,2025-10-12,2.9,3.6,1.7,3.4,2.8,2.9,5.4,3.1,2.5,1.9,3.37,3.1,1.2,2.1,2.9,3.6,2.47,2.5,0.2,1.4,3.0,1.1,1.67
3741,Alejandro García Flores,Marketing,Comunicación de Marca,2025-10-29,10.0,10.0,10.0,10.0,10.0,10.0,10.0,7.8,9.8,9.7,9.34,6.9,9.5,5.9,7.4,7.8,7.56,8.6,9.0,10.0,8.3,10.0,9.06
3742,Valeria Vázquez Pérez,Finanzas,Contabilidad,2026-01-17,4.1,1.3,1.8,2.1,4.6,2.72,4.7,2.8,3.4,2.4,3.39,2.0,2.2,3.1,2.4,3.2,2.51,1.9,3.2,2.9,1.7,3.7,2.56
3743,Camila Jiménez Cruz,Finanzas,Contabilidad,2025-10-17,3.8,5.2,4.4,4.5,4.7,4.51,8.1,7.1,9.7,7.3,7.97,4.4,6.2,6.2,5.0,4.5,5.32,3.8,4.8,6.7,4.3,7.1,5.06
3744,Karla Gómez González,Ventas,Ventas Internacionales,2026-05-05,7.7,8.0,7.5,8.3,7.6,7.81,5.3,8.2,6.8,7.1,6.78,8.4,8.5,7.5,8.2,8.3,8.2,7.1,8.3,5.5,9.0,8.1,7.56
3745,Luis Cruz Martínez,Ventas,Ventas Internacionales,2025-11-07,6.1,6.3,7.5,7.6,6.2,6.67,6.7,5.2,4.1,4.4,5.23,6.3,3.8,5.4,6.8,5.6,5.46,6.1,5.2,5.3,4.4,7.5,5.52
3746,Mariana Romero Reyes,Recursos Humanos,Nómina,2025-10-05,7.0,9.2,6.7,7.8,7.5,7.68,5.0,7.9,5.7,8.0,6.62,7.3,6.9,7.9,5.2,9.1,7.28,7.0,9.4,8.1,9.6,8.2,8.46
3747,Ximena Martínez Reyes,Ventas,Ventas Internacionales,2026-01-19,5.3,6.8,4.0,6.8,4.6,5.54,8.0,6.4,6.4,6.2,6.83,5.5,4.8,4.4,6.5,6.6,5.42,6.5,7.4,5.3,5.1,6.4,6.2
3748,Ricardo Pérez Sánchez,Finanzas,Contabilidad,2026-07-25,7.5,6.8,5.3,5.8,6.9,6.54,6.9,5.7,6.8,7.2,6.66,5.8,8.1,6.9,5.8,6.8,6.74,8.6,6.6,4.5,7.0,5.7,6.67
3749,Andrea Reyes Hernández,Tecnología,Soporte Técnico,2026-06-21,4.6,4.9,3.6,6.4,2.6,4.44,6.6,4.8,5.7,4.7,5.5,4.1,5.0,4.5,3.6,5.7,4.57,4.3,7.2,5.8,5.6,6.2,5.78
3750,Karla Castillo García,Tecnología,Soporte Técnico,2026-07-08,8.2,6.7,8.0,6.2,7.2,7.33,5.7,6.1,7.0,5.2,5.94,5.9,6.8,4.6,4.9,4.5,5.5,5.4,6.0,7.0,5.4,6.3,5.96
3751,Pedro Reyes Sánchez,Finanzas,Tesorería,2026-02-25,4.4,5.1,5.5,7.3,6.5,5.54,5.7,5.0,5.8,4.6,5.27,5.6,5.2,7.7,6.2,5.9,6.06,6.3,7.7,7.1,7.6,7.8,7.22
3752,Francisco Reyes Vázquez,Marketing,Investigación de Mercado,2026-04-02,9.2,8.6,8.2,7.9,8.3,8.52,10.0,10.0,8.9,10.0,9.78,10.0,10.0,10.0,9.0,9.9,9.83,10.0,9.2,7.6,8.3,9.9,8.97
3753,Juan Martínez Reyes,Tecnología,Infraestructura,2025-11-10,10.0,10.0,9.8,9.9,8.6,9.74,8.0,8.5,9.6,10.0,8.94,7.2,9.3,6.0,9.6,9.1,8.13,8.9,7.6,7.7,7.4,9.3,8.08
3754,Miguel González Cruz,Finanzas,Auditoría Interna,2026-05-27,5.5,3.7,6.2,5.7,4.5,5.07,5.3,4.9,2.9,5.1,4.67,3.5,6.0,3.8,4.9,4.8,4.59,5.0,3.7,3.5,3.4,5.0,4.06
3755,Francisco Hernández Romero,Ventas,Ventas Nacionales,2026-07-09,4.4,2.8,2.6,3.0,2.3,3.12,1.1,0.0,1.0,1.6,0.93,1.5,1.7,0.9,1.1,3.7,1.7,2.6,5.1,4.5,2.0,4.3,3.66
3756,Fernanda Hernández Martínez,Marketing,Marketing Digital,2026-01-26,5.9,4.5,5.5,6.3,5.5,5.47,4.4,4.5,4.4,6.7,5.0,5.8,5.2,4.7,7.3,6.3,5.73,7.9,5.3,5.5,5.5,7.4,6.24
3757,Pedro López Cruz,Ventas,Ventas Nacionales,2026-07-19,4.8,6.8,5.6,5.0,6.1,5.68,6.3,5.7,7.4,5.6,6.2,6.3,5.6,8.3,5.8,4.7,6.21,5.8,7.3,6.6,7.8,6.3,6.78
3758,Roberto Rodríguez Pérez,Operaciones,Logística,2025-10-12,4.8,6.9,6.3,5.1,4.6,5.64,3.8,4.2,4.1,2.6,3.66,4.3,5.3,4.7,3.2,4.3,4.46,6.9,3.1,6.4,4.8,4.1,5.15
3759,Ana Torres Flores,Ventas,Atención a Clientes,2026-08-09,5.6,4.4,4.9,4.5,7.3,5.25,5.9,5.7,4.3,5.5,5.43,6.0,5.5,5.3,5.8,5.9,5.69,7.9,7.2,6.8,6.8,8.2,7.32
3760,José Hernández Morales,Marketing,Investigación de Mercado,2026-03-12,7.0,5.6,6.7,5.6,5.0,6.08,7.7,7.4,5.3,4.2,6.27,7.4,5.9,5.6,5.5,5.2,6.05,8.0,7.5,6.4,5.9,5.3,6.87
3761,Luis Ramírez López,Finanzas,Tesorería,2025-09-26,3.7,4.8,6.5,5.1,6.3,5.14,4.4,6.5,4.8,5.3,5.23,5.9,7.0,5.4,6.2,5.6,6.07,5.6,2.7,4.1,3.8,4.2,4.08
3762,Sergio Reyes Vázquez,Operaciones,Producción,2026-02-17,1.3,3.8,3.2,2.0,1.6,2.46,3.4,3.6,4.3,2.9,3.5,3.4,4.6,3.2,3.5,2.4,3.52,4.4,4.5,3.9,2.6,5.5,4.08
3763,José Ramírez Pérez,Operaciones,Control de Calidad,2025-11-16,8.1,8.8,7.0,8.0,7.3,7.92,4.3,6.6,8.2,6.9,6.3,8.5,7.8,7.3,8.4,8.4,8.06,10.0,9.9,8.5,9.5,7.0,9.27
3764,Karla Ortiz González,Operaciones,Control de Calidad,2026-04-06,4.9,5.8,4.7,5.1,6.8,5.4,8.9,7.8,6.8,8.3,8.06,4.2,6.2,6.7,5.1,6.1,5.62,8.3,5.9,5.5,8.8,5.2,6.93
3765,Gabriela Morales Ortiz,Finanzas,Tesorería,2025-12-06,4.3,2.1,5.3,3.2,5.7,4.0,5.1,6.2,6.6,5.3,5.72,4.0,5.8,3.3,7.5,4.5,4.91,3.4,4.6,5.8,4.3,4.1,4.43
3766,Juan Romero Cruz,Operaciones,Producción,2025-12-23,7.3,7.3,5.3,5.4,5.7,6.38,6.9,5.8,5.3,4.2,5.63,8.3,7.3,7.9,6.7,6.8,7.51,6.7,6.5,7.8,6.9,7.4,6.98
3767,Sofía Hernández Romero,Operaciones,Producción,2026-03-04,2.7,3.0,2.1,5.3,2.4,3.0,4.2,3.8,2.7,1.5,3.12,4.0,5.9,2.9,6.2,6.0,4.88,2.3,1.7,3.1,3.4,3.5,2.65
3768,Pedro López Cruz,Finanzas,Auditoría Interna,2026-08-02,8.9,9.2,8.9,9.8,8.7,9.08,9.0,7.3,5.8,8.2,7.74,8.0,9.4,9.4,7.3,9.0,8.67,10.0,10.0,9.4,9.4,9.3,9.69
3769,Francisco Morales Hernández,Ventas,Atención a Clientes,2025-09-18,9.0,8.5,8.0,6.5,6.7,7.95,4.9,8.2,5.2,6.8,6.26,6.4,5.6,7.1,7.9,5.7,6.46,4.6,5.9,5.0,3.8,6.0,4.98
3770,Jorge Ramírez Pérez,Operaciones,Logística,2026-08-21,6.6,7.4,7.1,8.3,8.1,7.38,6.8,5.9,7.6,5.0,6.28,6.5,8.0,5.5,6.5,5.9,6.58,8.2,7.9,6.8,8.1,7.2,7.72
3771,Raúl González Torres,Recursos Humanos,Nómina,2026-04-30,5.7,6.4,5.6,7.0,9.1,6.56,9.4,7.6,9.2,8.8,8.76,7.3,5.6,5.5,6.0,7.0,6.28,6.7,8.8,4.5,5.9,9.1,6.86
3772,Camila Vázquez Vázquez,Tecnología,Soporte Técnico,2026-01-16,7.7,5.5,4.8,6.3,6.3,6.15,5.9,6.6,6.3,5.6,6.08,4.3,4.6,5.8,2.0,5.7,4.54,4.0,5.3,4.5,6.6,5.3,5.08
3773,Luis López Vázquez,Finanzas,Auditoría Interna,2025-12-01,6.4,6.7,8.0,7.1,6.8,6.96,4.4,7.7,6.4,5.4,5.88,8.3,6.6,6.6,5.4,7.7,7.01,4.8,6.4,5.5,5.5,5.3,5.53
3774,Francisco Torres Cruz,Finanzas,Auditoría Interna,2026-02-24,7.0,7.3,6.9,6.5,7.5,7.06,5.7,7.1,8.2,8.3,7.2,5.2,5.1,4.7,4.5,6.3,5.14,7.2,7.5,5.2,4.0,9.4,6.46
3775,Diego García Pérez,Operaciones,Control de Calidad,2026-04-14,5.8,8.0,5.1,6.3,5.7,6.27,8.4,4.7,7.0,4.8,6.3,6.9,5.5,5.1,4.7,7.1,5.89,4.7,5.8,7.0,4.4,3.3,5.24
3776,Diego López López,Recursos Humanos,Reclutamiento,2026-04-12,7.5,8.0,9.0,9.2,5.6,7.9,7.6,8.0,5.4,8.8,7.56,9.3,10.0,10.0,9.8,8.9,9.63,5.1,5.6,5.0,6.4,7.1,5.66
3777,José González Romero,Marketing,Marketing Digital,2025-09-16,2.6,3.2,3.1,4.0,3.4,3.18,3.6,2.0,6.4,1.9,3.34,1.9,2.9,2.3,2.3,2.1,2.32,2.2,2.3,3.5,4.1,2.3,2.88
3778,Valeria Castillo Pérez,Marketing,Comunicación de Marca,2026-05-09,5.2,5.9,7.4,5.1,5.8,5.89,8.3,4.9,5.3,3.7,5.7,4.5,6.4,5.2,4.6,5.0,5.2,6.8,5.9,5.8,7.3,4.5,6.24
3779,Alejandro Gómez Ramírez,Finanzas,Contabilidad,2025-10-31,5.0,3.0,4.4,4.1,6.3,4.44,3.8,4.5,2.6,1.2,3.08,4.3,3.6,4.9,4.4,4.4,4.28,3.3,5.2,3.0,5.2,4.3,4.2
3780,Roberto Jiménez Ortiz,Ventas,Ventas Nacionales,2026-08-20,5.9,7.2,6.3,5.0,4.6,5.98,7.0,4.9,7.3,6.4,6.38,5.1,4.5,6.9,1.7,5.0,4.78,6.0,5.3,5.4,5.9,7.2,5.81
3781,Ximena Reyes Morales,Operaciones,Logística,2026-01-10,6.0,5.1,5.8,3.5,6.0,5.36,9.6,6.6,8.0,8.5,8.25,3.9,3.3,6.9,4.4,4.9,4.58,5.8,6.9,4.6,6.7,6.5,6.08
3782,Pedro Jiménez Ramírez,Tecnología,Soporte Técnico,2026-01-02,9.6,8.6,10.0,9.6,9.1,9.36,6.2,8.8,10.0,8.8,8.26,10.0,7.4,6.8,10.0,10.0,8.71,8.9,10.0,8.8,8.1,7.1,8.82
3783,Karla Rodríguez González,Operaciones,Logística,2026-01-04,3.0,3.1,3.7,5.6,3.7,3.66,5.4,3.4,2.8,3.6,3.93,5.6,4.5,7.0,6.5,5.8,5.77,2.9,3.7,2.4,3.1,1.2,2.87
3784,Diego Reyes Castillo,Finanzas,Contabilidad,2026-04-07,2.4,3.3,4.1,3.1,1.4,2.92,4.3,3.8,3.6,2.0,3.46,1.1,2.6,3.6,3.9,4.3,2.88,0.1,1.2,0.0,2.9,1.1,1.02
3785,Alejandro Hernández Romero,Marketing,Investigación de Mercado,2025-12-29,4.7,4.9,4.5,5.8,4.5,4.84,4.3,4.4,4.5,5.2,4.59,6.1,5.3,4.8,6.0,4.4,5.37,6.4,5.7,3.9,5.1,5.0,5.33
3786,Alejandro Pérez Vázquez,Tecnología,Soporte Técnico,2026-03-29,4.1,3.1,2.8,2.3,3.9,3.29,4.4,4.3,3.7,3.4,3.99,4.6,4.2,5.2,5.6,5.4,4.89,2.7,4.6,4.7,2.3,4.7,3.7
3787,Jorge Ramírez Ortiz,Ventas,Ventas Internacionales,2026-02-03,5.1,2.7,4.6,3.9,5.9,4.34,6.0,3.2,4.0,5.1,4.67,3.5,4.8,4.7,6.3,5.8,4.83,6.3,7.0,7.1,6.2,7.3,6.72
3788,Pedro Rodríguez Ramírez,Marketing,Comunicación de Marca,2025-10-16,3.5,2.9,4.4,2.0,0.4,2.84,2.6,2.3,2.6,3.2,2.68,2.1,4.7,4.3,2.7,3.1,3.43,4.8,5.3,4.6,3.7,4.8,4.66
3789,Pedro Hernández Torres,Marketing,Comunicación de Marca,2026-01-05,8.3,6.6,6.9,6.9,7.8,7.31,9.3,8.1,9.7,8.2,8.8,8.6,7.5,7.2,8.0,7.4,7.78,8.7,8.8,8.6,10.0,9.0,8.99
3790,Alejandro Gómez Cruz,Recursos Humanos,Reclutamiento,2025-12-12,6.3,8.8,10.0,9.4,7.7,8.34,7.5,7.7,8.7,10.0,8.41,9.5,10.0,10.0,10.0,8.0,9.57,8.4,7.1,7.4,7.4,7.0,7.54
3791,Mariana García Vázquez,Marketing,Comunicación de Marca,2025-09-19,7.4,7.8,9.6,7.3,7.6,7.95,10.0,10.0,7.9,8.4,9.18,6.7,5.5,7.3,7.9,4.8,6.42,7.9,6.0,8.1,5.3,6.5,6.81
3792,José Reyes Hernández,Recursos Humanos,Reclutamiento,2026-06-19,7.5,5.1,8.1,8.0,8.5,7.24,7.9,8.8,5.9,8.2,7.8,6.3,7.2,6.3,6.0,6.8,6.56,8.6,7.2,7.1,5.1,6.4,7.03
3793,Raúl Vázquez López,Operaciones,Producción,2026-02-05,5.5,4.8,4.2,6.0,7.4,5.42,5.4,5.9,3.0,4.3,4.77,4.7,5.9,4.1,5.7,9.5,5.75,9.8,5.5,4.4,7.7,6.1,6.86
3794,Pedro Pérez Rodríguez,Tecnología,Soporte Técnico,2026-01-11,8.8,6.6,9.3,9.5,7.4,8.25,7.9,9.5,8.7,9.7,8.91,7.5,9.4,9.2,10.0,10.0,9.06,9.6,10.0,9.0,10.0,9.1,9.61
3795,Juan López González,Finanzas,Auditoría Interna,2025-12-28,6.1,4.9,3.8,4.3,6.0,5.06,7.8,5.9,7.0,8.4,7.32,4.9,8.0,6.5,6.3,7.2,6.55,6.7,5.0,4.5,4.5,5.4,5.26
3796,Diego Rodríguez Gómez,Finanzas,Contabilidad,2026-07-21,8.5,10.0,10.0,9.4,8.2,9.26,9.2,9.7,7.8,8.0,8.74,6.2,7.6,9.7,8.7,9.5,8.12,8.0,8.7,8.4,9.4,9.8,8.72
3797,Luis Torres García,Ventas,Atención a Clientes,2025-12-04,5.1,2.8,3.7,3.8,5.1,4.05,3.9,3.1,5.3,4.4,4.11,9.0,9.5,6.4,8.4,8.3,8.41,4.2,4.8,6.7,4.0,5.1,4.9
3798,Miguel Hernández López,Recursos Humanos,Capacitación,2026-06-29,6.5,6.7,7.7,5.4,5.6,6.49,5.3,5.2,7.0,3.9,5.26,5.9,8.5,5.8,6.9,7.0,6.84,6.6,6.7,5.5,7.0,4.4,6.27
3799,Alejandro Castillo Jiménez,Finanzas,Auditoría Interna,2026-04-11,4.0,5.1,4.1,5.2,7.4,4.99,7.1,8.5,9.5,7.4,8.01,8.4,8.4,8.5,7.3,6.1,7.91,7.1,8.3,6.7,7.2,10.0,7.63
3800,Mariana Morales Martínez,Recursos Humanos,Nómina,2025-12-21,4.9,4.5,4.5,3.1,5.6,4.56,5.4,9.5,6.9,7.3,7.2,7.3,6.5,3.8,4.5,7.5,6.01,6.1,1.9,5.5,3.6,5.1,4.33
3801,Daniela Ortiz García,Marketing,Investigación de Mercado,2026-06-03,3.5,2.0,3.6,2.7,2.8,2.92,2.6,6.0,3.1,2.6,3.55,4.7,4.8,3.1,4.4,4.6,4.35,3.9,3.4,0.9,2.9,0.6,2.64
3802,Juan Ortiz Martínez,Tecnología,Desarrollo,2026-07-24,5.8,4.3,4.6,4.0,3.7,4.6,4.8,4.4,4.5,5.2,4.74,3.7,2.7,2.6,3.1,4.0,3.18,5.4,4.5,5.8,5.1,4.5,5.1
3803,Raúl Vázquez Jiménez,Tecnología,Infraestructura,2026-01-04,3.0,4.6,3.5,3.0,4.6,3.74,1.7,5.5,3.3,3.3,3.37,5.2,3.3,2.2,6.1,4.8,4.2,5.3,4.2,6.3,4.9,6.3,5.24
3804,Andrea Martínez Cruz,Tecnología,Soporte Técnico,2026-05-28,6.0,3.2,4.8,4.6,5.9,4.84,1.8,3.2,4.3,5.2,3.5,7.2,3.7,5.4,4.1,4.7,5.12,5.3,4.0,6.0,6.0,4.9,5.22
3805,Sergio Castillo Cruz,Operaciones,Producción,2025-11-10,6.0,8.5,8.3,7.3,5.9,7.26,8.1,9.2,10.0,8.5,8.86,7.6,6.1,6.6,8.4,8.4,7.26,7.2,6.9,8.1,7.0,6.7,7.22
3806,Mariana Vázquez Martínez,Tecnología,Soporte Técnico,2025-10-15,3.9,4.0,6.4,5.4,5.1,4.83,7.3,8.8,6.8,4.7,6.93,5.3,8.8,7.2,6.9,7.1,7.07,7.7,2.5,6.7,4.9,5.5,5.42
3807,Karla Reyes Rodríguez,Tecnología,Desarrollo,2026-05-03,6.0,7.8,6.9,5.5,7.3,6.75,9.6,7.4,10.0,8.5,8.86,7.8,8.5,9.8,8.5,9.3,8.7,8.7,9.0,6.9,6.6,9.4,8.06
3808,Gabriela Gómez Morales,Operaciones,Logística,2025-12-12,4.0,2.1,2.7,4.2,3.6,3.24,1.5,2.9,0.9,1.6,1.76,2.8,5.0,5.2,3.4,2.9,3.94,4.9,1.9,5.4,3.7,5.5,4.07
3809,Miguel Romero Romero,Recursos Humanos,Nómina,2026-06-18,8.8,8.2,7.2,9.5,10.0,8.62,8.9,10.0,10.0,8.6,9.32,8.9,8.8,10.0,10.0,10.0,9.43,8.7,10.0,7.5,9.1,10.0,9.0
3810,Valeria Reyes López,Recursos Humanos,Reclutamiento,2025-10-03,4.3,3.2,4.9,3.8,3.0,3.88,4.2,4.1,2.9,4.1,3.89,4.2,5.4,3.8,6.4,7.0,5.17,4.2,5.0,4.3,4.1,6.3,4.61
3811,Fernanda Hernández Rodríguez,Marketing,Investigación de Mercado,2026-06-10,9.1,8.1,9.5,10.0,9.7,9.15,9.9,7.7,9.1,7.8,8.67,7.3,7.7,7.0,8.2,9.1,7.74,9.4,8.9,8.7,8.7,7.4,8.8
3812,Mariana González Romero,Tecnología,Infraestructura,2025-10-21,8.5,8.2,8.6,8.9,8.8,8.55,10.0,9.5,9.3,7.3,9.06,7.5,7.1,5.8,7.0,9.5,7.28,9.0,10.0,10.0,10.0,9.5,9.7
3813,Ana Martínez Romero,Recursos Humanos,Reclutamiento,2025-11-24,8.5,7.1,7.4,8.7,7.8,7.86,8.6,8.4,7.7,7.2,8.02,7.8,8.6,5.7,7.5,6.9,7.4,9.1,7.4,8.7,8.8,7.1,8.34
3814,Juan Torres Vázquez,Operaciones,Producción,2026-05-16,3.9,4.6,6.2,5.0,5.2,4.9,1.7,2.9,2.8,4.3,2.87,4.2,5.3,6.8,5.3,6.3,5.48,2.9,3.2,4.3,3.5,4.3,3.52
3815,Daniela Martínez Sánchez,Recursos Humanos,Nómina,2025-11-11,5.0,6.6,3.8,5.0,5.7,5.26,5.9,7.7,6.0,6.5,6.52,6.9,7.8,6.6,5.7,7.2,6.93,4.3,7.7,6.3,8.2,7.0,6.6
3816,José Jiménez Gómez,Ventas,Atención a Clientes,2026-01-20,10.0,10.0,9.3,7.9,6.3,8.99,8.8,8.9,7.8,6.4,8.02,8.4,8.4,9.3,7.1,8.3,8.37,10.0,9.8,8.2,9.1,8.9,9.3
3817,Ximena Ortiz Vázquez,Operaciones,Logística,2026-01-06,7.8,7.3,6.5,7.0,2.5,6.5,10.0,8.0,9.5,8.2,8.95,8.3,9.1,6.1,6.9,7.5,7.73,8.5,8.0,6.2,7.6,6.7,7.56
3818,Pedro Vázquez Jiménez,Recursos Humanos,Capacitación,2026-04-22,5.3,4.8,4.0,2.6,2.2,4.04,3.8,4.4,5.9,5.0,4.67,1.5,4.2,3.9,2.9,4.2,3.27,4.7,4.0,6.1,4.9,4.2,4.8
3819,Ximena Sánchez Cruz,Finanzas,Contabilidad,2026-06-14,5.6,4.3,5.4,5.9,5.6,5.28,5.7,7.4,5.6,6.3,6.26,3.1,4.8,5.8,4.2,5.4,4.57,5.8,3.8,6.5,3.0,4.0,4.7
3820,Camila Sánchez Pérez,Tecnología,Soporte Técnico,2025-12-27,6.0,4.6,6.6,7.4,7.0,6.13,6.7,9.3,6.1,8.2,7.6,5.7,5.7,6.3,10.0,6.0,6.51,6.9,5.9,5.9,5.8,4.2,5.96
3821,Luis Pérez Morales,Tecnología,Desarrollo,2026-08-19,4.9,5.0,5.7,5.7,6.0,5.37,8.0,6.2,6.9,6.8,7.03,6.3,5.6,4.6,2.8,5.6,5.15,5.7,4.5,5.0,5.7,6.9,5.38
3822,Pedro López Jiménez,Operaciones,Control de Calidad,2026-05-03,6.8,7.6,5.5,5.6,5.3,6.33,4.7,7.0,3.9,3.9,4.92,3.5,6.1,5.4,5.3,5.7,5.13,7.7,4.1,6.0,3.1,5.2,5.29
3823,Gabriela Gómez Vázquez,Recursos Humanos,Reclutamiento,2026-07-18,7.6,10.0,5.6,7.6,6.0,7.56,10.0,8.8,10.0,8.8,9.4,5.4,7.8,7.8,7.2,6.1,6.86,8.5,7.0,8.4,7.3,6.7,7.68
3824,Luis Flores Romero,Operaciones,Control de Calidad,2026-09-07,5.1,4.9,7.6,5.5,5.3,5.64,6.7,7.7,7.7,7.8,7.42,5.3,5.0,6.0,3.7,4.9,5.07,6.3,4.5,5.8,3.4,6.1,5.15
3825,Camila Reyes Romero,Ventas,Ventas Internacionales,2026-09-05,5.7,4.6,6.0,6.2,5.0,5.46,1.2,1.4,1.1,0.0,0.93,7.2,5.8,4.9,5.8,4.2,5.73,1.6,3.6,2.6,6.1,2.0,3.24
3826,Roberto Martínez Castillo,Marketing,Comunicación de Marca,2026-08-04,5.4,6.8,6.3,8.5,8.1,6.8,3.9,4.2,4.1,3.6,3.94,7.0,6.6,7.9,10.0,7.4,7.59,4.3,5.1,5.8,6.7,7.9,5.64
3827,Luis Ramírez González,Tecnología,Desarrollo,2025-09-30,3.2,4.5,4.8,5.1,5.3,4.44,6.1,7.0,5.5,5.1,5.96,5.4,5.0,4.9,6.1,4.9,5.23,5.8,3.3,5.3,4.3,5.8,4.78
3828,Francisco García Reyes,Finanzas,Contabilidad,2025-11-30,5.4,5.1,7.1,6.7,3.5,5.58,5.6,6.7,6.3,4.8,5.82,5.1,3.3,6.1,5.1,3.6,4.62,8.8,8.1,9.1,9.8,6.5,8.66
3829,Pedro Vázquez Sánchez,Operaciones,Producción,2025-09-11,6.3,7.6,6.1,6.4,6.6,6.64,6.3,7.4,5.8,6.5,6.52,8.1,7.1,6.4,7.7,9.0,7.58,6.0,7.9,6.2,8.5,8.5,7.26
3830,Camila Ramírez Jiménez,Finanzas,Auditoría Interna,2026-08-08,6.7,9.7,5.6,5.9,7.4,7.22,7.4,6.5,8.2,5.8,6.94,7.0,7.7,8.5,7.5,5.9,7.38,8.5,7.9,7.4,8.0,9.1,8.09
3831,Diego Martínez García,Recursos Humanos,Nómina,2025-09-08,7.7,10.0,10.0,9.8,10.0,9.4,10.0,7.6,10.0,10.0,9.4,7.5,9.0,6.0,6.0,7.9,7.41,7.7,7.8,9.1,8.7,6.3,8.07
3832,Laura Castillo Romero,Tecnología,Infraestructura,2026-02-01,7.0,10.0,8.5,7.0,6.2,7.93,7.6,7.9,6.3,9.3,7.84,9.3,8.6,8.7,9.0,9.9,9.05,7.4,8.1,5.7,6.5,3.3,6.64
3833,Fernanda Romero García,Recursos Humanos,Capacitación,2025-11-22,9.2,7.2,8.1,8.9,10.0,8.56,8.4,9.8,9.2,7.4,8.66,5.6,10.0,9.0,8.5,9.0,8.32,9.0,9.0,8.6,8.9,8.9,8.89
3834,Ximena González García,Operaciones,Control de Calidad,2025-10-29,4.7,7.5,7.5,7.3,6.7,6.65,7.8,4.4,7.8,4.8,6.2,5.8,4.9,4.7,5.0,6.2,5.3,7.3,7.8,8.7,8.4,7.8,7.98
3835,Gabriela Ramírez Pérez,Operaciones,Producción,2026-06-04,2.0,2.5,3.9,4.7,3.4,3.12,2.0,2.7,3.7,2.5,2.64,1.0,3.7,0.8,4.0,3.0,2.38,2.5,3.2,3.0,5.0,2.9,3.32
3836,Gabriela Sánchez Vázquez,Recursos Humanos,Nómina,2025-12-11,6.8,8.6,5.8,6.2,5.9,6.82,9.6,7.8,9.4,9.3,9.04,9.8,7.8,7.3,8.2,8.5,8.36,7.9,5.9,8.0,8.2,8.9,7.58
3837,Laura Martínez Sánchez,Tecnología,Infraestructura,2026-01-14,4.6,5.3,4.3,3.5,4.9,4.6,5.6,5.1,4.3,4.9,5.04,6.2,5.1,4.8,4.9,3.9,5.11,6.7,5.1,6.5,7.0,5.5,6.2
3838,Karla González López,Tecnología,Infraestructura,2026-04-10,6.5,8.1,7.8,7.4,5.4,7.13,8.3,8.1,8.9,7.3,8.12,7.7,6.9,7.0,6.5,7.0,7.08,6.9,7.4,7.4,7.8,7.3,7.35
3839,Francisco Flores Cruz,Operaciones,Producción,2026-03-12,3.7,3.1,3.8,4.2,2.2,3.42,1.8,3.0,2.2,2.9,2.46,4.6,3.4,2.3,2.0,1.8,3.03,2.8,3.7,5.1,2.6,4.1,3.58
3840,Carlos García Martínez,Finanzas,Tesorería,2026-06-23,4.9,4.6,5.6,5.8,4.3,5.01,5.2,5.6,5.7,6.4,5.7,7.6,4.4,4.8,4.5,5.6,5.48,6.6,6.4,7.7,8.0,7.6,7.15
3841,Valeria Martínez González,Ventas,Ventas Internacionales,2026-07-02,3.3,4.6,5.7,4.6,5.4,4.62,5.2,6.6,7.2,8.8,6.85,5.7,3.9,6.1,5.4,5.1,5.19,6.4,7.1,5.7,8.0,3.9,6.5
3842,Camila Sánchez Torres,Ventas,Atención a Clientes,2025-10-06,6.4,5.9,6.1,4.9,3.6,5.57,5.4,2.6,4.5,4.4,4.27,5.2,6.0,5.9,5.6,6.3,5.76,3.3,6.1,5.0,3.2,5.7,4.56
3843,Daniela Castillo Ortiz,Operaciones,Control de Calidad,2025-12-14,5.1,5.8,5.4,6.8,4.7,5.53,4.9,5.5,4.3,4.5,4.83,5.2,4.5,4.0,5.1,4.6,4.68,2.7,4.9,5.6,5.3,4.9,4.57
3844,Paola Jiménez Cruz,Ventas,Atención a Clientes,2026-02-13,3.5,5.3,3.4,3.4,3.3,3.89,3.7,4.3,1.6,3.5,3.38,4.4,5.6,4.1,5.3,4.3,4.76,1.6,0.8,1.2,4.3,4.2,2.12
3845,Raúl Ramírez Ortiz,Operaciones,Control de Calidad,2025-12-28,6.5,7.8,6.3,5.4,6.4,6.6,4.2,6.5,6.0,9.1,6.36,3.5,4.7,4.8,5.6,6.8,4.87,5.7,4.0,8.1,5.8,5.4,5.74
3846,Karla Reyes Ramírez,Tecnología,Infraestructura,2026-04-13,1.9,2.7,4.9,3.5,3.3,3.15,5.6,3.5,6.6,4.8,5.08,5.4,5.5,3.9,4.6,7.2,5.28,4.3,5.5,3.3,4.2,3.4,4.29
3847,Mariana Torres Ortiz,Operaciones,Control de Calidad,2026-06-08,9.3,8.8,9.0,8.4,8.0,8.78,9.3,8.7,8.6,9.0,8.93,7.7,7.0,8.2,8.9,9.7,8.1,10.0,8.1,10.0,10.0,10.0,9.52
3848,Sergio Hernández Gómez,Marketing,Comunicación de Marca,2025-09-29,9.9,9.3,8.4,7.1,8.0,8.74,9.4,8.5,10.0,8.1,8.97,10.0,9.7,10.0,9.8,9.2,9.77,7.1,8.3,8.6,8.8,9.9,8.32
3849,Mariana González Romero,Marketing,Comunicación de Marca,2025-09-11,7.9,7.7,7.8,7.3,9.0,7.9,8.5,8.0,7.5,9.5,8.43,8.5,8.1,8.0,9.0,8.8,8.42,7.9,9.2,6.8,7.9,9.7,8.18
3850,Diego Sánchez González,Tecnología,Desarrollo,2026-06-21,2.7,3.2,4.0,2.7,2.9,3.12,2.7,1.7,2.2,3.2,2.48,4.7,6.2,5.6,3.2,5.2,5.1,5.5,4.1,5.0,4.4,2.2,4.5
3851,Jorge García Jiménez,Finanzas,Auditoría Interna,2025-11-19,6.4,7.3,7.6,9.0,7.4,7.4,7.3,7.2,5.8,8.3,7.22,5.2,6.6,7.3,5.9,7.1,6.36,6.6,9.6,7.9,8.0,7.6,7.99
3852,Valeria Jiménez Rodríguez,Recursos Humanos,Capacitación,2026-03-30,7.8,6.2,7.0,6.3,6.0,6.75,7.4,6.9,8.1,6.9,7.29,5.1,5.1,5.3,6.9,5.9,5.53,8.1,7.8,6.0,3.8,7.8,6.72
3853,Jorge Torres Gómez,Tecnología,Infraestructura,2025-12-23,3.5,4.3,5.7,5.3,3.9,4.47,6.3,6.3,3.9,5.5,5.62,7.9,6.0,7.6,6.9,7.7,7.18,6.0,4.4,3.7,7.5,3.4,5.18
3854,Juan Ramírez Romero,Ventas,Ventas Internacionales,2026-07-30,7.6,7.2,7.0,7.8,8.2,7.5,9.0,7.9,10.0,6.8,8.38,4.6,8.4,7.9,8.6,7.6,7.26,9.3,7.1,7.9,8.1,6.0,7.9
3855,Pedro Romero Hernández,Marketing,Investigación de Mercado,2026-03-16,7.7,6.9,8.1,9.0,7.1,7.68,8.0,8.5,8.6,8.6,8.4,10.0,5.4,8.5,6.9,5.7,7.44,6.6,8.3,7.6,8.4,7.6,7.68
3856,Paola López Gómez,Operaciones,Control de Calidad,2026-07-24,5.1,5.0,7.2,4.5,4.1,5.26,4.5,7.5,5.6,3.9,5.32,6.7,5.3,4.9,2.3,4.9,5.06,5.3,4.9,6.1,6.6,5.5,5.64
3857,Diego González Martínez,Marketing,Investigación de Mercado,2025-11-14,8.4,5.8,7.9,8.4,7.5,7.52,5.3,5.7,4.6,6.7,5.61,6.3,5.7,6.8,6.8,5.7,6.24,7.4,8.7,5.4,6.8,8.2,7.29
3858,Francisco Ortiz Gómez,Recursos Humanos,Nómina,2026-04-15,10.0,9.6,10.0,10.0,7.6,9.54,10.0,7.3,8.5,7.4,8.38,9.2,8.1,10.0,9.0,8.2,8.9,10.0,10.0,10.0,6.7,8.3,9.17
3859,Ximena Ortiz Vázquez,Operaciones,Logística,2026-06-03,6.0,7.6,6.0,7.7,5.9,6.64,5.0,5.6,6.9,3.5,5.16,5.5,5.6,5.1,4.9,5.6,5.37,4.8,3.5,4.6,6.0,4.2,4.62
3860,Sergio Romero Flores,Finanzas,Auditoría Interna,2025-12-26,9.4,9.0,8.4,10.0,9.9,9.26,7.2,7.3,5.4,6.9,6.79,8.5,7.0,9.1,9.1,9.4,8.47,8.7,7.6,9.4,9.9,10.0,8.93
3861,Gabriela Ortiz López,Marketing,Investigación de Mercado,2025-09-24,8.0,9.9,10.0,9.1,9.0,9.19,9.5,8.5,8.5,9.5,9.05,8.5,7.3,9.1,9.1,8.7,8.44,6.4,7.5,9.0,8.3,8.7,7.81
3862,Valeria Sánchez López,Operaciones,Control de Calidad,2026-05-07,6.2,5.3,3.1,5.7,3.9,4.93,5.6,2.5,4.5,3.1,3.98,3.0,4.5,3.9,2.2,5.5,3.81,0.0,0.3,2.7,3.4,2.0,1.5
3863,Luis López Gómez,Recursos Humanos,Reclutamiento,2025-12-20,9.3,8.8,10.0,9.4,10.0,9.44,8.8,9.0,6.8,9.8,8.7,10.0,8.9,10.0,10.0,9.6,9.66,9.4,7.4,6.8,7.3,7.0,7.72
3864,Gabriela López Reyes,Marketing,Investigación de Mercado,2025-12-30,10.0,10.0,9.8,6.2,8.0,9.09,8.5,10.0,9.1,10.0,9.37,7.5,8.4,8.9,6.8,8.3,8.02,9.3,8.0,6.9,7.8,9.4,8.2
3865,Roberto Rodríguez Reyes,Recursos Humanos,Capacitación,2026-03-13,7.3,6.5,9.7,9.4,10.0,8.3,10.0,9.9,8.5,10.0,9.68,8.4,8.6,8.3,9.1,9.6,8.72,8.5,7.8,8.9,8.3,8.3,8.35
3866,Camila Rodríguez Jiménez,Tecnología,Desarrollo,2025-11-18,4.6,2.2,0.0,2.0,2.8,2.42,2.6,5.0,2.1,5.1,3.72,2.8,1.9,5.2,2.3,3.7,3.12,6.2,3.4,4.6,1.9,3.8,4.08
3867,Andrea Ramírez Gómez,Tecnología,Soporte Técnico,2026-07-23,5.4,3.4,2.8,5.3,3.9,4.14,3.8,2.7,3.7,2.6,3.2,4.9,1.9,3.2,2.9,1.3,2.97,4.4,4.4,5.2,4.2,6.3,4.71
3868,Fernanda Vázquez Reyes,Operaciones,Producción,2025-10-22,5.6,8.6,6.7,7.8,6.0,6.96,6.9,5.1,7.0,6.3,6.32,6.9,4.8,5.1,5.8,4.6,5.5,5.8,6.0,3.9,5.5,5.0,5.33
3869,Valeria Vázquez Torres,Finanzas,Auditoría Interna,2026-04-13,9.5,7.2,7.5,5.8,6.0,7.44,5.4,5.6,5.4,3.6,5.0,4.0,2.3,4.9,4.9,6.8,4.31,4.7,7.4,5.4,5.4,6.9,5.88
3870,Andrea Reyes Rodríguez,Recursos Humanos,Nómina,2026-08-22,2.5,6.4,4.1,6.1,6.4,4.92,4.2,2.3,2.9,5.9,3.89,6.2,4.6,4.8,6.0,4.9,5.3,5.3,4.0,4.2,4.4,5.8,4.62
3871,Daniela Torres Gómez,Marketing,Investigación de Mercado,2025-09-11,6.6,7.0,6.9,7.3,4.4,6.54,7.9,7.0,6.1,6.5,6.96,7.9,7.3,6.9,8.4,7.5,7.56,7.5,6.1,6.2,6.3,6.6,6.56
3872,Valeria Vázquez Ortiz,Tecnología,Soporte Técnico,2025-11-29,2.3,2.9,4.5,2.3,1.8,2.82,5.9,4.3,5.1,4.6,5.01,4.3,3.6,2.6,2.2,4.6,3.52,2.6,3.0,4.4,2.8,3.2,3.16
3873,Jorge Martínez Sánchez,Finanzas,Contabilidad,2025-11-14,9.8,8.1,10.0,8.7,10.0,9.28,8.5,9.2,8.4,7.9,8.5,10.0,9.7,9.2,9.3,9.4,9.57,7.5,6.9,8.7,8.6,7.6,7.82
3874,Gabriela Ortiz Rodríguez,Marketing,Comunicación de Marca,2026-07-16,5.6,6.9,5.5,3.2,6.6,5.7,7.6,5.6,6.1,6.6,6.55,4.6,4.3,6.8,6.9,5.9,5.5,8.8,8.3,7.9,8.0,8.3,8.28
3875,Gabriela Martínez Reyes,Tecnología,Infraestructura,2025-12-08,5.7,3.9,5.4,5.6,5.2,5.1,0.9,3.0,1.6,2.8,2.04,3.9,1.4,2.0,3.9,3.4,2.82,3.6,3.0,3.3,1.8,1.2,2.79
3876,Valeria Rodríguez Torres,Recursos Humanos,Nómina,2025-12-27,7.9,4.7,4.5,4.6,3.0,5.19,4.0,4.0,4.7,4.3,4.22,4.0,3.4,4.7,4.7,3.8,4.07,6.9,4.7,3.8,3.9,5.9,5.03
3877,Paola Rodríguez Reyes,Marketing,Investigación de Mercado,2025-10-13,2.0,3.9,3.3,1.6,3.2,2.86,2.1,4.3,2.8,1.8,2.72,5.1,3.2,2.8,3.1,3.0,3.55,4.4,5.5,4.4,3.9,4.3,4.57
3878,Sergio González Sánchez,Tecnología,Soporte Técnico,2026-04-25,0.9,5.1,3.0,3.2,2.9,3.02,3.8,3.6,2.6,5.6,3.96,3.2,3.7,3.1,5.2,4.5,3.8,3.5,4.4,3.9,4.4,4.0,4.04
3879,Fernanda González Sánchez,Tecnología,Infraestructura,2025-10-04,5.0,3.7,4.9,4.0,4.2,4.38,6.5,5.3,5.2,5.7,5.74,5.5,3.9,5.3,5.6,5.3,5.04,5.0,6.5,5.1,5.0,6.1,5.5
3880,Daniela Sánchez Cruz,Marketing,Comunicación de Marca,2025-12-23,5.5,5.6,6.6,6.7,6.5,6.07,3.9,5.8,4.5,6.8,5.22,5.3,8.1,7.0,7.1,6.6,6.8,6.5,5.1,6.5,6.8,5.5,6.11
3881,Diego Jiménez Sánchez,Marketing,Marketing Digital,2026-06-07,7.6,3.7,5.3,3.8,6.2,5.38,8.2,4.6,6.2,4.7,6.02,9.4,7.7,7.7,6.8,7.1,7.9,7.3,5.9,6.4,8.8,7.2,7.06
3882,Mariana Flores Torres,Tecnología,Soporte Técnico,2026-06-21,5.3,3.1,6.1,4.2,4.6,4.64,5.9,6.9,5.9,4.9,5.9,6.3,6.5,6.9,7.5,5.8,6.58,6.9,7.0,5.9,5.2,7.0,6.4
3883,Ana Hernández Flores,Marketing,Investigación de Mercado,2025-10-13,6.4,8.1,8.9,7.7,8.6,7.85,7.0,6.9,5.8,8.0,6.98,6.3,7.3,8.9,6.6,9.6,7.61,4.2,7.3,7.3,8.1,5.8,6.54
3884,Jorge Flores Hernández,Finanzas,Tesorería,2026-01-15,5.2,7.3,5.2,5.7,7.3,6.11,4.3,3.8,4.7,3.8,4.13,6.9,4.1,5.4,4.4,5.9,5.38,4.6,4.7,5.5,3.4,7.1,4.82
3885,Paola Jiménez Torres,Tecnología,Soporte Técnico,2026-07-26,6.6,6.3,7.0,6.6,4.9,6.35,6.6,6.2,7.4,5.7,6.44,8.0,6.9,5.8,5.8,3.3,6.25,6.7,3.9,2.0,7.1,6.3,5.1
3886,Carlos Sánchez Rodríguez,Recursos Humanos,Reclutamiento,2026-07-24,8.9,9.4,10.0,8.7,8.7,9.18,10.0,8.9,10.0,6.4,8.82,9.9,10.0,9.3,9.7,9.4,9.7,10.0,7.1,9.1,9.2,10.0,8.94
3887,Diego Vázquez Ramírez,Operaciones,Producción,2025-11-09,8.3,5.9,6.5,8.4,5.9,7.0,4.2,6.6,5.1,7.3,5.76,5.4,6.3,5.3,5.3,4.3,5.42,5.5,7.2,6.9,5.8,6.6,6.38
3888,Roberto Gómez Pérez,Marketing,Marketing Digital,2026-07-08,3.2,5.0,4.3,3.6,3.3,3.94,0.6,2.8,1.8,2.2,1.79,1.1,2.3,1.8,1.5,2.1,1.75,4.1,3.5,4.0,3.0,2.4,3.54
3889,Mariana Sánchez Sánchez,Operaciones,Logística,2026-06-20,5.0,1.4,3.1,4.7,4.1,3.54,5.2,3.2,6.7,4.2,4.75,3.9,3.3,5.0,4.9,4.8,4.26,5.8,4.1,4.8,4.6,4.5,4.8
3890,Roberto Reyes Rodríguez,Recursos Humanos,Reclutamiento,2026-01-26,5.9,6.9,8.8,7.9,5.3,6.94,7.5,6.2,5.8,9.0,7.21,7.0,7.6,6.7,9.6,6.7,7.44,7.6,7.9,6.7,6.6,7.5,7.28
3891,Carlos Martínez Castillo,Operaciones,Producción,2025-10-27,2.4,4.5,1.3,5.0,2.1,3.05,5.4,5.1,4.2,4.9,4.96,5.9,5.4,5.6,3.1,6.7,5.42,4.1,3.8,3.2,4.9,4.0,4.0
3892,Pedro Gómez Rodríguez,Marketing,Investigación de Mercado,2026-05-08,6.4,5.5,7.1,4.7,4.6,5.79,6.3,6.9,7.7,6.3,6.73,5.9,5.3,5.0,4.8,4.8,5.24,6.3,2.9,5.4,2.4,5.7,4.43
3893,Pedro Flores Martínez,Ventas,Ventas Internacionales,2026-01-08,7.4,7.9,6.7,9.2,9.4,7.96,6.9,8.9,7.9,8.8,8.07,7.5,7.6,10.0,7.5,9.9,8.38,7.7,8.4,9.0,8.6,10.0,8.54
3894,Laura Pérez Ramírez,Tecnología,Desarrollo,2025-12-25,3.0,2.7,3.4,3.5,3.5,3.16,3.1,3.1,2.1,3.3,2.95,5.4,4.6,3.1,2.9,3.4,4.07,1.9,7.3,3.8,4.6,4.4,4.42
3895,Raúl Sánchez Reyes,Recursos Humanos,Nómina,2026-01-31,7.0,8.7,7.2,7.1,9.8,7.9,7.9,7.7,6.7,8.6,7.78,7.5,6.8,9.5,6.0,7.9,7.56,7.0,9.9,8.0,8.5,9.5,8.48
3896,Sofía Reyes Morales,Tecnología,Soporte Técnico,2025-12-31,4.7,4.5,7.5,3.6,5.7,5.2,6.6,5.6,6.4,3.5,5.54,5.7,7.3,7.4,6.4,7.2,6.77,4.0,6.2,6.0,4.7,6.0,5.29
3897,Luis Flores López,Marketing,Investigación de Mercado,2026-06-16,9.0,8.2,8.1,8.5,7.4,8.3,6.6,6.2,5.4,9.4,6.96,7.8,8.0,6.3,5.4,6.0,6.92,7.0,7.2,8.2,7.9,7.2,7.49
3898,Pedro Torres Castillo,Marketing,Investigación de Mercado,2026-01-24,8.2,8.7,7.6,9.9,6.4,8.19,5.0,6.1,5.9,8.5,6.33,8.6,9.8,7.5,8.9,10.0,8.93,8.4,9.0,7.9,9.1,6.5,8.4
3899,Pedro González Torres,Operaciones,Producción,2026-09-06,6.5,7.3,8.9,6.7,6.7,7.24,6.0,6.4,5.0,5.9,5.88,6.0,7.5,8.4,7.9,9.4,7.65,7.4,9.2,8.0,8.4,9.8,8.41
3900,Juan Romero Vázquez,Operaciones,Producción,2025-12-15,7.3,6.5,7.3,5.4,5.8,6.59,7.9,5.6,7.0,5.5,6.54,4.5,5.7,5.6,5.4,5.2,5.26,3.5,6.6,4.5,5.8,8.0,5.38
3901,Valeria Romero Ortiz,Marketing,Comunicación de Marca,2025-11-22,9.7,8.7,8.1,8.1,5.8,8.3,7.4,9.7,9.1,5.8,7.92,7.4,9.1,9.8,6.6,8.3,8.32,7.2,7.5,8.1,8.2,6.5,7.58
3902,Pedro López García,Finanzas,Auditoría Interna,2025-11-22,6.9,5.1,6.0,8.3,6.1,6.36,7.1,6.3,7.5,5.9,6.68,5.6,8.0,6.9,5.7,7.9,6.82,6.2,5.9,6.6,5.8,4.4,5.95
3903,Raúl Pérez Cruz,Marketing,Comunicación de Marca,2026-08-28,6.3,3.3,3.9,3.1,4.2,4.27,4.2,5.1,5.1,5.2,4.86,3.2,4.0,6.6,3.5,1.6,3.88,7.2,7.7,6.7,6.1,6.2,6.9
3904,José Reyes Ortiz,Marketing,Investigación de Mercado,2025-10-10,8.9,10.0,10.0,9.3,10.0,9.62,8.2,6.9,8.6,7.8,7.86,7.7,6.9,6.6,7.8,8.3,7.39,8.7,7.5,7.1,8.4,7.3,7.88
3905,Mariana Morales Jiménez,Tecnología,Soporte Técnico,2026-04-02,5.9,4.6,5.7,4.1,5.2,5.16,7.2,2.3,5.6,4.9,5.08,3.1,5.0,5.9,5.7,6.3,5.01,6.7,5.7,7.6,4.9,4.7,6.07
3906,Diego Cruz Morales,Recursos Humanos,Reclutamiento,2026-08-09,10.0,10.0,10.0,10.0,10.0,10.0,10.0,10.0,10.0,10.0,10.0,8.6,9.1,6.7,8.4,7.0,8.07,6.8,9.6,9.2,9.9,9.3,8.85
3907,Raúl Pérez Flores,Operaciones,Producción,2026-02-24,2.0,3.5,3.4,2.7,1.0,2.61,3.8,3.4,4.2,3.2,3.63,4.1,2.8,3.2,3.1,3.5,3.36,2.0,2.1,1.1,1.4,4.3,1.95
3908,Alejandro Morales García,Recursos Humanos,Nómina,2026-02-11,5.8,2.5,1.4,3.2,2.3,3.18,4.3,0.8,1.7,4.2,2.88,5.0,4.9,5.3,5.5,3.3,4.86,2.7,3.5,2.8,4.3,3.4,3.31
3909,Miguel Reyes Jiménez,Ventas,Ventas Nacionales,2026-04-14,4.0,1.1,3.4,3.5,4.7,3.18,3.3,3.0,5.2,4.0,3.78,3.0,3.8,5.2,2.5,4.5,3.79,1.6,0.9,1.5,3.2,2.0,1.76
3910,Francisco Romero Jiménez,Tecnología,Infraestructura,2025-12-08,3.7,6.2,4.1,5.3,4.1,4.7,6.9,7.7,5.7,7.3,6.96,7.0,5.4,7.4,4.5,6.8,6.28,7.5,5.2,2.5,7.3,6.4,5.78
3911,Alejandro Sánchez Ramírez,Ventas,Atención a Clientes,2026-02-21,3.3,4.6,4.4,4.5,4.2,4.16,2.5,3.5,3.4,5.4,3.66,3.8,3.2,2.8,3.3,2.3,3.15,2.4,2.0,4.8,4.4,2.5,3.19
3912,Mariana Flores Torres,Ventas,Ventas Internacionales,2026-06-20,7.5,9.7,6.8,9.5,8.3,8.33,4.4,3.0,3.6,6.0,4.29,4.4,5.4,4.9,6.1,6.1,5.26,5.9,7.8,6.4,7.2,6.0,6.75
3913,Ana López González,Tecnología,Soporte Técnico,2026-01-24,6.7,6.7,9.1,8.6,8.1,7.68,9.7,7.9,8.4,8.1,8.59,10.0,8.9,9.7,9.2,8.4,9.3,9.2,9.1,9.9,7.3,6.9,8.7
3914,Laura Reyes Reyes,Marketing,Comunicación de Marca,2026-06-03,8.6,9.0,10.0,10.0,9.7,9.36,9.2,8.9,9.0,9.0,9.04,9.6,7.3,8.1,7.1,7.0,7.96,7.1,10.0,9.2,8.3,9.5,8.72
3915,Andrea Pérez Morales,Ventas,Ventas Nacionales,2026-07-26,7.6,6.6,6.1,7.0,7.4,6.93,9.4,8.4,7.1,9.0,8.59,7.7,9.5,9.7,8.1,6.9,8.49,5.7,6.5,8.1,6.1,5.3,6.42
3916,Ana Flores Hernández,Marketing,Marketing Digital,2026-06-02,2.5,3.3,3.4,3.8,2.6,3.09,3.7,2.8,3.9,3.7,3.51,3.1,5.5,5.4,3.4,3.6,4.28,2.9,3.3,1.5,4.6,2.8,3.05
3917,Juan Hernández López,Recursos Humanos,Reclutamiento,2025-10-12,6.3,4.5,5.5,7.5,4.2,5.56,4.8,4.3,4.4,4.1,4.42,6.2,6.2,5.9,5.6,4.4,5.78,5.4,4.3,8.8,7.0,8.8,6.47
3918,Paola Rodríguez Reyes,Tecnología,Infraestructura,2026-02-11,5.3,5.0,7.1,4.1,6.1,5.52,6.2,5.3,9.4,6.6,6.72,3.8,6.8,3.8,3.8,4.5,4.66,8.3,6.4,5.3,7.3,7.4,6.94
3919,Ricardo Hernández García,Operaciones,Producción,2026-05-15,2.7,4.3,1.4,3.2,4.4,3.17,3.7,3.7,3.5,4.3,3.81,3.2,5.9,3.6,4.4,3.5,4.18,3.5,2.2,3.1,4.6,3.1,3.28
3920,Valeria Romero Pérez,Finanzas,Contabilidad,2026-04-27,5.8,6.9,7.5,6.0,6.7,6.58,7.6,7.0,6.7,6.5,6.99,5.7,7.2,6.8,7.4,6.3,6.64,4.8,3.3,4.2,5.4,6.3,4.58
3921,Laura Sánchez González,Operaciones,Logística,2025-10-29,7.4,10.0,8.5,9.1,10.0,8.91,10.0,9.7,10.0,10.0,9.93,10.0,10.0,9.4,9.2,9.1,9.62,9.2,9.1,10.0,9.3,10.0,9.43
3922,Carlos Flores Vázquez,Finanzas,Tesorería,2026-01-07,4.6,3.5,3.1,5.0,5.4,4.2,3.7,3.8,5.7,4.0,4.2,4.4,2.7,4.9,2.5,3.5,3.66,2.3,5.7,4.4,4.9,5.8,4.44
3923,Valeria Romero Ramírez,Operaciones,Producción,2025-11-29,9.5,6.4,10.0,9.8,8.2,8.67,6.8,8.8,10.0,7.2,8.04,10.0,7.9,9.2,10.0,8.8,9.14,9.5,9.9,7.4,7.5,8.9,8.72
3924,Paola Ramírez García,Ventas,Ventas Nacionales,2026-01-28,3.4,0.7,2.4,2.4,4.0,2.46,4.8,2.6,3.0,1.8,3.14,3.8,5.1,4.7,3.9,2.0,4.05,2.3,2.0,3.3,2.4,2.6,2.47
3925,Jorge Pérez Flores,Ventas,Ventas Nacionales,2025-09-10,5.5,6.7,4.9,5.0,4.4,5.44,3.9,5.9,4.5,3.9,4.52,3.7,3.7,5.6,4.1,3.4,4.1,5.1,1.6,5.2,4.0,2.2,3.74
3926,Luis Torres Ortiz,Marketing,Comunicación de Marca,2026-01-11,3.7,3.7,4.0,3.8,4.5,3.9,3.4,4.9,3.2,3.5,3.76,5.2,6.4,4.7,6.3,5.9,5.67,8.0,5.9,4.9,6.9,6.7,6.5
3927,Raúl Martínez López,Marketing,Comunicación de Marca,2026-04-14,9.0,7.6,7.6,7.6,7.2,7.89,7.6,8.4,6.0,7.0,7.33,6.8,6.6,8.1,7.3,8.9,7.4,5.8,6.5,6.8,7.3,8.4,6.74
3928,Ximena Ortiz Morales,Ventas,Ventas Nacionales,2026-06-07,5.2,5.9,6.5,6.6,7.2,6.14,3.1,2.7,4.1,4.3,3.5,5.1,5.2,5.0,5.7,7.2,5.51,5.2,4.3,5.8,6.0,3.1,5.04
3929,Daniela Rodríguez Rodríguez,Operaciones,Producción,2026-08-22,6.7,9.5,8.9,9.9,8.3,8.56,5.9,8.0,7.6,6.7,6.96,7.6,6.5,9.1,7.9,9.5,7.95,9.3,9.8,8.6,7.1,10.0,8.91
3930,Mariana Rodríguez García,Finanzas,Contabilidad,2025-12-01,6.5,4.0,5.2,6.6,5.7,5.51,5.8,6.5,5.6,4.1,5.51,8.6,5.3,8.3,6.9,6.7,7.18,7.6,7.7,7.7,7.6,6.8,7.56
3931,Valeria Vázquez Pérez,Marketing,Investigación de Mercado,2025-10-02,9.5,10.0,9.5,9.6,8.9,9.55,7.8,7.7,8.4,9.9,8.42,7.5,8.9,8.7,10.0,9.7,8.8,10.0,7.2,8.2,10.0,8.1,8.75
3932,Ana López Ortiz,Marketing,Marketing Digital,2026-01-08,6.2,7.4,6.2,8.3,4.7,6.59,5.5,4.3,6.0,6.2,5.48,6.3,4.5,4.3,7.3,8.2,5.88,5.2,6.3,5.3,3.7,6.4,5.32
3933,Ricardo Rodríguez Romero,Finanzas,Auditoría Interna,2026-03-14,8.1,7.0,5.2,4.9,6.4,6.51,5.2,5.0,7.0,5.3,5.54,7.6,5.8,8.1,8.0,7.9,7.36,7.8,5.4,7.0,4.1,6.6,6.18
3934,José González Ortiz,Marketing,Comunicación de Marca,2026-07-22,9.1,9.4,7.9,8.9,10.0,9.04,7.8,7.7,7.9,10.0,8.34,10.0,8.7,10.0,8.6,10.0,9.46,6.3,6.1,6.5,7.1,6.9,6.51
3935,Andrea García Torres,Recursos Humanos,Nómina,2026-01-15,7.7,6.9,8.3,6.5,8.5,7.56,7.3,10.0,9.7,7.9,8.6,8.6,7.8,7.5,7.8,8.9,8.1,8.6,10.0,10.0,10.0,8.0,9.45
3936,Ana Vázquez Vázquez,Tecnología,Desarrollo,2026-06-26,7.2,3.8,5.2,5.4,5.0,5.35,5.3,6.2,6.9,5.4,5.87,5.1,5.5,4.7,6.0,3.3,4.99,3.5,4.2,4.8,1.5,4.1,3.6
3937,Mariana Flores Pérez,Finanzas,Auditoría Interna,2026-01-23,5.5,5.9,8.1,5.9,4.0,5.96,6.9,5.4,4.3,5.9,5.76,4.5,7.7,6.7,3.5,5.1,5.68,3.8,4.4,4.0,5.1,4.5,4.32
3938,Pedro Morales Reyes,Tecnología,Soporte Técnico,2026-05-21,9.2,8.9,9.7,9.7,9.7,9.38,9.6,8.4,8.7,7.8,8.67,7.3,9.1,7.3,7.4,5.4,7.48,7.5,6.4,7.7,7.2,7.3,7.18
3939,Ana Reyes Morales,Tecnología,Desarrollo,2025-10-26,2.1,3.9,4.1,3.1,4.1,3.4,6.0,5.2,6.5,6.5,6.02,4.6,4.0,3.4,5.9,4.5,4.39,4.6,5.4,5.0,4.5,4.8,4.88
3940,Miguel Vázquez López,Marketing,Marketing Digital,2025-10-01,10.0,10.0,10.0,10.0,7.5,9.62,10.0,10.0,9.7,7.4,9.29,8.4,8.7,7.8,9.9,7.8,8.49,10.0,10.0,10.0,8.9,10.0,9.78
3941,Francisco Romero Morales,Tecnología,Infraestructura,2026-06-14,3.6,4.7,6.2,4.4,8.6,5.26,5.4,5.5,7.0,6.0,5.9,5.5,5.0,5.2,5.9,3.9,5.14,6.1,4.2,5.8,6.1,6.3,5.58
3942,Juan Morales Rodríguez,Recursos Humanos,Nómina,2026-05-11,4.3,6.5,5.1,3.5,4.9,4.98,5.3,3.8,5.7,4.4,4.78,3.3,3.7,3.6,3.5,3.2,3.48,5.0,4.4,5.7,4.6,4.6,4.87
3943,Andrea Pérez Reyes,Finanzas,Auditoría Interna,2025-10-06,6.1,6.7,5.2,6.8,8.6,6.55,6.4,6.8,7.0,5.7,6.44,6.2,7.6,7.2,9.4,6.2,7.23,5.2,8.4,7.0,6.5,7.0,6.8
3944,Sofía Morales Morales,Ventas,Ventas Nacionales,2026-08-31,9.5,7.8,7.9,7.0,7.4,8.06,5.4,4.8,5.1,6.9,5.56,7.4,6.4,8.1,6.7,6.8,7.1,6.0,7.1,7.1,8.7,8.6,7.3
3945,Roberto Vázquez Gómez,Ventas,Ventas Internacionales,2026-03-03,5.1,5.4,7.3,7.4,4.6,5.88,7.4,6.8,6.1,7.7,7.06,7.3,6.6,6.9,8.5,6.6,7.12,6.7,7.5,6.9,9.3,6.6,7.45
3946,Gabriela Vázquez Gómez,Ventas,Atención a Clientes,2026-07-18,9.1,9.8,8.0,10.0,8.8,9.14,9.1,10.0,10.0,8.5,9.36,8.1,10.0,10.0,10.0,8.5,9.3,8.8,10.0,9.7,10.0,7.5,9.39
3947,Carlos Pérez Rodríguez,Recursos Humanos,Reclutamiento,2026-04-02,5.8,6.6,4.4,5.8,4.8,5.57,7.2,6.3,5.6,6.6,6.51,5.6,5.5,6.7,5.2,6.2,5.82,9.2,6.2,6.7,6.2,6.9,7.12
3948,Paola Torres García,Ventas,Ventas Nacionales,2026-08-27,4.3,5.3,4.2,3.4,5.3,4.54,2.9,5.5,5.1,4.2,4.32,5.4,4.3,2.7,5.4,3.9,4.36,6.0,4.9,7.7,4.6,4.6,5.64
3949,Ana Torres Ortiz,Finanzas,Contabilidad,2026-07-18,7.4,8.1,8.7,5.3,5.6,7.25,6.4,3.1,6.2,5.2,5.24,6.8,6.9,6.0,5.4,6.9,6.47,7.0,5.6,7.9,6.5,6.9,6.72
3950,Miguel Sánchez Morales,Operaciones,Logística,2026-04-13,8.4,7.3,9.2,8.2,8.9,8.33,9.2,7.4,9.1,7.9,8.4,7.4,10.0,9.5,8.1,7.2,8.54,8.2,6.8,10.0,9.7,8.4,8.53
3951,Paola Hernández Rodríguez,Marketing,Comunicación de Marca,2026-08-17,9.7,9.2,10.0,9.7,9.8,9.65,8.1,8.7,9.6,8.5,8.65,8.6,9.3,8.5,7.7,9.1,8.7,8.3,7.9,8.7,7.3,9.2,8.17
3952,Sergio Torres Ortiz,Finanzas,Contabilidad,2025-11-21,7.2,5.8,6.5,6.2,6.8,6.5,6.1,3.4,5.4,5.1,5.04,6.9,6.4,7.0,9.2,7.5,7.23,6.1,5.7,4.8,4.9,5.3,5.42
3953,Roberto Gómez González,Recursos Humanos,Reclutamiento,2026-02-09,10.0,8.9,8.0,7.1,6.9,8.42,9.6,8.7,8.2,10.0,9.2,10.0,9.6,9.0,8.9,9.6,9.48,9.4,9.4,5.8,8.9,8.2,8.46
3954,José López Romero,Tecnología,Desarrollo,2026-03-27,2.5,4.2,6.2,5.8,3.1,4.25,3.3,3.8,6.1,3.8,4.11,5.2,7.0,5.7,4.4,4.2,5.48,6.3,6.9,4.4,5.2,5.5,5.77
3955,Karla González Gómez,Finanzas,Auditoría Interna,2026-03-19,6.4,6.6,6.2,7.3,4.4,6.24,6.6,7.8,9.6,6.4,7.45,7.8,6.1,5.4,5.7,4.1,6.02,7.1,6.2,6.2,5.2,4.7,6.08
3956,Miguel Morales González,Recursos Humanos,Capacitación,2025-11-05,7.4,6.8,7.3,9.5,8.2,7.66,9.3,9.3,10.0,7.7,9.04,9.7,10.0,10.0,7.8,9.9,9.58,10.0,10.0,10.0,10.0,10.0,10.0
3957,Juan Pérez González,Tecnología,Infraestructura,2025-11-03,6.6,6.6,7.1,4.7,6.9,6.46,4.7,7.0,7.8,8.2,6.77,7.7,10.0,7.0,8.6,7.9,8.3,4.8,7.2,5.6,4.9,9.4,6.04
3958,Andrea García González,Marketing,Marketing Digital,2026-08-21,6.4,3.9,3.2,4.9,2.2,4.28,4.3,1.1,3.3,5.5,3.6,3.6,3.0,5.7,3.9,3.8,3.94,3.1,3.8,2.3,2.6,2.5,2.96
3959,Andrea Ramírez Reyes,Finanzas,Tesorería,2025-12-31,6.0,6.0,7.0,6.0,7.7,6.46,5.3,3.1,4.5,3.0,4.01,5.4,5.2,6.6,4.8,4.3,5.34,7.2,5.2,6.7,4.3,7.6,6.06
3960,Roberto Romero Ortiz,Recursos Humanos,Nómina,2026-03-20,3.0,7.0,6.3,5.3,6.3,5.5,7.5,7.5,6.8,7.5,7.36,6.2,7.2,6.5,8.0,6.6,6.84,7.5,7.3,5.8,8.9,9.4,7.58
3961,Carlos Jiménez Reyes,Finanzas,Auditoría Interna,2025-11-26,2.6,3.5,3.4,2.9,2.7,3.04,3.2,1.1,3.8,3.2,2.8,4.6,1.7,4.1,2.9,3.8,3.4,2.3,3.2,4.1,1.3,3.7,2.82
3962,Alejandro Vázquez López,Finanzas,Tesorería,2025-11-24,3.5,3.7,3.0,2.9,3.1,3.3,6.9,4.7,6.2,5.7,5.91,5.8,7.0,4.0,5.9,6.4,5.84,2.6,6.8,5.8,2.7,2.9,4.34
3963,Jorge Ortiz Gómez,Tecnología,Desarrollo,2025-12-23,8.8,6.5,7.2,8.9,8.4,7.86,8.2,7.8,9.0,7.1,7.98,7.7,8.0,7.8,6.7,8.7,7.79,6.6,8.7,9.5,6.8,6.2,7.7
3964,José Flores Pérez,Operaciones,Logística,2026-01-04,3.1,3.6,2.9,4.9,3.0,3.44,2.9,4.3,4.6,5.2,4.16,4.2,1.4,3.2,2.5,4.3,3.06,3.6,3.4,4.1,2.1,2.5,3.24
3965,Luis Martínez Rodríguez,Finanzas,Tesorería,2026-06-22,3.1,5.3,3.7,2.4,5.9,4.08,6.5,7.2,3.6,7.8,6.42,7.0,5.7,3.5,5.6,4.2,5.34,7.3,6.1,6.1,5.8,4.5,6.18
3966,Roberto Rodríguez Ramírez,Finanzas,Tesorería,2025-10-31,10.0,7.8,8.4,9.8,8.4,8.86,9.8,8.6,9.8,9.9,9.52,10.0,7.7,6.6,7.9,9.0,8.28,6.1,8.0,8.2,7.1,6.5,7.24
3967,Gabriela Jiménez Castillo,Ventas,Ventas Nacionales,2025-12-26,8.5,8.5,7.2,8.6,7.0,8.03,8.5,7.4,8.0,8.6,8.15,7.4,8.3,9.7,6.6,8.6,8.14,9.2,6.5,8.9,8.3,6.4,8.01
3968,Daniela González Flores,Tecnología,Desarrollo,2026-05-31,6.5,6.4,5.1,6.5,8.1,6.44,6.1,4.6,7.6,7.5,6.38,7.1,3.5,6.3,7.9,5.9,5.98,7.4,6.5,8.4,6.8,7.0,7.22
3969,Diego Flores Ortiz,Tecnología,Soporte Técnico,2026-06-15,6.9,4.8,3.3,5.6,4.5,5.1,7.0,9.5,5.8,4.1,6.66,6.5,5.2,5.6,3.9,3.5,5.16,3.5,5.7,5.3,5.6,7.0,5.18
3970,José Rodríguez Cruz,Recursos Humanos,Reclutamiento,2026-03-09,1.2,3.7,2.6,2.6,1.1,2.3,2.3,1.9,3.7,2.5,2.53,1.1,2.1,0.9,2.1,0.8,1.42,2.4,2.5,1.2,1.5,0.4,1.81
3971,Laura Reyes Ortiz,Finanzas,Tesorería,2026-05-05,7.2,7.4,7.3,6.0,8.7,7.32,7.2,8.4,6.8,8.1,7.64,4.5,4.7,6.6,5.0,7.1,5.44,7.6,6.7,6.0,9.5,6.4,7.32
3972,Andrea Martínez Martínez,Marketing,Marketing Digital,2026-01-03,2.9,2.8,3.7,3.4,3.1,3.14,4.5,1.7,4.2,3.9,3.59,6.2,3.0,3.3,6.1,5.3,4.67,4.0,3.2,4.2,2.3,3.4,3.44
3973,Fernanda Jiménez Sánchez,Finanzas,Contabilidad,2026-04-12,3.0,0.4,1.8,3.9,1.3,1.99,3.2,3.2,3.6,3.6,3.38,2.4,3.4,4.4,3.5,3.2,3.34,2.5,2.5,2.6,0.3,1.4,1.97
3974,Miguel Gómez García,Tecnología,Desarrollo,2026-07-08,2.8,4.5,4.7,2.4,4.1,3.74,3.7,2.6,1.3,2.4,2.62,5.1,4.4,6.8,4.5,3.6,4.95,5.4,3.5,3.9,4.6,4.2,4.34
3975,Juan Hernández Romero,Ventas,Ventas Internacionales,2026-04-16,6.1,6.8,5.7,5.3,5.9,6.04,5.7,6.2,7.1,4.9,5.9,4.3,6.7,4.1,5.5,5.7,5.25,5.0,3.8,4.8,3.5,5.6,4.42
3976,Paola Hernández Sánchez,Tecnología,Desarrollo,2025-11-14,6.3,2.3,5.4,2.6,3.3,4.12,3.7,4.2,4.2,4.0,4.0,4.5,4.9,3.4,4.5,6.3,4.65,4.6,6.8,6.2,3.3,2.8,5.03
3977,Ximena Jiménez González,Ventas,Ventas Internacionales,2025-11-08,5.2,4.8,4.9,5.6,2.6,4.71,5.2,4.0,4.7,6.3,5.08,2.2,3.7,4.3,4.2,4.6,3.66,3.6,4.1,6.5,6.2,4.0,4.86
3978,Carlos Martínez Vázquez,Finanzas,Auditoría Interna,2026-05-17,5.1,10.0,6.6,7.4,7.5,7.33,7.2,6.5,9.5,6.0,7.18,6.6,6.5,8.5,7.7,6.5,7.1,10.0,10.0,10.0,10.0,10.0,10.0
3979,Ana Pérez Sánchez,Recursos Humanos,Nómina,2025-11-21,3.3,3.0,4.5,1.9,2.2,3.09,4.1,3.8,2.9,3.9,3.74,2.3,4.2,2.9,5.3,3.2,3.48,3.0,2.2,3.5,3.4,3.3,3.01
3980,Karla Reyes Vázquez,Finanzas,Auditoría Interna,2026-08-04,7.8,10.0,6.9,6.3,6.9,7.81,7.7,7.7,5.7,6.2,6.92,10.0,9.7,7.2,6.9,6.3,8.35,8.5,8.0,9.0,6.6,7.6,8.01
3981,Miguel Ramírez Ramírez,Tecnología,Infraestructura,2025-09-13,6.2,4.3,4.4,5.3,4.4,4.96,4.6,2.7,2.7,4.3,3.67,4.9,6.9,8.1,8.0,8.8,7.09,5.5,5.7,4.0,3.9,4.0,4.78
3982,José Torres Rodríguez,Operaciones,Control de Calidad,2025-12-02,8.5,6.2,7.9,7.2,5.7,7.19,5.5,7.0,6.0,5.2,5.9,8.2,7.9,9.3,7.6,7.5,8.15,6.6,5.3,8.3,8.0,5.4,6.78
3983,Paola Romero Hernández,Operaciones,Control de Calidad,2026-08-24,5.8,3.4,5.7,2.0,3.9,4.32,3.8,3.3,5.3,3.8,3.97,4.1,2.2,4.7,6.1,5.7,4.28,3.8,3.0,3.7,1.4,1.5,2.87
3984,Ximena Jiménez González,Finanzas,Contabilidad,2025-12-24,3.6,2.3,3.9,2.9,3.0,3.14,2.7,3.6,3.9,4.8,3.69,0.5,4.1,3.3,2.4,3.5,2.7,4.1,3.7,6.2,5.2,3.9,4.62
3985,Roberto Vázquez Ramírez,Ventas,Ventas Internacionales,2026-03-11,9.8,8.7,9.4,10.0,9.6,9.44,9.1,10.0,8.9,9.7,9.44,10.0,10.0,10.0,10.0,10.0,10.0,7.8,7.7,8.9,8.3,9.3,8.25
3986,Daniela Ortiz Hernández,Finanzas,Auditoría Interna,2025-10-20,6.0,6.9,8.9,8.5,8.2,7.51,5.0,10.0,8.8,7.0,7.51,8.4,5.6,2.5,6.3,4.8,5.66,7.1,8.7,6.0,6.4,7.9,7.22
3987,María Jiménez Castillo,Operaciones,Control de Calidad,2026-06-12,2.3,3.0,3.3,3.8,1.8,2.82,3.8,4.3,3.7,2.7,3.63,2.8,3.9,2.9,5.8,2.6,3.52,3.1,3.3,3.6,3.9,4.4,3.54
3988,Diego López Rodríguez,Tecnología,Soporte Técnico,2025-10-17,4.5,3.2,4.2,3.5,3.7,3.84,5.4,2.8,3.2,5.5,4.34,6.2,4.4,4.1,3.8,2.9,4.47,5.2,4.7,7.3,5.1,5.1,5.46
3989,Sofía Ortiz Reyes,Recursos Humanos,Reclutamiento,2025-10-25,5.6,6.6,6.6,8.2,7.0,6.65,5.7,5.5,6.9,4.6,5.62,8.2,5.7,8.6,4.9,6.0,6.83,6.5,6.5,4.8,6.3,4.9,5.96
3990,Daniela Reyes Jiménez,Ventas,Ventas Nacionales,2026-05-29,2.3,4.9,4.6,3.0,1.5,3.4,3.0,3.9,2.7,3.5,3.29,1.9,2.6,3.6,3.0,2.6,2.68,2.8,5.0,2.2,2.0,0.7,2.86
3991,Valeria Ramírez Morales,Ventas,Ventas Internacionales,2026-04-03,6.8,7.3,5.0,2.8,5.0,5.7,7.1,5.4,5.9,5.8,6.11,4.8,5.2,8.3,7.6,6.2,6.23,4.7,5.4,5.6,4.8,5.7,5.18
3992,José Cruz Ramírez,Ventas,Atención a Clientes,2026-01-16,5.0,5.5,4.4,7.3,5.7,5.46,5.4,6.3,7.2,4.3,5.71,4.8,5.2,5.4,7.0,5.7,5.48,2.1,3.5,5.6,5.7,4.4,4.1
3993,Diego Romero Romero,Recursos Humanos,Capacitación,2026-06-12,5.8,5.9,7.5,5.9,5.3,6.1,5.1,7.0,6.0,4.5,5.6,6.0,6.0,5.3,4.2,3.0,5.14,4.2,5.0,3.6,6.8,5.3,4.91
3994,Paola Reyes López,Ventas,Ventas Nacionales,2025-09-08,6.3,5.4,6.3,7.5,6.4,6.27,8.1,6.1,7.2,6.5,7.02,4.4,6.0,5.6,7.8,5.3,5.68,6.8,7.9,6.5,7.4,6.6,7.12
3995,Paola Jiménez Jiménez,Tecnología,Infraestructura,2026-06-30,6.2,6.1,6.9,5.8,5.8,6.2,8.5,9.6,6.5,7.1,8.02,6.8,7.1,4.6,6.7,7.5,6.52,8.3,6.9,4.1,6.8,5.4,6.52
3996,Raúl Flores Castillo,Ventas,Ventas Internacionales,2026-06-11,6.8,7.6,9.2,8.0,8.0,7.84,8.8,8.7,7.5,8.8,8.52,6.6,5.3,5.2,7.5,8.0,6.34,5.8,5.2,6.0,6.6,6.8,5.95
3997,Ximena Morales Martínez,Recursos Humanos,Capacitación,2026-03-09,3.3,5.0,5.7,5.4,6.1,4.94,5.3,5.8,5.3,4.7,5.28,5.9,5.2,6.2,5.4,8.4,6.09,6.9,7.0,5.9,4.0,5.1,5.96
3998,Jorge Vázquez Morales,Finanzas,Auditoría Interna,2026-03-19,6.8,5.8,4.8,5.5,6.5,5.91,6.5,5.9,6.9,7.0,6.56,5.6,5.7,6.0,5.3,5.8,5.69,9.1,8.9,6.4,9.0,7.8,8.36
3999,Raúl Ortiz Martínez,Operaciones,Producción,2026-08-20,3.6,4.2,5.1,3.7,5.7,4.38,6.8,5.9,6.4,4.4,5.9,6.1,7.3,5.6,4.9,6.2,6.14,5.9,5.1,4.9,5.9,5.9,5.5
4000,Pedro Ramírez Ortiz,Marketing,Investigación de Mercado,2025-10-10,4.9,3.7,6.7,5.3,5.3,5.08,5.1,5.0,5.8,6.0,5.44,5.0,3.3,2.3,4.9,6.1,4.18,4.3,4.2,3.6,4.6,6.5,4.42
4001,Diego Flores Martínez,Operaciones,Control de Calidad,2026-06-12,3.6,6.2,4.7,3.4,2.8,4.32,4.2,2.6,3.5,3.0,3.36,5.7,5.9,4.6,5.0,2.2,4.9,4.0,3.2,2.4,2.6,1.1,2.91
4002,Ana Morales Morales,Recursos Humanos,Capacitación,2026-08-01,8.1,8.5,6.7,6.2,7.2,7.5,6.2,9.8,7.2,7.4,7.6,7.2,10.0,6.7,9.1,7.4,8.12,7.5,8.1,7.6,9.1,9.1,8.15
4003,Andrea Hernández Rodríguez,Recursos Humanos,Capacitación,2026-03-02,7.8,7.0,7.8,7.7,6.1,7.33,8.9,9.3,7.3,9.4,8.8,9.1,10.0,9.2,8.5,9.7,9.35,9.2,6.9,7.2,6.9,7.2,7.56
4004,José López Flores,Tecnología,Soporte Técnico,2025-10-04,6.2,3.6,4.1,6.7,6.5,5.25,5.0,3.6,4.5,5.7,4.72,7.4,6.1,5.8,7.2,6.4,6.58,5.5,7.1,5.6,4.8,4.5,5.68
4005,Karla Jiménez Romero,Tecnología,Infraestructura,2026-09-07,4.9,2.8,4.4,4.6,7.0,4.54,6.9,9.0,5.7,7.3,7.29,5.0,5.6,7.1,6.6,7.3,6.16,6.2,7.1,4.5,7.4,6.5,6.36
4006,Mariana Ramírez Vázquez,Tecnología,Desarrollo,2026-03-13,9.1,10.0,8.9,8.5,9.2,9.21,8.4,9.9,8.4,9.9,9.15,10.0,8.7,7.4,7.5,9.5,8.7,8.9,8.3,9.2,10.0,7.2,8.86
4007,Juan Gómez Ramírez,Marketing,Marketing Digital,2025-10-10,9.5,8.9,9.1,7.2,10.0,9.0,6.9,7.4,8.0,9.6,7.92,7.3,7.4,9.1,8.5,6.8,7.79,9.7,8.1,8.2,8.2,7.1,8.44
4008,Gabriela Romero Torres,Marketing,Comunicación de Marca,2025-10-17,7.8,6.9,4.8,4.6,7.3,6.42,5.5,7.2,6.7,8.3,6.86,7.6,6.9,6.5,5.1,6.7,6.69,8.9,8.9,7.3,9.3,6.9,8.46
4009,Camila García Hernández,Finanzas,Tesorería,2026-07-07,3.8,2.5,3.8,2.1,3.8,3.22,4.8,2.2,3.5,2.3,3.26,3.3,1.5,3.0,3.4,2.6,2.7,5.2,5.1,4.3,6.0,6.8,5.32
4010,Karla Rodríguez López,Tecnología,Desarrollo,2026-01-24,4.7,5.4,6.3,6.8,6.4,5.76,6.1,7.4,8.2,7.1,7.09,5.6,6.0,5.5,4.9,6.8,5.76,5.0,4.3,6.8,6.0,4.6,5.35
4011,Francisco Martínez Romero,Finanzas,Tesorería,2025-11-06,2.6,2.0,2.1,0.4,3.4,2.14,1.7,3.8,1.4,4.1,2.76,6.3,2.9,3.9,4.8,5.0,4.55,2.9,2.4,2.4,3.5,2.5,2.76
4012,Luis Cruz Ortiz,Tecnología,Desarrollo,2026-01-05,5.9,6.4,3.7,6.6,4.6,5.5,5.6,4.1,4.1,4.6,4.68,6.5,5.3,7.6,7.0,7.1,6.59,6.1,7.3,8.9,9.2,8.3,7.8
4013,Diego Torres Torres,Operaciones,Producción,2026-01-11,4.2,6.5,6.5,6.1,6.7,5.9,4.0,3.8,4.2,6.3,4.57,4.8,4.7,6.1,7.1,6.4,5.62,6.6,4.6,7.5,5.6,4.5,5.87
4014,Raúl Flores Romero,Tecnología,Desarrollo,2025-11-29,3.9,4.9,8.0,6.6,6.6,5.78,6.2,5.5,5.9,5.6,5.82,4.5,5.9,6.8,5.6,6.5,5.78,5.7,8.2,6.1,4.3,5.8,6.14
4015,Diego Gómez Torres,Recursos Humanos,Capacitación,2026-03-26,3.5,2.5,4.0,4.8,2.0,3.32,6.3,5.2,5.4,3.0,5.02,6.6,6.4,5.6,5.6,7.8,6.38,3.5,2.6,4.5,2.3,3.9,3.28
4016,Ana Reyes Gómez,Marketing,Comunicación de Marca,2026-08-14,4.2,4.1,4.2,4.1,6.3,4.47,5.1,6.7,4.0,6.7,5.68,6.1,4.5,5.3,4.7,5.3,5.21,8.7,9.5,7.9,6.7,7.3,8.2
4017,Ana Ortiz López,Operaciones,Logística,2026-01-17,5.0,3.4,4.9,6.5,6.5,5.03,5.8,5.2,4.9,3.8,4.97,5.1,7.0,5.4,5.0,5.7,5.71,6.4,4.1,5.7,6.1,6.3,5.62
4018,Pedro Vázquez Hernández,Recursos Humanos,Nómina,2026-01-21,7.1,5.2,6.7,7.8,7.3,6.68,5.7,6.0,5.9,3.0,5.14,7.6,5.2,4.5,5.9,6.4,5.94,5.5,6.7,4.1,6.3,8.1,5.94
4019,Francisco López Morales,Ventas,Ventas Nacionales,2025-11-01,1.2,2.1,2.5,3.7,2.7,2.28,6.1,3.6,4.9,7.9,5.68,3.4,3.5,6.2,4.1,4.6,4.27,2.3,3.3,0.0,3.9,0.8,2.26
4020,Camila González Hernández,Ventas,Ventas Internacionales,2025-10-05,5.5,7.4,7.8,6.3,6.0,6.63,6.5,3.7,5.5,4.7,5.15,4.8,6.7,5.4,8.0,6.1,6.07,6.4,6.1,6.5,7.3,6.0,6.48
4021,Fernanda Ramírez García,Ventas,Atención a Clientes,2026-05-07,6.8,9.3,6.5,5.5,6.3,7.1,6.8,5.5,8.1,8.1,7.06,8.4,6.7,6.4,8.7,10.0,7.86,8.2,8.0,10.0,9.0,10.0,8.85
4022,Ricardo Pérez López,Tecnología,Infraestructura,2025-09-24,6.4,6.5,7.2,6.9,6.9,6.74,3.4,5.4,5.4,4.6,4.6,7.0,6.7,6.1,8.8,9.0,7.32,7.8,7.7,8.0,7.5,9.9,7.96
4023,Sofía García Castillo,Marketing,Marketing Digital,2026-09-04,7.3,7.4,6.8,7.5,8.1,7.38,6.8,6.8,8.6,7.2,7.26,5.5,6.5,5.6,8.1,7.8,6.5,8.0,8.4,8.6,7.6,9.1,8.25
4024,Ximena Ramírez Gómez,Operaciones,Logística,2025-09-19,4.0,2.8,5.2,2.7,5.4,3.96,5.2,5.6,6.1,5.0,5.43,4.8,4.9,4.4,6.3,6.4,5.21,6.0,7.7,6.5,5.9,6.3,6.53
4025,Ricardo Castillo Hernández,Ventas,Atención a Clientes,2026-07-19,6.4,9.2,6.6,8.9,10.0,8.06,9.9,9.6,8.6,7.7,9.02,8.7,7.3,8.5,8.3,6.4,7.9,9.0,6.7,8.1,8.1,9.0,8.06
4026,Sofía Torres González,Marketing,Comunicación de Marca,2026-01-15,3.4,5.2,5.8,3.4,5.9,4.7,9.9,9.2,7.1,9.5,9.06,6.9,5.4,4.9,7.2,8.0,6.34,5.8,6.2,8.3,5.7,7.0,6.5
4027,Mariana Cruz Cruz,Ventas,Ventas Internacionales,2026-01-01,2.9,2.4,3.4,4.5,2.4,3.04,1.3,0.0,2.5,5.0,2.14,3.5,4.2,4.8,3.7,5.6,4.28,4.3,7.0,4.3,3.0,5.9,4.88
4028,Ricardo Vázquez García,Recursos Humanos,Reclutamiento,2026-01-19,0.0,1.8,2.0,1.8,1.2,1.3,4.0,5.5,1.5,2.7,3.55,1.8,3.3,2.1,2.1,0.0,2.01,1.8,2.7,3.4,2.3,2.4,2.5
4029,Gabriela Vázquez Ortiz,Operaciones,Producción,2025-09-11,3.2,6.0,5.4,4.6,4.2,4.7,3.9,5.2,3.6,2.8,3.89,4.4,5.0,3.6,3.4,5.0,4.33,4.3,6.2,5.5,5.9,5.3,5.44
4030,Ximena Vázquez Rodríguez,Marketing,Investigación de Mercado,2026-02-18,9.4,7.1,6.3,8.9,10.0,8.22,7.5,8.7,8.0,7.3,7.85,10.0,9.0,9.2,9.4,10.0,9.5,9.0,9.6,8.8,8.6,9.3,9.06
4031,Paola Ramírez Ortiz,Tecnología,Soporte Técnico,2026-07-22,8.7,7.8,7.7,7.2,6.7,7.75,3.2,4.6,4.7,3.8,4.0,8.0,6.3,5.0,6.5,6.3,6.5,5.5,6.6,8.0,5.8,5.9,6.38
4032,Jorge Morales Martínez,Finanzas,Contabilidad,2026-01-29,9.5,9.6,10.0,10.0,9.9,9.76,9.9,9.2,8.2,9.6,9.31,8.2,9.5,9.2,6.3,9.4,8.62,6.8,8.8,7.6,8.9,8.8,8.08
4033,Miguel Pérez Cruz,Recursos Humanos,Reclutamiento,2026-05-24,9.8,10.0,8.6,9.6,10.0,9.61,7.7,9.5,8.1,7.9,8.28,8.2,8.8,6.8,7.4,8.1,7.94,8.7,8.6,8.4,8.7,9.3,8.67
4034,Diego Torres Cruz,Finanzas,Auditoría Interna,2026-01-27,8.2,9.5,7.4,8.9,7.0,8.29,9.0,6.5,7.3,9.9,8.26,9.5,9.8,10.0,9.5,10.0,9.75,6.5,8.3,9.3,8.1,8.6,8.04
4035,Luis Rodríguez Martínez,Operaciones,Logística,2026-04-22,4.2,8.5,7.6,5.4,7.1,6.57,6.1,7.4,6.4,7.0,6.71,6.3,7.4,5.2,7.3,7.6,6.7,9.2,6.9,5.8,7.8,9.2,7.67
4036,Mariana Vázquez González,Operaciones,Control de Calidad,2026-08-23,7.2,4.7,7.2,6.1,6.2,6.26,7.6,8.5,6.5,7.7,7.63,6.4,5.7,5.5,3.9,6.2,5.64,6.9,6.5,5.8,4.4,5.7,5.96
4037,Sofía García Ramírez,Marketing,Investigación de Mercado,2026-01-18,8.2,7.3,8.0,8.8,7.9,7.98,6.3,7.8,8.3,7.4,7.35,8.1,7.4,6.4,7.5,5.9,7.16,6.6,8.3,6.3,7.1,4.8,6.88
4038,José Castillo López,Marketing,Investigación de Mercado,2026-08-06,5.6,1.8,4.7,3.2,3.6,3.81,4.3,3.7,2.7,3.1,3.53,2.9,4.0,5.1,7.9,3.4,4.44,4.5,4.9,2.0,2.6,4.5,3.72
4039,Roberto Morales González,Finanzas,Auditoría Interna,2026-05-11,5.9,7.8,4.7,6.7,3.3,5.86,4.8,3.1,5.3,4.3,4.35,5.2,6.5,5.0,7.7,4.0,5.68,10.0,4.9,6.9,8.9,5.5,7.44
4040,Sergio López Gómez,Ventas,Ventas Nacionales,2026-01-24,8.3,10.0,9.0,8.5,8.5,8.93,10.0,10.0,9.9,10.0,9.98,7.3,7.3,9.3,6.6,7.9,7.68,10.0,10.0,10.0,10.0,10.0,10.0
4041,Francisco Reyes Gómez,Finanzas,Auditoría Interna,2025-10-21,7.8,7.4,7.0,8.7,4.7,7.21,7.0,7.8,8.5,6.8,7.45,3.1,5.4,7.2,5.2,5.4,5.16,6.2,6.5,4.7,5.5,5.5,5.76
4042,Fernanda Pérez Hernández,Finanzas,Contabilidad,2026-05-16,6.4,5.4,5.8,6.2,8.0,6.24,7.8,8.1,9.1,8.3,8.26,9.3,7.4,5.5,7.4,7.0,7.44,7.8,6.7,6.9,5.8,5.5,6.72
4043,Camila Cruz Ortiz,Finanzas,Tesorería,2026-05-22,10.0,9.7,9.5,7.7,10.0,9.48,8.0,8.2,7.2,6.8,7.59,7.3,8.1,6.5,8.5,8.4,7.68,6.4,5.5,6.0,7.4,7.0,6.36
4044,Daniela Romero Gómez,Tecnología,Soporte Técnico,2026-05-20,6.4,6.5,7.0,8.4,4.8,6.6,10.0,6.9,7.4,10.0,8.7,8.2,7.4,6.5,8.1,6.6,7.4,5.7,5.6,5.6,6.2,7.5,5.94
4045,Miguel Flores Vázquez,Finanzas,Tesorería,2026-02-10,7.5,7.2,6.7,6.0,6.1,6.83,5.3,8.4,7.0,6.9,6.82,5.5,8.0,6.7,7.9,5.8,6.77,5.7,6.3,5.1,5.3,7.0,5.78
4046,Carlos García Pérez,Ventas,Ventas Nacionales,2026-06-29,7.8,8.9,8.7,9.8,7.5,8.51,6.6,10.0,6.4,7.6,7.66,9.9,8.8,8.4,8.2,8.5,8.86,7.8,7.7,9.0,7.5,9.4,8.12
4047,Alejandro López Sánchez,Recursos Humanos,Nómina,2026-02-27,6.4,4.2,5.1,7.5,6.6,5.78,4.6,4.6,3.6,5.1,4.53,6.9,5.6,5.1,6.3,5.9,5.98,5.4,9.0,8.3,7.0,6.0,7.26
4048,Camila Martínez Martínez,Tecnología,Desarrollo,2025-11-19,5.5,5.0,5.1,8.1,4.9,5.6,3.8,6.7,6.2,3.8,5.0,3.6,5.7,6.1,4.7,3.7,4.8,4.4,4.0,6.4,5.0,4.7,4.85
4049,Fernanda García García,Finanzas,Tesorería,2026-08-09,8.6,8.6,6.0,6.3,5.8,7.32,4.2,5.7,5.2,4.4,4.82,4.5,2.5,4.9,4.5,6.4,4.36,3.3,4.7,4.2,4.9,4.4,4.26
4050,Laura López Ortiz,Ventas,Ventas Internacionales,2025-09-21,6.6,5.9,5.9,6.0,4.4,5.86,3.4,2.9,1.9,4.0,3.12,8.1,5.8,4.3,8.0,5.8,6.4,4.3,3.1,5.5,6.1,4.8,4.65
4051,Ana Rodríguez Torres,Finanzas,Tesorería,2026-02-25,4.2,6.8,7.2,4.4,7.1,5.92,6.4,8.3,6.8,6.6,7.01,6.3,8.8,5.3,5.2,5.6,6.46,4.8,4.2,6.8,5.3,5.9,5.26
4052,Karla Jiménez Ramírez,Tecnología,Soporte Técnico,2026-01-21,3.3,3.3,3.0,2.8,1.5,2.9,5.1,3.2,4.5,3.9,4.2,5.2,4.3,5.6,5.2,5.3,5.07,3.7,1.8,2.9,1.9,1.5,2.48
4053,Pedro Martínez López,Ventas,Atención a Clientes,2026-01-25,6.6,5.7,8.0,5.4,8.9,6.82,7.5,7.1,5.7,6.6,6.82,5.0,3.8,4.8,3.3,6.1,4.57,7.2,3.7,4.6,7.7,5.6,5.74
4054,Mariana Martínez Hernández,Tecnología,Infraestructura,2025-09-27,5.1,5.6,6.9,5.4,7.2,5.94,4.6,7.6,5.1,5.0,5.55,7.0,6.0,5.9,5.4,8.1,6.46,6.8,6.9,8.2,6.0,7.0,6.96
4055,Luis García López,Ventas,Ventas Nacionales,2026-01-08,3.4,4.1,4.0,4.0,7.3,4.37,4.7,4.4,4.4,6.7,5.06,4.1,2.1,1.2,2.0,4.3,2.74,2.0,1.9,2.5,3.7,2.3,2.45
4056,Alejandro Jiménez Martínez,Ventas,Ventas Internacionales,2025-10-20,5.6,2.3,5.0,5.7,5.5,4.65,4.4,5.5,4.8,5.7,5.08,7.0,7.4,7.9,6.3,5.8,7.0,9.4,5.8,6.9,6.9,7.1,7.27
4057,Raúl Martínez Jiménez,Tecnología,Soporte Técnico,2026-05-26,6.0,7.9,8.4,6.5,8.8,7.45,7.4,6.5,7.4,7.0,7.08,9.0,9.2,8.8,7.4,9.5,8.85,5.8,6.4,5.8,6.1,7.7,6.2
4058,Sergio Rodríguez Flores,Recursos Humanos,Capacitación,2026-06-20,6.7,7.9,5.4,6.6,7.1,6.78,6.6,5.2,7.2,5.8,6.17,6.9,7.2,7.1,5.9,8.4,7.09,6.2,6.4,8.6,7.6,5.2,6.91
4059,Ana González Gómez,Ventas,Atención a Clientes,2026-01-16,5.7,5.5,6.0,6.7,5.7,5.86,9.5,7.0,7.9,8.0,8.18,5.1,7.5,7.4,4.5,7.5,6.43,6.2,6.2,8.0,7.9,7.0,6.98
4060,Daniela García Torres,Marketing,Investigación de Mercado,2026-07-13,5.4,5.5,7.4,5.3,5.5,5.82,6.0,5.3,6.0,5.5,5.7,5.7,3.6,3.7,4.0,3.3,4.16,6.1,4.6,5.4,3.8,3.0,4.81
4061,Valeria Martínez Martínez,Operaciones,Producción,2026-07-29,6.7,7.3,6.4,4.9,6.1,6.43,3.6,6.0,3.4,6.3,4.84,6.5,6.8,7.6,5.4,5.6,6.5,6.4,7.7,8.4,4.9,5.9,6.78
4062,Ana Martínez Reyes,Tecnología,Desarrollo,2026-06-22,10.0,8.7,10.0,9.8,10.0,9.64,9.7,7.7,9.5,8.8,8.94,9.6,9.3,8.4,8.1,7.5,8.74,10.0,9.3,8.5,9.3,10.0,9.39
4063,Ana Reyes Hernández,Ventas,Ventas Internacionales,2026-06-01,4.8,5.1,5.1,6.2,4.7,5.13,7.0,4.9,5.3,5.3,5.71,8.2,5.7,7.2,7.5,6.9,7.08,4.4,5.4,7.7,8.0,5.7,6.16
4064,Ximena Torres Ramírez,Tecnología,Soporte Técnico,2026-08-03,8.9,10.0,8.6,8.1,9.5,9.08,10.0,10.0,10.0,8.8,9.7,9.3,10.0,9.5,10.0,9.4,9.64,9.6,10.0,10.0,10.0,10.0,9.9
4065,Ricardo Martínez Martínez,Operaciones,Producción,2025-12-16,4.9,5.5,3.3,4.9,4.4,4.66,5.2,6.4,4.7,7.5,5.98,5.1,5.3,6.8,5.9,6.2,5.78,5.2,4.2,4.4,3.8,2.5,4.24
4066,Andrea García Reyes,Finanzas,Auditoría Interna,2026-02-07,3.9,4.9,5.0,5.3,4.3,4.64,4.2,4.2,5.1,2.9,4.06,3.8,3.3,1.3,3.7,4.4,3.25,7.7,6.3,4.4,5.1,4.7,5.87
4067,Jorge López Rodríguez,Marketing,Marketing Digital,2026-06-26,4.6,7.3,7.6,6.3,4.7,6.14,5.4,5.2,4.5,6.2,5.37,6.6,2.9,3.4,5.5,5.9,4.76,7.4,5.8,3.6,6.7,6.1,5.97
4068,Andrea Torres Hernández,Operaciones,Logística,2026-05-27,8.1,8.3,8.8,5.5,8.0,7.88,8.0,5.1,6.5,5.4,6.32,6.1,7.0,6.4,8.2,7.9,6.97,7.0,7.3,5.6,7.0,7.1,6.81
4069,Andrea Ortiz Pérez,Ventas,Ventas Internacionales,2025-10-03,10.0,8.0,9.9,9.3,8.2,9.1,9.3,9.2,9.6,9.5,9.38,6.4,5.7,5.1,5.4,6.5,5.83,6.3,5.6,7.2,6.2,7.8,6.44
4070,Mariana Torres Cruz,Finanzas,Contabilidad,2025-10-09,5.6,3.0,5.8,3.2,3.5,4.31,7.6,7.0,6.1,7.1,7.02,3.9,8.0,6.6,6.7,3.6,5.84,4.1,3.5,4.0,3.3,4.5,3.81
4071,Pedro Romero González,Finanzas,Auditoría Interna,2026-07-25,6.8,7.1,8.9,4.8,5.8,6.84,5.4,6.5,6.6,5.3,5.89,7.8,6.2,3.9,5.8,5.3,5.94,7.2,5.7,9.1,4.6,7.3,6.7
4072,Ximena García López,Operaciones,Control de Calidad,2026-01-27,5.5,7.7,5.2,5.4,7.2,6.23,6.6,6.2,7.0,6.0,6.43,7.7,6.3,7.8,6.5,7.8,7.2,8.7,6.4,8.8,7.9,8.0,7.92
4073,José Ramírez Castillo,Operaciones,Producción,2026-05-13,10.0,8.8,9.4,9.0,9.9,9.41,7.7,6.2,7.0,10.0,7.76,8.9,10.0,9.5,10.0,9.4,9.54,8.6,9.3,9.4,10.0,7.2,9.08
4074,Alejandro Reyes Martínez,Finanzas,Tesorería,2026-04-29,8.5,9.8,6.9,6.9,7.7,8.14,9.1,9.9,9.5,8.6,9.26,9.8,7.4,6.5,6.4,6.8,7.58,5.4,5.9,6.0,3.3,5.6,5.24
4075,Diego Ramírez Flores,Marketing,Marketing Digital,2026-02-01,3.1,3.8,3.9,0.7,3.4,3.12,6.1,4.6,6.0,5.6,5.58,2.7,4.7,5.4,3.0,2.1,3.7,4.5,2.2,3.6,2.2,2.2,3.06
4076,Sofía González Romero,Marketing,Investigación de Mercado,2025-09-13,5.8,5.6,4.1,5.1,6.3,5.38,4.7,5.7,3.8,2.7,4.27,5.1,6.6,3.3,4.7,3.1,4.76,3.1,2.8,3.4,3.2,1.0,2.9
4077,Andrea Cruz Martínez,Marketing,Comunicación de Marca,2026-02-07,8.1,6.1,7.5,6.4,6.1,6.92,6.5,8.2,2.6,5.3,5.84,3.6,6.2,6.9,5.3,6.6,5.62,8.6,9.0,8.1,7.2,8.1,8.27
4078,Gabriela Flores Ramírez,Recursos Humanos,Nómina,2025-09-25,6.2,5.1,6.9,8.2,8.5,6.71,9.2,9.7,9.9,9.0,9.41,8.9,6.2,9.5,8.7,10.0,8.48,8.5,6.9,8.6,9.9,8.2,8.37
4079,Roberto López Rodríguez,Marketing,Comunicación de Marca,2025-11-12,2.3,3.5,4.2,2.9,3.0,3.18,3.4,6.0,3.0,4.5,4.24,3.5,3.8,1.7,3.0,2.1,2.93,5.3,6.0,4.4,4.0,5.4,5.04
4080,Pedro Flores García,Ventas,Ventas Internacionales,2025-11-27,6.0,3.8,5.7,5.8,4.4,5.12,5.4,6.8,6.4,4.7,5.78,6.3,6.4,5.3,5.9,7.1,6.18,4.3,5.4,3.4,3.5,5.4,4.35
4081,Carlos Martínez Rodríguez,Ventas,Ventas Internacionales,2025-11-23,4.2,2.6,5.2,6.1,4.2,4.28,6.7,6.8,6.3,7.4,6.82,4.9,7.8,7.3,6.9,5.7,6.52,6.4,4.7,5.5,7.0,3.6,5.64
4082,Jorge López Jiménez,Finanzas,Contabilidad,2025-11-23,1.1,3.0,2.7,0.9,1.4,1.91,4.6,3.4,5.1,2.7,3.92,1.2,2.9,2.5,2.4,2.3,2.23,4.2,3.1,4.8,2.5,5.0,3.78
4083,Luis Sánchez Romero,Finanzas,Auditoría Interna,2026-06-06,10.0,10.0,10.0,8.3,8.5,9.52,10.0,10.0,9.8,10.0,9.96,8.1,8.3,9.3,9.4,9.0,8.72,9.4,8.0,9.6,8.6,8.7,8.86
4084,José González Sánchez,Finanzas,Auditoría Interna,2025-09-16,4.9,3.8,5.9,7.1,8.2,5.65,5.7,4.9,6.6,5.6,5.65,7.5,7.6,6.0,6.7,4.5,6.65,4.7,5.7,7.7,6.6,7.3,6.19
4085,Diego González Romero,Marketing,Investigación de Mercado,2025-10-07,8.9,8.7,9.9,9.0,8.4,8.99,5.0,6.4,4.9,7.6,5.98,10.0,9.5,10.0,10.0,9.8,9.85,8.1,8.6,5.7,8.9,8.0,7.9
4086,María Castillo Rodríguez,Operaciones,Control de Calidad,2026-01-31,3.6,5.4,6.5,5.2,5.0,5.08,6.7,5.5,6.2,6.3,6.2,4.6,5.4,4.1,5.0,7.6,5.21,7.3,5.7,7.4,5.5,4.9,6.32
4087,José López López,Operaciones,Logística,2025-12-22,7.6,7.2,7.1,7.5,7.7,7.4,4.2,6.3,5.7,6.3,5.55,3.5,5.4,6.7,4.5,6.4,5.2,6.6,3.2,5.3,5.1,5.8,5.11
4088,Miguel Sánchez Reyes,Tecnología,Desarrollo,2025-10-21,7.9,5.1,8.7,8.0,5.2,6.97,7.5,6.6,7.2,7.8,7.29,7.3,6.4,4.9,3.3,5.4,5.71,6.2,5.4,5.4,6.5,6.5,5.93
4089,Miguel Torres Pérez,Ventas,Ventas Internacionales,2026-07-14,8.7,8.8,8.2,7.3,7.5,8.24,8.8,7.8,7.9,7.7,8.1,4.6,6.7,7.0,6.6,7.6,6.36,5.2,5.9,5.5,6.9,6.7,5.93
4090,Sofía Pérez Sánchez,Tecnología,Desarrollo,2026-08-15,7.4,4.8,5.8,6.3,7.0,6.2,6.5,5.0,5.8,4.4,5.46,8.4,7.9,5.6,8.3,7.1,7.51,6.6,4.7,4.0,4.7,7.3,5.3
4091,Mariana González Pérez,Ventas,Ventas Nacionales,2025-09-09,6.7,4.7,7.5,6.8,8.4,6.63,6.5,9.7,7.1,8.8,8.0,8.0,7.9,5.7,8.2,8.5,7.62,7.3,8.2,6.7,7.1,6.9,7.32
4092,Raúl Jiménez Hernández,Marketing,Comunicación de Marca,2026-02-17,6.6,3.9,6.5,3.6,6.8,5.48,7.3,4.4,5.8,7.1,6.22,6.2,6.5,6.1,6.2,7.8,6.49,5.3,4.5,5.1,5.1,6.1,5.1
4093,Pedro Hernández Hernández,Marketing,Investigación de Mercado,2025-12-18,5.5,5.5,5.6,5.5,5.4,5.51,7.7,5.0,5.7,6.7,6.38,3.0,4.6,4.8,5.9,3.4,4.26,5.7,5.4,3.0,3.2,3.5,4.36
4094,Ricardo Jiménez Hernández,Recursos Humanos,Capacitación,2026-03-08,6.3,6.5,7.0,5.9,6.6,6.48,6.7,7.3,7.7,4.1,6.4,7.9,8.7,7.1,5.6,5.5,7.24,5.3,4.8,6.0,5.4,6.9,5.5
4095,Gabriela Hernández Vázquez,Finanzas,Auditoría Interna,2026-03-03,3.8,2.5,0.0,2.0,3.2,2.36,4.0,3.7,2.3,4.3,3.66,5.1,2.5,2.7,4.9,5.0,3.92,2.8,3.1,4.0,2.1,3.5,3.05
4096,Juan Flores Reyes,Recursos Humanos,Capacitación,2026-08-25,7.2,6.8,5.1,4.3,6.7,6.17,7.8,8.5,7.7,6.8,7.7,6.9,5.5,5.4,5.0,5.6,5.77,5.9,6.0,7.4,5.7,6.5,6.25
4097,Sofía Reyes Jiménez,Operaciones,Producción,2026-05-25,5.2,7.1,7.5,5.0,6.7,6.33,7.3,7.4,6.5,7.1,7.12,6.4,4.9,4.7,7.1,5.0,5.58,5.8,7.3,5.1,7.2,8.0,6.54
4098,Roberto Ramírez Vázquez,Tecnología,Soporte Técnico,2026-08-07,4.8,3.4,4.9,3.4,5.8,4.41,5.4,6.1,6.5,4.3,5.52,3.8,5.6,4.5,5.0,6.6,4.99,6.6,6.6,6.8,7.1,8.3,6.91
4099,Francisco Sánchez Torres,Tecnología,Soporte Técnico,2026-04-03,3.7,4.5,4.5,2.8,2.9,3.8,2.5,4.5,6.6,4.1,4.22,5.2,5.3,6.3,7.1,5.8,5.82,1.4,4.3,5.2,4.9,3.5,3.8
4100,Camila Ortiz Torres,Ventas,Atención a Clientes,2026-08-31,6.7,9.3,9.0,7.5,8.7,8.23,4.8,6.2,4.2,5.3,5.16,6.2,5.8,5.8,6.7,8.3,6.41,3.9,5.6,3.5,5.4,5.1,4.66
4101,Gabriela Ortiz Pérez,Finanzas,Tesorería,2025-11-19,0.0,1.1,1.1,2.4,1.5,1.08,1.4,1.2,0.3,0.3,0.86,2.9,2.7,2.0,5.6,4.3,3.28,2.8,2.5,0.5,2.7,3.7,2.34
4102,Francisco Hernández Ramírez,Finanzas,Tesorería,2026-05-23,4.6,4.8,3.1,5.2,4.3,4.39,5.7,3.8,2.1,3.4,3.93,6.2,7.0,4.6,6.1,7.2,6.22,6.1,5.9,3.9,6.3,4.4,5.48
4103,Raúl Pérez Ortiz,Marketing,Investigación de Mercado,2025-12-11,6.4,7.3,4.4,5.5,6.9,6.16,4.1,4.2,6.4,3.5,4.44,7.6,6.2,5.5,6.4,7.0,6.56,7.2,7.5,6.8,6.1,7.5,7.0
4104,Fernanda González Martínez,Ventas,Ventas Nacionales,2026-08-19,6.1,4.2,5.8,6.4,5.3,5.49,3.9,3.9,6.1,5.9,4.84,4.4,4.8,6.0,4.7,4.5,4.88,4.6,4.7,3.9,4.1,5.3,4.46
4105,Andrea Flores Rodríguez,Ventas,Ventas Nacionales,2026-08-26,3.2,2.6,4.2,0.0,1.3,2.48,4.2,4.0,4.2,5.2,4.4,4.0,4.8,2.3,3.9,2.8,3.66,2.1,3.0,1.7,1.7,3.8,2.34
4106,José Pérez García,Tecnología,Desarrollo,2026-04-06,3.1,3.3,0.7,3.4,4.0,2.85,4.8,0.5,2.5,3.4,2.92,2.8,3.4,2.5,4.9,2.1,3.1,3.9,3.4,3.9,2.4,3.1,3.4
4107,Miguel Castillo Hernández,Ventas,Ventas Nacionales,2025-11-24,9.7,7.4,7.5,7.7,6.6,7.92,2.9,4.3,5.4,5.1,4.3,9.1,7.9,7.6,8.4,8.3,8.27,7.0,6.4,6.9,5.0,5.9,6.32
4108,Valeria García Morales,Ventas,Ventas Internacionales,2025-11-15,3.4,3.7,2.4,4.9,3.6,3.53,7.4,7.3,7.6,5.9,7.04,3.9,5.8,5.7,2.4,4.8,4.64,7.1,5.8,9.1,4.9,7.0,6.72
4109,Camila Sánchez Hernández,Tecnología,Infraestructura,2026-02-21,9.3,9.2,9.2,7.1,8.9,8.86,9.8,8.3,6.6,4.5,7.46,6.5,8.6,6.6,6.9,6.7,7.14,6.8,6.3,8.9,8.9,7.9,7.62
4110,Andrea Pérez Gómez,Ventas,Atención a Clientes,2026-01-26,3.7,6.1,4.2,3.8,5.3,4.65,5.4,4.4,3.2,4.0,4.36,3.2,5.2,4.2,2.2,3.6,3.81,5.6,5.1,5.2,4.1,7.6,5.3
4111,Mariana Jiménez Reyes,Ventas,Atención a Clientes,2025-12-30,2.6,4.9,6.7,3.0,4.0,4.26,3.5,3.1,3.4,3.8,3.46,4.5,3.0,2.0,4.0,4.9,3.61,3.6,5.0,4.4,3.1,2.6,3.91
4112,Alejandro Torres Flores,Ventas,Ventas Internacionales,2026-01-05,7.5,6.1,5.6,4.8,6.9,6.28,8.1,6.2,7.1,6.4,7.0,5.0,6.8,6.5,5.2,6.1,5.94,6.0,6.9,9.2,7.3,7.1,7.24
4113,Ximena Sánchez García,Recursos Humanos,Reclutamiento,2025-12-11,4.4,3.8,5.9,7.3,3.0,4.78,4.9,4.3,5.6,4.4,4.77,4.5,5.1,4.7,7.1,6.1,5.32,2.7,2.5,3.0,5.5,3.7,3.37
4114,Valeria Jiménez Romero,Operaciones,Producción,2026-08-27,7.8,6.2,8.2,6.4,5.8,6.97,6.7,6.9,6.1,3.4,5.8,5.5,6.5,6.3,5.0,7.3,6.1,5.5,5.9,4.2,5.6,3.2,5.13
4115,Fernanda Cruz Morales,Marketing,Comunicación de Marca,2026-04-04,1.9,3.2,2.0,3.2,2.2,2.48,2.9,2.5,1.9,1.3,2.2,3.1,4.7,4.8,2.6,4.5,3.98,3.9,5.6,5.9,4.4,6.1,5.05
4116,Jorge Vázquez Cruz,Tecnología,Infraestructura,2025-11-05,5.9,2.8,4.7,5.3,3.7,4.46,5.1,2.6,4.5,3.7,4.0,3.9,5.8,4.3,4.7,4.2,4.62,2.4,3.3,3.3,2.1,3.3,2.84
4117,Gabriela Cruz González,Marketing,Comunicación de Marca,2026-03-31,4.8,8.6,5.9,4.3,5.7,6.03,5.5,4.9,6.5,5.5,5.55,5.5,5.7,6.7,7.0,7.3,6.28,6.0,6.6,5.2,4.4,7.9,5.86
4118,Ximena Rodríguez Torres,Tecnología,Soporte Técnico,2026-07-16,8.0,6.7,5.9,6.1,7.5,6.9,5.1,4.7,6.3,2.2,4.51,7.9,6.9,7.2,5.4,6.8,6.97,6.6,10.0,7.0,8.2,8.1,8.0
4119,Alejandro Ramírez Romero,Operaciones,Producción,2026-01-08,6.7,4.2,4.8,5.8,4.9,5.29,7.9,5.8,7.2,5.9,6.74,6.3,4.7,4.2,7.5,6.5,5.69,8.0,7.6,4.6,5.5,6.5,6.57
4120,Jorge Romero Cruz,Recursos Humanos,Capacitación,2026-05-20,5.3,7.5,6.9,7.7,6.5,6.71,6.1,6.5,6.5,6.7,6.43,5.8,5.5,5.3,5.7,6.4,5.7,8.4,7.4,6.2,8.0,7.1,7.5
4121,María García Romero,Tecnología,Desarrollo,2026-03-05,5.0,4.7,4.4,6.0,5.7,5.06,5.2,6.1,6.5,7.8,6.34,8.8,6.1,7.6,6.3,7.1,7.26,5.8,7.3,7.2,6.9,5.9,6.68
4122,Diego Ramírez Ortiz,Recursos Humanos,Reclutamiento,2026-03-03,3.6,2.0,1.9,4.4,0.1,2.46,6.2,3.0,1.4,1.9,3.36,6.0,4.6,1.8,4.1,3.5,4.15,3.8,2.3,1.9,1.5,4.9,2.7
4123,Karla Jiménez Jiménez,Marketing,Marketing Digital,2025-12-27,10.0,7.8,9.3,10.0,10.0,9.31,10.0,9.1,10.0,10.0,9.78,10.0,10.0,9.0,9.7,9.8,9.72,10.0,9.9,8.6,9.2,10.0,9.54
4124,Laura Martínez Torres,Ventas,Atención a Clientes,2025-10-03,4.9,3.9,4.3,4.9,4.3,4.44,3.2,2.6,3.0,5.4,3.56,4.2,6.2,6.3,6.8,7.1,5.94,3.4,5.9,4.9,5.4,7.2,5.1
4125,María Torres López,Tecnología,Desarrollo,2025-12-28,2.7,0.8,3.7,4.2,3.3,2.74,2.3,3.6,1.9,1.2,2.27,4.8,4.8,3.2,2.2,3.7,3.92,3.7,4.7,3.2,4.0,3.7,3.91
4126,Sofía Torres Reyes,Ventas,Atención a Clientes,2025-09-08,7.6,8.0,8.4,10.0,8.1,8.3,8.6,9.2,8.8,7.2,8.44,10.0,7.6,7.7,6.0,8.5,8.12,8.8,9.3,9.0,9.7,9.1,9.18
4127,Gabriela Reyes García,Operaciones,Producción,2026-09-01,4.5,3.0,3.0,3.2,4.6,3.64,1.4,1.9,4.0,2.6,2.35,1.7,5.5,2.5,1.4,1.9,2.8,2.6,2.7,2.6,2.0,3.6,2.6
4128,Mariana González López,Tecnología,Infraestructura,2025-11-26,3.8,3.7,4.7,2.5,4.1,3.8,6.2,5.6,3.6,5.3,5.3,5.2,5.6,5.8,4.2,7.0,5.54,2.7,6.8,4.1,3.7,6.1,4.54
4129,Pedro Hernández Rodríguez,Recursos Humanos,Reclutamiento,2026-04-08,5.6,5.2,6.9,5.4,7.4,6.0,5.8,6.4,6.7,4.7,5.86,5.0,4.0,4.9,3.8,6.0,4.7,3.9,5.0,7.6,6.4,3.8,5.4
4130,Paola Vázquez García,Tecnología,Desarrollo,2025-12-15,5.6,5.8,5.3,4.3,3.9,5.14,4.8,6.1,5.5,7.9,6.04,6.0,4.3,5.2,6.0,5.6,5.36,6.1,5.5,4.1,6.8,5.0,5.58
4131,Juan Cruz Flores,Finanzas,Contabilidad,2026-08-07,6.7,6.7,4.7,4.7,5.8,5.86,3.2,7.0,6.5,5.3,5.34,9.1,7.9,9.4,5.8,5.1,7.76,4.4,3.1,5.6,5.9,5.0,4.68
4132,Sergio Reyes López,Tecnología,Soporte Técnico,2026-02-27,9.7,8.1,7.2,7.8,7.7,8.22,9.6,8.8,9.3,8.1,8.96,7.8,6.0,6.2,7.5,7.1,6.88,6.0,6.9,6.8,5.6,8.5,6.56
4133,Ximena Flores Romero,Operaciones,Producción,2026-08-28,9.1,9.4,7.7,7.3,8.3,8.5,7.3,9.3,9.2,8.5,8.48,7.6,8.4,7.4,7.7,9.2,8.02,9.0,7.5,8.9,7.8,8.9,8.36
4134,Ximena Martínez Rodríguez,Marketing,Marketing Digital,2026-01-08,6.0,5.5,7.3,6.7,7.6,6.48,7.4,6.6,6.4,8.5,7.28,5.5,5.3,4.3,7.1,3.3,5.12,5.9,7.4,5.8,7.2,5.5,6.48
4135,Fernanda Flores Sánchez,Recursos Humanos,Nómina,2026-06-20,5.3,6.6,7.0,6.6,4.8,6.08,5.4,6.1,7.2,5.3,5.91,6.3,7.1,4.7,3.6,4.1,5.44,4.8,6.1,6.5,6.8,6.7,6.06
4136,Andrea Flores Hernández,Recursos Humanos,Nómina,2026-07-17,8.2,7.8,7.4,7.8,5.9,7.54,9.4,9.5,9.5,10.0,9.6,4.2,6.0,6.2,7.7,3.8,5.52,8.0,9.4,8.3,6.1,10.0,8.23
4137,Miguel López Ortiz,Marketing,Marketing Digital,2026-08-10,10.0,10.0,10.0,7.3,8.3,9.34,9.7,9.8,10.0,9.6,9.76,8.8,9.5,9.7,8.3,5.9,8.65,9.1,8.0,9.7,9.1,8.5,8.88
4138,Roberto Ramírez Ramírez,Ventas,Ventas Nacionales,2026-06-01,8.9,7.0,7.7,6.8,5.7,7.39,8.9,10.0,9.3,6.3,8.6,6.3,6.1,8.2,5.7,6.8,6.61,5.3,7.3,8.1,6.9,7.6,6.91
4139,Juan Pérez Castillo,Ventas,Atención a Clientes,2025-09-22,2.7,3.3,4.0,0.3,5.0,3.1,2.8,3.2,1.8,2.0,2.5,2.5,2.8,3.1,3.1,1.9,2.7,4.1,3.5,1.6,3.3,3.9,3.27
4140,María López Ortiz,Tecnología,Soporte Técnico,2025-09-13,6.8,6.4,8.7,7.9,8.3,7.47,5.7,6.1,7.8,5.6,6.2,5.3,8.9,6.0,7.6,7.6,7.03,7.9,4.4,6.9,7.1,6.5,6.52
4141,Diego García Flores,Tecnología,Infraestructura,2026-08-09,7.7,6.7,8.6,9.5,7.9,7.93,10.0,6.8,8.6,9.1,8.7,9.0,7.8,10.0,6.6,9.6,8.63,8.3,7.3,8.9,8.5,8.1,8.19
4142,Francisco Sánchez Ramírez,Ventas,Atención a Clientes,2025-09-15,9.3,7.6,8.4,8.2,8.9,8.47,8.0,9.2,8.8,5.9,7.93,7.1,6.4,6.5,7.6,7.1,6.88,7.4,7.8,8.8,7.4,8.1,7.85
4143,Karla Morales Castillo,Ventas,Atención a Clientes,2026-02-05,5.0,5.3,4.9,5.1,6.2,5.25,4.5,5.1,6.0,6.0,5.32,4.4,3.4,4.1,4.0,3.9,3.96,6.5,8.8,5.8,6.6,5.7,6.88
4144,Carlos Pérez Hernández,Tecnología,Desarrollo,2026-05-13,8.4,7.3,8.5,8.0,7.9,8.01,8.4,8.5,8.0,8.2,8.29,6.3,6.5,7.9,8.5,6.9,7.09,6.4,8.2,6.8,7.4,7.0,7.19
4145,Roberto Rodríguez Sánchez,Operaciones,Producción,2025-09-29,6.0,5.7,7.7,6.5,6.4,6.4,6.4,6.0,7.0,6.4,6.42,3.1,3.5,4.0,5.7,5.5,4.13,5.0,4.1,4.7,6.1,8.2,5.26
4146,Valeria Ramírez Hernández,Operaciones,Producción,2026-06-12,10.0,7.3,7.1,9.4,8.4,8.42,8.7,9.0,7.5,8.1,8.38,7.4,7.8,8.2,10.0,8.7,8.24,10.0,9.1,10.0,10.0,8.7,9.64
4147,Andrea Cruz Cruz,Marketing,Comunicación de Marca,2026-07-03,5.4,6.4,6.1,6.5,5.8,6.02,7.5,6.5,6.7,6.1,6.74,6.3,4.8,8.5,7.8,5.2,6.42,4.9,4.3,6.3,5.9,4.5,5.19
4148,Ricardo Castillo González,Recursos Humanos,Reclutamiento,2026-06-16,8.0,8.1,10.0,9.8,8.1,8.71,8.7,8.6,7.6,8.9,8.5,5.7,6.8,7.9,7.5,7.2,6.91,8.3,9.3,10.0,7.8,9.0,8.86
4149,Sofía Morales García,Recursos Humanos,Reclutamiento,2026-07-16,4.8,4.9,5.3,6.0,4.0,4.98,6.1,4.4,4.4,5.2,5.11,5.4,4.2,5.7,6.7,6.7,5.55,5.7,6.0,4.2,5.2,4.0,5.2
4150,Luis Morales Rodríguez,Ventas,Ventas Internacionales,2026-03-15,2.2,2.1,3.5,3.7,2.9,2.77,3.3,5.6,0.0,1.9,2.86,3.5,1.9,2.4,1.9,3.1,2.58,2.4,2.9,4.8,4.1,5.3,3.64
4151,Roberto López Gómez,Ventas,Atención a Clientes,2026-07-18,6.7,6.3,4.2,5.6,6.6,5.92,6.5,4.9,5.1,8.5,6.32,2.1,3.4,5.2,6.0,5.0,4.06,4.1,6.1,4.6,5.7,5.2,5.13
4152,Paola Hernández Sánchez,Tecnología,Infraestructura,2026-06-18,9.0,7.9,7.4,7.9,6.4,7.85,6.7,9.3,8.6,7.4,7.9,9.1,10.0,10.0,9.8,6.9,9.28,7.4,7.0,7.4,8.7,8.9,7.71
4153,Carlos Flores Flores,Tecnología,Soporte Técnico,2026-04-25,2.1,5.4,3.8,3.0,3.2,3.56,2.8,7.8,5.5,5.2,5.19,4.2,2.0,4.9,4.8,5.4,4.06,4.8,3.9,4.7,5.3,6.2,4.8
4154,Ricardo Flores Castillo,Ventas,Ventas Internacionales,2026-01-14,4.4,5.4,5.2,5.8,5.2,5.14,4.5,6.5,4.3,6.0,5.33,5.2,4.4,5.2,3.5,4.0,4.57,8.2,6.3,6.3,6.1,8.1,6.91
4155,Raúl Flores Romero,Ventas,Ventas Nacionales,2025-10-29,8.1,7.7,7.7,8.6,7.6,7.92,8.5,8.8,8.2,8.5,8.52,9.2,7.5,10.0,8.0,7.2,8.46,8.9,8.4,9.8,9.2,10.0,9.12
4156,Sergio Ortiz González,Recursos Humanos,Nómina,2026-08-11,9.2,8.1,9.2,8.7,8.8,8.79,7.7,8.7,8.3,8.8,8.34,8.3,8.4,8.1,9.5,8.9,8.56,8.6,8.7,9.7,7.4,6.7,8.41
4157,Ricardo Ramírez Martínez,Operaciones,Logística,2026-01-20,6.3,5.9,7.0,7.0,5.7,6.36,6.2,6.4,8.1,7.8,7.03,6.1,6.5,5.9,7.1,8.1,6.61,3.5,6.5,5.9,3.9,5.2,4.98
4158,Juan Reyes Cruz,Ventas,Ventas Nacionales,2026-08-01,8.2,7.6,8.3,6.8,7.6,7.77,9.7,10.0,9.6,9.3,9.66,8.2,7.1,10.0,6.7,8.3,8.07,6.4,8.0,9.3,9.1,7.4,8.02
4159,Mariana Jiménez Martínez,Tecnología,Soporte Técnico,2025-09-11,3.9,5.4,4.6,1.6,3.2,3.97,1.2,1.9,2.6,1.6,1.76,3.3,4.8,3.5,2.3,3.4,3.58,3.8,2.8,5.1,4.7,4.6,4.07
4160,Mariana Flores Morales,Ventas,Ventas Internacionales,2026-05-29,4.0,4.8,7.4,5.1,5.8,5.32,3.8,6.4,7.4,6.4,5.82,6.2,6.2,3.9,3.6,2.6,4.81,5.3,7.3,5.9,6.6,7.9,6.44
4161,Ximena Reyes García,Marketing,Investigación de Mercado,2025-10-30,3.9,4.0,6.4,5.5,5.8,4.95,5.1,5.6,7.1,5.9,5.82,6.3,3.4,5.7,6.2,6.6,5.48,5.2,5.2,4.0,4.9,4.2,4.8
4162,Luis Cruz García,Recursos Humanos,Nómina,2025-11-28,6.2,7.9,7.4,8.0,8.0,7.41,7.8,8.1,7.8,10.0,8.43,9.8,8.8,8.0,5.7,9.2,8.48,8.9,7.7,8.1,8.4,6.4,8.09
4163,Luis Vázquez López,Marketing,Marketing Digital,2026-05-12,5.8,4.6,4.4,4.3,7.7,5.28,4.3,4.6,6.5,5.5,5.11,5.7,5.2,5.9,4.8,5.2,5.4,3.9,5.7,4.7,7.1,4.7,5.23
4164,Luis Rodríguez Martínez,Ventas,Atención a Clientes,2026-05-12,5.1,6.0,5.2,5.9,6.1,5.62,3.8,4.0,0.7,2.9,3.0,3.2,4.5,4.6,4.7,4.5,4.22,5.2,3.1,6.3,3.0,4.7,4.4
4165,Sofía Castillo Reyes,Finanzas,Contabilidad,2026-05-15,6.1,8.1,9.8,9.3,7.8,8.07,7.6,7.4,8.1,6.3,7.32,7.9,6.5,6.0,6.1,8.3,6.96,7.2,5.6,7.4,4.5,6.8,6.26
4166,Raúl Ramírez Reyes,Marketing,Marketing Digital,2026-03-20,6.6,6.3,7.6,5.2,5.4,6.33,3.6,7.0,6.3,5.5,5.46,6.8,6.0,7.6,8.7,6.5,7.0,7.6,7.5,7.8,7.7,7.3,7.6
4167,Carlos Ramírez Hernández,Tecnología,Desarrollo,2026-03-30,9.3,8.8,8.1,7.3,9.4,8.65,9.8,5.7,9.6,7.6,8.18,10.0,9.3,9.4,9.0,9.9,9.54,9.0,8.9,9.9,7.5,8.9,8.85
4168,Mariana Hernández González,Recursos Humanos,Nómina,2026-01-11,6.2,6.8,9.1,7.4,6.5,7.16,4.2,6.0,4.2,4.3,4.68,6.1,6.9,6.1,5.1,4.3,5.88,5.1,4.6,6.5,6.1,4.2,5.36
4169,Ricardo Cruz Sánchez,Finanzas,Auditoría Interna,2026-03-22,8.1,6.8,9.8,8.3,9.3,8.32,10.0,8.5,9.4,8.2,9.06,10.0,10.0,10.0,8.0,9.8,9.67,7.3,9.1,8.1,6.2,8.2,7.78
4170,Daniela Pérez Castillo,Recursos Humanos,Nómina,2025-11-24,6.8,5.9,4.1,7.5,3.5,5.64,7.7,8.4,6.3,6.9,7.4,6.0,6.7,5.1,5.7,5.6,5.89,4.8,6.8,6.8,4.7,6.2,5.82
4171,Alejandro Castillo Romero,Operaciones,Logística,2026-03-21,7.8,7.3,9.0,8.2,7.3,7.9,7.1,4.7,6.9,6.9,6.41,6.9,6.2,8.4,8.9,6.3,7.24,4.6,7.1,6.3,6.4,8.2,6.28
4172,Roberto Ortiz López,Finanzas,Auditoría Interna,2026-05-18,6.0,5.2,7.6,7.2,5.9,6.28,8.5,7.9,7.7,7.1,7.84,6.9,6.7,8.0,6.3,6.4,6.9,7.6,7.0,8.1,8.8,6.2,7.65
4173,Raúl Flores Torres,Ventas,Ventas Nacionales,2026-05-11,4.8,4.1,4.3,4.6,4.9,4.51,2.7,5.9,3.9,6.8,4.77,3.5,4.6,5.4,4.9,6.3,4.78,3.6,5.0,6.5,4.8,5.6,4.97
4174,Carlos Martínez Gómez,Marketing,Investigación de Mercado,2025-12-15,5.2,4.4,5.8,4.0,4.0,4.76,7.1,4.7,4.8,5.2,5.56,5.0,7.7,4.4,5.6,6.5,5.87,5.9,4.4,3.7,6.0,4.9,5.01
4175,Ricardo López Jiménez,Marketing,Comunicación de Marca,2026-07-18,8.6,7.7,9.3,10.0,8.8,8.76,8.3,8.1,6.9,8.3,7.97,9.6,9.1,10.0,10.0,10.0,9.68,8.3,9.9,9.2,8.6,9.8,9.09
4176,José Flores Torres,Tecnología,Desarrollo,2026-05-26,4.9,6.5,4.1,5.7,5.5,5.35,6.2,6.8,6.9,5.5,6.32,3.0,2.3,3.8,3.0,3.1,3.0,4.5,5.3,5.6,3.2,4.3,4.64
4177,Francisco Flores Ramírez,Finanzas,Contabilidad,2026-05-17,7.0,5.9,5.2,5.2,4.6,5.74,5.7,5.9,4.3,5.8,5.5,5.6,4.9,5.7,5.0,8.0,5.72,4.6,4.9,4.5,5.4,3.3,4.69
4178,Mariana Hernández Martínez,Recursos Humanos,Reclutamiento,2026-01-15,2.2,3.5,2.1,2.5,2.1,2.54,4.6,3.3,5.5,4.6,4.46,2.7,3.3,3.1,3.1,3.7,3.14,0.6,2.0,2.9,4.3,3.6,2.45
4179,Luis Ortiz Flores,Finanzas,Auditoría Interna,2026-07-22,8.8,10.0,10.0,10.0,10.0,9.7,10.0,9.8,8.5,8.1,9.18,8.5,8.0,8.8,8.7,8.0,8.39,10.0,9.5,8.4,10.0,8.7,9.42
4180,José Hernández García,Ventas,Ventas Internacionales,2026-03-27,7.2,8.3,6.7,5.1,7.0,7.03,7.3,9.9,8.4,7.3,8.17,6.0,7.1,8.0,5.2,6.9,6.69,8.4,8.4,8.1,9.1,7.7,8.41
4181,Sergio Flores Martínez,Recursos Humanos,Reclutamiento,2026-01-04,7.9,6.0,4.1,4.4,7.5,6.08,6.0,8.5,6.9,6.3,6.88,6.4,8.1,7.8,7.2,5.6,7.1,5.4,6.4,7.3,6.9,7.2,6.51
4182,Carlos Reyes Morales,Recursos Humanos,Capacitación,2025-10-04,6.1,8.0,5.8,6.1,5.6,6.44,5.8,4.2,6.5,7.3,5.92,7.1,5.2,7.2,5.0,5.1,6.03,7.6,6.8,7.8,8.4,4.6,7.3
4183,Sergio García Martínez,Operaciones,Control de Calidad,2026-04-01,3.5,2.6,2.9,3.7,4.6,3.35,2.2,2.5,4.4,4.1,3.19,3.1,3.2,2.9,3.3,3.8,3.22,3.8,5.4,5.7,5.6,4.1,4.97
4184,María Ramírez Torres,Ventas,Ventas Nacionales,2025-09-14,5.2,5.5,4.1,5.5,5.8,5.19,4.4,5.2,6.4,4.4,5.0,5.1,5.3,6.1,5.9,2.5,5.08,3.3,4.5,6.3,3.3,6.3,4.5
4185,Roberto González Jiménez,Ventas,Ventas Internacionales,2026-01-29,9.0,7.3,9.7,10.0,6.6,8.51,10.0,10.0,10.0,10.0,10.0,8.5,10.0,10.0,8.8,9.7,9.4,10.0,9.1,8.5,8.1,10.0,9.1
4186,Roberto Hernández Torres,Finanzas,Contabilidad,2025-11-29,5.8,7.6,7.1,5.9,6.3,6.6,6.0,6.2,4.3,6.5,5.84,5.4,4.5,4.9,6.1,4.2,5.0,1.8,6.0,4.6,5.0,3.7,4.24
4187,Fernanda Martínez Ramírez,Marketing,Marketing Digital,2026-06-11,6.9,9.1,7.6,7.8,8.5,7.96,7.4,6.5,7.0,6.6,6.9,9.1,10.0,7.7,9.0,8.9,9.0,5.2,7.4,6.9,6.4,6.1,6.42
4188,Gabriela Jiménez Pérez,Tecnología,Soporte Técnico,2025-10-08,8.1,10.0,7.5,8.9,8.3,8.6,8.3,9.2,9.5,9.0,8.94,7.8,8.7,8.8,10.0,9.4,8.8,8.5,9.7,8.6,9.5,10.0,9.17
4189,Gabriela Ramírez Flores,Finanzas,Tesorería,2026-06-05,5.5,4.0,5.5,4.0,7.5,5.2,4.9,4.4,5.9,5.3,5.08,5.4,6.8,6.8,4.0,4.3,5.65,6.6,5.3,5.5,6.5,6.5,6.02
4190,Juan Romero Ortiz,Operaciones,Producción,2026-07-20,8.0,6.8,6.0,7.6,8.8,7.36,5.9,5.5,5.9,5.8,5.78,4.2,7.2,6.1,5.7,5.7,5.78,6.2,7.6,5.4,6.5,7.6,6.59
4191,Laura Morales Vázquez,Marketing,Marketing Digital,2026-08-10,8.3,7.0,8.7,8.2,8.1,8.01,8.7,9.2,9.0,8.2,8.76,10.0,6.4,9.0,9.9,9.4,8.8,10.0,8.3,9.3,8.5,8.3,8.97
4192,Diego González Romero,Operaciones,Producción,2026-01-12,3.8,4.5,4.2,4.3,4.8,4.28,4.6,5.2,5.1,4.8,4.9,9.0,8.2,5.7,5.9,6.6,7.32,4.8,3.8,2.3,4.0,2.3,3.64
4193,Sofía Sánchez Ramírez,Marketing,Investigación de Mercado,2026-01-21,5.5,4.9,5.7,5.2,6.2,5.45,3.2,4.8,4.0,4.1,3.98,5.4,3.1,4.8,2.4,4.3,4.09,3.9,1.7,5.0,3.9,5.2,3.7
4194,Pedro Rodríguez Torres,Marketing,Investigación de Mercado,2026-06-27,7.6,9.3,8.9,8.3,8.6,8.54,7.3,7.9,8.5,10.0,8.36,8.5,8.1,9.3,9.7,10.0,8.96,8.4,8.1,9.4,9.9,8.8,8.86
4195,Camila Castillo Gómez,Recursos Humanos,Capacitación,2025-10-22,9.5,9.7,8.8,10.0,8.4,9.32,7.8,10.0,10.0,8.8,9.04,9.7,10.0,9.5,10.0,10.0,9.82,10.0,9.3,10.0,8.7,10.0,9.56
4196,Camila Castillo Romero,Operaciones,Logística,2026-05-29,4.9,2.1,4.5,5.2,3.3,3.92,7.5,5.1,7.2,4.7,6.14,8.4,7.3,8.1,9.3,6.6,7.93,7.5,6.0,6.1,5.7,6.2,6.36
4197,Roberto López López,Recursos Humanos,Reclutamiento,2026-01-28,2.2,1.7,4.9,5.7,4.1,3.42,4.5,3.3,4.9,4.8,4.35,1.7,3.0,3.7,1.0,1.6,2.3,2.2,3.2,1.3,5.5,5.3,3.24
4198,Sergio Sánchez Ortiz,Recursos Humanos,Nómina,2026-03-01,7.7,7.4,5.0,8.1,7.9,7.18,3.8,4.0,5.6,5.4,4.61,5.8,6.7,6.7,5.4,4.3,5.92,7.5,7.8,6.1,8.3,6.3,7.34
4199,Raúl Reyes Vázquez,Tecnología,Soporte Técnico,2026-02-03,7.6,9.3,9.2,8.6,8.5,8.63,10.0,9.6,10.0,8.9,9.62,9.4,9.5,8.4,8.9,9.1,9.1,7.8,8.2,8.4,8.2,8.9,8.21
4200,Sofía Cruz Romero,Tecnología,Soporte Técnico,2025-12-11,5.1,3.8,4.9,5.5,7.7,5.18,5.5,7.5,6.5,6.4,6.43,6.1,5.3,5.6,5.2,6.6,5.74,6.7,8.2,6.4,5.7,7.1,6.86
4201,Sergio González Castillo,Marketing,Comunicación de Marca,2025-10-04,7.5,8.2,9.8,8.6,9.9,8.66,7.6,9.5,7.5,7.7,8.08,7.7,9.5,7.7,8.3,10.0,8.59,9.7,7.7,9.6,9.9,7.1,8.96
4202,Paola Ortiz Rodríguez,Tecnología,Desarrollo,2025-12-18,7.5,4.9,6.9,7.6,7.7,6.78,3.3,4.4,5.3,4.8,4.35,5.7,5.9,5.6,5.9,4.6,5.6,6.1,5.6,6.6,9.5,6.1,6.76
4203,Alejandro Hernández Sánchez,Recursos Humanos,Nómina,2025-10-11,4.3,4.9,7.0,7.1,7.8,5.94,6.2,6.1,6.7,6.1,6.25,4.2,3.6,4.8,5.0,5.3,4.46,7.1,7.6,6.6,4.4,6.3,6.5
4204,Francisco Ortiz Martínez,Marketing,Investigación de Mercado,2025-10-25,5.8,5.6,5.4,5.5,6.3,5.7,7.1,5.6,6.9,6.3,6.48,5.0,5.7,5.5,7.6,5.6,5.76,4.7,5.1,5.3,7.1,5.6,5.49
4205,Juan Jiménez Cruz,Marketing,Comunicación de Marca,2026-04-29,6.9,7.0,7.2,7.4,5.4,6.84,6.0,6.5,3.7,5.4,5.52,5.6,5.6,6.1,3.0,5.8,5.34,5.4,5.7,6.4,6.0,5.2,5.78
4206,Mariana Martínez Sánchez,Recursos Humanos,Capacitación,2026-02-15,10.0,8.0,9.2,9.0,8.4,8.95,6.6,7.7,5.6,9.9,7.5,8.5,8.1,6.9,8.9,8.4,8.12,6.4,7.8,9.4,7.0,9.7,7.8
4207,María Torres Gómez,Finanzas,Tesorería,2026-06-27,7.5,3.2,2.8,6.5,5.3,5.0,6.2,3.8,5.6,5.1,5.2,5.7,3.9,4.8,4.2,4.7,4.69,3.4,2.6,3.1,4.9,3.5,3.45
4208,Luis Sánchez Ortiz,Operaciones,Producción,2025-10-04,7.9,8.5,8.5,8.7,7.6,8.24,7.1,8.4,5.3,6.3,6.87,8.8,6.2,6.9,7.8,7.8,7.47,8.9,6.3,8.8,6.7,10.0,7.9
4209,José Romero Gómez,Recursos Humanos,Reclutamiento,2025-09-20,6.2,5.2,6.3,5.9,5.2,5.78,6.1,5.9,7.6,7.4,6.67,7.2,6.5,8.6,7.7,9.2,7.68,3.7,4.9,6.1,5.3,5.5,4.98
4210,Luis López Jiménez,Marketing,Investigación de Mercado,2025-10-18,8.2,7.3,6.8,7.0,7.0,7.34,10.0,8.7,9.5,10.0,9.57,9.1,9.7,9.4,10.0,9.2,9.46,6.8,8.1,7.5,8.3,8.0,7.68
4211,María Rodríguez Martínez,Tecnología,Infraestructura,2025-12-10,7.1,6.9,7.9,8.1,8.0,7.5,7.9,8.1,9.8,6.2,7.9,8.1,8.6,7.6,7.0,9.2,8.12,9.1,8.5,8.2,6.7,9.7,8.35
4212,Diego Ramírez Torres,Finanzas,Tesorería,2025-11-02,5.8,5.1,5.6,4.0,7.3,5.54,7.5,6.3,7.3,7.4,7.14,9.1,5.6,6.3,7.3,7.1,7.09,4.6,5.3,5.7,5.2,5.6,5.21
4213,Pedro Flores Reyes,Operaciones,Logística,2025-11-22,6.1,7.9,9.4,8.0,10.0,8.08,7.0,10.0,9.0,6.9,8.12,8.5,8.4,8.5,6.5,10.0,8.4,7.9,7.9,6.4,6.9,9.8,7.59
4214,Alejandro Romero González,Tecnología,Infraestructura,2026-06-16,5.4,5.2,5.0,4.9,5.7,5.24,5.4,5.7,6.6,4.4,5.46,7.3,4.5,4.0,8.1,6.2,5.9,6.9,7.2,5.4,5.6,4.8,6.2
4215,Carlos Ramírez Torres,Ventas,Ventas Nacionales,2026-06-03,6.0,5.6,5.7,4.8,5.3,5.56,6.6,6.4,5.8,5.4,6.09,6.2,6.4,6.6,7.1,7.0,6.58,6.9,7.7,6.5,7.7,4.0,6.89
4216,Pedro Pérez López,Tecnología,Desarrollo,2026-02-26,7.0,7.9,8.3,8.6,7.9,7.86,7.6,6.2,8.0,7.2,7.23,8.2,10.0,8.5,9.4,10.0,9.16,6.2,7.8,6.2,8.5,4.7,6.91
4217,Karla Morales Ramírez,Tecnología,Desarrollo,2026-04-07,9.7,10.0,6.1,9.2,10.0,9.02,9.2,8.7,9.3,8.0,8.8,8.1,9.2,6.3,8.3,9.1,8.19,7.8,7.3,6.1,8.6,6.3,7.34
4218,Laura Ortiz Ortiz,Finanzas,Contabilidad,2025-12-13,3.6,7.2,5.1,2.8,6.9,5.18,5.1,6.1,3.6,5.3,5.1,6.6,5.6,6.3,5.2,7.9,6.28,6.0,6.0,7.1,7.1,4.5,6.29
4219,Francisco Morales Pérez,Marketing,Marketing Digital,2025-12-13,9.1,8.9,9.0,8.7,8.7,8.91,8.4,9.2,9.4,7.6,8.6,5.6,6.1,5.4,6.0,9.6,6.34,7.9,8.4,10.0,9.7,8.7,8.88
4220,Fernanda Martínez González,Operaciones,Logística,2025-09-16,6.8,4.6,2.7,4.9,6.6,5.12,4.5,4.5,6.9,6.3,5.43,7.2,5.6,6.1,5.2,4.3,5.84,6.3,5.5,7.8,5.2,6.9,6.24
4221,Ricardo Cruz Martínez,Tecnología,Infraestructura,2025-11-24,6.0,4.6,7.0,7.6,6.4,6.15,5.5,6.4,6.0,4.0,5.45,5.1,5.2,5.9,4.6,4.3,5.09,3.6,3.2,3.1,3.6,2.9,3.33
4222,Raúl Pérez Rodríguez,Finanzas,Tesorería,2026-09-03,1.0,2.8,2.2,0.7,1.3,1.69,3.1,4.3,4.3,4.2,3.92,3.1,3.6,6.7,3.8,2.1,3.9,3.9,4.6,4.0,3.5,3.1,3.94
4223,Paola Flores Ortiz,Marketing,Marketing Digital,2026-05-06,4.2,4.8,5.9,7.9,5.6,5.46,5.3,5.9,5.4,3.5,5.02,7.3,6.1,6.1,8.1,8.6,7.07,6.4,5.2,7.3,5.5,7.3,6.19
4224,Francisco Gómez Ramírez,Recursos Humanos,Capacitación,2026-05-11,5.1,7.2,5.5,5.6,6.5,5.99,6.9,4.3,3.9,4.9,5.15,7.5,7.2,7.4,6.7,6.6,7.15,5.3,4.8,4.9,4.0,6.2,4.92
4225,Sofía Cruz Morales,Finanzas,Auditoría Interna,2026-01-19,6.1,8.1,4.6,4.7,5.8,6.04,5.3,3.8,3.5,5.7,4.66,4.4,4.0,5.2,5.4,4.9,4.69,5.4,4.1,6.5,7.3,3.2,5.46
4226,Daniela Flores Hernández,Tecnología,Infraestructura,2026-05-06,8.7,8.5,8.8,8.3,8.2,8.54,6.8,4.7,6.5,6.6,6.16,6.9,8.8,7.5,8.1,8.9,7.98,6.2,9.4,8.5,6.0,7.7,7.57
4227,Alejandro Torres Rodríguez,Operaciones,Logística,2025-09-15,2.8,1.5,4.3,2.6,4.3,2.97,3.8,3.2,3.1,3.4,3.41,5.9,4.7,4.3,3.8,4.0,4.68,3.8,2.3,4.5,3.8,2.8,3.46
4228,Pedro Romero Castillo,Marketing,Marketing Digital,2026-05-25,2.8,5.7,5.0,5.3,5.8,4.79,5.5,6.9,6.7,4.1,5.74,6.2,8.7,6.8,5.7,6.4,6.9,6.3,5.1,5.4,6.6,6.6,5.91
4229,Juan Gómez Sánchez,Marketing,Comunicación de Marca,2026-04-01,8.4,10.0,6.3,7.4,7.9,8.15,6.5,7.2,7.1,6.4,6.77,10.0,9.1,9.1,10.0,7.9,9.28,9.8,10.0,7.8,8.5,8.8,9.09
4230,Ricardo Cruz Pérez,Ventas,Ventas Internacionales,2025-11-13,2.8,2.1,3.6,3.4,2.7,2.86,2.6,1.3,1.6,3.6,2.33,3.0,3.3,4.3,3.4,5.1,3.71,3.3,3.9,5.4,1.1,4.0,3.5
4231,Pedro Reyes Romero,Ventas,Atención a Clientes,2026-04-26,7.3,10.0,8.1,6.8,6.8,7.98,9.0,7.2,7.0,8.5,8.02,9.0,10.0,7.8,9.6,7.4,8.86,9.3,10.0,9.5,10.0,9.1,9.64
4232,Raúl Cruz Torres,Operaciones,Logística,2026-08-22,8.8,5.0,8.0,7.8,5.2,7.0,7.8,7.1,6.5,8.7,7.59,5.3,8.2,6.7,6.6,6.5,6.68,7.4,8.0,6.5,10.0,8.1,7.96
4233,Diego Flores Torres,Ventas,Ventas Nacionales,2026-05-09,3.4,3.8,5.0,5.6,4.7,4.34,4.8,5.6,3.7,6.2,5.13,5.0,5.3,4.3,8.0,6.4,5.6,6.4,7.7,6.0,6.0,7.5,6.68
4234,Valeria Castillo Vázquez,Ventas,Ventas Internacionales,2026-04-29,5.9,8.1,6.6,7.2,7.5,7.02,8.9,10.0,9.4,10.0,9.55,7.6,10.0,6.1,9.5,8.8,8.36,9.5,7.8,7.0,10.0,7.0,8.43
4235,Karla Castillo López,Recursos Humanos,Reclutamiento,2026-01-27,8.9,9.7,7.5,8.3,10.0,8.9,7.8,5.5,9.1,6.2,7.08,10.0,10.0,10.0,10.0,10.0,10.0,7.5,9.2,7.7,8.1,7.8,8.12
4236,Gabriela Ramírez Cruz,Ventas,Atención a Clientes,2025-12-22,2.4,2.7,4.4,2.0,3.7,3.01,5.5,2.4,2.0,2.9,3.38,2.5,0.7,2.3,3.0,1.9,2.0,1.8,3.6,3.8,2.4,7.2,3.31
4237,Gabriela Pérez Gómez,Ventas,Atención a Clientes,2026-02-19,4.5,5.5,5.3,5.4,5.2,5.15,7.0,7.2,9.6,5.8,7.27,7.3,5.3,6.8,6.8,5.3,6.32,6.2,5.0,6.2,6.3,4.1,5.71
4238,Paola Sánchez Sánchez,Tecnología,Desarrollo,2026-04-12,6.1,7.0,7.4,4.5,3.8,6.0,7.4,6.6,5.1,7.1,6.67,8.8,5.9,7.3,6.1,8.5,7.32,5.1,4.2,6.5,4.0,5.6,4.98
4239,Fernanda Castillo López,Finanzas,Tesorería,2026-03-08,6.0,7.0,7.4,6.7,6.0,6.64,5.6,4.6,5.0,5.0,5.08,6.3,6.9,5.2,5.5,3.8,5.74,6.2,4.5,5.9,5.4,6.0,5.54
4240,Diego Ortiz Flores,Recursos Humanos,Capacitación,2026-07-17,5.5,5.9,5.7,6.8,4.8,5.73,5.7,5.4,5.3,5.3,5.44,7.2,6.4,7.6,8.8,7.1,7.3,7.9,8.1,5.3,8.0,7.1,7.37
4241,Andrea Sánchez López,Ventas,Ventas Internacionales,2026-07-03,8.6,8.3,8.4,8.8,10.0,8.72,10.0,8.7,9.7,7.2,8.92,9.4,9.4,9.1,9.8,7.9,9.18,10.0,9.5,10.0,10.0,8.9,9.76
4242,Karla Castillo Rodríguez,Marketing,Investigación de Mercado,2026-01-28,9.1,10.0,8.9,9.7,10.0,9.51,8.8,8.8,6.7,5.8,7.63,10.0,8.7,6.4,8.1,9.3,8.56,9.8,8.4,8.7,9.9,9.8,9.25
4243,Ricardo López Castillo,Recursos Humanos,Capacitación,2025-10-27,9.9,10.0,10.0,10.0,9.8,9.94,9.8,9.5,10.0,10.0,9.82,10.0,10.0,10.0,9.0,10.0,9.85,8.9,9.3,10.0,8.8,9.7,9.28
4244,Pedro Castillo Ramírez,Recursos Humanos,Nómina,2026-03-01,7.8,7.9,5.7,6.1,8.2,7.21,7.3,7.1,7.6,10.0,7.98,7.9,6.4,7.6,6.1,5.2,6.79,6.0,6.2,8.8,4.2,7.1,6.36
4245,Karla Cruz González,Operaciones,Logística,2026-08-16,7.0,6.9,8.1,9.1,8.7,7.76,7.6,9.9,6.9,7.6,8.04,6.8,6.7,5.6,5.9,7.9,6.56,6.3,8.4,5.9,5.9,7.2,6.76
4246,Laura Ramírez Morales,Finanzas,Contabilidad,2025-09-14,4.0,4.3,4.1,0.9,3.8,3.6,6.0,4.3,4.7,6.4,5.42,2.9,3.5,1.8,2.6,1.5,2.58,2.8,3.9,2.3,4.8,2.7,3.36
4247,Ana Torres Flores,Finanzas,Auditoría Interna,2026-05-12,4.4,2.1,2.1,4.5,3.2,3.2,6.0,4.1,5.0,3.8,4.77,5.2,4.9,6.0,3.3,2.2,4.55,1.7,3.4,4.2,2.9,3.8,3.08
4248,Pedro Pérez Martínez,Recursos Humanos,Nómina,2025-12-08,5.6,5.8,4.3,5.3,4.0,5.1,6.7,3.8,4.4,3.6,4.74,5.7,7.6,7.0,4.4,6.9,6.42,5.1,5.4,4.6,6.2,7.1,5.5
4249,Miguel Romero Sánchez,Recursos Humanos,Capacitación,2025-10-15,7.9,8.1,8.5,9.1,7.6,8.2,7.6,9.2,8.7,10.0,8.82,5.3,6.4,6.7,7.1,5.7,6.18,8.2,8.1,6.8,7.2,6.9,7.56
4250,Valeria Ortiz Pérez,Recursos Humanos,Nómina,2025-09-13,3.3,3.7,5.8,5.1,2.5,4.05,4.0,4.0,3.9,4.5,4.11,4.2,4.0,3.0,2.2,3.1,3.44,2.2,3.7,3.5,3.3,1.4,2.98
4251,Karla González Ramírez,Ventas,Ventas Nacionales,2026-07-27,6.1,7.7,6.5,6.3,5.7,6.55,4.3,5.2,6.9,5.0,5.22,5.9,7.4,5.4,5.7,3.8,5.83,6.4,4.5,4.2,7.6,6.5,5.74
4252,Miguel Jiménez Gómez,Recursos Humanos,Nómina,2026-07-01,3.7,3.6,5.1,4.3,3.9,4.08,6.3,5.2,7.3,8.0,6.65,4.5,5.1,5.9,7.4,4.8,5.41,3.2,0.8,3.4,3.5,4.8,2.86
4253,Sofía Pérez Ortiz,Finanzas,Auditoría Interna,2026-01-15,5.8,6.9,5.5,6.5,4.0,5.85,7.1,6.5,4.9,5.6,6.14,6.8,7.7,7.4,7.1,8.2,7.4,5.1,5.3,6.2,5.0,5.9,5.43
4254,Ricardo Rodríguez Torres,Marketing,Marketing Digital,2025-12-04,6.4,6.0,6.2,4.7,7.0,6.1,6.3,8.0,8.3,5.6,6.95,6.1,4.0,5.5,6.5,7.7,5.76,6.4,8.3,8.4,7.1,6.6,7.44
4255,Ana Gómez Ramírez,Ventas,Ventas Nacionales,2025-11-07,2.7,2.8,3.0,3.3,3.9,3.06,3.2,4.9,3.9,1.9,3.44,5.3,4.9,5.7,4.7,3.1,4.86,1.7,1.7,4.0,2.7,1.5,2.34
4256,Roberto Cruz Vázquez,Operaciones,Producción,2026-02-18,4.6,3.2,4.4,4.2,6.0,4.36,4.5,3.7,4.4,3.8,4.11,3.7,2.6,3.6,1.2,3.1,2.94,3.3,3.5,4.1,1.2,1.5,2.91
4257,Karla Hernández Hernández,Marketing,Comunicación de Marca,2026-07-12,5.2,7.5,8.1,4.1,6.3,6.36,4.6,4.3,4.7,5.9,4.87,6.1,6.3,4.9,2.9,5.6,5.36,4.5,7.0,5.4,6.7,4.6,5.76
4258,Pedro Rodríguez Pérez,Finanzas,Contabilidad,2025-12-21,7.7,5.7,5.9,5.3,6.3,6.27,7.0,6.5,6.9,6.9,6.83,7.4,6.3,6.9,8.0,6.4,6.96,5.9,5.8,5.4,8.3,8.0,6.46
4259,Luis López Castillo,Operaciones,Producción,2026-01-07,8.4,7.2,5.9,8.5,8.5,7.63,10.0,9.5,9.2,9.4,9.56,7.6,9.1,7.0,8.7,8.7,8.18,9.0,8.0,10.0,8.1,8.3,8.7
4260,Ximena Ramírez González,Tecnología,Infraestructura,2026-03-21,6.6,4.6,6.6,6.6,6.0,6.01,7.4,7.7,6.3,6.5,7.03,6.8,6.8,8.0,7.4,8.5,7.38,6.3,4.3,4.5,5.3,6.7,5.28
4261,Fernanda López Rodríguez,Finanzas,Contabilidad,2026-01-18,7.6,7.8,7.8,6.4,8.0,7.57,3.6,5.0,2.3,3.8,3.74,6.3,7.3,6.6,7.2,5.5,6.62,4.4,5.7,2.7,4.8,4.6,4.49
4262,Karla Romero Sánchez,Recursos Humanos,Capacitación,2026-06-22,5.0,6.7,6.3,5.7,5.0,5.79,6.9,5.8,6.1,8.5,6.86,6.1,6.5,3.2,5.6,7.8,5.8,7.0,7.5,7.5,8.1,8.7,7.62
4263,Laura López Ramírez,Recursos Humanos,Reclutamiento,2025-11-16,7.7,7.1,6.0,5.8,6.2,6.7,7.0,6.7,5.8,6.4,6.54,7.0,6.3,6.0,6.8,5.1,6.31,8.1,7.1,7.2,8.9,7.7,7.79
4264,Alejandro Martínez Vázquez,Finanzas,Contabilidad,2026-08-22,5.1,4.9,3.9,3.0,4.6,4.42,8.4,4.5,4.5,4.8,5.74,6.4,5.1,7.2,6.8,5.5,6.16,5.5,8.4,5.6,3.7,4.9,5.82
4265,Ricardo Vázquez Flores,Recursos Humanos,Capacitación,2025-11-05,4.4,5.3,3.5,3.3,6.7,4.62,6.7,4.8,5.6,6.8,6.03,5.2,3.7,4.2,4.2,7.5,4.82,3.4,5.9,4.1,7.0,3.7,4.92
4266,Luis García Morales,Marketing,Marketing Digital,2025-11-06,7.4,7.9,8.6,9.8,8.1,8.23,10.0,9.1,7.8,7.3,8.66,9.4,9.8,7.5,8.2,10.0,9.03,6.6,7.6,7.0,9.8,8.5,7.76
4267,Andrea Ortiz Gómez,Recursos Humanos,Reclutamiento,2025-12-31,7.5,8.2,7.5,9.2,9.3,8.2,8.9,9.8,9.4,9.9,9.48,10.0,7.7,8.4,7.5,7.5,8.36,7.6,9.5,9.9,8.6,9.6,8.94
4268,Luis Sánchez González,Marketing,Comunicación de Marca,2025-11-14,3.9,5.8,5.2,4.9,4.4,4.86,6.6,4.1,4.7,4.8,5.14,7.9,6.3,7.1,5.0,7.4,6.83,5.6,5.5,5.6,3.2,5.1,5.04
4269,Juan García Martínez,Marketing,Marketing Digital,2025-10-09,5.7,6.3,7.3,7.2,6.1,6.46,7.7,6.3,6.2,4.2,6.18,5.5,4.2,5.0,4.8,3.8,4.72,4.1,7.0,5.4,5.7,5.7,5.56
4270,Diego Hernández Hernández,Tecnología,Infraestructura,2026-07-10,2.3,1.0,4.0,1.6,2.8,2.28,3.5,4.4,2.6,2.9,3.4,4.0,1.8,1.2,2.4,2.8,2.47,1.0,0.2,0.8,2.2,2.1,1.11
4271,Ana Torres Reyes,Marketing,Marketing Digital,2026-02-21,3.4,5.9,5.3,3.3,2.8,4.3,2.8,2.4,0.4,3.4,2.37,5.0,1.3,4.0,4.9,3.0,3.56,4.5,4.0,2.9,3.1,3.3,3.66
4272,Raúl López González,Ventas,Ventas Internacionales,2026-01-15,0.0,3.0,0.4,1.1,0.5,1.07,3.7,1.4,4.2,2.4,2.9,2.2,3.3,3.2,1.4,2.7,2.63,1.9,0.1,1.4,1.2,2.3,1.25
4273,Ricardo Reyes López,Finanzas,Auditoría Interna,2025-09-28,9.4,7.4,7.7,8.4,9.2,8.38,6.8,6.3,7.1,8.3,7.11,8.7,10.0,10.0,8.0,9.7,9.33,6.7,9.0,9.5,9.4,6.2,8.32
4274,Laura Cruz García,Tecnología,Soporte Técnico,2025-12-12,6.4,6.4,5.9,5.0,5.4,5.94,4.9,5.7,6.5,5.1,5.47,5.7,6.0,6.3,6.4,6.3,6.09,5.7,6.4,6.6,5.9,4.4,5.97
4275,Fernanda Vázquez Rodríguez,Recursos Humanos,Capacitación,2026-02-03,5.7,2.2,4.3,4.0,2.8,3.86,0.6,3.9,2.4,2.5,2.26,3.8,3.8,3.4,3.1,3.5,3.57,2.9,1.4,1.1,2.2,4.0,2.13
4276,Ricardo Flores Castillo,Recursos Humanos,Nómina,2026-02-16,3.7,1.9,1.9,2.7,2.8,2.6,1.3,1.4,1.3,2.3,1.58,2.5,4.1,3.2,4.2,5.3,3.72,5.4,2.1,3.8,4.7,3.4,3.91
4277,Diego Rodríguez Castillo,Tecnología,Desarrollo,2026-07-17,2.7,0.1,2.9,0.9,2.5,1.79,2.7,0.5,1.6,3.4,2.1,2.3,2.8,4.7,4.2,2.8,3.26,2.4,2.3,1.7,2.4,3.0,2.3
4278,Luis Martínez Cruz,Tecnología,Infraestructura,2026-05-15,8.0,6.6,8.6,7.0,7.3,7.52,7.2,6.7,6.4,8.1,7.14,5.4,8.0,7.7,7.2,5.8,6.84,8.4,7.8,9.6,9.6,8.0,8.69
4279,Miguel González López,Recursos Humanos,Nómina,2026-04-02,7.0,6.2,6.5,7.8,7.9,6.96,5.6,5.9,6.5,8.0,6.46,5.2,4.9,5.5,4.1,7.4,5.35,8.7,5.0,5.8,9.1,7.7,7.18
4280,Pedro Reyes Jiménez,Marketing,Comunicación de Marca,2025-10-21,5.0,6.7,6.4,5.0,7.2,6.04,5.1,3.5,3.3,4.7,4.24,4.8,5.4,4.4,4.8,4.3,4.79,6.4,4.8,4.1,5.4,5.8,5.28
4281,Ana Sánchez Reyes,Recursos Humanos,Capacitación,2025-10-28,6.2,8.3,7.0,5.9,3.9,6.5,5.8,6.0,5.6,5.2,5.66,3.9,4.4,6.2,7.1,7.1,5.44,5.1,7.1,5.4,6.2,7.3,6.1
4282,Diego Jiménez Jiménez,Recursos Humanos,Capacitación,2026-01-16,7.0,8.2,6.4,5.4,6.2,6.82,6.1,5.9,6.4,5.6,5.98,6.2,6.8,5.3,5.0,5.0,5.81,4.5,5.3,6.2,4.8,3.1,4.96
4283,Fernanda Vázquez Pérez,Marketing,Investigación de Mercado,2026-07-31,10.0,10.0,9.8,10.0,7.1,9.52,8.9,9.3,7.7,7.0,8.28,9.6,8.1,8.9,6.0,7.5,8.23,10.0,7.5,6.0,7.2,9.7,7.98
4284,Juan Castillo García,Ventas,Ventas Internacionales,2025-12-19,6.7,5.5,4.6,7.1,8.5,6.31,6.3,6.9,7.2,7.0,6.81,7.0,6.7,5.1,8.2,7.6,6.82,4.6,4.8,4.4,6.1,6.2,5.07
4285,Sofía López González,Finanzas,Auditoría Interna,2026-03-24,5.3,5.4,3.9,4.7,5.2,4.94,8.3,5.5,7.4,4.5,6.47,2.8,4.2,4.3,4.7,5.4,4.12,6.1,3.5,6.3,5.2,8.9,5.59
4286,Fernanda López Flores,Finanzas,Auditoría Interna,2026-01-12,8.5,8.4,8.5,9.3,9.1,8.68,8.3,5.8,8.0,7.1,7.32,9.1,9.0,10.0,9.6,9.4,9.38,10.0,8.8,10.0,9.9,9.4,9.62
4287,Camila López Castillo,Finanzas,Contabilidad,2026-04-02,7.3,5.4,4.9,6.2,6.1,6.0,6.1,8.7,6.9,9.2,7.68,7.0,5.3,6.6,6.9,6.7,6.44,7.0,6.9,7.1,5.8,5.6,6.61
4288,Fernanda Morales Cruz,Ventas,Ventas Nacionales,2025-12-18,6.0,7.4,6.7,6.0,5.7,6.44,7.4,5.3,5.2,3.6,5.48,7.1,4.8,4.4,5.6,6.5,5.67,6.2,6.7,4.2,5.9,8.0,6.05
4289,Miguel López Morales,Finanzas,Auditoría Interna,2026-06-20,7.2,7.1,5.1,5.2,7.5,6.5,5.3,9.6,7.2,6.8,7.13,8.7,4.5,7.7,7.6,4.7,6.68,7.6,7.4,5.7,6.0,7.5,6.84
4290,Camila Rodríguez Morales,Finanzas,Tesorería,2026-07-17,2.9,3.9,4.8,1.1,3.7,3.38,3.5,4.6,1.9,4.3,3.66,4.3,4.0,3.9,4.1,5.5,4.3,1.3,4.9,3.3,2.3,0.9,2.76
4291,Roberto Ramírez López,Recursos Humanos,Capacitación,2026-06-19,2.8,1.4,3.4,3.2,5.7,3.06,5.0,3.7,0.7,1.6,2.96,5.4,4.5,5.7,4.9,3.4,4.86,4.1,4.6,3.7,5.0,4.5,4.36
4292,Diego Gómez Sánchez,Operaciones,Logística,2025-10-06,9.1,9.0,10.0,8.1,7.6,8.88,8.6,7.0,7.6,6.9,7.57,9.8,10.0,8.8,10.0,8.1,9.43,8.1,5.3,6.3,8.0,6.9,6.9
4293,Pedro Gómez González,Tecnología,Desarrollo,2026-08-11,7.4,7.8,6.5,7.2,6.4,7.14,6.1,7.0,7.0,5.2,6.28,6.1,5.5,7.0,5.0,7.6,6.19,4.6,5.2,6.5,5.8,5.1,5.42
4294,Alejandro Torres Flores,Operaciones,Producción,2026-05-26,2.3,2.4,2.2,3.2,3.0,2.54,4.0,4.6,3.6,3.1,3.84,3.2,3.3,5.5,4.2,5.2,4.14,4.6,4.4,4.5,3.4,3.2,4.15
4295,Valeria Castillo Reyes,Ventas,Atención a Clientes,2026-05-05,1.9,1.0,2.5,1.4,2.3,1.78,3.0,2.4,3.0,1.6,2.5,4.1,4.0,4.6,3.6,2.6,3.88,2.7,3.3,1.4,2.6,1.0,2.4
4296,Mariana Ortiz Ortiz,Tecnología,Infraestructura,2025-11-06,7.0,4.4,6.2,4.8,6.4,5.77,6.9,6.8,7.0,5.1,6.44,6.8,4.9,7.8,6.7,7.0,6.54,7.7,4.5,6.0,5.4,7.5,6.08
4297,Mariana González García,Marketing,Comunicación de Marca,2026-04-29,5.9,4.4,5.9,5.2,4.5,5.21,6.7,7.5,7.2,8.3,7.4,6.9,7.0,6.6,9.3,6.8,7.21,8.0,4.9,4.8,5.9,4.9,5.86
4298,Luis González Jiménez,Marketing,Marketing Digital,2025-10-16,3.9,4.5,3.9,6.1,3.3,4.29,3.8,4.4,4.8,4.2,4.25,2.7,5.1,5.1,4.6,2.6,4.05,5.3,4.7,5.8,4.7,4.1,5.01
4299,Diego Flores García,Ventas,Ventas Nacionales,2025-09-12,6.4,6.9,6.8,7.9,7.6,7.01,5.2,5.5,7.4,6.9,6.14,3.2,6.2,3.7,4.4,4.9,4.49,3.5,6.1,7.1,4.3,3.7,5.05
4300,Valeria Ramírez Vázquez,Operaciones,Producción,2026-01-13,6.2,6.2,9.0,8.0,4.7,6.81,6.6,7.3,8.8,6.5,7.19,8.6,8.7,9.0,9.0,7.2,8.56,8.8,7.4,8.5,9.4,8.7,8.5
4301,Ana Pérez Martínez,Ventas,Ventas Internacionales,2026-05-05,10.0,10.0,7.3,10.0,8.2,9.19,9.6,7.7,7.8,8.7,8.54,8.7,8.5,10.0,8.6,8.7,8.9,9.3,9.6,8.8,10.0,7.6,9.24
4302,Sofía Castillo Flores,Finanzas,Contabilidad,2026-02-01,8.9,7.7,7.8,8.4,9.1,8.34,6.9,7.3,8.7,8.4,7.74,7.6,8.9,6.5,9.2,8.2,8.04,8.9,4.6,7.5,8.9,8.3,7.48
4303,Ricardo Pérez Pérez,Finanzas,Tesorería,2026-01-06,10.0,10.0,10.0,10.0,10.0,10.0,8.8,8.5,8.3,9.7,8.85,10.0,10.0,8.9,10.0,10.0,9.78,8.5,9.2,9.5,10.0,10.0,9.32
4304,Roberto Romero Torres,Recursos Humanos,Nómina,2026-07-30,8.0,10.0,9.5,7.3,8.6,8.78,10.0,7.2,7.3,6.8,7.96,7.5,7.3,7.1,7.0,5.8,7.04,6.3,6.4,5.0,8.1,7.2,6.52
4305,Francisco Flores Martínez,Marketing,Marketing Digital,2025-11-07,9.7,9.8,9.1,10.0,10.0,9.7,10.0,10.0,7.4,8.4,9.08,7.3,9.9,9.2,8.9,9.9,8.96,8.6,8.7,7.1,9.3,10.0,8.6
4306,Francisco Ortiz Rodríguez,Ventas,Atención a Clientes,2026-04-01,7.3,8.3,6.3,9.1,7.4,7.64,8.4,7.5,8.1,7.8,7.96,8.9,6.0,7.6,7.1,7.3,7.4,9.1,5.8,9.0,7.9,7.2,7.82
4307,Juan Torres Castillo,Tecnología,Soporte Técnico,2025-11-03,3.7,3.4,5.0,1.3,2.8,3.39,3.7,5.1,5.3,3.6,4.34,0.9,4.8,4.5,4.0,5.1,3.69,3.1,2.9,4.8,3.3,4.1,3.53
4308,Carlos Hernández Torres,Recursos Humanos,Capacitación,2026-01-27,3.3,4.6,2.7,4.3,5.2,3.94,4.5,2.9,4.2,3.3,3.74,3.2,4.6,1.6,2.1,3.2,3.06,3.9,4.8,3.7,5.5,5.1,4.53
4309,Daniela Torres Torres,Ventas,Ventas Internacionales,2025-10-28,8.4,4.7,6.4,6.0,7.4,6.56,8.1,5.7,7.9,7.4,7.28,5.2,5.9,5.1,4.7,5.1,5.26,5.6,6.0,4.8,5.4,5.0,5.44
4310,Sofía García Morales,Finanzas,Auditoría Interna,2026-08-09,5.3,5.2,5.5,5.0,5.7,5.33,8.1,8.6,6.2,6.8,7.52,5.7,4.5,5.0,5.7,4.3,5.05,5.7,6.9,6.9,5.8,5.8,6.27
4311,Fernanda Gómez Ramírez,Operaciones,Producción,2026-08-23,4.0,4.1,2.8,3.3,4.1,3.7,5.4,4.2,5.4,4.5,4.88,2.0,5.3,2.7,2.3,3.6,3.25,4.5,3.4,4.3,4.5,3.5,4.08
4312,Carlos Gómez Torres,Recursos Humanos,Reclutamiento,2026-07-29,7.1,6.2,8.4,8.3,6.3,7.2,6.0,7.9,7.7,7.1,7.09,8.5,7.1,8.1,6.2,7.7,7.6,7.8,7.7,8.6,6.9,6.6,7.64
4313,Karla Romero Vázquez,Ventas,Ventas Nacionales,2025-10-23,8.9,8.9,8.5,7.8,7.9,8.51,9.4,7.4,8.2,8.3,8.38,8.3,8.3,9.1,9.0,8.5,8.6,9.4,6.7,6.0,6.8,6.1,7.2
4314,Pedro Vázquez Cruz,Operaciones,Control de Calidad,2025-09-10,6.1,5.4,3.5,3.1,1.9,4.32,5.9,5.0,2.8,3.8,4.53,6.2,3.9,2.9,4.0,4.7,4.41,5.9,6.3,4.1,5.3,5.2,5.45
4315,José Reyes Vázquez,Operaciones,Logística,2025-09-08,4.8,6.5,5.1,5.1,5.3,5.4,4.3,5.7,2.9,3.9,4.27,2.0,5.6,4.2,4.3,5.2,4.16,5.7,5.1,4.1,5.3,4.9,5.07
4316,Ximena Jiménez Morales,Ventas,Atención a Clientes,2026-05-09,4.7,6.3,5.8,4.2,3.7,5.1,3.1,4.0,5.7,4.4,4.17,3.9,3.5,3.2,4.9,4.7,3.93,6.5,5.1,4.9,6.6,2.8,5.48
4317,Alejandro López García,Recursos Humanos,Capacitación,2026-06-03,5.3,6.6,6.7,7.5,7.7,6.6,7.9,7.2,9.3,7.1,7.8,7.5,6.7,6.8,5.4,6.4,6.68,6.6,7.8,6.0,8.7,9.0,7.44
4318,José Castillo Vázquez,Finanzas,Contabilidad,2026-05-03,2.8,2.0,2.1,2.8,0.8,2.16,2.6,4.3,2.1,4.2,3.32,1.8,2.9,3.8,3.7,5.6,3.33,6.1,5.2,3.7,2.5,2.7,4.34
4319,Sofía Cruz Flores,Tecnología,Desarrollo,2025-11-13,5.8,6.4,5.9,6.5,6.8,6.22,6.8,7.6,5.0,6.9,6.66,7.2,9.4,6.6,7.8,5.4,7.45,6.1,6.4,8.0,5.2,8.2,6.58
4320,Carlos Cruz Sánchez,Operaciones,Control de Calidad,2026-06-08,4.4,5.8,4.2,6.7,5.8,5.26,6.2,7.4,6.6,5.6,6.43,4.7,6.3,3.0,3.3,3.8,4.42,6.0,6.7,4.9,5.7,6.9,5.98
4321,Valeria Vázquez Martínez,Tecnología,Desarrollo,2026-02-20,4.5,7.1,6.7,6.7,6.1,6.16,7.6,6.5,6.3,5.7,6.59,7.3,7.4,8.5,8.7,6.0,7.58,4.1,5.2,6.9,6.1,5.2,5.44
4322,Paola Romero Gómez,Operaciones,Logística,2026-01-15,5.6,5.0,5.9,5.6,4.7,5.38,6.9,7.1,5.6,5.0,6.22,5.3,4.9,4.8,4.8,4.9,4.96,6.7,4.6,6.5,4.9,6.2,5.72
4323,Sergio Torres García,Operaciones,Logística,2026-04-29,4.4,4.9,8.2,7.3,7.0,6.11,5.1,5.4,4.2,6.5,5.34,8.0,7.3,6.6,7.6,7.0,7.34,8.0,3.2,8.8,6.4,5.0,6.34
4324,Ximena Torres Gómez,Recursos Humanos,Capacitación,2026-03-19,6.8,7.4,4.4,9.3,7.9,7.01,5.2,5.4,5.1,5.2,5.23,4.9,4.4,2.4,3.4,4.9,4.05,5.6,5.8,5.3,5.0,7.3,5.64
4325,Camila Pérez García,Tecnología,Infraestructura,2026-01-08,8.2,8.1,5.2,9.5,7.5,7.66,7.4,8.7,9.7,7.5,8.21,7.4,8.8,7.7,6.2,7.1,7.59,10.0,8.9,9.4,10.0,8.7,9.48
4326,Roberto Flores García,Marketing,Marketing Digital,2025-11-23,2.9,2.8,3.9,3.5,5.1,3.5,4.4,1.4,3.3,3.0,3.08,2.6,6.0,3.2,4.8,6.3,4.46,2.0,5.4,3.3,4.0,2.7,3.58
4327,Sofía Romero Ramírez,Operaciones,Control de Calidad,2026-06-30,8.3,8.8,8.4,8.5,8.1,8.44,8.2,9.1,6.0,6.0,7.44,7.9,9.2,9.5,10.0,7.1,8.74,9.8,8.1,9.1,6.2,10.0,8.54
4328,Sofía Jiménez Jiménez,Finanzas,Auditoría Interna,2026-03-04,2.8,4.6,2.3,4.2,3.6,3.48,3.8,2.5,3.2,3.3,3.23,5.0,5.3,3.6,5.5,4.1,4.74,4.5,3.8,6.2,2.6,3.7,4.2
4329,Daniela Ortiz Morales,Tecnología,Desarrollo,2026-07-13,3.0,4.7,3.6,4.8,2.9,3.8,3.1,2.0,4.7,2.2,2.92,2.3,5.2,3.8,2.5,3.8,3.58,5.7,4.3,4.4,3.2,5.2,4.54
4330,Luis Sánchez Ortiz,Ventas,Ventas Nacionales,2026-09-02,10.0,9.6,9.3,8.4,10.0,9.52,10.0,8.6,10.0,9.3,9.48,10.0,10.0,10.0,8.7,6.8,9.32,10.0,10.0,9.8,7.9,8.6,9.4
4331,Juan García Jiménez,Finanzas,Tesorería,2026-01-15,7.5,7.6,6.4,9.2,6.7,7.44,7.3,9.1,6.8,8.1,7.85,10.0,7.0,5.4,5.9,8.7,7.52,7.4,5.7,4.8,7.1,8.9,6.54
4332,Ricardo Pérez Flores,Recursos Humanos,Reclutamiento,2026-03-15,6.3,3.6,5.8,5.4,6.7,5.45,6.7,6.0,6.5,6.7,6.48,6.7,7.4,8.0,7.7,9.1,7.64,5.0,4.8,5.7,6.3,4.0,5.25
4333,Laura Ramírez González,Marketing,Marketing Digital,2026-06-05,8.1,7.6,9.0,8.1,6.0,7.84,9.8,9.6,8.9,8.8,9.32,7.4,8.2,6.7,6.3,7.9,7.37,10.0,9.0,7.7,9.1,9.4,9.05
4334,Alejandro Jiménez Castillo,Finanzas,Tesorería,2026-08-18,6.5,4.8,6.0,6.4,6.7,5.99,6.2,5.2,7.0,7.5,6.44,7.2,5.9,7.2,6.3,6.0,6.56,6.1,7.1,9.0,7.2,6.7,7.21
4335,José Sánchez Pérez,Finanzas,Auditoría Interna,2025-09-27,9.4,9.3,9.1,8.3,8.7,9.05,8.9,7.6,7.6,10.0,8.59,8.9,8.6,9.8,9.1,8.1,8.91,9.4,10.0,9.4,9.6,9.7,9.62
4336,Alejandro Rodríguez Gómez,Finanzas,Auditoría Interna,2025-11-10,3.7,4.2,4.8,4.8,3.9,4.24,6.3,4.9,7.0,6.0,6.02,3.6,1.9,2.5,2.6,4.0,2.86,4.0,4.5,2.3,3.5,5.7,3.86
4337,Camila Vázquez Hernández,Operaciones,Producción,2025-10-01,6.8,6.8,5.9,6.5,7.0,6.6,6.8,10.0,8.0,7.3,7.97,8.1,5.3,6.6,7.4,7.7,6.94,7.1,10.0,7.7,9.1,8.4,8.48
4338,José Gómez Castillo,Finanzas,Contabilidad,2026-07-28,10.0,10.0,10.0,10.0,10.0,10.0,5.0,6.8,6.1,7.6,6.32,10.0,9.6,9.9,9.2,10.0,9.76,9.4,8.4,7.9,7.5,10.0,8.53
4339,Sofía García Jiménez,Recursos Humanos,Reclutamiento,2026-09-02,6.4,7.2,7.5,7.5,6.9,7.06,8.8,9.1,9.2,7.7,8.68,7.7,8.3,8.5,9.0,7.6,8.19,6.4,9.0,8.0,7.6,8.9,7.86
4340,Alejandro Gómez Morales,Finanzas,Tesorería,2026-06-20,9.2,5.8,8.2,8.6,7.0,7.73,6.0,7.2,7.0,6.9,6.72,6.9,9.8,6.3,7.8,8.8,7.93,8.4,7.1,6.8,6.3,5.1,7.0
4341,Gabriela Vázquez García,Tecnología,Desarrollo,2026-08-02,7.0,8.2,6.1,7.3,6.1,7.03,7.2,5.7,6.0,7.8,6.74,4.7,6.2,6.1,5.9,6.6,5.82,5.3,7.0,5.9,5.5,6.0,5.96
4342,Luis Vázquez Hernández,Marketing,Investigación de Mercado,2026-03-24,6.1,7.7,5.8,6.6,7.5,6.72,7.9,6.6,6.6,5.0,6.59,4.7,6.9,5.7,5.0,9.4,6.2,5.9,6.3,7.9,8.4,6.1,6.92
4343,Laura Vázquez González,Marketing,Comunicación de Marca,2026-01-15,6.7,6.0,5.9,6.7,5.8,6.23,4.9,5.0,5.7,6.4,5.46,5.6,6.1,6.4,8.7,5.5,6.34,7.7,6.7,6.2,6.5,7.0,6.84
4344,Luis García Flores,Finanzas,Auditoría Interna,2026-06-28,9.2,8.1,8.7,7.5,6.8,8.21,9.0,7.1,8.5,7.7,8.1,8.7,7.0,10.0,8.3,10.0,8.67,9.2,6.0,6.0,7.2,5.7,7.01
4345,Karla Torres Castillo,Tecnología,Desarrollo,2026-04-16,6.2,5.1,7.2,5.2,5.5,5.87,6.0,3.8,4.4,6.0,5.13,5.9,5.0,5.2,4.0,4.3,5.01,4.6,6.1,5.2,5.0,4.5,5.16
4346,Roberto Vázquez González,Finanzas,Contabilidad,2026-02-23,7.0,5.1,8.3,4.9,7.4,6.53,7.0,6.7,6.0,6.1,6.5,6.6,6.2,4.8,7.2,4.5,5.92,7.0,6.6,7.2,6.5,6.3,6.77
4347,Daniela Sánchez Martínez,Tecnología,Desarrollo,2026-05-15,10.0,10.0,6.7,9.9,9.1,9.19,9.5,8.5,10.0,8.3,9.05,8.6,7.4,8.4,7.9,8.0,8.06,10.0,9.8,9.3,9.4,10.0,9.69
4348,Ximena González Cruz,Tecnología,Soporte Técnico,2026-03-23,2.0,4.6,2.8,2.5,4.2,3.22,0.6,2.0,3.1,2.1,1.83,2.5,2.4,2.4,3.7,1.4,2.47,3.3,3.7,1.9,1.5,1.1,2.54
4349,Daniela García Castillo,Ventas,Ventas Nacionales,2026-02-04,6.2,8.5,8.1,9.2,8.8,8.0,10.0,10.0,10.0,10.0,10.0,10.0,8.9,9.5,7.9,8.3,9.06,8.8,10.0,8.3,8.3,6.2,8.64
4350,Carlos López Sánchez,Operaciones,Control de Calidad,2025-09-25,8.4,8.6,10.0,8.7,9.0,8.9,9.3,10.0,8.6,9.2,9.31,7.9,8.9,8.7,9.5,10.0,8.86,9.9,10.0,7.4,9.7,8.5,9.24
4351,Luis Romero Hernández,Tecnología,Infraestructura,2026-05-17,6.0,5.6,3.3,5.7,4.1,5.03,5.9,3.2,5.9,5.9,5.22,5.2,6.8,5.1,5.9,4.9,5.64,7.2,5.2,6.2,7.0,6.6,6.4
4352,Miguel Pérez García,Ventas,Ventas Nacionales,2026-08-06,5.2,2.6,4.3,5.3,5.1,4.37,4.4,3.7,3.5,3.6,3.84,4.0,3.8,4.8,3.5,2.7,3.84,3.6,2.8,3.3,2.6,3.1,3.09
4353,María Rodríguez González,Ventas,Ventas Internacionales,2025-10-25,7.6,9.2,8.3,10.0,8.7,8.66,7.2,8.3,7.4,8.4,7.82,8.1,10.0,8.3,8.1,10.0,8.9,10.0,9.4,8.9,10.0,9.2,9.55
4354,Juan Pérez Pérez,Tecnología,Soporte Técnico,2026-02-09,4.0,5.3,4.8,4.6,4.1,4.59,2.5,6.0,6.0,4.1,4.47,3.0,5.0,2.0,2.8,2.2,3.15,2.1,3.0,3.5,5.1,4.7,3.47
4355,Fernanda Romero Sánchez,Marketing,Marketing Digital,2026-03-19,7.1,7.9,7.9,7.3,6.8,7.44,7.2,8.7,8.6,8.8,8.25,4.8,5.4,6.7,4.0,4.7,5.19,6.3,8.3,6.8,5.5,7.0,6.81
4356,Valeria Vázquez Martínez,Recursos Humanos,Nómina,2025-12-19,3.4,4.4,3.6,3.2,5.4,3.96,5.0,5.2,3.7,2.3,4.12,1.9,3.4,2.4,3.0,3.2,2.74,0.9,0.5,1.9,1.0,1.3,1.06
4357,Diego Cruz Rodríguez,Operaciones,Control de Calidad,2025-09-14,8.7,8.0,6.4,7.4,10.0,8.07,6.4,7.2,5.2,5.4,6.11,9.5,9.4,6.4,7.1,8.1,8.28,9.2,5.3,7.7,6.1,8.0,7.18
4358,Luis Flores López,Operaciones,Logística,2026-07-23,4.4,3.5,1.5,3.2,3.1,3.22,0.7,0.2,1.6,2.0,1.08,1.2,2.2,0.0,0.0,1.0,1.0,5.5,2.2,2.9,2.5,5.0,3.5
4359,Raúl Morales García,Ventas,Ventas Internacionales,2025-10-28,8.8,7.7,10.0,7.2,9.3,8.6,7.0,8.8,9.3,8.1,8.18,10.0,8.5,9.1,9.4,7.7,9.01,9.2,10.0,8.3,7.7,9.0,8.9
4360,Diego Castillo Torres,Operaciones,Producción,2026-01-18,4.5,5.4,5.0,4.6,5.7,5.02,6.1,5.8,5.8,5.7,5.86,7.4,2.8,6.2,5.8,6.6,5.65,5.1,8.3,6.6,6.9,4.7,6.52
4361,Sofía Gómez Hernández,Tecnología,Desarrollo,2026-02-06,7.3,9.5,9.7,4.2,7.6,7.91,7.7,8.6,7.7,8.4,8.1,7.1,10.0,9.4,10.0,9.6,9.1,9.9,8.5,9.0,10.0,9.2,9.32
4362,Carlos Hernández Castillo,Tecnología,Desarrollo,2025-10-27,8.5,8.0,9.4,7.4,9.1,8.48,9.8,9.3,7.9,10.0,9.35,6.7,6.2,9.0,5.6,5.8,6.74,9.6,9.9,9.2,9.3,10.0,9.57
4363,Francisco Rodríguez Jiménez,Marketing,Marketing Digital,2026-05-19,8.6,6.6,4.2,6.1,4.6,6.24,6.3,5.4,6.4,5.3,5.85,4.9,5.6,3.5,3.0,6.6,4.77,3.3,3.2,7.3,4.9,2.1,4.28
4364,Sofía Martínez Ortiz,Ventas,Atención a Clientes,2025-11-24,4.0,6.1,5.7,4.5,5.1,5.1,6.0,6.5,5.0,5.9,5.9,5.2,4.0,5.1,4.6,3.7,4.56,8.1,7.4,6.5,6.7,6.5,7.16
4365,Raúl García Martínez,Finanzas,Tesorería,2026-02-11,5.2,2.2,2.0,3.2,1.2,2.91,4.4,4.3,4.0,3.8,4.15,2.2,2.4,4.6,4.7,3.1,3.24,5.9,3.2,3.1,4.4,4.0,4.18
4366,Andrea García Torres,Finanzas,Auditoría Interna,2025-10-01,9.0,8.6,8.4,8.9,7.6,8.56,10.0,8.3,8.8,7.2,8.64,10.0,9.1,9.1,9.2,8.5,9.25,8.7,8.9,9.0,10.0,10.0,9.2
4367,Raúl Pérez Pérez,Finanzas,Contabilidad,2026-03-21,5.7,4.6,2.7,5.9,3.0,4.45,7.0,6.7,4.7,7.6,6.62,6.4,4.6,3.0,6.4,2.5,4.69,6.7,4.7,4.1,5.2,5.9,5.3
4368,Pedro Ramírez González,Marketing,Investigación de Mercado,2025-12-18,8.2,5.6,6.2,9.1,5.9,6.94,8.8,7.2,8.2,7.6,7.98,9.6,10.0,8.2,9.8,6.9,9.04,7.2,7.5,5.2,8.7,8.4,7.3
4369,Juan Ortiz Castillo,Tecnología,Soporte Técnico,2026-03-10,8.5,7.8,6.0,7.3,6.4,7.33,9.9,7.8,8.2,7.3,8.38,9.0,7.7,9.2,9.2,7.8,8.56,8.1,8.2,8.0,9.8,9.2,8.56
4370,Juan Ortiz Hernández,Ventas,Ventas Internacionales,2026-04-17,4.8,3.4,3.8,4.4,4.8,4.19,6.8,6.1,7.7,7.2,6.9,6.1,5.8,3.8,5.1,4.4,5.16,4.7,6.1,7.3,5.1,3.1,5.49
4371,Ana Ramírez Cruz,Finanzas,Auditoría Interna,2026-04-23,6.2,7.7,7.0,7.3,6.2,6.9,4.4,6.7,6.9,8.7,6.55,7.4,7.4,8.7,5.3,6.0,7.14,6.0,7.9,7.4,7.9,7.4,7.28
4372,Mariana Jiménez López,Ventas,Ventas Internacionales,2025-10-07,8.0,6.7,6.4,9.5,6.9,7.42,7.7,10.0,7.7,8.9,8.58,7.4,7.5,8.1,9.1,9.7,8.17,8.1,8.5,9.7,9.9,8.7,8.94
4373,Alejandro Gómez Jiménez,Operaciones,Logística,2025-11-06,10.0,10.0,9.0,9.3,8.0,9.4,8.4,9.3,6.8,10.0,8.71,9.5,8.9,9.4,10.0,8.6,9.27,6.6,4.3,8.0,7.4,5.8,6.38
4374,Carlos López Flores,Finanzas,Contabilidad,2026-06-17,5.4,5.1,6.6,5.7,5.6,5.64,4.5,5.7,5.7,4.7,5.09,5.3,5.4,4.4,6.9,6.5,5.56,3.6,5.7,5.0,5.3,5.0,4.88
4375,Paola Ramírez López,Recursos Humanos,Capacitación,2025-10-27,4.1,8.5,6.7,7.6,5.7,6.48,6.4,4.5,7.1,7.5,6.34,7.7,7.0,6.6,5.1,5.3,6.56,8.7,7.5,2.9,6.6,5.4,6.49
4376,Ana Rodríguez Castillo,Finanzas,Contabilidad,2026-02-06,5.2,5.1,5.2,5.4,4.2,5.06,3.8,6.3,5.8,3.8,4.82,6.1,6.2,8.0,6.1,7.2,6.67,3.3,2.8,4.4,2.2,4.2,3.26
4377,Alejandro Cruz Castillo,Operaciones,Logística,2026-07-31,6.4,6.2,6.7,5.3,7.3,6.38,6.6,5.7,5.0,4.1,5.43,4.7,6.6,4.1,6.9,5.1,5.44,7.2,7.4,6.4,6.6,7.8,7.03
4378,Valeria Torres Morales,Ventas,Ventas Nacionales,2025-12-02,7.1,8.8,5.5,7.6,6.2,7.14,9.8,9.3,7.8,8.4,8.93,5.7,7.3,7.2,5.7,7.7,6.7,9.3,8.1,9.1,7.2,10.0,8.61
4379,Gabriela Rodríguez Reyes,Ventas,Ventas Nacionales,2026-07-10,6.3,5.9,7.9,7.1,5.5,6.52,5.5,5.4,6.1,7.2,6.02,7.8,5.7,6.7,7.3,5.8,6.68,4.0,4.9,6.2,3.6,4.9,4.68
4380,Karla Vázquez Gómez,Ventas,Ventas Nacionales,2025-10-24,10.0,9.0,7.6,8.7,9.7,9.03,8.5,8.7,7.2,8.2,8.22,9.7,5.6,6.5,6.9,8.9,7.5,9.3,7.8,8.7,9.8,8.6,8.84
4381,Miguel Jiménez García,Ventas,Ventas Internacionales,2026-03-26,2.9,6.1,7.2,6.1,3.7,5.16,6.1,5.7,4.5,5.7,5.58,5.6,6.7,4.8,4.2,4.9,5.4,2.8,4.1,3.7,2.0,0.6,2.92
4382,Diego Gómez Reyes,Operaciones,Producción,2025-10-08,9.1,9.5,9.9,7.0,10.0,9.18,9.9,10.0,10.0,9.1,9.75,8.8,8.6,8.3,9.1,8.7,8.68,9.7,10.0,10.0,10.0,8.4,9.76
4383,Sofía Reyes Ramírez,Ventas,Ventas Nacionales,2026-03-15,6.5,6.4,7.0,5.8,5.3,6.29,5.5,7.5,6.9,7.0,6.66,5.3,5.7,5.5,6.4,7.3,5.9,5.5,6.8,5.1,6.0,5.9,5.89
4384,Ricardo González Reyes,Marketing,Marketing Digital,2026-08-07,10.0,9.2,10.0,8.4,9.4,9.47,9.0,6.9,8.2,9.0,8.32,9.1,10.0,8.5,9.3,9.5,9.3,7.4,8.7,8.5,7.9,8.6,8.17
4385,Laura Cruz Castillo,Operaciones,Producción,2025-12-02,3.9,4.9,3.9,3.1,2.9,3.88,5.0,5.2,4.3,3.6,4.56,5.8,4.5,5.4,5.4,4.1,5.08,3.4,4.4,6.7,3.3,7.2,4.67
4386,Gabriela Cruz Romero,Recursos Humanos,Reclutamiento,2025-12-16,9.8,9.5,8.4,9.1,9.3,9.26,8.5,8.1,9.9,9.4,8.9,7.8,8.6,8.1,9.3,10.0,8.62,10.0,8.1,9.1,9.8,8.6,9.17
4387,María Romero Ramírez,Recursos Humanos,Nómina,2026-05-20,6.7,7.7,5.6,5.6,6.0,6.46,3.7,3.5,3.4,4.4,3.76,3.3,3.8,5.3,6.4,5.2,4.58,7.7,7.1,6.5,7.3,5.2,6.98
4388,Sergio Castillo Reyes,Ventas,Ventas Internacionales,2026-06-25,5.4,5.7,7.2,7.1,4.2,5.91,2.7,3.5,4.4,4.5,3.69,9.6,7.4,5.2,6.6,6.1,7.2,6.3,7.1,7.0,5.7,5.5,6.44
4389,Karla Torres González,Finanzas,Tesorería,2025-10-27,7.9,6.6,6.0,6.4,4.2,6.42,3.1,7.1,6.1,6.8,5.62,5.9,5.8,6.8,7.2,3.9,5.95,7.9,7.0,8.7,9.2,7.2,8.02
4390,Luis Sánchez Flores,Tecnología,Desarrollo,2025-11-27,3.8,6.3,3.8,4.2,4.5,4.59,5.1,7.0,5.1,5.9,5.78,6.4,7.6,5.4,5.8,5.8,6.32,5.4,5.9,6.3,6.3,5.2,5.86
4391,Francisco Pérez Morales,Operaciones,Logística,2026-05-22,4.9,5.3,6.2,3.7,6.1,5.26,3.7,5.3,4.0,2.1,3.76,4.7,4.8,3.6,5.6,6.5,4.91,6.7,6.6,4.2,5.8,6.7,6.0
4392,María García Romero,Operaciones,Logística,2025-12-26,3.6,3.9,3.1,2.1,3.5,3.34,2.8,2.9,5.3,2.8,3.32,4.2,3.6,3.7,3.2,3.8,3.74,4.1,3.4,3.5,4.7,3.0,3.82
4393,Mariana Gómez Sánchez,Finanzas,Tesorería,2026-06-12,8.3,7.9,7.7,7.7,7.2,7.83,8.6,8.1,9.0,7.1,8.18,5.6,5.3,6.3,7.3,5.7,5.93,5.3,7.5,7.5,9.1,7.8,7.3
4394,Diego Jiménez Pérez,Operaciones,Logística,2026-07-03,6.6,5.4,5.9,6.2,6.1,6.02,3.9,7.2,3.8,5.8,5.18,5.2,7.1,6.5,7.1,5.2,6.22,5.1,3.4,5.1,4.7,5.8,4.66
4395,Francisco Jiménez Cruz,Marketing,Comunicación de Marca,2026-01-08,6.1,5.8,7.0,9.0,6.0,6.62,7.0,7.1,4.2,5.3,6.04,7.1,6.5,8.4,5.2,5.6,6.7,5.3,6.6,4.6,6.6,5.8,5.8
4396,Ricardo Sánchez Ortiz,Operaciones,Logística,2025-11-08,9.8,8.0,9.9,7.0,8.8,8.8,9.7,8.2,6.8,5.7,7.74,5.9,4.2,8.3,6.9,7.3,6.32,8.3,7.3,7.6,7.8,8.0,7.78
4397,Ximena Romero Vázquez,Ventas,Ventas Internacionales,2025-10-07,7.0,6.9,6.8,6.5,6.4,6.77,6.5,6.8,6.8,6.9,6.74,6.2,7.1,8.5,6.8,8.0,7.24,8.2,8.1,7.2,8.6,9.6,8.2
4398,Daniela Vázquez González,Ventas,Ventas Internacionales,2026-03-23,1.0,1.5,1.9,1.6,1.3,1.44,2.8,1.8,2.0,1.9,2.16,2.2,3.2,1.8,4.1,2.1,2.64,2.0,2.7,3.6,1.9,2.2,2.5
4399,Camila Pérez Cruz,Marketing,Investigación de Mercado,2026-07-17,7.4,7.3,6.3,6.9,6.7,6.98,7.2,9.8,8.0,8.9,8.44,7.6,9.6,9.1,9.7,6.8,8.6,7.8,7.3,7.0,7.2,7.9,7.4
4400,Juan Martínez Ramírez,Marketing,Comunicación de Marca,2026-02-21,6.3,7.4,6.8,4.2,6.0,6.32,8.0,6.7,7.7,8.3,7.69,8.1,6.7,7.8,7.1,6.5,7.3,9.1,9.1,8.0,8.4,8.4,8.67
4401,Andrea García Ortiz,Operaciones,Producción,2026-01-02,6.3,7.4,5.1,5.7,3.1,5.76,4.9,7.0,7.8,6.7,6.45,6.8,8.6,5.9,7.8,8.7,7.5,4.2,6.6,4.9,4.6,4.9,5.09
4402,Ana Romero Pérez,Ventas,Atención a Clientes,2025-09-18,7.2,7.8,6.1,7.7,7.1,7.19,5.5,5.1,8.0,9.6,6.93,8.6,9.1,8.9,10.0,8.0,8.9,7.8,8.5,7.2,7.8,8.9,7.97
4403,Jorge Hernández Ortiz,Tecnología,Desarrollo,2026-07-29,6.4,9.0,9.0,8.5,8.6,8.22,6.3,5.9,5.7,8.7,6.68,6.3,6.6,6.6,7.3,7.7,6.8,9.0,8.5,8.0,7.4,6.2,8.07
4404,Francisco Martínez López,Ventas,Atención a Clientes,2026-01-11,5.8,4.9,4.0,5.6,6.6,5.3,4.4,2.4,3.4,4.6,3.75,5.8,6.4,5.3,5.4,4.3,5.56,4.6,8.0,1.8,5.1,5.0,5.03
4405,Karla Gómez López,Marketing,Investigación de Mercado,2026-03-05,6.2,3.9,3.5,6.9,6.9,5.3,7.4,9.5,7.3,7.8,8.01,6.0,6.9,7.3,7.0,6.2,6.66,5.6,7.6,5.8,6.6,5.5,6.33
4406,Carlos Rodríguez López,Finanzas,Tesorería,2026-02-05,10.0,7.8,10.0,6.9,9.2,8.86,8.8,8.7,9.1,8.7,8.81,9.0,8.5,9.9,10.0,7.8,9.02,9.0,8.5,10.0,10.0,9.8,9.36
4407,Miguel García Flores,Ventas,Ventas Internacionales,2026-08-05,7.3,8.5,6.8,8.5,7.4,7.7,8.0,7.8,10.0,8.8,8.55,9.0,10.0,9.3,10.0,10.0,9.61,8.0,10.0,10.0,9.9,9.2,9.4
4408,Francisco Cruz Pérez,Marketing,Comunicación de Marca,2026-09-01,2.3,3.2,1.9,5.1,1.8,2.79,2.6,5.1,2.4,3.4,3.38,0.4,4.0,2.6,4.2,3.3,2.74,2.8,0.7,3.1,3.6,5.0,2.72
4409,Fernanda Rodríguez Hernández,Tecnología,Desarrollo,2026-01-29,4.2,4.2,3.2,5.6,3.6,4.12,5.4,5.3,6.7,7.9,6.26,4.7,2.8,5.4,3.3,5.3,4.24,2.7,4.9,4.7,5.4,4.8,4.4
4410,Ana Hernández Romero,Marketing,Investigación de Mercado,2026-06-27,8.6,10.0,8.2,7.4,7.4,8.51,8.4,8.8,5.8,8.0,7.88,9.1,8.3,7.1,9.2,7.1,8.22,7.9,7.2,8.4,6.4,7.5,7.48
4411,Francisco López Sánchez,Marketing,Marketing Digital,2026-01-26,8.3,10.0,10.0,10.0,9.0,9.42,9.4,8.8,9.2,10.0,9.36,9.9,9.5,7.9,9.6,9.8,9.34,8.9,10.0,10.0,9.9,9.8,9.68
4412,Fernanda Hernández Gómez,Ventas,Ventas Internacionales,2026-08-29,3.3,3.5,4.4,3.4,3.7,3.64,2.2,5.0,4.9,3.1,3.66,2.7,4.6,3.5,3.9,2.7,3.51,5.3,3.9,3.4,1.5,3.3,3.61
4413,Raúl González García,Operaciones,Logística,2025-11-19,5.7,7.7,5.8,4.9,3.8,5.82,6.0,6.8,8.9,7.5,7.16,4.5,5.6,5.6,5.7,6.1,5.42,4.9,4.7,5.0,6.4,5.8,5.26
4414,Sofía Morales Ortiz,Recursos Humanos,Capacitación,2026-05-09,4.8,3.6,6.3,7.6,6.4,5.46,6.7,5.3,4.6,5.1,5.53,7.5,8.2,6.4,7.4,7.4,7.43,3.0,5.5,4.6,8.0,5.5,5.19
4415,Daniela Pérez González,Tecnología,Desarrollo,2026-03-27,4.2,7.2,4.4,6.2,5.8,5.53,5.8,3.4,4.7,5.1,4.8,5.5,3.0,7.5,4.5,4.6,4.99,4.2,5.5,4.0,4.6,5.6,4.7
4416,María García Cruz,Finanzas,Contabilidad,2026-05-05,6.2,4.6,5.8,2.9,4.5,4.97,4.8,5.4,4.2,6.7,5.3,6.2,6.2,5.2,7.5,5.8,6.14,5.0,7.4,7.2,6.1,3.5,6.11
4417,Karla García González,Recursos Humanos,Capacitación,2026-04-08,9.4,6.5,7.2,5.9,7.2,7.38,5.8,5.5,6.4,8.1,6.42,7.1,5.6,6.0,6.0,5.1,6.04,7.2,6.0,7.6,6.8,6.0,6.78
4418,Camila Romero Reyes,Recursos Humanos,Reclutamiento,2026-02-26,4.9,5.0,5.8,5.0,5.3,5.18,3.4,2.0,5.1,1.7,2.96,6.9,5.9,5.2,7.0,5.2,6.07,5.3,5.9,3.8,3.8,4.4,4.76
4419,Diego Morales Ramírez,Operaciones,Producción,2026-01-15,4.3,5.0,5.1,5.6,5.1,4.95,7.1,6.6,6.8,7.6,7.04,7.4,5.2,7.6,7.9,6.4,6.82,6.0,4.7,6.6,5.8,5.6,5.72
4420,Laura Ramírez Jiménez,Tecnología,Desarrollo,2025-12-30,9.5,10.0,9.6,9.4,10.0,9.7,8.0,8.7,7.4,8.8,8.25,9.7,9.6,8.7,7.1,7.4,8.74,8.6,6.7,8.8,5.8,8.7,7.62
4421,Roberto Jiménez Reyes,Tecnología,Infraestructura,2025-09-11,6.1,7.6,8.4,7.5,7.5,7.36,6.3,7.0,7.5,8.3,7.22,9.3,5.9,8.3,6.4,8.5,7.7,8.4,8.0,9.4,7.2,9.1,8.33
4422,José Reyes Gómez,Recursos Humanos,Nómina,2026-07-04,6.6,7.5,9.3,7.7,6.3,7.48,9.9,7.1,10.0,9.0,9.0,9.8,8.9,8.7,9.2,7.6,8.94,8.4,9.1,10.0,9.2,10.0,9.22
4423,Roberto Morales González,Tecnología,Soporte Técnico,2025-10-24,8.1,6.1,7.0,6.8,7.8,7.14,10.0,9.0,8.4,9.8,9.38,8.8,7.3,8.0,6.4,7.9,7.77,7.1,8.0,8.3,7.0,8.7,7.71
4424,Sergio Flores Pérez,Operaciones,Logística,2026-01-31,7.5,8.2,10.0,8.6,9.6,8.65,7.4,7.3,6.6,9.2,7.66,9.7,9.3,6.9,9.7,10.0,9.09,8.8,6.0,6.6,7.2,7.8,7.24
4425,Paola López Castillo,Ventas,Ventas Nacionales,2026-05-18,5.1,4.6,5.8,6.2,5.1,5.28,4.6,4.4,4.9,5.2,4.76,5.9,6.5,6.7,5.4,6.2,6.18,5.7,5.1,4.8,5.9,6.6,5.5
4426,Valeria Sánchez Vázquez,Finanzas,Auditoría Interna,2025-10-08,2.0,2.8,3.5,4.0,5.0,3.25,4.2,3.2,1.7,4.9,3.62,4.1,4.6,4.8,2.8,6.1,4.47,1.6,0.7,3.7,1.0,1.5,1.66
4427,José Ramírez Jiménez,Operaciones,Control de Calidad,2025-12-23,7.6,7.3,7.3,6.7,7.7,7.34,7.6,4.3,7.8,8.5,7.04,7.9,7.0,7.6,8.9,9.2,7.96,9.2,7.7,9.4,8.9,8.4,8.72
4428,María Torres Ortiz,Recursos Humanos,Nómina,2026-07-02,8.2,5.8,7.0,8.2,6.1,7.04,5.4,5.6,6.3,7.0,6.03,6.6,6.2,5.7,8.1,6.3,6.5,5.7,6.0,5.8,6.1,6.2,5.92
4429,Alejandro González Torres,Recursos Humanos,Capacitación,2026-07-06,3.9,6.3,3.9,5.7,3.9,4.77,8.1,7.0,7.8,8.0,7.74,3.8,4.8,3.3,5.1,2.9,4.01,5.6,4.7,5.2,5.5,6.5,5.36
4430,Daniela Torres Reyes,Ventas,Ventas Internacionales,2026-01-10,8.6,8.5,9.4,8.6,8.8,8.76,8.8,10.0,9.7,8.8,9.28,8.3,8.3,9.0,6.8,9.7,8.43,7.8,6.7,8.9,8.0,6.3,7.64
4431,Juan Martínez García,Tecnología,Desarrollo,2025-12-15,5.7,7.0,6.5,6.3,6.6,6.41,6.5,6.7,5.8,5.2,6.08,6.9,8.7,6.5,7.8,7.3,7.46,8.0,7.3,7.5,10.0,8.9,8.22
4432,Juan Pérez García,Operaciones,Logística,2026-08-22,6.9,8.7,9.8,9.6,9.0,8.65,8.7,7.8,7.5,7.2,7.86,6.0,7.9,6.1,7.2,5.4,6.59,10.0,7.7,9.1,8.6,8.2,8.78
4433,Raúl Castillo Hernández,Marketing,Comunicación de Marca,2026-01-21,5.4,8.5,5.8,8.0,7.2,6.92,5.6,8.3,7.4,6.9,6.96,6.5,6.2,5.3,6.6,5.9,6.11,9.0,5.4,8.1,7.0,7.7,7.39
4434,Miguel Torres Jiménez,Marketing,Investigación de Mercado,2026-02-26,5.4,5.5,4.4,2.9,2.8,4.46,2.9,3.3,3.7,4.0,3.44,4.4,2.3,3.7,3.1,2.0,3.18,5.0,5.3,4.6,3.9,4.1,4.69
4435,Alejandro Romero Reyes,Tecnología,Soporte Técnico,2025-09-19,6.9,8.2,8.0,9.8,8.3,8.09,8.3,6.3,7.3,5.9,7.0,9.6,9.0,7.9,7.7,8.1,8.6,7.6,6.6,9.2,10.0,7.6,8.15
4436,Roberto Rodríguez Rodríguez,Ventas,Ventas Internacionales,2025-12-11,8.9,8.1,10.0,10.0,7.9,8.94,8.9,8.2,8.3,6.5,8.0,8.5,6.6,8.1,9.1,7.3,7.86,6.9,8.4,8.1,8.7,9.6,8.14
4437,Miguel Rodríguez Castillo,Tecnología,Desarrollo,2025-10-11,8.4,8.3,6.4,8.7,9.6,8.2,4.4,8.0,6.0,5.7,5.94,6.4,8.6,7.1,6.9,8.3,7.45,6.3,6.8,6.5,6.9,8.1,6.76
4438,Jorge López Morales,Finanzas,Auditoría Interna,2026-08-26,6.4,6.6,5.5,4.9,4.4,5.74,7.8,8.1,5.7,7.2,7.31,7.3,6.6,5.9,6.2,9.1,6.95,5.3,5.7,6.9,6.2,5.7,5.94
4439,Gabriela Romero Rodríguez,Ventas,Atención a Clientes,2025-12-03,5.1,4.7,4.9,4.2,4.8,4.78,2.6,2.3,1.4,3.5,2.51,3.6,2.5,2.0,1.5,2.7,2.55,5.3,4.4,5.1,4.5,3.5,4.69
4440,Sergio Pérez Cruz,Ventas,Atención a Clientes,2026-05-09,3.4,3.6,2.3,5.4,2.8,3.44,3.5,3.3,7.0,4.3,4.35,1.5,2.7,1.0,2.8,3.8,2.24,3.7,5.2,2.8,4.1,2.9,3.9
4441,Fernanda Sánchez Torres,Ventas,Ventas Internacionales,2026-02-18,3.1,3.9,6.6,4.6,1.5,3.99,3.3,2.6,5.1,2.4,3.26,3.4,2.0,1.5,1.4,2.2,2.19,4.0,2.1,4.7,3.9,3.8,3.62
4442,Pedro Sánchez López,Recursos Humanos,Nómina,2025-10-22,5.7,2.6,3.6,5.3,3.3,4.08,4.8,2.8,4.5,3.4,3.89,5.4,8.0,3.0,3.6,4.1,5.11,3.5,5.8,5.2,2.9,3.6,4.31
4443,Mariana Ortiz Castillo,Finanzas,Tesorería,2025-10-25,4.2,5.3,5.1,7.7,4.8,5.27,7.1,4.7,5.3,5.2,5.66,2.5,3.9,4.8,3.9,1.7,3.4,4.6,7.3,6.7,5.7,6.9,6.14
4444,Sofía Torres Torres,Finanzas,Tesorería,2026-06-17,2.8,4.6,5.6,2.7,4.4,4.04,3.7,4.4,5.4,4.7,4.46,5.3,3.5,4.6,4.4,5.6,4.62,3.7,4.0,3.8,3.0,2.5,3.54
4445,Sergio Ortiz Romero,Ventas,Ventas Nacionales,2026-06-12,5.3,3.8,3.4,3.7,4.4,4.17,2.6,4.1,4.2,3.2,3.44,4.2,7.0,4.0,4.0,3.5,4.72,4.0,5.4,5.0,5.3,3.8,4.79
4446,Paola Martínez Hernández,Operaciones,Control de Calidad,2025-12-18,5.3,6.2,5.1,5.1,3.5,5.18,6.6,4.5,5.5,5.2,5.5,4.3,5.7,6.6,5.8,6.6,5.68,6.2,8.0,4.4,6.2,5.8,6.25
4447,Pedro Ortiz García,Ventas,Ventas Nacionales,2025-10-22,8.3,9.2,7.5,7.7,8.2,8.26,6.9,6.3,5.0,6.2,6.19,5.4,4.1,6.9,3.1,2.5,4.6,7.1,3.8,5.0,6.3,4.3,5.41
4448,Jorge González Sánchez,Operaciones,Control de Calidad,2026-01-27,6.1,4.9,5.4,3.4,6.5,5.32,5.2,7.6,7.6,8.8,7.18,5.7,6.0,5.4,6.9,5.4,5.85,5.2,6.4,5.8,7.3,5.0,6.02
4449,Karla Rodríguez Flores,Marketing,Investigación de Mercado,2026-08-19,8.8,9.4,10.0,10.0,9.5,9.48,9.3,8.2,8.4,7.6,8.42,9.1,10.0,8.4,8.5,8.3,8.98,8.9,7.5,9.7,5.9,9.6,8.18
4450,Ricardo Reyes Jiménez,Tecnología,Desarrollo,2026-07-10,6.3,7.9,7.4,7.0,7.5,7.2,6.2,7.2,7.7,8.8,7.4,8.0,7.6,7.5,7.4,7.0,7.56,10.0,8.5,9.1,7.8,7.6,8.76
4451,José López Sánchez,Finanzas,Tesorería,2025-12-08,9.1,6.6,5.9,8.0,8.9,7.64,7.4,8.6,6.1,6.9,7.32,8.2,6.6,6.9,4.8,6.6,6.79,7.7,9.0,6.5,7.7,6.7,7.68
4452,Ricardo Romero Gómez,Recursos Humanos,Reclutamiento,2025-12-11,2.6,2.4,2.6,2.2,2.8,2.52,2.4,3.5,2.4,6.0,3.58,2.1,4.0,1.5,3.0,3.2,2.76,4.4,2.4,3.9,2.9,2.8,3.34
4453,Roberto García López,Ventas,Ventas Internacionales,2025-10-15,5.3,5.1,6.4,6.0,7.8,5.95,7.0,7.8,6.1,6.9,6.99,6.9,8.0,10.0,6.6,8.2,7.94,6.4,7.2,7.8,7.8,7.1,7.23
4454,Ricardo Morales Jiménez,Marketing,Marketing Digital,2026-02-25,3.9,5.3,5.4,5.0,7.0,5.18,4.2,7.6,4.1,3.0,4.73,3.3,4.3,4.0,2.9,2.0,3.44,7.3,5.0,5.5,3.8,6.8,5.62
4455,Ana Gómez Flores,Marketing,Comunicación de Marca,2026-04-04,5.0,5.8,4.9,6.1,5.8,5.46,3.6,3.8,4.7,4.3,4.04,5.3,2.7,4.6,4.5,5.1,4.36,4.3,6.1,6.8,6.4,3.7,5.61
4456,Alejandro García Ortiz,Marketing,Investigación de Mercado,2026-07-29,8.0,9.3,8.6,10.0,9.6,8.98,8.5,8.0,7.4,6.7,7.7,10.0,8.4,9.9,10.0,10.0,9.58,8.2,10.0,8.7,7.1,9.8,8.69
4457,Andrea González Sánchez,Operaciones,Producción,2025-11-26,6.7,5.9,6.6,6.6,6.8,6.48,7.2,6.9,8.9,9.5,8.04,6.9,4.6,8.9,8.3,7.3,7.0,9.4,8.0,7.2,5.9,8.7,7.84
4458,Daniela García Castillo,Tecnología,Infraestructura,2025-09-26,8.6,9.2,10.0,8.2,9.0,9.03,8.2,6.7,7.8,6.5,7.32,6.5,7.0,7.2,8.7,7.4,7.23,9.6,9.0,9.4,7.3,8.4,8.83
4459,Sergio Gómez Ramírez,Recursos Humanos,Capacitación,2026-08-22,8.1,10.0,8.2,8.1,8.5,8.65,8.1,8.2,9.5,10.0,8.88,8.1,10.0,8.6,8.4,8.2,8.74,5.0,5.9,5.9,6.5,4.4,5.64
4460,Andrea Flores Flores,Finanzas,Tesorería,2026-03-12,6.2,3.3,6.5,4.8,5.2,5.18,3.5,6.7,5.0,6.2,5.28,5.6,3.1,5.2,6.9,5.8,5.12,5.9,6.5,3.8,4.6,6.8,5.46
4461,Alejandro Flores Vázquez,Recursos Humanos,Reclutamiento,2026-05-01,2.5,2.1,0.7,1.8,4.0,2.16,4.2,3.6,1.3,2.2,2.97,4.6,2.0,4.5,5.0,3.1,3.76,3.9,3.9,5.2,4.4,3.3,4.2
4462,José Hernández Gómez,Marketing,Investigación de Mercado,2025-12-10,7.0,7.2,7.5,6.7,6.9,7.09,10.0,10.0,10.0,7.6,9.4,8.8,7.0,9.2,9.0,10.0,8.64,7.7,9.8,9.3,7.6,9.2,8.68
4463,Pedro Ortiz Ramírez,Marketing,Comunicación de Marca,2025-12-03,7.4,6.0,5.4,8.8,7.9,6.94,5.3,5.5,5.9,7.1,5.92,7.7,7.9,5.3,5.0,9.5,7.14,6.2,7.6,8.5,7.2,6.3,7.22
4464,Ricardo García Pérez,Operaciones,Control de Calidad,2026-06-20,2.2,2.3,3.9,2.6,0.0,2.3,2.6,3.8,2.6,1.7,2.68,1.5,5.3,1.3,2.3,1.9,2.59,2.8,0.4,1.3,2.1,1.8,1.66
4465,Francisco Sánchez Flores,Recursos Humanos,Capacitación,2025-09-25,4.8,2.5,1.2,2.3,2.6,2.8,2.6,4.8,2.8,2.9,3.26,2.3,3.2,4.1,0.6,3.3,2.78,3.9,1.9,1.7,3.6,2.2,2.73
4466,Ana Flores Torres,Finanzas,Contabilidad,2026-07-19,6.1,7.4,7.2,7.5,6.4,6.9,8.8,6.6,4.2,6.9,6.86,7.1,6.8,6.6,5.8,6.2,6.6,5.7,7.5,6.9,5.7,4.5,6.27
4467,Alejandro Morales Castillo,Operaciones,Control de Calidad,2025-11-26,4.0,5.5,6.2,4.4,6.0,5.18,5.6,6.7,5.7,3.0,5.24,3.0,5.6,5.3,5.7,3.4,4.57,4.5,4.1,4.9,4.6,3.1,4.36
4468,Carlos Pérez Reyes,Marketing,Marketing Digital,2025-12-11,9.5,6.2,8.9,7.8,8.2,8.1,9.3,10.0,8.5,9.3,9.32,9.6,8.2,7.5,6.5,8.8,8.24,9.5,9.2,10.0,6.3,6.7,8.6
4469,Paola Romero Martínez,Ventas,Ventas Nacionales,2026-07-10,5.4,6.4,2.4,5.4,6.5,5.22,4.3,6.0,6.8,7.8,6.1,6.1,6.5,7.6,6.7,5.5,6.5,5.7,5.1,5.1,8.4,5.8,5.98
4470,Ana Sánchez Flores,Ventas,Atención a Clientes,2026-01-05,7.7,7.6,4.2,6.5,6.1,6.56,6.5,6.6,5.2,2.8,5.34,6.1,5.0,6.2,6.2,6.9,5.98,5.4,4.9,6.9,6.9,5.0,5.84
4471,Pedro Flores Cruz,Tecnología,Infraestructura,2026-06-01,5.8,4.8,5.6,6.6,4.3,5.4,6.1,5.8,9.1,7.6,7.0,4.8,7.7,7.6,5.0,8.0,6.6,6.3,7.9,5.7,8.1,8.7,7.18
4472,Luis Cruz Rodríguez,Tecnología,Infraestructura,2026-05-30,10.0,9.2,8.1,6.1,8.0,8.54,10.0,8.2,9.3,8.5,9.04,9.1,7.7,8.9,8.2,8.2,8.44,8.4,6.4,7.5,7.5,8.5,7.55
4473,Alejandro Reyes Cruz,Tecnología,Soporte Técnico,2026-08-07,5.0,6.6,4.5,6.1,4.7,5.42,4.9,5.1,5.0,4.4,4.85,7.3,5.1,5.6,3.2,6.2,5.63,5.1,5.8,5.4,5.0,5.4,5.34
4474,Luis Hernández Hernández,Ventas,Atención a Clientes,2025-12-09,3.7,3.7,2.1,2.0,3.4,3.08,2.0,2.3,1.6,2.5,2.12,3.6,3.2,3.4,6.1,2.5,3.67,2.6,2.4,1.6,3.4,4.6,2.71
4475,Karla Gómez Gómez,Operaciones,Control de Calidad,2025-11-17,5.3,7.4,4.8,4.6,6.9,5.86,4.6,5.9,6.1,5.5,5.45,5.7,3.9,6.0,4.8,6.1,5.24,5.0,4.1,6.6,4.6,3.3,4.84
4476,Miguel Martínez Reyes,Marketing,Marketing Digital,2026-03-07,8.3,8.2,6.4,5.9,6.5,7.26,7.2,7.6,9.2,9.8,8.35,8.4,9.6,9.5,7.7,10.0,9.06,10.0,10.0,10.0,10.0,10.0,10.0
4477,José Reyes Ramírez,Operaciones,Control de Calidad,2025-11-28,5.8,5.9,5.0,4.4,4.1,5.2,5.9,6.1,4.8,5.6,5.65,6.6,5.6,6.7,5.3,6.7,6.19,3.4,5.7,4.8,7.1,4.5,5.1
4478,Mariana Reyes Torres,Tecnología,Infraestructura,2026-05-03,7.3,7.9,4.3,8.1,5.2,6.66,6.2,5.1,6.0,7.7,6.26,8.3,7.1,8.4,7.3,7.0,7.68,6.4,9.0,5.9,5.8,8.4,7.03
4479,Fernanda Ortiz Rodríguez,Marketing,Marketing Digital,2026-02-13,6.5,5.3,5.1,6.7,5.3,5.77,4.6,6.3,4.9,5.0,5.18,6.7,8.1,5.2,5.6,6.5,6.56,5.7,5.9,4.0,6.4,3.7,5.35
4480,Karla Ramírez Cruz,Tecnología,Infraestructura,2025-11-24,4.5,8.5,7.3,9.9,9.1,7.56,4.3,6.7,4.2,6.4,5.4,5.9,6.4,6.4,4.5,5.3,5.82,6.2,7.2,6.8,4.9,6.2,6.31
4481,Mariana Ramírez García,Marketing,Investigación de Mercado,2026-04-03,7.5,5.2,7.6,7.5,7.8,6.99,9.9,9.2,10.0,9.2,9.57,9.9,7.9,7.9,8.8,10.0,8.85,9.7,8.3,6.7,6.5,9.1,8.05
4482,Jorge Ramírez Cruz,Tecnología,Infraestructura,2026-01-25,2.0,0.9,5.2,2.7,3.2,2.65,0.6,2.5,3.0,1.7,1.83,1.8,1.4,2.9,2.4,4.1,2.35,4.1,4.0,4.1,3.7,4.4,4.03
4483,José López Sánchez,Operaciones,Producción,2026-07-17,7.3,8.3,6.6,6.0,8.5,7.4,8.7,8.3,8.8,10.0,8.94,10.0,8.8,8.9,8.5,9.3,9.15,8.8,7.0,7.0,7.9,7.5,7.68
4484,Fernanda García Ramírez,Operaciones,Logística,2026-03-06,7.9,8.9,8.6,6.5,7.5,8.02,6.9,7.6,8.9,8.6,7.9,9.9,8.9,8.5,10.0,8.9,9.24,9.0,7.6,9.1,6.2,10.0,8.21
4485,Miguel García Pérez,Ventas,Ventas Nacionales,2025-11-01,6.7,5.2,5.8,5.4,4.2,5.58,6.1,3.9,5.9,4.8,5.18,5.1,4.0,6.6,5.1,6.1,5.28,7.3,5.9,6.5,7.4,4.7,6.55
4486,Sofía López Vázquez,Tecnología,Soporte Técnico,2025-11-29,8.5,7.6,8.9,6.8,7.6,7.97,9.7,7.4,10.0,9.5,9.14,10.0,9.9,7.7,8.3,9.4,9.17,9.0,10.0,10.0,8.0,9.3,9.28
4487,Juan Morales Jiménez,Finanzas,Auditoría Interna,2026-05-21,6.4,6.6,6.7,6.0,7.9,6.68,6.7,7.1,6.8,7.7,7.07,7.6,6.1,8.7,6.7,6.2,7.1,5.6,9.4,9.7,4.1,5.5,7.06
4488,Sergio Rodríguez Rodríguez,Tecnología,Infraestructura,2026-02-21,6.7,8.6,9.9,8.4,9.0,8.42,7.4,9.0,6.6,7.3,7.62,5.8,5.6,7.1,6.3,6.5,6.19,10.0,8.0,7.9,7.7,8.2,8.44
4489,Gabriela Gómez González,Recursos Humanos,Reclutamiento,2026-01-24,4.9,0.6,3.9,4.6,3.3,3.34,1.5,0.8,5.4,4.1,2.76,1.6,1.9,0.2,2.2,4.1,1.86,2.7,2.9,2.8,1.3,1.6,2.38
4490,Sergio Flores Martínez,Recursos Humanos,Nómina,2025-09-30,7.4,8.6,8.9,8.1,9.1,8.36,5.6,6.7,4.7,5.0,5.54,7.5,5.1,7.0,4.1,7.7,6.32,8.8,9.1,9.2,9.0,8.8,9.0
4491,Karla Romero López,Ventas,Ventas Internacionales,2025-11-09,6.8,7.0,5.4,5.5,7.1,6.42,5.8,4.5,6.3,6.1,5.65,5.8,5.9,5.2,6.2,6.2,5.82,4.0,4.8,5.7,5.4,4.3,4.85
4492,María Castillo Morales,Recursos Humanos,Capacitación,2025-11-13,10.0,8.0,7.8,5.7,7.3,8.01,7.8,8.1,7.0,8.2,7.82,9.3,8.2,8.1,7.3,7.4,8.2,9.3,6.4,8.1,7.0,7.8,7.72
4493,Carlos Vázquez Ramírez,Marketing,Marketing Digital,2025-12-07,4.8,5.3,4.9,5.6,3.7,4.9,6.3,6.0,5.8,2.1,5.08,4.5,5.0,3.5,3.8,5.4,4.46,2.4,7.0,6.2,5.2,5.2,5.15
4494,Daniela Pérez Morales,Tecnología,Soporte Técnico,2026-04-30,4.8,3.6,4.1,4.4,6.5,4.56,2.2,3.9,4.9,3.4,3.47,8.0,4.8,6.6,3.9,7.0,6.16,3.9,6.2,8.0,6.8,6.3,6.12
4495,Ana Ramírez Sánchez,Finanzas,Tesorería,2026-04-23,7.3,5.8,6.4,7.2,6.9,6.67,7.7,7.5,7.5,6.5,7.31,7.1,6.4,8.1,8.0,7.2,7.28,6.4,9.0,8.3,10.0,7.8,8.29
4496,José Vázquez García,Finanzas,Auditoría Interna,2026-03-22,3.0,6.4,4.7,4.5,4.3,4.61,6.5,7.6,7.6,6.4,6.97,4.3,6.3,5.2,5.9,3.8,5.14,4.4,5.1,5.7,5.4,5.2,5.12
4497,Raúl Martínez Ramírez,Operaciones,Producción,2026-04-05,0.0,0.8,2.0,1.4,1.4,1.02,0.7,0.0,0.8,1.6,0.77,3.2,3.3,1.9,1.2,0.7,2.29,2.1,3.2,1.4,2.7,1.7,2.32
4498,Juan Ramírez Reyes,Finanzas,Tesorería,2025-09-23,7.9,9.3,9.5,9.7,10.0,9.16,8.1,10.0,9.6,6.5,8.48,7.6,7.8,6.6,8.4,6.9,7.46,8.9,6.9,6.4,7.2,7.9,7.46
4499,Juan Rodríguez Vázquez,Tecnología,Soporte Técnico,2025-10-23,4.8,4.1,6.3,6.5,6.4,5.42,5.5,4.6,6.1,5.0,5.27,3.2,4.2,4.6,6.5,5.9,4.63,4.7,5.3,3.9,4.7,2.4,4.46
4500,Ricardo López Jiménez,Ventas,Ventas Internacionales,2025-10-16,9.1,8.9,9.3,9.3,8.5,9.03,9.0,10.0,10.0,7.1,8.98,10.0,10.0,8.6,9.3,7.4,9.22,10.0,8.7,8.4,10.0,9.2,9.28
4501,Laura García Cruz,Marketing,Investigación de Mercado,2026-01-29,8.0,8.6,9.2,8.1,9.6,8.64,7.5,9.7,9.3,8.1,8.56,10.0,9.0,6.2,9.4,9.1,8.76,10.0,7.4,7.1,7.9,8.9,8.24
4502,Sofía García Vázquez,Finanzas,Contabilidad,2026-06-30,3.7,2.9,2.9,2.6,4.6,3.31,4.9,3.6,3.5,4.4,4.17,4.9,4.2,6.1,4.6,6.2,5.12,3.1,2.8,2.1,1.9,1.0,2.38
4503,Alejandro Castillo Flores,Finanzas,Auditoría Interna,2026-07-17,3.6,5.6,5.7,6.8,6.4,5.42,5.2,4.4,6.5,5.2,5.26,7.5,6.1,6.9,7.5,7.8,7.08,5.7,4.3,3.5,4.4,4.9,4.57
4504,Ricardo Ortiz Martínez,Finanzas,Contabilidad,2026-05-30,7.9,9.6,7.2,9.4,8.1,8.44,8.3,7.8,6.8,6.8,7.5,7.9,9.2,8.7,7.1,5.1,7.84,8.9,9.8,7.1,7.1,9.6,8.48
4505,Jorge Vázquez Pérez,Operaciones,Control de Calidad,2026-01-13,7.1,8.8,6.2,5.3,4.4,6.67,7.7,8.9,6.9,7.8,7.86,8.6,6.9,7.7,9.2,7.0,7.84,7.6,5.3,6.1,6.4,7.3,6.46
4506,Pedro Pérez Cruz,Marketing,Comunicación de Marca,2026-04-27,7.6,7.5,7.6,8.9,8.6,7.92,3.3,6.1,7.0,4.9,5.14,5.3,5.6,4.8,7.4,5.3,5.59,4.6,6.6,4.9,6.2,5.8,5.6
4507,Camila González Romero,Recursos Humanos,Nómina,2026-01-11,4.0,3.7,5.8,3.3,3.0,4.03,6.3,6.4,6.1,6.3,6.28,4.5,5.3,4.6,4.7,3.9,4.66,4.8,6.0,7.3,3.8,5.9,5.51
4508,José Pérez Morales,Ventas,Ventas Nacionales,2025-10-21,5.3,4.6,5.9,6.8,4.0,5.28,5.2,6.4,6.8,5.6,5.92,7.3,7.7,8.5,6.1,6.5,7.34,6.8,7.0,6.8,4.9,7.9,6.58
4509,Alejandro Castillo Romero,Finanzas,Contabilidad,2026-05-08,3.2,1.9,2.6,6.5,1.5,3.0,1.5,2.5,4.3,2.4,2.54,3.4,2.4,2.6,3.6,2.5,2.88,4.2,3.4,3.1,3.1,5.0,3.64
4510,Roberto Jiménez Sánchez,Tecnología,Desarrollo,2025-10-04,8.0,8.3,7.7,4.9,5.7,7.2,5.1,6.5,6.0,5.3,5.68,5.4,6.3,7.0,6.7,6.9,6.36,7.2,7.5,7.2,6.0,6.2,6.94
4511,Sergio Reyes García,Tecnología,Soporte Técnico,2026-03-05,4.8,3.9,3.3,6.0,6.0,4.64,6.4,4.2,5.3,5.4,5.38,6.2,5.1,4.4,5.9,4.5,5.26,4.8,4.3,3.9,5.3,7.1,4.82
4512,Mariana Ramírez Flores,Operaciones,Control de Calidad,2025-11-19,6.9,5.4,7.0,5.5,7.1,6.36,3.7,5.3,5.5,5.2,4.84,5.5,4.0,3.0,4.9,5.0,4.46,6.0,5.2,3.4,5.7,5.2,5.14
4513,Paola Ortiz Pérez,Finanzas,Auditoría Interna,2026-08-17,5.7,4.7,2.9,5.0,4.9,4.66,6.9,5.4,3.3,4.8,5.28,6.5,5.5,5.3,5.8,6.5,5.9,3.8,4.1,3.0,4.3,5.0,3.94
4514,Jorge García Sánchez,Recursos Humanos,Nómina,2026-05-30,7.1,6.1,9.7,8.3,10.0,7.98,7.8,10.0,9.3,8.9,8.93,8.2,9.3,7.8,8.3,5.2,7.96,8.5,8.5,7.9,7.2,8.3,8.1
4515,Juan Morales Gómez,Ventas,Atención a Clientes,2025-10-03,5.5,4.3,5.2,3.0,5.2,4.72,3.8,7.3,6.1,5.6,5.58,2.8,7.3,5.3,4.6,3.6,4.82,4.9,6.4,6.3,6.4,7.4,6.1
4516,Paola Castillo Romero,Tecnología,Desarrollo,2025-10-19,5.4,5.0,6.8,5.6,6.2,5.73,6.8,7.4,6.2,9.4,7.48,6.6,5.8,5.7,6.4,5.5,6.02,4.3,5.9,6.7,6.8,8.0,6.05
4517,José Rodríguez Rodríguez,Finanzas,Auditoría Interna,2026-02-11,1.9,2.9,5.9,4.0,1.5,3.2,2.2,4.9,3.7,4.0,3.63,4.5,3.5,3.6,3.8,3.1,3.76,5.8,4.1,4.6,3.3,3.9,4.44
4518,Jorge Ortiz Ramírez,Ventas,Ventas Nacionales,2026-08-26,4.3,3.7,2.5,4.9,2.8,3.66,5.5,4.7,4.3,4.6,4.84,2.6,3.3,2.8,1.1,2.9,2.64,4.8,3.2,5.4,3.3,2.7,4.01
4519,José Rodríguez González,Recursos Humanos,Nómina,2026-08-17,8.4,9.0,6.8,8.3,5.6,7.8,7.4,8.1,8.1,7.2,7.66,8.3,5.9,8.8,8.1,8.3,7.77,9.0,9.4,8.5,10.0,6.4,8.94
4520,Daniela Rodríguez Torres,Marketing,Comunicación de Marca,2026-04-06,4.9,3.9,4.7,6.2,3.1,4.54,5.9,3.1,5.5,1.9,4.12,6.5,7.3,6.3,5.2,6.4,6.45,6.1,7.3,7.1,7.8,7.1,7.04
4521,Sofía Ramírez Martínez,Tecnología,Infraestructura,2025-10-15,2.8,3.5,5.7,3.5,4.7,3.94,3.4,3.6,4.0,3.0,3.47,3.1,2.9,3.5,4.2,4.3,3.48,3.9,5.1,3.9,6.4,4.9,4.8
4522,Jorge Morales Reyes,Finanzas,Tesorería,2026-04-23,9.0,8.6,8.9,8.1,6.9,8.43,9.1,8.4,8.5,6.9,8.26,9.5,10.0,8.1,8.9,8.5,9.1,7.0,10.0,8.4,8.7,10.0,8.67
4523,Miguel Martínez Morales,Operaciones,Producción,2025-10-20,0.7,1.3,2.2,2.5,0.4,1.38,2.9,3.4,4.3,3.7,3.5,1.7,4.8,3.7,3.1,3.7,3.38,4.1,5.1,3.4,3.5,4.7,4.15
4524,Roberto Martínez Rodríguez,Ventas,Ventas Internacionales,2026-02-24,8.3,8.7,8.4,7.8,6.3,8.04,8.5,5.7,6.2,6.2,6.76,6.8,8.5,8.3,8.7,7.5,7.92,7.0,5.9,5.2,7.3,4.4,6.17
4525,Juan Flores Reyes,Ventas,Ventas Internacionales,2026-07-20,8.5,9.8,8.2,10.0,10.0,9.22,8.5,10.0,10.0,9.9,9.52,10.0,10.0,10.0,6.7,9.3,9.4,8.1,10.0,10.0,8.1,8.0,8.94
4526,Francisco Torres Vázquez,Recursos Humanos,Capacitación,2026-02-15,7.7,3.6,6.8,5.0,8.4,6.2,3.3,8.0,7.8,6.5,6.18,7.9,6.3,6.8,6.1,7.1,6.89,9.0,6.9,5.9,5.9,6.9,7.03
4527,Carlos Ortiz Sánchez,Finanzas,Tesorería,2026-04-28,2.3,3.4,2.3,3.6,2.6,2.82,2.9,2.1,2.0,1.6,2.19,6.9,4.4,5.5,5.7,5.2,5.56,1.5,6.8,6.0,3.0,3.9,4.27
4528,Jorge Vázquez Sánchez,Marketing,Marketing Digital,2026-06-17,7.8,7.7,9.0,8.9,8.6,8.3,6.1,5.7,5.3,6.4,5.91,7.3,5.7,7.7,7.2,7.7,7.02,8.5,3.9,8.9,8.1,8.3,7.33
4529,Juan Torres Jiménez,Finanzas,Tesorería,2026-01-04,6.4,6.4,7.0,6.5,4.8,6.3,5.6,4.3,4.7,5.8,5.14,4.4,5.8,8.1,4.6,5.0,5.61,6.0,5.6,6.1,6.1,5.6,5.9
4530,Alejandro López Reyes,Operaciones,Control de Calidad,2026-06-25,5.2,6.6,3.8,6.3,6.6,5.64,6.1,7.5,3.9,8.3,6.56,7.9,8.0,4.6,5.4,7.6,6.84,5.3,5.1,3.7,4.9,6.2,4.94
4531,Laura Morales Rodríguez,Ventas,Atención a Clientes,2025-10-12,7.6,5.5,7.2,6.8,6.7,6.74,7.3,9.0,8.7,8.2,8.23,6.9,6.3,5.9,4.2,6.3,6.06,3.7,6.6,6.7,6.4,8.4,6.04
4532,Gabriela Romero Hernández,Tecnología,Desarrollo,2025-11-18,7.5,5.8,7.7,6.2,7.9,6.98,6.0,5.2,6.2,6.9,6.06,4.8,5.9,5.5,4.8,5.2,5.28,6.2,6.7,5.9,6.9,6.0,6.38
4533,Ana Morales Romero,Finanzas,Contabilidad,2025-11-26,5.5,6.4,5.4,6.9,6.5,6.06,6.1,4.1,4.8,7.7,5.74,6.5,5.5,5.7,5.1,6.4,5.86,4.0,5.9,7.1,6.7,8.1,6.04
4534,Luis Flores Cruz,Marketing,Investigación de Mercado,2026-08-11,10.0,7.2,8.5,8.9,7.6,8.48,9.1,8.8,10.0,9.4,9.28,9.4,9.0,9.9,10.0,8.3,9.32,10.0,9.2,10.0,7.7,10.0,9.34
4535,Miguel Jiménez Pérez,Finanzas,Auditoría Interna,2025-09-22,9.7,8.5,8.2,9.1,7.8,8.72,8.4,10.0,8.1,7.5,8.52,8.0,9.1,10.0,7.7,9.2,8.81,8.0,8.8,9.8,9.0,8.3,8.79
4536,Paola Ortiz Ramírez,Tecnología,Desarrollo,2026-03-11,7.5,8.0,7.5,7.4,7.3,7.58,7.1,8.1,8.1,8.0,7.78,7.7,7.5,7.7,5.8,6.2,7.14,5.6,8.0,7.4,8.9,6.9,7.35
4537,María Gómez Pérez,Operaciones,Logística,2025-12-14,7.9,8.8,9.5,8.3,6.3,8.26,10.0,8.7,8.7,10.0,9.41,8.6,10.0,7.4,8.9,10.0,8.96,9.0,10.0,8.6,8.9,9.6,9.21
4538,Gabriela Vázquez Rodríguez,Recursos Humanos,Reclutamiento,2026-06-30,5.5,5.4,5.6,5.6,5.6,5.52,6.0,4.4,4.6,5.5,5.2,4.0,7.8,5.1,5.6,6.0,5.71,6.7,7.4,6.3,6.1,7.2,6.72
4539,Juan Romero Jiménez,Operaciones,Logística,2025-12-01,3.4,3.5,6.5,4.5,2.2,4.03,1.8,1.3,4.8,3.6,2.72,2.7,4.4,6.3,2.5,2.8,3.83,2.8,2.7,1.6,3.2,2.2,2.56
4540,Fernanda Gómez Vázquez,Ventas,Ventas Nacionales,2026-05-14,5.0,4.6,4.3,5.0,5.7,4.86,5.9,5.6,6.9,3.8,5.5,5.0,3.8,3.2,4.2,4.9,4.2,5.5,7.2,7.2,4.6,7.0,6.24
4541,Gabriela Hernández Reyes,Finanzas,Auditoría Interna,2025-12-23,2.0,2.7,4.1,2.7,1.8,2.67,2.6,4.9,5.1,1.8,3.48,2.8,2.2,3.0,4.6,1.2,2.72,4.0,0.8,2.5,3.3,5.1,2.87
4542,Miguel Martínez Sánchez,Operaciones,Control de Calidad,2026-05-29,9.8,8.5,7.1,9.2,8.8,8.7,6.9,7.8,8.7,8.6,7.91,7.4,7.5,8.8,6.9,9.0,7.87,7.0,6.5,9.6,6.8,9.7,7.62
4543,Juan López Torres,Tecnología,Soporte Técnico,2025-10-02,10.0,7.1,10.0,9.1,9.7,9.1,5.5,8.8,7.0,8.7,7.42,9.1,7.8,9.6,8.3,7.7,8.54,8.6,8.1,7.3,9.1,9.8,8.44
4544,Diego Ramírez Hernández,Recursos Humanos,Reclutamiento,2025-12-23,5.2,7.6,7.5,6.5,5.8,6.54,5.7,6.4,5.3,5.9,5.85,5.2,3.5,4.7,6.9,7.2,5.23,6.6,4.9,5.5,7.8,5.9,6.12
4545,Gabriela Reyes Morales,Ventas,Atención a Clientes,2026-03-26,4.3,2.6,4.2,4.1,3.3,3.68,3.4,2.4,1.9,4.7,3.18,2.8,3.8,5.3,5.6,3.7,4.1,3.8,4.4,3.5,4.5,3.4,3.99
4546,Laura López López,Recursos Humanos,Reclutamiento,2026-03-25,10.0,9.7,7.1,9.2,10.0,9.22,8.7,7.6,8.2,5.8,7.6,9.6,8.9,10.0,9.7,7.9,9.26,6.3,7.7,6.2,5.6,6.3,6.49
4547,María Romero Ramírez,Operaciones,Logística,2026-09-07,5.2,6.4,7.1,5.9,5.4,6.02,8.0,5.9,6.9,6.2,6.8,6.5,6.6,7.1,4.7,9.1,6.76,5.4,6.2,5.6,9.3,6.0,6.48
4548,Roberto Romero Castillo,Tecnología,Desarrollo,2026-05-21,3.3,4.4,4.8,5.0,5.1,4.4,7.0,5.9,7.8,7.8,7.08,7.1,4.5,4.0,5.9,5.8,5.46,4.7,4.5,3.1,6.5,4.7,4.69
4549,Miguel Flores Flores,Operaciones,Producción,2025-11-23,7.1,6.9,5.9,5.4,6.2,6.42,6.6,5.4,6.9,4.4,5.81,6.7,5.7,5.0,6.6,4.5,5.76,7.0,7.4,6.0,5.0,4.3,6.23
4550,María Vázquez Morales,Recursos Humanos,Nómina,2025-11-08,4.5,5.7,2.9,5.0,5.0,4.63,4.7,3.3,3.6,5.0,4.2,5.1,3.5,3.4,4.6,4.5,4.2,2.7,1.5,2.7,3.7,5.8,2.91
4551,Jorge Morales Torres,Marketing,Investigación de Mercado,2025-09-08,6.2,5.0,7.0,7.3,6.5,6.27,9.1,8.7,10.0,8.9,9.13,5.6,6.8,7.2,7.0,8.6,6.88,7.5,7.6,7.5,7.4,7.2,7.48
4552,María Reyes Gómez,Ventas,Ventas Internacionales,2026-08-07,3.8,3.6,3.3,3.9,2.4,3.46,3.5,1.9,3.1,1.9,2.62,4.2,5.5,4.8,2.5,0.0,3.76,4.2,2.4,4.2,3.5,3.2,3.51
4553,Francisco Reyes Martínez,Operaciones,Producción,2026-06-08,4.6,5.3,4.2,5.4,6.1,5.04,4.1,5.3,5.6,5.7,5.1,6.8,4.4,6.1,6.8,6.0,5.94,3.2,4.6,3.8,5.6,4.6,4.29
4554,Francisco Vázquez Flores,Ventas,Atención a Clientes,2025-12-02,7.8,2.2,5.2,3.3,3.2,4.52,3.7,4.3,4.7,4.6,4.28,2.2,7.4,4.6,4.4,4.0,4.58,2.8,3.4,3.7,3.3,3.7,3.32
4555,Alejandro Reyes López,Marketing,Comunicación de Marca,2026-04-29,3.6,1.8,4.1,3.7,6.7,3.73,2.4,2.1,4.6,3.8,3.12,2.5,1.9,3.5,4.6,3.5,3.02,2.3,4.1,3.5,3.1,4.1,3.33
4556,Sofía Vázquez Romero,Tecnología,Soporte Técnico,2026-06-09,4.9,3.7,4.4,5.3,3.3,4.32,5.1,3.4,6.2,3.5,4.5,5.3,5.2,7.7,5.8,4.3,5.68,7.0,5.0,6.5,3.2,5.1,5.45
4557,Sofía Cruz Castillo,Recursos Humanos,Capacitación,2026-05-28,4.1,1.2,3.5,1.8,1.5,2.52,1.0,1.1,0.4,2.5,1.28,2.2,0.0,0.0,1.5,0.7,0.88,2.0,4.5,3.2,2.3,2.7,3.0
4558,Luis Pérez Martínez,Recursos Humanos,Capacitación,2025-10-07,9.4,6.9,10.0,8.2,8.4,8.56,10.0,7.6,7.1,8.6,8.47,8.8,7.0,3.2,6.3,5.7,6.39,8.0,8.5,7.3,8.2,7.8,8.0
4559,Carlos Reyes Sánchez,Marketing,Comunicación de Marca,2025-10-29,8.8,6.2,7.9,7.7,8.2,7.72,8.9,8.4,7.6,9.2,8.59,6.4,3.5,7.1,9.0,7.6,6.38,9.6,6.8,7.2,5.3,6.6,7.26
4560,Ximena Gómez Gómez,Recursos Humanos,Capacitación,2026-09-05,3.5,3.8,1.9,3.8,2.9,3.21,5.2,3.3,3.1,4.4,4.11,2.3,4.7,3.5,5.6,3.0,3.74,2.9,3.8,2.5,4.3,3.8,3.41
4561,Francisco Torres Rodríguez,Operaciones,Control de Calidad,2025-11-05,4.0,3.2,2.5,4.9,6.0,3.93,4.5,2.5,4.8,7.0,4.68,2.7,4.2,5.0,5.1,5.3,4.28,3.0,3.6,2.4,3.1,4.7,3.22
4562,Ximena Martínez Torres,Marketing,Marketing Digital,2026-02-16,6.1,9.7,8.6,8.8,8.9,8.32,7.6,7.7,7.2,7.0,7.4,5.7,7.8,6.6,5.5,7.5,6.64,6.6,5.6,8.9,6.5,8.0,6.93
4563,Ana Sánchez Pérez,Recursos Humanos,Nómina,2025-11-03,2.7,3.0,4.0,1.5,2.6,2.84,4.0,4.5,3.0,5.2,4.23,3.0,5.7,2.3,5.1,4.0,4.0,1.5,0.0,1.2,0.4,2.6,0.96
4564,Alejandro Vázquez Martínez,Tecnología,Infraestructura,2026-01-23,5.9,6.7,6.0,6.4,6.2,6.24,5.8,5.7,6.6,4.4,5.59,4.5,4.6,5.0,7.5,4.7,5.11,4.8,4.9,4.6,5.0,4.9,4.84
4565,Alejandro González Martínez,Operaciones,Control de Calidad,2025-12-30,4.4,1.7,4.1,3.0,4.9,3.53,3.5,1.4,4.8,3.6,3.26,3.9,4.3,3.4,3.5,3.9,3.84,3.7,2.1,0.3,2.5,1.8,2.19
4566,Fernanda Morales González,Tecnología,Infraestructura,2026-02-09,8.9,6.2,6.8,5.4,8.7,7.25,9.6,6.4,6.2,8.2,7.77,6.4,4.8,6.0,5.4,6.0,5.71,6.7,7.6,6.5,6.0,7.6,6.84
4567,Jorge Romero Sánchez,Recursos Humanos,Capacitación,2025-12-13,9.4,8.8,9.7,9.4,8.8,9.22,10.0,9.1,9.3,9.7,9.56,9.5,10.0,10.0,8.9,10.0,9.71,10.0,9.3,9.3,9.5,10.0,9.59
4568,Ximena Ortiz Ramírez,Marketing,Marketing Digital,2025-11-14,4.5,3.8,4.0,2.0,1.9,3.46,3.2,3.9,3.8,2.0,3.2,2.6,3.7,4.6,3.1,3.7,3.52,3.7,4.5,2.4,3.2,5.3,3.7
4569,Alejandro Torres Flores,Ventas,Ventas Internacionales,2026-03-06,7.9,7.2,6.8,7.5,6.5,7.24,8.0,8.1,9.1,8.9,8.47,8.2,7.0,9.2,9.6,9.1,8.44,8.1,9.3,7.2,8.5,8.1,8.3
4570,Fernanda Sánchez López,Tecnología,Soporte Técnico,2026-07-29,8.8,6.8,7.8,7.7,5.8,7.49,8.8,6.0,8.3,7.4,7.65,6.1,8.5,6.9,7.6,7.8,7.34,8.0,6.8,9.0,8.8,7.1,7.97
4571,María Sánchez Vázquez,Ventas,Ventas Nacionales,2026-08-05,7.4,6.9,5.7,7.3,6.7,6.82,9.6,8.7,8.2,9.8,9.14,6.7,7.1,7.6,6.0,7.2,6.95,6.8,6.2,6.9,7.7,7.8,6.95
4572,Carlos Hernández Sánchez,Tecnología,Desarrollo,2026-04-09,10.0,9.5,10.0,9.2,9.9,9.74,10.0,10.0,10.0,9.2,9.8,8.6,8.7,7.5,8.6,9.5,8.54,9.3,9.1,8.4,10.0,9.4,9.22
4573,Alejandro González González,Operaciones,Logística,2026-03-19,8.3,9.7,7.1,6.3,7.6,8.01,8.2,6.9,7.1,7.0,7.36,9.4,9.3,7.6,8.9,9.1,8.9,8.0,6.1,8.1,6.4,8.6,7.28
4574,Ana Sánchez González,Marketing,Investigación de Mercado,2025-10-27,5.0,4.9,4.7,3.7,5.8,4.84,4.6,4.4,5.3,5.0,4.79,5.8,5.9,6.6,4.1,2.9,5.3,5.3,3.6,2.1,3.4,2.7,3.6
4575,Mariana Castillo Ramírez,Tecnología,Desarrollo,2026-08-26,7.5,9.2,9.5,8.0,6.9,8.31,10.0,10.0,7.7,8.4,9.14,7.3,7.1,9.3,8.7,8.9,8.1,7.2,5.9,9.0,7.4,4.5,7.01
4576,Juan Martínez Sánchez,Operaciones,Control de Calidad,2025-10-18,5.2,2.6,4.3,3.8,4.0,3.98,3.5,4.1,3.2,2.1,3.24,4.5,5.5,2.9,4.7,5.7,4.64,3.2,3.7,1.8,1.6,3.6,2.76
4577,Ricardo Rodríguez Sánchez,Operaciones,Logística,2026-08-18,9.9,8.1,10.0,8.8,10.0,9.32,9.1,9.1,10.0,10.0,9.5,9.4,8.7,7.8,9.9,9.1,8.94,7.8,8.4,8.1,7.4,8.5,8.0
4578,Daniela Pérez Rodríguez,Marketing,Comunicación de Marca,2026-03-10,7.5,6.5,6.8,5.2,3.6,6.18,7.4,7.3,7.4,7.6,7.43,6.4,6.2,8.5,7.3,5.4,6.76,4.5,3.7,3.9,3.9,6.0,4.21
4579,Valeria García Flores,Recursos Humanos,Nómina,2026-04-06,3.6,4.5,3.5,3.0,3.8,3.74,4.2,4.3,4.7,2.6,3.92,2.9,2.6,2.4,2.8,2.4,2.64,3.8,1.8,3.2,2.6,3.1,2.87
4580,Roberto Jiménez Morales,Finanzas,Tesorería,2026-02-16,7.3,6.6,8.2,6.1,9.8,7.5,6.3,7.7,7.9,5.7,6.82,8.7,7.8,5.5,7.6,6.7,7.37,7.0,8.1,6.1,9.4,5.8,7.46
4581,Diego Jiménez Ramírez,Tecnología,Soporte Técnico,2026-08-23,5.6,4.0,6.2,4.4,5.0,5.05,1.7,1.8,3.8,2.3,2.3,3.4,1.1,2.1,1.8,3.0,2.26,1.4,2.9,1.9,4.2,2.1,2.5
4582,Andrea Sánchez Cruz,Marketing,Comunicación de Marca,2025-12-03,7.5,7.2,8.0,8.4,8.4,7.8,8.0,7.3,8.2,7.0,7.61,6.8,5.9,6.2,9.1,7.7,6.94,7.8,5.4,5.6,8.1,6.6,6.7
4583,Ana Ramírez López,Finanzas,Contabilidad,2026-07-20,4.1,1.7,3.1,5.1,3.3,3.33,1.9,2.3,3.0,2.6,2.4,2.1,1.2,4.3,3.8,0.8,2.38,2.9,3.4,2.8,4.0,2.3,3.16
4584,Carlos Cruz Rodríguez,Ventas,Atención a Clientes,2025-11-27,6.0,7.4,6.4,7.6,7.1,6.84,6.3,7.3,5.3,6.1,6.3,4.2,6.8,6.8,4.4,5.5,5.6,5.4,6.4,6.6,8.0,9.0,6.77
4585,Raúl García Gómez,Marketing,Investigación de Mercado,2026-02-13,7.3,6.4,7.2,5.5,8.4,6.95,8.6,8.4,5.9,8.2,7.91,6.4,6.3,5.6,5.9,6.1,6.1,5.4,5.7,5.0,3.3,5.5,4.99
4586,Daniela Torres Jiménez,Ventas,Ventas Nacionales,2025-10-18,5.2,5.4,4.7,2.5,4.5,4.64,5.8,5.7,7.8,5.7,6.15,5.9,5.5,5.1,3.4,5.4,5.19,6.8,4.6,5.8,7.2,5.5,6.0
4587,Ximena López Romero,Finanzas,Auditoría Interna,2025-09-15,2.3,3.2,1.1,1.3,4.3,2.44,3.5,2.1,2.8,1.8,2.59,2.2,2.9,3.7,2.9,2.4,2.81,3.2,3.2,4.9,1.4,2.8,3.14
4588,José Gómez Jiménez,Ventas,Ventas Internacionales,2025-11-03,6.9,5.8,8.1,6.3,7.3,6.84,5.1,6.5,7.2,5.9,6.07,8.8,7.5,8.5,7.8,7.6,8.09,5.3,5.4,4.7,6.7,6.2,5.58
4589,Paola Ramírez Martínez,Tecnología,Desarrollo,2026-03-26,5.3,6.1,6.8,4.1,7.7,5.98,3.8,4.8,6.1,5.1,4.83,4.4,4.5,4.3,5.7,4.9,4.68,6.6,7.0,6.0,5.9,5.0,6.28
4590,Sergio Torres Castillo,Marketing,Investigación de Mercado,2026-04-09,6.7,5.7,8.4,6.5,8.3,7.0,6.3,6.4,5.8,7.9,6.62,5.5,7.8,7.7,8.5,7.3,7.24,5.4,6.5,7.1,6.4,7.8,6.46
4591,Francisco Romero Gómez,Marketing,Investigación de Mercado,2026-01-09,4.7,4.5,5.7,4.3,4.5,4.76,5.1,3.7,3.6,3.9,4.15,3.8,1.5,4.8,1.7,3.5,3.06,4.9,2.9,4.8,4.4,5.2,4.31
4592,Fernanda Torres Pérez,Tecnología,Infraestructura,2026-01-13,9.5,9.2,9.5,8.6,9.4,9.28,9.3,7.0,7.7,7.9,8.06,8.1,8.3,8.0,8.4,8.0,8.16,6.4,7.8,8.4,8.0,10.0,7.83
4593,Sergio Reyes Cruz,Recursos Humanos,Capacitación,2025-11-23,5.0,8.8,7.4,7.5,6.8,7.08,5.8,5.4,6.1,5.9,5.78,7.0,7.7,7.3,7.5,7.4,7.37,4.6,4.4,4.9,5.2,4.8,4.75
4594,Karla Pérez Reyes,Ventas,Atención a Clientes,2026-03-15,6.9,5.5,7.6,5.8,7.6,6.63,5.8,3.3,6.1,5.1,5.06,6.8,6.4,6.6,6.0,5.1,6.28,4.2,7.6,6.2,6.2,7.3,6.16
4595,Paola Sánchez Romero,Ventas,Atención a Clientes,2026-03-23,6.0,4.8,5.0,5.5,5.6,5.36,5.6,3.8,5.6,5.5,5.12,7.1,7.6,4.8,3.8,5.4,6.02,8.0,5.3,4.0,6.0,6.5,5.98
4596,José Vázquez González,Marketing,Marketing Digital,2026-07-26,8.4,8.4,8.5,10.0,9.0,8.75,6.8,10.0,7.4,8.2,8.07,10.0,9.7,8.4,8.5,8.8,9.2,9.4,10.0,10.0,10.0,10.0,9.85
4597,Carlos Hernández López,Finanzas,Tesorería,2026-07-08,6.0,7.9,7.2,7.2,7.0,7.04,7.4,3.4,5.8,6.8,5.93,5.7,7.1,6.5,5.9,6.2,6.32,5.7,6.0,4.8,6.4,6.0,5.76
4598,Ana Ortiz Castillo,Ventas,Ventas Nacionales,2025-11-12,7.0,4.0,8.1,7.2,5.6,6.29,7.0,5.5,8.2,7.2,6.92,5.0,7.9,7.5,7.7,6.9,6.92,6.9,5.9,6.7,7.9,7.8,6.9
4599,Alejandro García Gómez,Marketing,Investigación de Mercado,2025-09-11,4.2,5.7,4.2,5.7,5.0,4.92,5.5,7.1,7.2,5.4,6.22,6.1,4.6,5.3,4.4,4.8,5.11,5.0,5.7,6.0,4.6,7.4,5.54
4600,Alejandro Rodríguez Castillo,Operaciones,Logística,2026-01-31,6.6,4.9,4.4,6.1,3.5,5.2,7.2,3.6,4.7,6.4,5.6,5.0,5.8,4.3,4.4,4.6,4.91,3.5,4.6,3.6,3.4,3.9,3.82
4601,Fernanda Ramírez Vázquez,Marketing,Investigación de Mercado,2026-05-05,5.9,6.5,7.3,7.4,7.3,6.76,5.8,5.7,6.6,6.7,6.16,6.5,5.2,6.8,7.1,7.0,6.4,9.0,7.4,7.4,9.1,9.2,8.32
4602,Diego Torres Jiménez,Ventas,Ventas Nacionales,2026-08-17,5.6,6.2,7.1,7.8,7.4,6.65,8.4,8.2,8.1,6.2,7.74,6.7,6.4,7.6,5.5,6.9,6.66,6.4,5.9,6.3,5.6,5.7,6.02
4603,Mariana Sánchez Martínez,Tecnología,Soporte Técnico,2026-08-23,6.4,6.7,7.4,7.0,7.7,6.96,8.5,6.7,8.4,8.8,8.1,9.9,9.1,7.0,7.9,6.1,8.25,8.1,8.5,8.2,8.4,9.3,8.4
4604,Paola Reyes Ortiz,Tecnología,Soporte Técnico,2026-01-03,5.5,3.9,3.6,6.3,5.4,4.83,3.7,7.1,5.7,7.2,5.82,6.6,4.4,6.8,6.0,7.0,6.06,3.2,3.8,5.0,5.3,3.0,4.11
4605,Sofía Torres Ortiz,Marketing,Comunicación de Marca,2026-01-16,4.3,0.9,1.6,1.7,2.1,2.19,3.3,2.5,2.3,0.1,2.1,5.4,5.4,5.9,3.1,3.9,4.93,5.7,4.8,3.3,4.7,1.7,4.4
4606,Sergio Ortiz Romero,Recursos Humanos,Nómina,2026-05-27,5.5,5.8,5.1,4.7,6.1,5.46,3.1,5.0,6.3,4.4,4.54,8.4,8.4,5.6,6.7,7.9,7.51,6.0,5.4,6.5,5.1,8.2,5.99
4607,Roberto Ramírez Cruz,Ventas,Ventas Internacionales,2026-07-01,6.8,7.4,8.2,8.2,7.0,7.47,8.9,9.1,8.8,8.8,8.91,7.7,7.9,8.0,6.7,5.5,7.33,7.7,8.3,6.7,7.6,9.3,7.79
4608,Francisco González Reyes,Recursos Humanos,Capacitación,2026-08-13,8.7,8.7,9.2,9.5,9.9,9.1,8.7,8.0,9.2,10.0,8.95,6.5,8.0,8.5,8.3,7.8,7.74,8.9,5.4,8.2,6.3,7.0,7.18
4609,Alejandro Jiménez Cruz,Marketing,Comunicación de Marca,2026-01-01,4.1,5.9,4.4,4.0,6.4,4.94,4.7,5.5,4.9,5.7,5.19,4.6,4.2,5.4,2.7,4.3,4.33,7.1,5.0,2.5,5.5,5.2,5.14
4610,Francisco Martínez Torres,Marketing,Comunicación de Marca,2026-01-29,5.0,4.5,5.3,2.6,2.8,4.24,3.6,2.5,3.1,4.1,3.35,4.1,3.6,1.5,2.7,1.6,2.87,3.1,4.4,2.9,2.3,4.0,3.32
4611,Sergio Gómez Castillo,Marketing,Marketing Digital,2026-05-09,3.0,1.8,3.9,4.0,3.1,3.04,1.9,2.0,4.1,4.9,3.12,3.5,4.8,3.3,5.3,5.3,4.32,4.6,2.5,3.5,3.1,3.9,3.49
4612,Daniela García Jiménez,Finanzas,Tesorería,2025-12-14,5.6,7.9,7.5,6.9,6.6,6.9,7.2,9.5,6.4,6.8,7.52,8.1,9.1,7.2,9.1,9.3,8.5,6.6,5.5,5.4,3.8,3.9,5.26
4613,Juan Pérez Torres,Tecnología,Infraestructura,2025-11-03,7.3,8.3,7.1,6.3,7.0,7.32,5.3,6.6,5.3,5.4,5.65,6.2,5.7,5.3,6.7,6.0,5.94,10.0,8.8,8.5,8.8,6.7,8.83
4614,Alejandro Reyes Vázquez,Recursos Humanos,Reclutamiento,2026-03-03,8.1,7.3,8.5,8.5,5.7,7.68,4.8,7.3,6.5,5.9,6.04,6.9,4.4,4.5,7.3,6.7,5.82,6.0,4.4,5.8,7.0,5.5,5.71
4615,Luis Vázquez Morales,Marketing,Marketing Digital,2026-06-04,6.8,6.0,5.8,6.6,5.7,6.2,4.5,4.2,4.7,5.0,4.59,6.9,5.5,7.7,4.7,6.3,6.29,5.9,3.6,5.8,7.1,5.4,5.5
4616,Fernanda Flores Rodríguez,Ventas,Atención a Clientes,2026-09-05,5.9,4.2,5.3,5.2,5.7,5.22,6.9,4.4,5.4,5.9,5.72,6.5,7.2,7.3,8.3,6.4,7.09,7.2,5.9,5.9,6.6,5.3,6.31
4617,Andrea Sánchez González,Ventas,Atención a Clientes,2025-11-21,8.4,9.0,9.6,8.0,9.4,8.88,9.8,5.5,9.9,9.8,8.75,7.8,10.0,8.2,7.0,7.4,8.25,10.0,9.4,10.0,9.8,8.8,9.69
4618,Luis Sánchez Pérez,Operaciones,Producción,2026-02-09,2.7,5.1,6.4,3.8,4.8,4.52,5.9,6.2,6.4,8.3,6.68,6.9,5.7,4.6,4.6,4.0,5.36,6.8,7.4,7.0,8.7,7.6,7.45
4619,Diego Castillo López,Marketing,Investigación de Mercado,2026-05-04,4.1,7.7,5.7,7.1,7.1,6.22,4.0,2.4,3.5,4.4,3.6,6.1,7.2,7.3,6.4,5.1,6.51,6.1,5.2,3.8,4.9,5.3,5.1
4620,Miguel García Romero,Recursos Humanos,Capacitación,2026-09-05,6.9,6.2,6.1,6.2,5.2,6.2,8.3,9.0,9.1,7.5,8.44,7.0,6.5,7.2,7.5,9.5,7.36,7.2,8.0,6.3,8.9,6.5,7.49
4621,Valeria González Cruz,Recursos Humanos,Capacitación,2025-11-14,6.5,6.1,6.7,7.5,6.7,6.62,6.0,5.9,6.6,6.5,6.22,3.6,4.9,7.1,5.9,4.6,5.12,3.7,5.8,4.7,5.1,5.3,4.86
4622,Francisco Romero Morales,Marketing,Comunicación de Marca,2025-10-04,10.0,10.0,9.5,7.9,8.7,9.39,6.7,8.4,8.8,8.0,7.87,10.0,10.0,10.0,8.3,9.0,9.6,7.6,8.9,7.5,10.0,8.1,8.44
4623,Sofía Jiménez Jiménez,Operaciones,Control de Calidad,2026-03-16,7.8,7.5,9.3,7.0,8.0,7.94,9.4,10.0,9.1,10.0,9.64,7.6,6.1,5.6,4.0,7.1,6.21,7.1,10.0,8.2,7.8,9.4,8.41
4624,Roberto García Torres,Operaciones,Producción,2026-06-02,3.7,4.5,2.2,1.7,2.0,3.04,3.2,7.1,2.8,4.7,4.47,3.8,3.0,3.1,4.6,4.7,3.72,2.5,3.0,4.2,2.5,2.9,3.0
4625,María Castillo Gómez,Recursos Humanos,Reclutamiento,2026-01-24,3.5,2.4,1.8,3.1,1.2,2.48,2.7,3.1,2.9,1.8,2.62,2.9,2.6,1.2,3.6,2.3,2.5,3.4,2.0,2.7,0.0,2.6,2.15
4626,Andrea Reyes Martínez,Tecnología,Desarrollo,2025-10-25,3.9,5.5,3.3,4.0,4.7,4.32,3.1,4.2,3.3,3.5,3.52,5.5,4.8,4.4,4.0,3.5,4.58,2.7,2.0,0.0,2.7,2.3,1.94
4627,Pedro Pérez Pérez,Tecnología,Desarrollo,2026-02-05,7.2,8.7,7.9,7.1,10.0,8.12,9.0,7.3,9.2,7.8,8.32,7.4,9.0,10.0,9.1,10.0,8.96,8.2,8.4,9.1,9.7,7.1,8.62
4628,Valeria Castillo Flores,Ventas,Ventas Internacionales,2026-09-03,6.2,9.1,10.0,9.1,8.2,8.42,8.9,7.4,8.1,8.3,8.22,9.5,5.4,8.5,8.7,7.7,7.89,7.7,7.8,7.3,6.9,9.8,7.7
4629,Diego Rodríguez Pérez,Operaciones,Producción,2026-06-28,5.7,3.9,4.6,4.7,3.3,4.52,6.6,3.9,5.6,4.6,5.22,4.4,5.3,5.3,4.5,8.1,5.38,6.4,5.6,6.7,4.3,5.2,5.72
4630,Alejandro Romero Ramírez,Finanzas,Auditoría Interna,2026-08-03,9.0,9.9,10.0,10.0,9.2,9.6,10.0,10.0,8.2,7.9,9.12,7.0,7.5,8.9,8.1,7.8,7.79,9.9,9.5,10.0,9.2,8.0,9.49
4631,Gabriela Vázquez Gómez,Operaciones,Control de Calidad,2026-04-10,7.9,10.0,9.5,9.8,10.0,9.34,7.8,8.4,8.6,8.0,8.16,8.9,10.0,9.1,7.8,9.3,9.11,8.8,8.7,6.9,10.0,8.9,8.64
4632,Francisco Castillo Torres,Marketing,Investigación de Mercado,2026-03-27,9.3,10.0,9.3,8.2,8.2,9.14,8.7,10.0,10.0,9.6,9.51,10.0,7.7,9.0,10.0,10.0,9.22,8.8,8.9,8.4,10.0,7.7,8.88
4633,Ximena Torres Ortiz,Marketing,Marketing Digital,2026-02-24,6.3,8.5,8.8,9.3,9.3,8.25,9.1,7.7,8.6,9.0,8.62,7.1,8.6,8.2,5.4,7.6,7.52,7.4,8.2,9.5,5.0,9.0,7.7
4634,Pedro Romero Morales,Ventas,Atención a Clientes,2025-12-05,4.0,1.9,4.5,3.8,2.1,3.26,2.2,3.1,2.2,2.1,2.4,3.3,3.5,4.3,3.2,2.0,3.34,4.4,2.1,4.2,4.5,2.5,3.62
4635,Valeria Romero Ramírez,Recursos Humanos,Nómina,2026-07-28,9.9,10.0,10.0,10.0,10.0,9.98,9.5,7.9,10.0,9.6,9.22,8.4,10.0,9.4,10.0,10.0,9.48,8.0,9.8,10.0,9.6,10.0,9.37
4636,Ana Gómez Reyes,Ventas,Ventas Internacionales,2025-09-28,9.1,7.3,8.1,8.5,8.8,8.32,7.0,8.0,7.7,9.4,7.99,8.1,8.5,6.5,8.1,6.2,7.6,8.6,7.0,8.6,5.8,6.9,7.47
4637,Fernanda Torres García,Tecnología,Desarrollo,2026-06-03,9.8,8.3,8.5,7.9,9.8,8.88,10.0,9.6,8.6,10.0,9.62,8.5,9.2,10.0,8.2,6.8,8.67,8.2,9.3,8.1,8.4,8.2,8.5
4638,Paola Pérez Pérez,Operaciones,Producción,2026-03-01,9.3,8.6,8.5,10.0,8.8,8.99,8.6,7.6,7.2,7.9,7.9,8.6,9.2,6.6,9.5,9.6,8.64,7.2,8.2,7.8,10.0,9.8,8.39
4639,Ximena Morales López,Ventas,Ventas Internacionales,2026-06-23,6.2,7.8,6.1,6.0,6.3,6.56,5.2,5.2,4.7,4.1,4.82,7.0,8.0,4.6,6.9,4.8,6.42,6.8,5.0,5.6,6.9,7.5,6.2
4640,Jorge González Castillo,Finanzas,Auditoría Interna,2026-05-01,5.4,6.1,8.7,6.4,7.6,6.72,4.4,7.0,5.8,7.2,6.03,5.3,7.2,6.1,6.3,7.1,6.36,8.5,7.2,8.6,9.0,8.0,8.24
4641,Miguel Ramírez Sánchez,Recursos Humanos,Capacitación,2025-11-08,4.0,7.4,6.3,4.7,4.1,5.43,6.4,6.0,4.7,4.6,5.51,6.5,7.1,7.0,6.6,6.3,6.74,6.2,4.5,7.3,5.1,8.5,6.0
4642,Luis Vázquez Morales,Recursos Humanos,Capacitación,2026-08-22,5.0,4.4,4.9,6.9,4.9,5.1,4.9,6.5,5.4,6.8,5.88,5.2,5.8,5.1,3.5,5.6,5.14,6.3,4.5,5.9,6.6,6.1,5.81
4643,Ricardo Ramírez Jiménez,Finanzas,Tesorería,2026-03-15,8.5,7.7,5.0,7.6,5.9,7.07,5.2,4.2,3.7,7.2,5.15,5.8,7.6,4.9,4.7,7.0,6.08,5.4,3.5,3.8,3.8,2.1,3.96
4644,Juan Castillo Morales,Finanzas,Tesorería,2026-02-06,4.3,5.1,4.1,4.8,6.2,4.82,5.7,6.2,5.3,5.1,5.6,3.9,5.7,5.9,5.4,5.8,5.26,4.6,2.9,4.8,3.9,4.3,4.04
4645,Carlos Rodríguez Gómez,Recursos Humanos,Reclutamiento,2026-02-11,4.1,4.2,2.8,2.3,4.5,3.66,3.3,2.3,3.9,2.1,2.87,3.8,3.7,2.7,3.2,4.8,3.62,2.5,3.7,4.0,3.0,3.8,3.33
4646,Luis Rodríguez Morales,Tecnología,Desarrollo,2026-04-22,6.8,6.6,4.6,4.9,5.9,5.89,4.3,6.4,6.9,5.6,5.67,5.1,6.0,6.0,4.8,4.6,5.38,6.1,5.1,5.7,5.5,4.7,5.51
4647,Sergio Morales Torres,Recursos Humanos,Nómina,2026-04-23,8.6,7.7,7.3,8.3,8.2,8.01,7.7,9.2,7.7,7.6,8.05,8.1,7.8,7.9,7.2,9.6,8.07,6.0,7.1,7.9,6.6,7.3,6.91
4648,Gabriela Gómez Ramírez,Operaciones,Producción,2025-10-11,5.9,8.2,6.4,6.3,7.7,6.9,6.6,6.8,7.7,6.6,6.87,5.6,5.8,3.5,6.4,5.4,5.32,2.6,2.5,3.4,4.1,3.2,3.1
4649,Valeria González Ortiz,Marketing,Comunicación de Marca,2026-06-12,7.5,6.5,6.4,5.6,5.0,6.37,7.7,6.5,9.3,6.5,7.42,4.6,7.2,6.8,6.1,6.6,6.22,5.0,6.8,7.4,7.5,6.2,6.55
4650,Raúl Pérez Morales,Operaciones,Producción,2026-03-16,4.4,4.2,5.0,3.1,4.4,4.28,3.5,2.7,3.4,3.5,3.28,2.4,2.8,4.9,4.2,4.3,3.56,5.9,3.8,2.7,1.6,2.9,3.58
4651,Mariana García Torres,Operaciones,Control de Calidad,2026-04-28,6.1,4.3,5.6,7.4,5.6,5.67,5.3,5.6,6.0,3.3,5.01,7.3,7.2,6.9,4.9,8.5,7.02,4.8,4.4,5.6,6.3,6.2,5.3
4652,Sergio Gómez Hernández,Ventas,Ventas Nacionales,2025-12-02,5.6,6.8,4.1,5.9,4.5,5.48,6.1,8.8,8.5,8.0,7.73,6.6,5.3,6.0,6.0,5.3,5.87,5.6,5.6,7.1,3.9,4.0,5.4
4653,Gabriela Vázquez García,Finanzas,Contabilidad,2025-11-17,5.0,6.8,6.9,5.6,5.2,5.95,6.7,5.3,5.6,8.8,6.66,2.8,4.1,2.6,3.6,2.8,3.2,4.2,5.9,6.4,4.6,5.9,5.32
4654,Valeria Reyes Romero,Finanzas,Tesorería,2025-11-02,8.4,7.7,8.6,7.5,8.8,8.19,9.7,10.0,10.0,8.6,9.56,7.9,6.5,6.1,7.3,9.2,7.3,10.0,5.6,8.3,9.2,9.6,8.36
4655,José Romero Morales,Operaciones,Control de Calidad,2026-08-07,6.5,5.3,4.2,5.1,5.0,5.3,6.1,6.9,6.0,4.7,5.93,4.9,4.9,4.0,5.3,4.6,4.73,5.4,5.6,3.0,6.0,3.8,4.93
4656,Sofía Ramírez Vázquez,Operaciones,Logística,2026-08-03,5.4,6.2,5.1,6.3,7.4,5.98,3.8,2.6,5.9,5.7,4.4,4.6,3.8,3.5,5.9,4.1,4.3,4.8,6.9,4.0,5.6,5.4,5.38
4657,Ximena Sánchez Romero,Finanzas,Tesorería,2026-04-23,9.1,7.3,6.1,7.2,5.4,7.21,7.2,6.1,8.7,6.1,6.95,6.7,8.3,8.0,9.5,8.3,8.02,7.7,5.3,7.3,7.9,5.0,6.79
4658,Karla Hernández Morales,Operaciones,Logística,2026-03-31,3.0,4.7,2.0,4.1,5.3,3.74,2.9,5.3,4.1,2.8,3.72,3.4,4.3,2.3,3.6,1.3,3.12,3.7,4.3,2.0,2.6,1.3,3.05
4659,Sergio Martínez Martínez,Recursos Humanos,Nómina,2026-08-15,8.4,5.8,7.6,7.0,5.7,6.98,6.3,6.2,6.0,5.5,6.02,4.5,5.4,4.4,5.9,5.1,5.0,5.1,8.4,6.8,7.2,6.3,6.81
4660,María Morales Martínez,Tecnología,Soporte Técnico,2025-10-16,0.3,0.0,2.3,2.0,2.7,1.24,0.2,0.4,2.0,0.0,0.56,2.5,3.6,3.8,2.3,3.1,3.1,4.7,2.5,0.3,3.0,5.7,3.03
4661,Raúl López Martínez,Marketing,Investigación de Mercado,2025-10-15,4.6,5.3,4.4,4.0,4.6,4.64,6.1,4.9,5.3,6.2,5.66,5.9,4.7,4.3,5.3,8.6,5.6,5.1,6.2,5.7,6.0,5.1,5.68
4662,Sofía Vázquez Castillo,Recursos Humanos,Reclutamiento,2026-04-06,8.9,7.3,8.7,7.7,7.6,8.09,8.5,8.1,7.0,7.5,7.85,7.8,5.7,8.8,7.3,8.3,7.48,5.5,6.7,7.4,7.4,6.5,6.66
4663,Sofía Rodríguez Vázquez,Marketing,Marketing Digital,2025-12-01,8.2,5.9,7.2,7.8,5.3,6.93,7.7,8.3,7.0,5.5,7.16,6.8,6.9,6.2,7.4,6.1,6.69,8.1,6.0,5.2,5.6,6.1,6.3
4664,Sergio Hernández Ortiz,Marketing,Investigación de Mercado,2026-02-13,4.7,2.8,4.1,4.2,2.5,3.7,5.0,4.8,6.1,5.5,5.3,6.6,5.9,6.9,5.0,7.0,6.3,4.0,5.4,3.6,2.7,2.9,3.9
4665,Pedro Torres Rodríguez,Recursos Humanos,Capacitación,2026-01-11,1.6,1.1,3.8,5.2,3.4,2.72,5.0,2.7,3.3,6.7,4.51,5.4,2.1,3.6,3.3,4.4,3.75,3.2,4.5,3.4,2.2,5.1,3.56
4666,Jorge Gómez Gómez,Recursos Humanos,Nómina,2025-10-24,6.2,5.7,6.8,5.9,3.2,5.7,6.1,3.6,7.7,7.3,6.1,4.6,3.8,5.5,5.8,5.2,4.85,8.2,5.8,6.9,5.1,6.2,6.52
4667,Diego Torres Ramírez,Finanzas,Contabilidad,2026-08-05,9.2,8.2,9.3,7.3,7.8,8.48,10.0,7.7,8.8,8.7,8.86,8.7,7.2,8.3,7.0,8.2,7.91,9.1,10.0,9.4,10.0,9.4,9.6
4668,Francisco Martínez Castillo,Recursos Humanos,Reclutamiento,2026-06-15,5.0,7.0,5.7,5.0,6.8,5.91,5.9,4.9,4.5,9.0,6.14,6.9,5.5,6.9,6.7,7.4,6.6,4.7,4.2,5.5,5.5,5.4,4.97
4669,Diego Morales Hernández,Ventas,Ventas Nacionales,2026-04-04,10.0,9.8,9.1,8.5,8.8,9.36,5.9,7.6,6.9,5.3,6.38,9.2,6.5,9.2,7.4,8.5,8.15,9.5,10.0,8.3,7.9,7.3,8.85
4670,Diego García Gómez,Finanzas,Contabilidad,2025-10-16,3.2,3.5,2.3,4.7,3.1,3.3,4.6,4.1,3.0,4.3,4.08,4.2,4.9,2.4,7.0,4.8,4.53,1.7,3.2,2.8,4.5,4.8,3.16
4671,Francisco Flores Ortiz,Operaciones,Logística,2026-02-03,2.0,4.0,2.6,4.4,5.1,3.44,3.6,5.6,5.4,6.0,5.06,3.9,4.1,2.3,4.2,1.6,3.33,4.7,4.4,5.7,4.6,5.4,4.88
4672,Sergio López Martínez,Ventas,Ventas Internacionales,2026-04-16,3.2,4.9,7.0,5.2,7.1,5.27,3.4,2.6,4.4,2.7,3.22,4.4,4.6,4.7,5.6,2.7,4.44,1.5,3.4,2.4,3.6,5.1,2.94
4673,Sofía García Morales,Tecnología,Desarrollo,2026-08-28,10.0,8.6,8.0,9.2,8.9,8.96,9.3,8.3,8.1,8.5,8.61,8.3,9.9,9.9,8.0,7.5,8.86,7.7,8.4,9.7,8.6,10.0,8.68
4674,Diego Rodríguez Martínez,Marketing,Marketing Digital,2026-02-03,2.7,3.2,1.3,5.4,4.7,3.25,2.2,3.8,4.4,2.9,3.22,4.2,1.2,3.4,6.1,3.4,3.46,3.8,2.2,2.2,2.8,2.6,2.76
4675,Camila Romero Morales,Operaciones,Control de Calidad,2026-06-01,6.7,9.2,8.2,6.3,8.9,7.9,4.8,5.7,5.9,6.4,5.64,8.6,8.6,6.1,8.0,8.2,7.95,7.8,9.2,10.0,7.7,8.3,8.62
4676,María Ramírez Torres,Operaciones,Producción,2026-05-11,0.8,2.6,2.2,1.8,1.9,1.84,2.6,3.8,1.6,3.3,2.88,0.7,2.3,0.0,0.9,2.5,1.26,3.2,1.9,4.9,2.3,4.1,3.12
4677,Francisco González Ortiz,Ventas,Atención a Clientes,2025-09-09,7.9,6.1,6.7,5.9,5.8,6.6,6.6,8.1,4.9,4.3,6.06,5.5,4.6,5.5,8.0,4.5,5.5,2.8,4.0,5.7,4.4,5.0,4.22
4678,Ximena Rodríguez Ramírez,Finanzas,Auditoría Interna,2026-02-27,4.8,7.3,6.2,5.1,6.5,6.0,7.1,6.2,4.1,5.0,5.75,6.2,3.8,3.2,5.5,3.7,4.52,5.4,6.7,6.2,4.6,5.7,5.76
4679,Diego García Rodríguez,Tecnología,Desarrollo,2026-07-19,3.4,5.7,5.7,2.5,3.1,4.26,5.6,4.9,4.3,5.5,5.14,4.2,5.0,5.1,4.6,6.0,4.91,5.5,3.4,6.0,6.3,5.9,5.28
4680,María García Morales,Finanzas,Tesorería,2026-08-21,4.4,5.0,6.4,6.1,5.3,5.34,2.8,7.0,5.9,3.4,4.62,5.7,6.2,3.8,4.8,4.3,5.1,5.9,4.8,6.2,6.2,6.1,5.76
4681,Diego Romero Rodríguez,Operaciones,Control de Calidad,2026-04-19,3.8,3.5,3.3,3.0,3.5,3.46,1.2,2.8,3.1,1.9,2.16,4.4,2.0,2.8,4.1,2.5,3.15,3.1,4.5,2.7,2.8,3.9,3.39
4682,Ximena Ortiz Sánchez,Tecnología,Soporte Técnico,2026-08-15,8.8,7.6,8.8,7.8,8.1,8.24,7.0,7.1,7.4,6.7,7.03,8.3,7.4,10.0,8.0,8.1,8.34,9.1,8.4,7.6,8.4,10.0,8.57
4683,Camila Flores Morales,Recursos Humanos,Nómina,2026-04-04,4.8,4.3,6.7,6.0,5.5,5.34,4.9,6.7,4.7,5.3,5.41,6.6,5.5,8.3,6.8,6.7,6.71,6.6,7.5,6.7,6.0,9.2,6.98
4684,Juan González Rodríguez,Marketing,Comunicación de Marca,2026-04-09,3.2,1.7,0.8,0.2,0.5,1.49,2.7,2.5,2.4,3.9,2.89,4.1,4.8,4.1,6.0,2.9,4.38,4.4,6.1,3.9,6.1,4.7,5.1
4685,Sofía Morales Martínez,Finanzas,Tesorería,2025-10-21,4.3,4.4,6.7,4.1,5.0,4.88,5.4,3.9,5.4,4.9,4.9,4.9,5.2,5.6,5.2,6.7,5.43,5.1,6.7,6.3,3.9,5.5,5.54
4686,Sofía Jiménez Reyes,Marketing,Marketing Digital,2026-05-08,1.7,2.3,4.0,2.8,1.3,2.42,4.2,2.2,4.0,2.9,3.34,2.1,2.3,1.4,1.9,3.6,2.2,3.5,4.7,4.0,4.4,3.1,4.04
4687,Ximena Gómez Ortiz,Finanzas,Tesorería,2026-05-30,3.7,5.6,3.6,4.4,4.4,4.36,6.4,5.1,6.1,5.3,5.74,7.0,5.6,5.7,8.2,4.6,6.21,7.7,6.8,8.4,8.2,7.8,7.72
4688,María Reyes González,Tecnología,Infraestructura,2026-01-26,5.5,8.2,8.1,4.9,5.1,6.54,5.9,7.4,5.4,6.9,6.43,5.1,4.7,4.8,5.8,7.7,5.44,3.2,5.5,4.7,5.7,5.4,4.8
4689,Sofía González Flores,Tecnología,Soporte Técnico,2026-01-17,2.0,3.7,2.0,3.9,2.3,2.76,5.5,4.0,5.1,3.8,4.62,3.8,2.2,5.2,4.4,3.0,3.65,2.8,4.4,3.1,4.8,2.6,3.64
4690,Ana Rodríguez Hernández,Marketing,Comunicación de Marca,2026-08-25,6.2,5.3,4.6,4.9,2.9,4.96,5.1,5.4,5.8,4.5,5.16,5.1,6.7,6.2,7.8,6.2,6.29,2.8,5.3,4.8,4.7,2.5,4.18
4691,Diego Reyes Hernández,Tecnología,Soporte Técnico,2026-08-08,7.4,8.5,9.3,8.7,8.1,8.36,7.7,8.7,8.4,8.8,8.36,6.8,7.0,6.5,7.0,5.0,6.55,5.4,5.3,6.6,4.4,7.7,5.64
4692,Juan Ortiz Torres,Tecnología,Soporte Técnico,2026-07-08,8.6,10.0,9.9,8.8,9.3,9.35,7.7,8.1,7.4,7.7,7.74,7.3,10.0,6.6,9.9,7.9,8.32,7.2,10.0,10.0,9.6,8.7,9.09
4693,Sofía Gómez González,Finanzas,Auditoría Interna,2025-11-28,5.4,7.0,6.7,7.6,6.8,6.6,6.2,5.1,7.0,7.9,6.51,7.3,7.8,6.8,6.0,9.5,7.46,6.7,6.3,7.0,5.8,5.1,6.32
4694,Camila López Jiménez,Finanzas,Contabilidad,2026-06-23,4.7,6.2,5.3,6.4,7.2,5.82,6.2,7.7,7.6,6.0,6.8,2.1,5.2,7.1,5.6,5.5,4.91,5.4,7.7,5.5,4.5,9.1,6.18
4695,María Hernández Cruz,Operaciones,Producción,2025-09-10,10.0,9.7,9.1,8.4,8.3,9.25,8.1,9.2,8.1,10.0,8.85,10.0,10.0,8.3,9.8,10.0,9.63,10.0,10.0,9.8,9.0,10.0,9.76
4696,Juan Flores González,Operaciones,Logística,2026-03-31,8.4,5.0,6.2,7.9,6.1,6.69,7.6,8.9,6.2,7.2,7.54,6.8,6.5,6.4,7.2,5.8,6.56,4.7,5.3,5.1,6.7,4.9,5.35
4697,Juan Romero Romero,Operaciones,Producción,2025-10-02,6.4,5.5,6.0,4.5,6.1,5.76,5.8,6.7,4.0,6.2,5.76,4.4,5.2,5.0,2.8,3.7,4.38,8.4,9.3,8.3,7.2,6.1,8.14
4698,Raúl Hernández Ramírez,Operaciones,Control de Calidad,2026-06-09,1.6,2.2,2.7,2.3,3.1,2.3,4.4,4.1,2.6,3.8,3.81,2.6,2.6,3.5,1.7,4.6,2.94,2.4,3.8,3.4,3.8,4.3,3.42
4699,Daniela Sánchez Cruz,Ventas,Atención a Clientes,2026-04-06,1.7,3.6,2.4,2.1,3.3,2.62,2.2,3.2,2.9,3.8,2.99,4.0,5.1,5.2,4.8,5.2,4.82,3.6,1.9,4.4,4.2,2.4,3.34
4700,Diego Flores Pérez,Ventas,Ventas Nacionales,2026-07-19,8.4,5.5,4.6,3.7,8.6,6.24,7.9,8.3,5.5,8.7,7.72,6.9,6.4,5.5,6.9,5.2,6.24,8.0,5.0,7.5,5.8,5.7,6.48
4701,Ximena Romero Sánchez,Recursos Humanos,Nómina,2025-11-03,3.6,4.6,3.3,3.3,3.6,3.74,0.5,2.5,3.5,1.3,1.8,2.6,3.0,4.1,1.7,2.2,2.8,2.3,1.8,3.0,3.8,3.3,2.72
4702,Carlos Rodríguez Ramírez,Marketing,Comunicación de Marca,2026-02-01,4.6,5.9,5.9,6.5,5.5,5.6,4.8,1.9,5.5,5.9,4.49,8.6,6.0,6.3,6.5,7.7,7.04,4.3,6.1,5.7,7.0,4.8,5.62
4703,Ximena Cruz García,Operaciones,Control de Calidad,2026-08-11,8.1,5.7,5.7,5.4,5.8,6.27,7.4,6.6,6.5,6.3,6.74,8.5,5.3,7.5,7.4,8.1,7.28,4.7,7.8,6.7,6.0,5.3,6.2
4704,Ana Martínez Ramírez,Recursos Humanos,Capacitación,2025-12-10,4.5,4.1,2.5,6.3,4.1,4.21,1.8,3.5,2.2,0.9,2.08,3.6,2.9,1.8,3.4,1.9,2.78,4.3,2.9,3.9,1.6,3.8,3.28
4705,Miguel Gómez Gómez,Tecnología,Desarrollo,2025-10-19,7.7,9.5,8.1,4.6,8.2,7.84,6.3,3.9,5.0,5.8,5.32,10.0,7.8,7.6,9.6,8.4,8.67,5.7,6.8,8.2,7.0,7.6,6.92
4706,Ana Castillo Morales,Operaciones,Producción,2025-12-31,4.2,4.1,5.5,5.8,7.3,5.14,9.1,10.0,9.0,8.3,9.1,8.6,6.6,5.3,8.3,7.3,7.2,7.8,8.6,9.6,7.6,6.5,8.19
4707,Miguel Cruz Cruz,Recursos Humanos,Nómina,2025-11-16,8.8,9.4,7.7,7.5,10.0,8.72,7.9,8.4,9.2,9.1,8.59,8.4,7.5,8.2,6.8,8.1,7.85,8.6,8.7,7.7,7.0,7.8,8.04
4708,Luis Gómez García,Ventas,Ventas Internacionales,2026-05-30,8.5,6.4,9.2,8.5,7.9,8.02,9.5,8.5,5.9,7.5,8.03,6.9,9.8,8.2,7.8,7.7,8.14,7.3,8.4,9.3,9.3,6.0,8.25
4709,José Pérez López,Operaciones,Producción,2026-04-03,3.6,5.8,5.2,5.0,1.8,4.41,4.3,7.4,3.6,5.1,5.14,5.2,4.3,4.3,4.2,3.2,4.34,4.6,5.2,6.2,6.6,5.7,5.58
4710,José Ramírez Ramírez,Ventas,Ventas Nacionales,2025-10-31,9.2,8.7,9.0,7.5,8.5,8.67,9.8,10.0,9.0,9.4,9.59,8.4,6.7,8.4,9.5,8.2,8.11,8.7,7.2,6.8,9.4,7.1,7.92
4711,Ana Ortiz Gómez,Tecnología,Soporte Técnico,2026-01-29,6.1,7.7,8.1,6.0,7.6,7.11,3.5,6.2,6.3,6.5,5.48,5.7,6.4,5.0,7.3,7.2,6.2,9.1,6.2,8.6,8.2,8.1,7.99
4712,Francisco Rodríguez Castillo,Ventas,Ventas Internacionales,2026-01-27,3.6,4.8,5.2,2.4,3.8,4.07,5.1,4.5,2.2,3.8,4.04,7.4,4.7,6.4,4.1,3.6,5.46,6.5,3.1,3.6,4.6,4.8,4.52
4713,Daniela Cruz García,Finanzas,Tesorería,2025-12-02,8.7,7.2,7.9,7.2,8.3,7.88,4.6,6.1,6.1,5.2,5.42,6.3,7.7,6.6,7.2,5.8,6.77,5.1,6.5,7.5,7.3,5.3,6.39
4714,Valeria Martínez Jiménez,Tecnología,Infraestructura,2026-01-26,5.1,6.4,6.0,5.6,6.0,5.82,4.4,6.4,4.7,6.3,5.44,4.9,6.6,5.1,4.8,6.7,5.62,7.2,7.0,4.4,5.7,5.8,6.15
4715,Gabriela González Reyes,Marketing,Marketing Digital,2026-07-23,3.9,2.9,2.4,3.0,4.2,3.26,2.5,0.9,2.2,1.3,1.74,4.1,4.6,2.2,3.1,2.4,3.44,3.3,4.2,1.2,2.8,3.6,3.04
4716,Miguel Ramírez Rodríguez,Tecnología,Desarrollo,2026-06-22,5.0,3.9,2.9,4.2,3.1,3.9,5.5,4.1,4.6,3.6,4.5,5.0,4.9,4.3,3.7,4.2,4.52,4.4,5.4,6.3,5.0,3.8,5.09
4717,Carlos Vázquez Ramírez,Operaciones,Control de Calidad,2025-11-27,8.7,8.1,8.5,8.2,7.0,8.18,8.2,7.3,10.0,9.5,8.66,7.3,7.1,7.0,6.4,5.9,6.84,8.8,8.5,10.0,10.0,7.4,9.06
4718,Ricardo Ortiz González,Tecnología,Infraestructura,2026-06-11,7.6,7.8,6.6,5.9,7.2,7.14,8.0,7.8,7.7,6.5,7.52,7.6,7.1,7.8,5.3,7.8,7.2,7.4,6.0,8.3,6.9,6.8,7.07
4719,Ricardo Romero Ramírez,Marketing,Marketing Digital,2026-01-08,7.7,6.6,7.8,7.2,8.3,7.46,10.0,8.8,8.8,9.6,9.36,7.7,9.0,7.8,9.1,7.9,8.28,7.6,8.1,10.0,10.0,9.6,8.88
4720,Ana Pérez Romero,Tecnología,Infraestructura,2026-03-18,4.3,5.3,4.0,2.7,4.7,4.31,3.4,5.0,5.9,3.8,4.4,6.0,3.8,4.3,2.9,3.0,4.2,3.9,5.2,3.7,3.9,3.5,4.14
4721,Gabriela Ortiz Pérez,Ventas,Ventas Nacionales,2026-01-24,5.7,7.9,7.3,5.0,4.6,6.3,3.5,2.9,5.3,4.9,4.06,7.9,5.4,6.2,5.4,6.4,6.34,8.0,5.8,7.4,6.5,5.5,6.78
4722,Mariana Ramírez Vázquez,Ventas,Ventas Nacionales,2026-06-13,5.6,6.7,5.5,7.3,8.8,6.59,9.0,6.8,7.9,6.8,7.68,8.5,9.3,8.5,10.0,10.0,9.15,8.6,7.3,8.3,10.0,10.0,8.64
4723,Pedro González Castillo,Tecnología,Desarrollo,2026-05-17,8.1,8.2,6.9,6.9,5.8,7.36,7.1,5.8,6.5,6.6,6.53,6.3,6.9,6.5,6.6,6.1,6.5,6.4,5.0,7.0,6.7,5.3,6.12
4724,Karla Torres Vázquez,Tecnología,Soporte Técnico,2025-12-30,5.1,6.0,4.7,7.4,6.0,5.72,8.3,6.7,8.6,5.7,7.31,7.1,6.1,6.9,8.4,3.7,6.49,8.3,8.2,6.2,6.4,9.4,7.59
4725,Luis Torres González,Marketing,Marketing Digital,2026-07-07,5.9,6.8,6.8,5.9,7.5,6.54,5.6,6.7,6.2,7.3,6.42,6.8,6.6,6.6,8.5,6.0,6.85,6.2,6.6,6.3,5.7,7.7,6.37
4726,Sofía López Hernández,Ventas,Ventas Nacionales,2026-05-18,4.5,4.7,6.1,5.4,5.4,5.14,6.0,9.2,6.4,6.0,6.88,6.3,7.8,6.2,6.5,4.7,6.44,8.7,7.3,8.2,5.9,6.5,7.47
4727,Ximena Sánchez Ramírez,Operaciones,Control de Calidad,2025-09-08,3.8,4.9,3.9,3.9,5.3,4.34,3.9,5.5,5.3,5.4,4.96,6.5,6.5,6.5,6.0,6.8,6.47,5.7,5.5,6.4,6.2,5.4,5.86
4728,Paola Torres Morales,Finanzas,Tesorería,2026-07-14,6.3,5.8,6.3,8.8,9.1,6.97,7.4,6.6,6.3,5.1,6.4,7.0,8.2,7.7,7.6,7.0,7.53,9.0,6.3,8.4,9.7,8.6,8.3
4729,Andrea Ortiz Flores,Recursos Humanos,Capacitación,2026-02-09,3.7,5.7,5.2,4.9,4.4,4.78,4.9,2.4,4.9,2.8,3.75,4.8,6.8,3.9,6.0,5.7,5.44,5.0,5.0,4.2,4.6,7.3,4.99
4730,Gabriela Castillo Jiménez,Ventas,Atención a Clientes,2026-07-14,8.1,7.0,8.3,6.9,7.9,7.66,9.4,7.9,8.3,7.8,8.4,8.3,7.3,9.1,7.8,7.3,7.98,8.7,9.4,8.2,10.0,8.0,8.96
4731,María Pérez Reyes,Finanzas,Contabilidad,2025-12-23,9.3,6.6,7.2,8.1,7.7,7.78,7.4,5.3,7.8,7.5,6.98,6.5,6.2,8.5,6.4,7.7,6.99,7.2,4.7,6.0,6.4,8.1,6.26
4732,Paola Pérez Sánchez,Operaciones,Control de Calidad,2026-07-23,3.4,3.3,4.7,3.5,4.4,3.8,5.7,4.9,1.5,2.5,3.86,2.3,5.6,2.4,4.8,1.9,3.46,2.9,4.1,1.9,4.1,4.2,3.37
4733,Juan González Vázquez,Tecnología,Soporte Técnico,2026-02-10,3.3,4.1,4.4,4.5,5.4,4.22,5.7,7.3,6.0,4.3,5.81,6.1,6.3,4.8,6.0,5.6,5.8,5.7,5.9,7.2,8.9,5.4,6.66
4734,María Ortiz Sánchez,Ventas,Atención a Clientes,2026-03-31,6.8,7.5,8.4,8.5,8.1,7.75,6.1,6.7,9.9,9.5,7.86,6.5,9.8,10.0,7.3,8.3,8.41,4.5,6.7,6.7,6.5,8.0,6.24
4735,Sergio Pérez Ortiz,Marketing,Comunicación de Marca,2025-12-29,6.4,6.1,5.9,7.8,4.5,6.15,6.1,8.0,6.7,7.5,7.04,6.3,5.1,6.2,6.3,5.7,5.89,7.8,7.2,5.7,9.3,7.2,7.47
4736,Alejandro Gómez Martínez,Recursos Humanos,Reclutamiento,2026-09-06,3.3,4.0,6.2,6.4,4.9,4.76,4.0,5.5,5.3,3.7,4.56,7.4,6.1,5.8,6.1,5.1,6.22,6.7,5.9,7.6,6.1,6.6,6.55
4737,Sergio Pérez Ramírez,Marketing,Marketing Digital,2026-03-03,5.0,8.0,8.6,6.2,5.3,6.69,4.4,7.8,7.4,6.0,6.25,4.2,3.9,6.9,4.5,5.2,4.86,7.6,8.6,7.3,5.5,5.7,7.18
4738,José Romero Reyes,Ventas,Ventas Internacionales,2026-02-22,6.3,9.0,7.8,10.0,7.6,8.02,6.4,6.8,7.4,7.4,6.95,7.0,9.1,6.4,9.6,6.3,7.69,9.9,10.0,9.3,9.5,7.5,9.48
4739,Ximena Morales Hernández,Ventas,Ventas Internacionales,2026-06-12,6.0,5.2,5.9,6.4,5.0,5.69,4.7,4.9,6.6,5.0,5.2,5.0,5.0,5.5,5.6,5.7,5.3,5.1,6.0,5.4,4.4,5.1,5.24
4740,Daniela Cruz López,Finanzas,Contabilidad,2026-05-22,9.2,6.8,6.3,5.6,6.2,7.03,5.6,5.2,4.2,5.1,5.1,4.6,3.5,5.4,7.3,4.4,4.86,5.6,6.2,6.9,4.5,6.1,5.84
4741,Raúl Romero Morales,Recursos Humanos,Reclutamiento,2025-12-24,5.5,7.6,6.2,6.9,6.4,6.51,7.1,6.3,6.7,4.9,6.27,5.4,7.0,6.5,4.8,6.9,6.16,5.1,4.8,4.3,4.1,6.6,4.81
4742,Alejandro Torres Jiménez,Ventas,Atención a Clientes,2026-02-18,7.9,7.3,6.3,6.8,6.6,7.07,10.0,8.1,9.3,8.6,9.04,6.5,5.9,7.1,5.9,6.6,6.4,8.5,8.1,9.0,7.2,6.7,8.06
4743,José Rodríguez Vázquez,Finanzas,Auditoría Interna,2026-02-08,3.9,6.6,4.5,3.9,4.2,4.74,1.2,2.1,1.4,2.0,1.66,3.1,4.5,6.0,3.2,3.3,4.08,6.0,5.0,4.7,5.4,4.1,5.18
4744,Sergio Morales Gómez,Recursos Humanos,Reclutamiento,2025-10-01,1.4,2.6,2.0,3.2,1.8,2.15,4.6,4.7,3.3,4.1,4.24,4.3,4.7,5.5,3.9,3.6,4.47,5.9,3.1,4.8,2.7,4.7,4.22
4745,Alejandro Ramírez Cruz,Operaciones,Control de Calidad,2026-04-13,7.5,7.1,4.9,3.7,5.8,6.06,5.9,5.7,5.5,5.4,5.64,8.3,7.8,8.4,6.3,6.3,7.6,5.8,5.7,6.8,8.8,8.3,6.83
4746,Valeria Gómez González,Tecnología,Desarrollo,2025-10-25,9.0,5.1,3.1,8.3,5.6,6.23,5.1,5.5,4.8,6.7,5.54,8.5,6.5,7.3,6.9,8.7,7.55,7.7,6.2,9.4,4.7,7.3,7.02
4747,Miguel Jiménez Vázquez,Marketing,Investigación de Mercado,2025-09-17,6.9,5.1,7.9,7.1,5.7,6.5,6.0,6.1,6.6,8.2,6.69,6.0,6.6,6.6,7.3,6.3,6.51,7.5,5.9,6.7,4.5,5.7,6.16
4748,Fernanda Reyes García,Marketing,Marketing Digital,2026-02-09,4.3,5.8,5.7,1.9,3.8,4.52,7.8,7.0,7.3,4.1,6.57,7.1,4.5,7.6,5.8,5.4,6.1,7.3,7.8,8.6,7.2,7.2,7.66
4749,Miguel Romero Morales,Recursos Humanos,Capacitación,2026-06-22,4.7,4.2,5.4,5.3,1.8,4.37,4.9,5.5,5.4,5.6,5.32,6.7,5.5,5.0,6.4,6.3,5.96,5.0,6.0,5.0,5.1,6.1,5.38
4750,Pedro González Pérez,Marketing,Marketing Digital,2026-04-08,8.0,6.9,7.2,8.6,10.0,7.96,10.0,8.7,8.8,9.3,9.26,9.2,9.2,7.8,8.6,10.0,8.95,8.0,6.2,7.4,6.2,9.2,7.19
4751,Ximena Romero Gómez,Operaciones,Logística,2026-08-22,3.7,3.2,1.9,4.9,3.9,3.42,1.4,4.3,4.8,2.4,3.06,4.4,2.1,5.0,6.8,3.2,4.12,5.9,6.8,4.8,5.5,6.1,5.84
4752,Miguel Ortiz Flores,Operaciones,Logística,2025-12-27,10.0,10.0,8.2,10.0,10.0,9.64,10.0,7.8,10.0,8.9,9.18,10.0,9.2,10.0,9.8,9.9,9.75,9.6,9.6,9.1,9.4,9.6,9.46
4753,Mariana Gómez Cruz,Ventas,Ventas Nacionales,2026-05-31,6.3,3.6,5.2,6.5,3.9,5.08,4.9,3.2,3.7,4.9,4.24,4.6,2.8,3.9,5.0,3.0,3.83,1.9,6.0,3.3,3.5,5.4,3.88
4754,Miguel Romero Flores,Recursos Humanos,Reclutamiento,2025-10-06,8.0,8.5,9.9,8.2,8.6,8.62,9.4,9.4,10.0,10.0,9.67,10.0,9.2,9.3,10.0,9.6,9.6,8.2,9.3,9.4,9.3,9.7,9.09
4755,Ricardo Jiménez Castillo,Recursos Humanos,Capacitación,2026-01-12,5.8,3.6,5.8,6.2,4.3,5.08,4.7,4.5,6.0,6.4,5.34,5.2,4.8,4.0,4.7,7.4,5.12,5.2,5.9,5.0,4.6,3.9,5.08
4756,Ana Romero Cruz,Finanzas,Auditoría Interna,2026-03-13,6.7,6.3,7.7,6.3,7.3,6.83,3.9,3.8,4.4,5.1,4.28,5.1,6.0,4.9,4.1,3.7,4.92,3.3,6.7,6.7,7.7,6.9,6.07
4757,María Sánchez Flores,Tecnología,Desarrollo,2026-07-01,4.3,4.3,3.7,4.3,1.4,3.74,3.5,3.7,5.5,4.5,4.2,4.7,3.5,2.8,2.6,4.1,3.62,3.5,3.5,1.9,4.4,3.4,3.35
4758,Roberto Morales López,Marketing,Comunicación de Marca,2026-08-02,7.9,4.4,4.4,2.8,3.8,4.94,3.6,5.7,4.7,6.3,5.02,5.7,5.5,7.4,5.2,3.8,5.63,4.7,6.8,5.2,6.2,5.9,5.74
4759,Paola González Pérez,Marketing,Investigación de Mercado,2026-01-05,10.0,8.2,10.0,8.2,8.8,9.1,7.1,6.2,8.6,7.8,7.35,7.8,7.9,7.5,7.4,7.0,7.58,8.8,9.6,9.3,10.0,10.0,9.46
4760,Valeria Ortiz Hernández,Operaciones,Logística,2025-12-02,5.0,3.3,5.2,3.7,5.8,4.54,3.3,4.3,3.5,5.1,4.04,5.2,1.2,4.3,4.5,4.1,3.75,3.9,4.6,4.7,4.4,5.7,4.52
4761,Alejandro Cruz Sánchez,Finanzas,Contabilidad,2026-06-02,9.9,8.2,7.8,8.8,7.7,8.56,8.7,7.5,6.6,7.0,7.56,7.6,7.5,9.9,10.0,9.3,8.65,8.4,7.0,8.2,8.6,6.4,7.85
4762,Valeria González Vázquez,Marketing,Comunicación de Marca,2026-09-04,7.7,7.1,7.2,6.5,6.6,7.1,3.2,4.9,6.6,6.6,5.15,7.6,8.2,8.3,4.9,5.4,7.15,6.9,6.7,8.4,3.5,7.6,6.54
4763,Fernanda Martínez Vázquez,Recursos Humanos,Reclutamiento,2026-05-14,8.1,5.9,5.3,6.9,3.2,6.08,8.1,4.7,6.9,6.2,6.53,5.0,4.6,6.3,4.3,4.6,4.99,4.7,5.1,6.6,8.9,5.5,6.1
4764,Mariana Morales Torres,Ventas,Ventas Internacionales,2025-12-02,7.6,10.0,9.2,8.8,9.5,8.99,10.0,10.0,9.0,8.6,9.45,8.2,7.4,7.7,8.0,7.8,7.81,6.8,8.8,10.0,8.8,8.7,8.53
4765,Luis Sánchez Sánchez,Finanzas,Contabilidad,2026-02-08,8.0,7.4,7.8,6.0,9.3,7.7,7.9,7.5,8.7,5.5,7.36,5.4,6.7,6.5,6.1,7.3,6.34,6.4,6.9,6.0,7.5,3.8,6.4
4766,Gabriela Ramírez Torres,Tecnología,Infraestructura,2026-08-08,5.6,7.7,8.8,8.0,9.0,7.64,9.3,10.0,9.0,8.8,9.29,8.5,9.9,9.3,7.4,7.4,8.68,8.3,8.2,8.7,8.8,8.7,8.49
4767,Miguel Reyes González,Operaciones,Control de Calidad,2026-07-28,6.4,4.5,6.3,4.7,3.1,5.16,9.9,7.5,8.1,8.7,8.64,7.0,4.9,6.8,6.0,9.0,6.58,7.3,6.7,5.9,7.4,7.4,6.9
4768,Andrea Martínez Torres,Operaciones,Logística,2026-07-31,7.8,7.7,6.3,7.8,7.3,7.4,6.7,8.5,7.1,8.3,7.63,6.9,6.4,5.8,6.9,5.9,6.4,6.1,8.7,6.9,7.6,9.1,7.51
4769,María Romero Ortiz,Operaciones,Logística,2025-12-05,8.5,10.0,9.8,10.0,8.6,9.38,10.0,9.2,9.1,10.0,9.62,6.7,8.4,4.7,6.9,6.0,6.65,9.1,10.0,10.0,10.0,9.1,9.68
4770,Alejandro Castillo Ortiz,Marketing,Investigación de Mercado,2025-11-26,0.0,1.9,1.6,4.5,4.3,2.11,6.0,1.4,1.6,2.1,2.99,3.4,3.3,1.2,2.3,1.5,2.48,5.0,3.9,4.4,5.3,3.3,4.5
4771,Ana Torres Ramírez,Tecnología,Soporte Técnico,2026-04-12,4.5,3.4,4.3,5.7,4.4,4.35,3.9,3.0,3.5,3.3,3.44,3.8,2.2,2.0,3.3,3.8,2.96,3.5,6.8,4.1,2.8,2.2,4.18
4772,Mariana Gómez Romero,Finanzas,Tesorería,2025-12-30,4.6,3.1,4.3,3.8,2.8,3.77,4.4,4.7,3.9,4.3,4.35,2.0,4.3,2.9,1.3,2.6,2.74,5.6,4.5,5.2,6.3,7.2,5.54
4773,Ricardo Hernández López,Marketing,Investigación de Mercado,2026-08-31,5.8,6.8,6.9,5.7,5.7,6.24,4.9,6.8,5.6,6.3,5.86,6.4,4.9,4.9,6.0,5.8,5.58,6.3,4.3,5.8,7.0,7.7,5.98
4774,Luis Romero Morales,Recursos Humanos,Reclutamiento,2026-02-14,6.0,6.6,6.7,7.1,5.9,6.44,5.6,6.9,6.2,4.1,5.67,5.7,5.5,3.2,5.0,5.4,5.0,4.5,6.6,7.0,4.7,5.3,5.64
4775,Daniela Cruz Hernández,Tecnología,Desarrollo,2026-05-31,3.3,4.9,4.0,3.4,1.9,3.64,2.7,2.4,2.4,3.9,2.86,2.2,2.9,3.5,4.2,5.9,3.49,5.8,4.5,5.6,3.2,4.3,4.77
4776,Andrea Cruz Vázquez,Recursos Humanos,Capacitación,2025-11-12,3.1,2.6,4.7,2.4,3.0,3.18,1.9,3.8,6.5,4.2,3.87,6.1,5.4,6.1,4.4,3.0,5.2,2.3,1.3,2.0,2.0,4.1,2.11
4777,María Castillo Martínez,Recursos Humanos,Nómina,2026-03-13,5.7,7.2,6.1,7.0,6.6,6.48,6.3,5.5,6.3,7.5,6.4,5.3,5.2,6.0,3.8,5.5,5.22,6.3,7.2,6.4,7.9,5.9,6.82
4778,Fernanda Sánchez Torres,Ventas,Atención a Clientes,2025-11-01,7.1,5.9,5.7,4.7,6.6,6.09,8.0,7.9,6.0,8.3,7.65,5.4,6.8,8.8,6.1,6.3,6.67,4.1,6.1,6.8,6.1,6.1,5.74
4779,Roberto Hernández Flores,Ventas,Ventas Internacionales,2026-02-14,5.0,3.4,3.1,6.3,6.3,4.61,3.6,6.4,5.1,5.3,5.03,3.6,3.0,5.0,6.5,2.7,4.03,5.7,5.5,4.6,5.7,6.6,5.52
4780,Diego Flores García,Finanzas,Auditoría Interna,2026-03-25,0.1,3.0,1.7,1.5,1.7,1.59,2.5,4.3,3.1,2.9,3.17,1.7,5.1,3.4,4.1,3.9,3.58,0.6,1.3,0.7,1.4,0.0,0.9
4781,Luis Rodríguez Pérez,Ventas,Ventas Internacionales,2025-09-27,8.6,8.4,7.4,9.0,6.7,8.09,8.6,8.8,9.2,6.5,8.24,7.2,9.2,8.1,7.5,7.4,7.96,6.3,8.7,6.4,7.1,8.1,7.26
4782,Andrea Hernández Torres,Tecnología,Soporte Técnico,2025-09-09,9.3,8.5,8.6,9.1,7.9,8.72,7.9,10.0,9.9,8.3,8.93,8.9,8.4,10.0,10.0,10.0,9.32,9.8,8.3,7.9,7.1,7.1,8.24
4783,Laura Reyes Ortiz,Recursos Humanos,Capacitación,2026-03-25,7.5,6.0,6.0,7.1,5.7,6.5,6.6,5.9,5.8,4.6,5.76,4.1,7.0,7.1,6.5,5.5,6.0,4.0,5.7,3.8,4.7,4.8,4.61
4784,Jorge López García,Tecnología,Soporte Técnico,2026-04-30,8.8,6.2,6.6,5.4,9.1,7.25,7.1,7.0,8.7,5.5,7.0,5.6,4.4,6.8,7.5,5.8,5.86,3.6,5.1,4.5,5.3,5.2,4.65
4785,Jorge López Gómez,Ventas,Ventas Nacionales,2026-01-15,3.1,4.5,3.2,5.5,4.1,3.98,6.9,5.5,5.0,4.7,5.62,6.9,3.9,5.7,6.1,6.7,5.76,2.3,4.8,5.2,2.2,4.3,3.68
4786,Ximena Romero Castillo,Ventas,Atención a Clientes,2026-07-07,5.6,3.4,2.3,5.4,3.9,4.11,3.9,4.7,4.7,4.4,4.38,4.0,4.6,3.9,6.4,4.0,4.49,2.3,3.9,2.9,4.3,4.1,3.4
4787,Alejandro Sánchez Cruz,Recursos Humanos,Reclutamiento,2026-04-19,4.9,6.2,5.8,6.7,6.1,5.86,4.8,6.3,7.0,3.7,5.34,4.8,5.3,3.7,5.2,6.0,4.94,5.5,7.5,6.3,6.3,6.9,6.46
4788,Sofía Ortiz Cruz,Finanzas,Contabilidad,2025-11-03,9.3,10.0,8.2,9.8,9.3,9.33,10.0,9.1,10.0,9.2,9.57,10.0,10.0,8.9,10.0,9.8,9.75,10.0,8.8,10.0,8.6,10.0,9.42
4789,Jorge Jiménez Ramírez,Operaciones,Producción,2025-10-15,9.7,9.6,10.0,9.6,10.0,9.76,8.2,9.6,8.3,7.2,8.32,10.0,8.9,10.0,7.9,10.0,9.41,8.4,9.0,9.9,8.7,7.8,8.85
4790,Daniela González Martínez,Tecnología,Desarrollo,2026-04-09,6.7,4.9,6.7,4.1,5.0,5.6,6.5,4.2,4.6,6.3,5.5,5.9,4.5,7.6,6.5,5.4,5.9,7.0,5.5,4.7,3.1,5.9,5.28
4791,José Cruz Romero,Finanzas,Contabilidad,2026-04-18,4.8,2.7,4.2,2.8,2.5,3.51,4.6,4.0,0.6,0.5,2.62,3.6,4.3,1.3,3.3,5.6,3.57,5.2,3.7,3.8,4.3,4.5,4.3
4792,Sofía Reyes Sánchez,Recursos Humanos,Capacitación,2025-10-23,5.8,1.6,3.0,5.4,4.5,3.94,4.6,5.3,3.4,7.5,5.26,6.6,5.5,7.2,6.4,5.2,6.2,6.2,4.6,6.0,6.2,7.2,5.86
4793,Miguel Hernández Morales,Tecnología,Desarrollo,2026-06-26,7.2,6.5,7.2,5.4,6.6,6.67,7.2,6.9,7.3,8.1,7.37,9.4,9.5,10.0,10.0,9.3,9.62,9.0,7.7,9.8,9.7,8.3,8.9
4794,Roberto Ramírez Rodríguez,Tecnología,Desarrollo,2026-08-16,3.7,3.2,1.7,3.6,1.3,2.8,2.5,1.1,2.7,0.5,1.69,0.8,3.7,4.0,1.6,1.9,2.45,2.7,2.5,2.8,5.0,0.7,2.93
4795,Paola Pérez Jiménez,Finanzas,Tesorería,2026-08-12,8.2,7.1,9.9,8.0,6.0,7.9,7.9,8.6,8.9,8.2,8.35,5.7,6.0,6.1,8.2,7.5,6.5,8.4,9.2,10.0,8.9,8.2,9.0
4796,Andrea Martínez Flores,Recursos Humanos,Capacitación,2026-07-29,4.4,3.8,6.1,5.9,4.4,4.81,0.1,2.3,4.8,4.2,2.62,4.5,3.4,4.6,4.4,3.1,4.02,5.1,4.3,2.7,3.8,4.6,4.11
4797,Jorge Vázquez Sánchez,Operaciones,Control de Calidad,2025-10-21,7.9,8.6,6.9,6.7,9.4,7.92,9.9,7.0,7.2,7.3,7.99,9.4,10.0,8.3,10.0,10.0,9.51,8.7,9.0,8.7,7.8,10.0,8.72
4798,Raúl Reyes López,Recursos Humanos,Reclutamiento,2026-08-24,5.9,5.4,4.3,3.1,5.2,4.93,3.6,4.9,2.6,4.0,3.82,1.5,4.0,1.4,1.6,3.1,2.36,3.5,5.4,3.5,4.0,4.8,4.2
4799,Fernanda Gómez Pérez,Marketing,Comunicación de Marca,2026-05-09,7.0,5.5,4.7,4.8,5.1,5.55,7.1,5.9,6.2,10.0,7.35,5.6,5.2,8.7,5.3,5.8,6.1,5.6,6.6,5.9,6.2,5.5,6.02
4800,Valeria Vázquez Jiménez,Finanzas,Tesorería,2026-01-31,9.4,8.1,7.0,5.6,6.9,7.65,10.0,9.1,6.7,7.3,8.44,7.7,7.1,6.6,8.1,6.1,7.15,6.0,7.8,6.0,5.2,8.6,6.55
4801,Juan Ramírez Sánchez,Ventas,Ventas Internacionales,2026-01-28,4.1,6.1,5.1,6.2,5.4,5.31,5.0,8.5,4.4,4.5,5.63,6.0,4.0,4.2,5.5,3.3,4.66,3.1,4.7,5.0,6.4,5.1,4.74
4802,Daniela Gómez García,Marketing,Comunicación de Marca,2025-11-08,6.5,5.8,7.7,6.2,6.1,6.46,7.6,7.3,7.8,8.8,7.86,5.7,5.2,5.3,7.0,6.0,5.74,4.0,4.6,3.5,5.9,5.8,4.61
4803,Andrea Romero Gómez,Operaciones,Logística,2025-09-14,6.9,5.7,7.6,5.7,7.9,6.71,6.6,7.6,8.0,4.7,6.66,4.5,8.2,8.6,7.5,5.4,6.83,5.5,4.2,7.1,6.4,5.4,5.66
4804,Alejandro Romero Cruz,Marketing,Comunicación de Marca,2026-04-14,5.8,7.0,5.1,6.2,5.9,6.04,7.6,5.7,7.9,8.0,7.28,4.9,2.6,5.9,3.8,5.4,4.44,3.4,2.4,3.5,5.6,5.3,3.8
4805,Karla Rodríguez García,Tecnología,Desarrollo,2026-06-14,4.6,3.5,4.5,4.3,5.1,4.34,4.0,5.1,5.4,5.3,4.88,2.5,6.0,3.2,3.9,1.0,3.5,4.2,3.8,5.3,3.3,3.3,4.05
4806,José Gómez Hernández,Recursos Humanos,Capacitación,2026-08-05,9.1,7.5,4.6,9.3,8.3,7.71,9.7,8.9,8.7,10.0,9.38,8.9,10.0,8.2,8.2,7.1,8.66,6.5,7.0,6.1,6.2,5.8,6.42
4807,Daniela Reyes Morales,Finanzas,Contabilidad,2025-10-17,5.6,6.9,6.5,3.6,3.0,5.42,3.5,6.7,2.0,3.8,4.08,4.1,2.3,4.2,4.6,3.7,3.68,5.4,4.7,3.1,5.6,3.4,4.61
4808,Diego Romero Vázquez,Tecnología,Soporte Técnico,2026-04-24,3.5,4.4,4.3,4.7,6.5,4.51,4.5,4.0,6.9,4.1,4.75,5.1,4.5,6.4,5.8,7.2,5.63,5.6,5.1,3.3,2.9,3.6,4.28
4809,Raúl Jiménez Romero,Tecnología,Infraestructura,2025-10-15,5.1,5.8,4.4,3.3,4.9,4.84,2.9,4.2,3.3,3.7,3.5,2.6,4.1,4.6,4.0,4.0,3.8,3.8,4.3,2.5,3.9,3.1,3.62
4810,Alejandro Rodríguez Ortiz,Tecnología,Infraestructura,2026-05-03,5.7,3.4,7.0,5.1,5.0,5.19,4.8,4.7,5.8,7.3,5.6,6.4,4.7,4.2,5.7,5.4,5.28,5.1,1.4,4.2,5.1,5.2,4.0
4811,Pedro Martínez Castillo,Ventas,Atención a Clientes,2025-12-06,6.1,5.9,4.5,5.6,5.0,5.49,7.1,5.6,3.6,6.1,5.78,6.5,7.3,5.9,5.9,4.9,6.25,6.6,4.5,5.0,7.2,6.1,5.82
4812,Valeria Gómez Torres,Recursos Humanos,Nómina,2026-01-16,7.6,10.0,9.6,10.0,8.9,9.16,9.0,7.8,7.9,7.7,8.15,8.0,9.9,7.9,10.0,9.0,8.9,8.6,8.0,7.7,9.9,8.3,8.5
4813,Camila Pérez Hernández,Ventas,Ventas Internacionales,2025-12-21,4.6,4.4,5.5,5.1,5.5,4.94,5.1,5.4,5.4,5.5,5.34,8.0,6.3,7.4,6.6,5.9,6.93,4.9,6.1,7.3,8.2,6.0,6.45
4814,Laura Pérez González,Tecnología,Soporte Técnico,2026-01-12,4.4,4.0,5.1,1.7,5.1,4.14,2.9,3.0,3.4,4.3,3.38,4.7,3.2,4.6,6.1,6.5,4.78,3.0,2.3,5.0,2.3,3.9,3.18
4815,Ricardo Hernández Hernández,Finanzas,Auditoría Interna,2026-05-18,5.8,7.6,6.8,6.5,8.7,6.99,9.5,8.9,7.0,8.2,8.52,7.4,7.9,8.5,9.0,5.9,7.76,8.2,9.3,10.0,8.9,9.0,9.06
4816,Diego Vázquez López,Recursos Humanos,Reclutamiento,2026-08-01,4.0,2.0,4.3,1.3,2.2,2.88,3.4,2.1,3.3,1.9,2.68,4.4,6.0,2.5,3.4,4.0,4.21,4.1,5.4,3.7,4.6,2.8,4.32
4817,Diego Jiménez Torres,Tecnología,Infraestructura,2026-09-04,6.0,7.6,4.7,5.6,5.0,5.93,6.8,5.4,7.2,5.1,6.1,5.4,4.8,5.2,6.2,3.7,5.07,6.7,4.9,5.1,5.3,5.2,5.5
4818,Juan Torres García,Marketing,Investigación de Mercado,2026-04-07,6.0,7.0,6.4,6.4,3.5,6.02,4.4,7.6,7.8,4.5,5.9,7.3,8.3,7.4,6.1,6.4,7.26,7.7,8.8,6.4,5.7,5.8,7.12
4819,Carlos Sánchez Gómez,Finanzas,Tesorería,2025-10-17,9.2,8.7,9.6,9.9,6.4,8.84,9.0,8.9,10.0,8.8,9.12,9.0,9.1,7.1,8.9,8.5,8.56,9.9,6.4,9.5,8.9,9.6,8.72
4820,Laura Vázquez Romero,Finanzas,Tesorería,2026-01-16,9.4,8.9,9.1,9.0,9.8,9.22,9.9,9.9,10.0,8.3,9.52,7.7,10.0,9.8,9.1,8.4,9.01,10.0,8.0,8.4,10.0,9.9,9.17
4821,Raúl Sánchez Martínez,Operaciones,Control de Calidad,2026-01-04,7.3,9.4,7.7,5.5,6.4,7.5,6.6,7.3,9.2,7.1,7.42,8.6,9.7,8.5,10.0,8.5,9.05,7.0,7.1,8.4,6.0,8.5,7.26
4822,Carlos Vázquez Hernández,Ventas,Atención a Clientes,2026-06-05,2.3,3.3,2.7,3.9,1.5,2.75,6.4,5.1,6.3,4.1,5.48,4.7,6.5,4.4,4.5,3.4,4.86,3.7,4.9,5.0,6.2,4.1,4.8
4823,Roberto Ramírez Vázquez,Tecnología,Desarrollo,2026-03-14,3.2,3.2,3.4,4.2,2.4,3.27,4.7,2.7,1.9,3.2,3.26,1.1,4.4,4.3,3.4,6.0,3.64,2.0,2.7,0.7,0.5,2.5,1.66
4824,Alejandro Morales Vázquez,Tecnología,Infraestructura,2026-04-12,9.1,10.0,7.6,8.8,9.4,9.02,7.3,4.7,7.8,6.5,6.55,8.1,7.9,7.1,7.2,7.6,7.64,7.7,6.4,9.7,6.9,6.4,7.48
4825,Raúl Ramírez Rodríguez,Finanzas,Auditoría Interna,2026-07-20,8.4,5.3,6.3,6.9,7.2,6.8,5.4,5.6,4.2,7.5,5.74,6.4,6.6,6.6,4.9,5.3,6.1,7.0,6.9,6.5,4.8,4.4,6.18
4826,Karla Ortiz Flores,Finanzas,Auditoría Interna,2026-01-27,6.2,5.4,6.7,3.4,3.7,5.3,7.3,5.8,7.5,8.3,7.22,7.3,5.7,7.2,7.1,8.0,6.96,8.6,5.7,4.1,5.1,4.7,5.89
4827,Jorge Ortiz Romero,Marketing,Comunicación de Marca,2026-04-28,10.0,8.5,8.9,8.5,9.8,9.15,7.8,7.3,7.3,8.2,7.68,9.0,6.9,5.8,7.7,8.3,7.54,7.8,7.7,7.2,7.7,8.1,7.67
4828,Andrea López Pérez,Marketing,Comunicación de Marca,2026-04-13,3.8,4.6,5.7,5.2,4.6,4.71,6.0,5.5,4.5,5.5,5.45,2.6,6.6,5.4,2.8,3.9,4.38,3.5,3.8,4.5,5.7,4.1,4.28
4829,Ricardo Torres Jiménez,Finanzas,Contabilidad,2026-02-02,4.4,3.1,3.0,3.4,5.1,3.75,4.3,7.2,4.9,4.0,5.07,6.3,8.1,7.7,5.8,5.0,6.76,7.6,5.6,6.0,6.6,8.0,6.62
4830,Sergio García Flores,Marketing,Investigación de Mercado,2026-08-27,10.0,8.9,9.1,9.4,8.8,9.28,7.0,6.4,5.2,7.3,6.56,6.3,7.4,8.0,8.1,8.5,7.52,5.9,7.0,5.4,6.7,5.0,6.14
4831,Valeria Romero López,Operaciones,Control de Calidad,2025-10-01,6.0,7.6,6.7,6.3,6.8,6.7,6.5,6.0,4.1,5.7,5.7,7.6,5.3,5.9,6.9,5.3,6.24,8.7,5.9,6.8,7.1,5.5,6.98
4832,Pedro García Hernández,Marketing,Comunicación de Marca,2026-06-18,6.8,6.8,8.2,7.8,6.6,7.2,8.4,7.9,8.8,6.3,7.83,5.9,8.4,7.2,7.9,6.0,7.1,8.7,5.7,7.7,6.8,5.2,7.02
4833,Mariana Vázquez Romero,Operaciones,Producción,2026-01-03,7.1,6.1,9.0,8.0,7.4,7.41,7.5,7.6,6.8,7.1,7.28,10.0,8.9,10.0,7.5,7.4,8.96,10.0,9.7,7.6,8.2,7.5,8.84
4834,Alejandro Reyes Rodríguez,Tecnología,Infraestructura,2025-11-28,8.4,7.6,5.8,6.6,6.5,7.12,6.1,5.1,6.2,7.6,6.24,3.9,5.5,4.4,7.4,3.7,4.9,7.0,6.6,5.5,5.0,8.2,6.32
4835,Diego Rodríguez Pérez,Marketing,Comunicación de Marca,2026-07-13,8.5,9.8,8.9,7.7,9.0,8.86,10.0,9.4,8.6,8.9,9.3,7.8,7.2,7.0,5.8,8.3,7.26,10.0,8.9,10.0,8.6,10.0,9.44
4836,Mariana Ramírez Reyes,Operaciones,Logística,2026-06-09,10.0,9.6,10.0,9.6,10.0,9.84,10.0,10.0,9.0,10.0,9.8,8.2,9.3,7.4,7.4,7.0,8.02,8.1,7.4,10.0,8.3,10.0,8.54
4837,Roberto Rodríguez Reyes,Operaciones,Control de Calidad,2026-04-10,7.8,8.4,6.7,9.7,8.6,8.14,8.9,8.3,7.0,10.0,8.64,9.8,9.2,6.5,6.3,10.0,8.5,8.4,7.1,6.0,7.3,6.4,7.18
4838,José Sánchez Cruz,Ventas,Ventas Internacionales,2025-11-13,4.1,6.5,6.4,7.8,5.7,5.96,5.9,6.5,5.4,5.1,5.75,4.9,6.8,6.8,5.0,6.3,5.98,7.3,6.4,6.6,6.5,5.1,6.56
4839,Fernanda Castillo Gómez,Recursos Humanos,Capacitación,2026-01-18,4.9,6.9,2.7,5.8,5.6,5.2,4.7,3.9,3.6,4.7,4.28,4.1,4.2,5.6,4.4,5.5,4.68,5.4,6.3,5.3,5.4,5.6,5.62
4840,Valeria Ramírez Martínez,Finanzas,Contabilidad,2026-03-21,6.2,7.6,6.5,7.1,6.6,6.8,4.0,4.9,5.4,5.1,4.78,5.2,4.9,6.6,7.1,6.0,5.81,5.6,3.2,5.8,5.8,7.7,5.29
4841,Gabriela Gómez Flores,Operaciones,Control de Calidad,2025-11-01,5.1,2.8,5.8,3.2,5.9,4.5,4.5,5.7,6.0,6.8,5.68,7.9,5.9,6.6,9.0,6.5,7.1,2.3,4.6,5.5,5.9,5.3,4.54
4842,Mariana Castillo Rodríguez,Marketing,Marketing Digital,2026-03-19,10.0,7.8,8.9,8.3,7.0,8.52,10.0,8.8,9.8,10.0,9.66,8.4,8.9,6.8,8.6,9.3,8.37,10.0,10.0,9.3,9.0,8.5,9.51
4843,Laura García Vázquez,Tecnología,Soporte Técnico,2025-10-19,7.3,7.0,8.7,7.2,9.1,7.76,9.4,6.4,7.7,9.3,8.28,10.0,8.9,9.0,8.3,7.9,8.96,10.0,10.0,10.0,10.0,10.0,10.0
4844,Andrea Hernández Martínez,Tecnología,Desarrollo,2025-11-30,5.1,5.8,6.5,5.4,4.9,5.57,5.1,5.4,7.6,6.8,6.1,6.3,5.7,5.9,4.4,6.6,5.83,6.1,7.3,6.4,6.9,6.0,6.61
4845,Ximena Sánchez Sánchez,Tecnología,Infraestructura,2026-07-07,10.0,9.3,10.0,8.0,10.0,9.52,10.0,9.8,10.0,10.0,9.95,9.5,10.0,10.0,8.9,10.0,9.71,10.0,10.0,9.9,8.9,10.0,9.76
4846,Karla Ramírez Castillo,Tecnología,Soporte Técnico,2026-04-21,5.1,4.7,5.5,7.0,6.4,5.56,5.5,8.7,6.1,6.4,6.64,7.0,7.2,7.8,5.0,8.5,7.14,6.9,6.7,7.0,7.0,6.4,6.84
4847,Valeria Ramírez Pérez,Recursos Humanos,Reclutamiento,2026-08-29,3.9,6.0,6.4,2.4,6.3,5.06,9.5,8.2,5.7,6.1,7.57,7.3,5.4,9.8,6.7,9.7,7.6,5.6,7.1,6.4,7.7,7.7,6.76
4848,Pedro Morales Castillo,Ventas,Ventas Nacionales,2026-06-12,8.3,7.9,9.2,7.7,6.6,8.04,6.4,5.4,5.7,7.1,6.18,7.5,6.1,8.4,6.5,6.4,7.02,5.0,4.6,6.7,6.1,6.6,5.62
4849,Daniela García Gómez,Ventas,Atención a Clientes,2026-08-30,9.2,9.1,9.2,10.0,10.0,9.41,10.0,10.0,8.9,9.0,9.53,9.6,8.5,8.5,8.4,8.8,8.8,6.9,8.3,9.4,9.5,8.6,8.44
4850,Carlos Ortiz Torres,Ventas,Ventas Nacionales,2026-07-31,7.5,7.5,5.8,9.8,8.0,7.58,8.0,8.2,8.2,9.4,8.44,6.9,6.4,7.3,7.4,5.6,6.74,8.8,9.1,8.4,8.5,10.0,8.86
4851,Carlos Vázquez Martínez,Ventas,Atención a Clientes,2026-09-06,8.9,5.4,5.8,6.2,6.3,6.61,6.5,8.9,7.8,8.7,7.91,5.3,5.6,6.9,5.3,7.6,6.04,7.2,8.2,5.3,7.1,7.3,7.06
4852,Jorge Ramírez Jiménez,Finanzas,Contabilidad,2026-01-05,7.9,8.9,9.9,8.9,10.0,9.02,9.5,9.0,7.6,9.5,8.99,9.6,8.5,9.7,8.8,9.1,9.15,8.6,6.1,6.9,7.5,8.1,7.36
4853,Diego Reyes Flores,Recursos Humanos,Nómina,2026-04-11,5.1,4.8,3.5,5.4,1.6,4.22,6.6,5.8,7.3,6.5,6.52,6.4,4.2,5.5,5.8,6.8,5.64,4.9,4.2,5.4,4.9,3.4,4.68
4854,Francisco Hernández Torres,Tecnología,Soporte Técnico,2026-03-20,7.1,9.1,7.6,9.1,7.8,8.1,7.9,6.6,7.8,8.1,7.6,7.5,4.0,4.0,7.5,7.0,5.85,6.9,7.7,6.9,7.7,6.8,7.25
4855,José Martínez Torres,Recursos Humanos,Reclutamiento,2025-12-02,2.8,2.7,2.1,2.3,2.5,2.51,5.6,4.2,4.1,4.4,4.65,3.2,1.8,5.7,3.9,3.7,3.53,2.4,3.9,1.7,4.0,2.5,2.96
4856,Luis Vázquez López,Ventas,Atención a Clientes,2025-11-16,4.4,4.6,5.1,3.7,5.6,4.66,2.5,4.3,1.9,2.1,2.73,3.1,5.5,4.6,2.6,2.7,3.86,2.8,3.3,2.9,4.1,5.0,3.42
4857,Luis Castillo Hernández,Marketing,Marketing Digital,2026-02-25,7.0,7.9,10.0,8.9,9.3,8.46,8.4,7.1,7.1,9.5,8.09,9.2,5.9,8.0,6.9,6.4,7.37,6.2,6.3,7.1,8.4,7.1,6.94
4858,Camila Sánchez Vázquez,Recursos Humanos,Nómina,2026-03-24,8.6,5.6,8.5,7.7,7.5,7.53,9.2,7.8,8.1,7.2,8.13,9.2,8.6,8.9,10.0,9.8,9.2,5.3,6.6,7.7,7.7,5.1,6.56
4859,Raúl López Sánchez,Operaciones,Producción,2026-01-13,7.5,9.3,6.3,6.4,7.1,7.48,9.5,8.7,8.2,8.9,8.89,8.1,7.2,9.4,6.6,6.7,7.7,10.0,10.0,10.0,10.0,9.2,9.92
4860,Alejandro Gómez Hernández,Tecnología,Soporte Técnico,2026-04-09,3.3,2.4,8.9,2.9,5.6,4.48,4.7,5.5,5.0,4.6,4.94,2.8,6.6,5.5,5.2,3.7,4.78,4.9,4.5,4.5,4.7,4.0,4.59
4861,Laura Ramírez González,Recursos Humanos,Reclutamiento,2026-03-30,0.2,2.0,1.5,4.2,2.8,1.9,3.2,3.4,2.7,3.0,3.1,3.1,1.0,1.8,4.4,3.2,2.52,3.5,2.5,4.1,2.6,4.2,3.26
4862,Sofía López Ortiz,Ventas,Ventas Nacionales,2026-05-21,6.7,6.5,4.6,7.4,7.3,6.42,3.5,5.5,4.3,6.0,4.78,7.6,5.6,6.1,6.4,6.2,6.41,7.0,5.9,6.7,6.3,6.0,6.43
4863,Sergio López Rodríguez,Recursos Humanos,Reclutamiento,2026-06-30,7.0,8.5,7.7,9.4,8.6,8.12,8.3,6.7,8.7,6.5,7.53,8.4,8.6,9.1,7.5,7.8,8.36,8.8,8.4,9.5,9.1,10.0,9.02
4864,Roberto Reyes Romero,Recursos Humanos,Nómina,2026-06-27,8.0,7.7,6.6,7.6,10.0,7.88,6.2,7.2,8.7,8.8,7.6,8.4,8.3,9.8,6.4,8.3,8.34,9.5,10.0,8.2,9.4,7.8,9.17
4865,Karla Jiménez García,Operaciones,Logística,2026-01-11,9.8,7.6,6.8,9.1,8.4,8.34,8.8,8.7,9.1,7.8,8.58,6.1,7.7,7.9,8.9,8.5,7.64,6.7,8.6,8.7,7.3,5.3,7.56
4866,Juan Reyes Castillo,Operaciones,Logística,2025-11-08,7.9,7.9,7.8,6.0,7.4,7.52,6.5,4.1,8.1,4.1,5.62,6.3,7.0,8.1,6.7,5.3,6.74,5.6,4.3,7.0,4.7,6.4,5.46
4867,Fernanda Reyes González,Ventas,Ventas Nacionales,2026-04-06,7.1,6.3,4.8,8.0,9.5,6.94,8.3,7.6,6.3,6.6,7.3,9.0,5.2,6.1,6.8,6.3,6.74,6.8,6.3,6.5,8.2,4.9,6.7
4868,Ricardo Vázquez Jiménez,Marketing,Comunicación de Marca,2026-08-04,3.5,3.6,4.3,3.5,4.9,3.89,3.9,2.2,3.8,4.9,3.7,3.5,3.1,3.2,4.0,4.1,3.5,3.9,4.4,5.0,1.4,3.5,3.7
4869,Ana Gómez Castillo,Marketing,Comunicación de Marca,2026-01-28,6.6,7.2,8.9,6.8,8.8,7.57,9.9,8.6,8.3,7.4,8.63,8.9,7.7,8.2,8.5,8.8,8.38,8.9,7.6,5.9,6.3,7.5,7.32
4870,Paola Sánchez Rodríguez,Finanzas,Auditoría Interna,2025-10-13,7.7,7.0,7.0,7.4,6.5,7.16,7.0,7.9,8.2,9.1,7.99,5.2,6.5,6.6,4.7,5.1,5.72,5.1,5.8,5.3,7.5,7.3,6.02
4871,Sergio Flores García,Ventas,Ventas Nacionales,2026-02-27,6.5,6.4,7.9,6.4,7.0,6.82,7.8,5.6,6.1,7.1,6.74,7.0,5.0,8.8,5.8,6.7,6.64,4.7,6.6,4.4,4.9,6.6,5.35
4872,Juan Ortiz Vázquez,Marketing,Investigación de Mercado,2026-08-29,4.5,5.4,4.4,4.8,6.2,5.0,5.4,6.4,3.9,8.3,6.08,6.6,6.3,8.0,6.1,7.4,6.85,4.6,6.6,4.6,6.2,3.7,5.33
4873,Gabriela López Hernández,Ventas,Atención a Clientes,2026-08-09,9.5,9.4,7.9,8.2,10.0,9.04,8.7,10.0,8.7,8.0,8.85,10.0,9.3,8.0,10.0,8.2,9.16,9.3,7.4,7.4,8.5,7.0,8.06
4874,Fernanda González Ramírez,Marketing,Marketing Digital,2026-03-01,4.6,6.8,7.4,4.9,10.0,6.56,4.5,5.4,7.0,4.7,5.28,8.9,7.6,8.3,8.8,6.8,8.12,6.0,3.9,6.7,6.2,4.2,5.48
4875,Andrea Pérez López,Ventas,Atención a Clientes,2025-10-28,2.4,4.8,3.5,4.9,3.1,3.7,2.7,3.2,4.5,3.6,3.41,5.1,3.6,2.7,4.8,3.5,3.96,6.8,4.2,4.4,3.8,3.6,4.75
4876,Fernanda Torres Reyes,Marketing,Marketing Digital,2026-08-17,7.0,9.3,7.5,9.9,9.1,8.43,8.9,9.2,8.7,7.4,8.56,8.3,8.4,8.7,9.1,5.9,8.17,8.2,7.1,8.0,8.0,9.8,8.01
4877,Daniela Sánchez Morales,Recursos Humanos,Nómina,2025-12-06,8.4,9.3,8.8,7.9,8.1,8.59,10.0,10.0,9.6,9.5,9.8,9.5,10.0,10.0,8.4,10.0,9.64,9.5,9.8,9.5,9.8,10.0,9.68
4878,Luis Ortiz Gómez,Recursos Humanos,Capacitación,2025-11-27,8.7,8.0,8.7,8.5,7.2,8.27,6.2,8.3,6.2,7.5,7.05,4.6,6.6,8.2,5.4,4.5,5.92,5.2,4.0,6.0,5.2,5.4,5.08
4879,María Romero García,Operaciones,Control de Calidad,2026-08-20,3.9,5.3,4.5,3.0,2.1,3.96,1.1,1.1,2.5,1.5,1.48,2.7,1.6,3.0,2.5,3.6,2.59,2.9,4.8,4.1,2.1,2.5,3.41
4880,Ricardo Jiménez Sánchez,Recursos Humanos,Capacitación,2026-06-22,5.4,3.7,5.7,5.2,7.1,5.26,5.9,6.4,6.0,4.0,5.57,2.7,4.1,5.3,4.9,5.3,4.29,4.4,4.0,5.2,5.2,4.9,4.67
4881,Laura García Torres,Tecnología,Infraestructura,2026-09-06,4.0,5.2,3.6,2.6,4.2,4.04,5.7,3.7,3.8,4.5,4.52,2.7,3.1,4.2,3.2,4.7,3.48,4.4,4.1,4.3,4.0,3.5,4.14
4882,José Flores Ramírez,Finanzas,Auditoría Interna,2026-02-13,5.9,7.7,6.5,5.3,6.3,6.44,7.0,5.3,6.5,8.0,6.72,5.5,6.3,5.3,4.0,7.1,5.67,6.1,7.6,6.2,5.9,5.2,6.36
4883,Ximena Castillo Ortiz,Recursos Humanos,Reclutamiento,2026-07-06,5.5,4.4,3.0,4.5,4.0,4.35,3.8,3.5,3.1,1.7,3.06,3.7,2.4,4.8,3.1,3.6,3.49,4.4,3.3,4.2,4.1,5.4,4.12
4884,Francisco Rodríguez Sánchez,Marketing,Investigación de Mercado,2025-10-08,3.7,7.8,7.0,4.6,6.1,5.88,6.7,6.1,7.5,4.9,6.26,4.0,3.9,4.4,4.8,5.3,4.37,6.5,5.8,6.3,6.8,6.6,6.36
4885,Luis Romero Ramírez,Tecnología,Soporte Técnico,2026-08-05,6.6,7.7,6.8,4.9,6.2,6.6,7.3,6.0,5.8,6.0,6.35,7.0,6.5,6.2,6.1,8.1,6.74,6.8,7.2,6.4,7.0,6.7,6.85
4886,Ricardo López Pérez,Recursos Humanos,Capacitación,2026-01-14,0.7,0.9,3.4,0.7,0.6,1.28,4.3,4.6,3.1,2.8,3.76,2.8,3.2,3.0,2.8,0.6,2.61,2.9,5.8,3.7,3.5,4.1,4.03
4887,Karla Cruz Morales,Marketing,Comunicación de Marca,2025-11-24,6.7,5.9,5.3,2.4,4.3,5.22,5.2,6.0,8.3,5.6,6.12,7.0,5.3,5.0,7.3,7.2,6.25,4.9,6.1,5.5,6.1,6.2,5.69
4888,Laura Martínez Gómez,Tecnología,Desarrollo,2026-07-04,5.6,5.6,4.0,5.4,3.5,4.94,5.5,7.4,5.2,7.6,6.44,7.8,6.2,6.7,5.7,6.3,6.64,4.6,5.7,6.1,4.5,6.8,5.38
4889,Ricardo Ramírez Pérez,Operaciones,Logística,2026-06-07,5.1,3.6,4.9,5.0,2.5,4.28,5.5,8.2,5.1,5.7,6.14,1.9,4.1,6.1,4.9,4.3,4.1,4.4,6.5,4.9,3.0,5.5,4.85
4890,Roberto Morales Ramírez,Marketing,Investigación de Mercado,2025-11-21,4.6,5.8,2.5,3.2,3.1,4.04,2.9,3.6,2.2,4.1,3.24,5.2,3.5,3.8,1.9,2.8,3.64,6.4,4.4,3.9,4.7,3.5,4.77
4891,Raúl Castillo Hernández,Marketing,Comunicación de Marca,2026-08-05,5.2,7.5,7.8,7.7,5.8,6.76,6.9,5.5,5.3,6.6,6.15,7.2,6.4,5.5,7.7,6.6,6.64,6.7,7.7,5.8,7.0,6.4,6.8
4892,Karla Romero Flores,Ventas,Ventas Nacionales,2026-03-30,9.6,8.5,9.9,8.0,9.6,9.15,9.8,7.8,8.8,7.1,8.43,9.3,7.8,7.8,10.0,8.1,8.55,8.1,7.4,9.2,6.1,7.5,7.68
4893,María López Jiménez,Recursos Humanos,Capacitación,2026-06-08,9.8,8.3,10.0,10.0,10.0,9.52,10.0,10.0,8.7,9.3,9.57,10.0,10.0,9.7,10.0,10.0,9.94,8.6,7.9,10.0,9.3,8.3,8.82
4894,Camila López Rodríguez,Recursos Humanos,Nómina,2026-09-03,5.7,6.5,6.3,5.3,4.2,5.74,5.2,5.5,6.3,7.3,6.02,7.5,5.9,6.8,5.6,7.0,6.6,7.0,9.0,8.4,7.1,8.0,7.9
4895,Paola Pérez Reyes,Tecnología,Soporte Técnico,2026-03-27,9.8,6.3,8.6,7.4,7.2,7.94,7.0,6.8,7.8,8.5,7.48,9.8,8.1,8.5,7.5,10.0,8.8,8.8,8.8,8.3,7.7,10.0,8.6
4896,Pedro González Martínez,Marketing,Investigación de Mercado,2026-03-14,10.0,10.0,8.8,9.0,7.0,9.16,10.0,8.4,9.0,10.0,9.4,8.7,7.8,8.0,7.9,7.6,8.05,9.9,8.7,9.3,8.4,8.3,9.02
4897,Jorge Sánchez Torres,Ventas,Ventas Internacionales,2026-05-04,5.8,3.6,6.5,6.5,5.0,5.38,6.6,6.3,3.6,5.5,5.65,6.5,6.5,5.4,5.8,6.7,6.2,6.8,4.6,4.2,5.7,4.0,5.23
4898,Andrea García Sánchez,Tecnología,Infraestructura,2025-11-15,7.3,7.8,6.2,6.0,5.7,6.77,5.4,7.0,6.1,6.0,6.09,7.4,7.6,5.2,8.3,7.6,7.18,8.0,6.4,7.8,6.0,5.2,6.88
4899,Francisco Flores Morales,Marketing,Comunicación de Marca,2026-08-03,2.7,2.3,2.7,2.7,1.7,2.45,3.5,3.7,1.5,3.6,3.18,2.7,3.8,0.0,2.2,2.6,2.35,3.4,5.5,3.5,3.4,2.8,3.88
4900,Sofía Sánchez López,Tecnología,Soporte Técnico,2026-04-04,5.3,3.9,7.8,5.0,7.9,5.8,8.0,6.2,6.2,5.3,6.52,3.0,3.0,5.8,4.3,5.7,4.16,5.2,4.6,5.7,4.4,5.2,4.99
4901,Juan García Reyes,Finanzas,Tesorería,2026-07-04,4.9,5.5,4.1,5.1,6.4,5.14,6.0,5.5,6.5,6.5,6.1,6.3,5.9,5.1,7.6,7.3,6.3,6.4,8.7,7.6,7.2,7.6,7.5
4902,Luis Morales Romero,Ventas,Ventas Nacionales,2025-12-05,7.0,6.6,6.6,4.2,6.3,6.3,7.1,4.6,3.6,5.0,5.25,6.5,6.5,7.0,4.2,6.8,6.3,7.6,6.1,7.5,8.5,8.0,7.42
4903,Valeria Morales López,Tecnología,Soporte Técnico,2026-02-16,7.5,8.1,8.3,9.1,9.8,8.4,6.5,6.0,7.5,9.3,7.28,8.3,10.0,8.0,8.7,6.4,8.44,6.4,7.2,6.8,7.2,9.1,7.11
4904,Paola Gómez Ramírez,Finanzas,Auditoría Interna,2025-12-24,3.7,5.1,4.3,2.5,2.5,3.81,4.1,3.7,2.3,5.1,3.89,4.9,3.1,4.0,3.8,2.9,3.8,5.2,2.9,3.2,3.6,4.4,3.82
4905,Mariana Torres Pérez,Operaciones,Producción,2026-07-30,8.2,7.6,6.0,6.7,6.8,7.18,2.5,3.8,7.4,5.7,4.61,7.5,3.8,5.7,6.3,5.4,5.72,6.3,7.2,7.1,6.8,7.7,6.93
4906,Ana García Pérez,Recursos Humanos,Nómina,2026-03-25,7.1,7.8,6.6,5.8,7.9,7.1,7.1,7.7,7.3,6.3,7.09,8.5,7.0,8.5,7.7,9.2,8.11,7.8,5.6,8.5,9.0,6.1,7.46
4907,Daniela Jiménez Morales,Recursos Humanos,Capacitación,2026-08-20,7.5,5.1,4.7,6.0,4.1,5.6,5.2,5.0,4.9,7.0,5.54,6.0,5.5,6.9,5.7,5.3,5.9,6.2,8.6,4.7,5.1,6.1,6.27
4908,Paola Torres Vázquez,Operaciones,Control de Calidad,2026-05-13,3.2,3.6,0.7,2.6,3.9,2.82,3.7,3.2,3.4,2.7,3.27,4.1,4.3,3.2,3.4,5.0,4.0,5.4,5.3,5.9,2.7,3.7,4.76
4909,Valeria Gómez Ramírez,Marketing,Comunicación de Marca,2025-09-27,9.4,6.5,9.2,5.3,8.3,7.86,6.6,4.7,5.3,7.0,5.96,4.7,8.7,8.0,6.9,8.0,7.18,5.3,8.5,8.7,6.0,5.1,6.9
4910,Mariana Cruz Hernández,Recursos Humanos,Capacitación,2025-12-16,7.5,6.7,4.8,6.8,7.1,6.59,5.0,5.4,2.1,4.0,4.27,4.7,4.8,6.5,6.5,8.1,5.86,6.3,5.4,4.9,4.3,5.3,5.3
4911,Luis Martínez Romero,Tecnología,Infraestructura,2026-08-10,4.8,2.3,1.4,2.3,5.1,3.16,4.9,4.4,5.1,1.8,4.04,3.2,4.6,3.7,3.2,4.8,3.89,2.6,3.3,2.5,3.2,2.5,2.86
4912,Luis Ortiz Vázquez,Operaciones,Control de Calidad,2026-04-26,10.0,9.8,9.3,8.3,8.8,9.38,4.5,6.5,6.7,8.7,6.49,6.9,7.0,5.7,6.8,5.3,6.43,5.3,6.7,6.7,5.9,4.9,6.01
4913,Ricardo Castillo Castillo,Marketing,Marketing Digital,2025-10-25,3.3,5.3,4.9,6.2,5.4,4.87,6.7,8.2,6.8,7.3,7.24,5.2,4.9,5.7,4.3,6.1,5.22,6.9,6.2,4.4,8.0,5.3,6.29
4914,Camila Flores Pérez,Recursos Humanos,Reclutamiento,2026-07-07,8.3,8.7,7.7,6.9,6.4,7.78,6.7,7.9,7.8,7.6,7.44,7.6,9.4,7.2,7.4,8.6,8.09,6.9,7.9,9.1,9.2,10.0,8.36
4915,José Ortiz Gómez,Marketing,Comunicación de Marca,2025-12-05,2.8,3.2,2.6,2.8,3.1,2.9,1.6,3.2,2.1,5.2,3.0,2.1,1.5,0.4,3.3,0.6,1.56,5.3,2.5,3.4,3.3,4.3,3.72
4916,Andrea Martínez Ortiz,Ventas,Ventas Internacionales,2026-05-13,8.4,10.0,9.4,7.4,7.7,8.74,8.5,7.1,7.6,8.8,8.04,8.5,7.6,7.7,8.3,10.0,8.31,9.5,10.0,9.9,9.4,10.0,9.74
4917,Miguel Rodríguez Jiménez,Ventas,Ventas Nacionales,2026-03-17,3.7,2.4,3.6,5.2,4.0,3.63,5.7,4.8,6.4,7.0,5.94,6.8,6.1,3.4,4.0,4.0,5.1,5.4,7.1,4.8,7.0,5.7,6.06
4918,Luis Martínez Martínez,Operaciones,Control de Calidad,2025-10-22,8.8,9.3,10.0,9.5,8.9,9.28,9.3,8.0,9.3,6.9,8.38,7.0,6.7,6.7,7.1,7.1,6.9,7.8,8.4,10.0,7.4,7.4,8.27
4919,Raúl Romero Cruz,Ventas,Ventas Internacionales,2026-01-05,0.9,1.0,0.8,2.1,2.6,1.34,3.3,3.7,2.8,2.4,3.08,3.8,0.9,0.9,0.0,1.1,1.52,1.8,1.9,2.3,2.8,0.1,1.95
4920,Fernanda Cruz Ramírez,Operaciones,Logística,2026-05-27,7.6,5.2,7.8,6.1,6.4,6.64,8.0,9.9,10.0,8.5,9.0,7.4,7.6,9.1,7.4,9.4,8.09,10.0,9.5,10.0,8.7,8.3,9.44
4921,Andrea Ramírez Reyes,Marketing,Marketing Digital,2026-09-04,3.3,1.1,3.3,3.1,2.5,2.6,3.5,3.1,3.7,2.7,3.24,1.6,1.9,3.0,2.4,0.8,1.96,2.8,3.5,3.0,2.9,5.1,3.26
4922,Jorge Reyes Castillo,Operaciones,Control de Calidad,2026-06-14,8.8,10.0,10.0,10.0,8.2,9.43,8.9,7.5,8.6,6.4,7.86,8.8,7.1,7.4,7.6,7.8,7.76,8.7,8.0,9.1,7.7,8.3,8.36
4923,Laura Martínez Rodríguez,Recursos Humanos,Nómina,2026-04-08,8.5,8.8,7.1,8.0,6.8,7.96,9.7,8.9,9.6,8.1,9.08,8.0,8.0,7.0,8.1,7.3,7.71,8.6,7.2,6.3,7.6,7.8,7.51
4924,Ana González Vázquez,Operaciones,Producción,2026-07-21,5.0,5.6,5.5,6.0,5.4,5.46,7.2,7.1,8.7,7.3,7.5,8.1,6.9,7.4,7.3,8.2,7.56,6.5,6.6,9.4,8.0,7.4,7.5
4925,Fernanda Rodríguez Vázquez,Tecnología,Infraestructura,2025-10-21,2.3,4.2,5.1,4.0,3.9,3.83,1.6,0.0,1.9,1.3,1.18,4.3,4.4,3.3,3.6,1.8,3.64,0.5,3.4,2.9,3.3,2.8,2.49
4926,Ana Flores García,Ventas,Ventas Nacionales,2026-08-18,4.5,4.9,5.8,7.2,3.9,5.18,5.8,7.6,5.7,6.3,6.36,6.4,5.7,4.2,8.1,7.6,6.22,4.0,5.0,5.6,5.6,3.8,4.87
4927,Paola González Castillo,Ventas,Atención a Clientes,2026-02-22,5.9,6.2,5.4,6.0,5.7,5.86,7.5,6.8,6.8,7.5,7.18,6.5,5.8,4.4,5.9,5.7,5.7,7.6,7.3,8.3,7.8,7.2,7.66
4928,Sofía González García,Finanzas,Contabilidad,2025-09-16,7.0,6.0,5.6,5.6,5.2,5.99,7.6,5.4,4.6,3.7,5.48,5.8,7.7,5.1,5.5,6.9,6.26,5.3,5.5,6.1,6.1,3.5,5.49
4929,Ana González González,Tecnología,Soporte Técnico,2026-05-08,5.5,7.4,7.1,6.6,5.7,6.49,5.3,6.9,6.7,5.9,6.13,6.8,7.9,5.2,8.0,7.4,7.02,6.9,8.9,7.4,7.1,7.5,7.6
4930,Francisco Gómez Gómez,Ventas,Atención a Clientes,2026-02-24,9.4,8.9,9.0,9.3,10.0,9.27,10.0,9.9,10.0,8.3,9.55,10.0,10.0,8.4,9.7,10.0,9.64,10.0,10.0,9.6,10.0,10.0,9.92
4931,Raúl Gómez Flores,Tecnología,Soporte Técnico,2026-08-12,10.0,10.0,10.0,10.0,8.7,9.8,8.9,8.8,8.0,7.5,8.35,8.6,7.5,8.1,7.4,8.7,8.06,8.7,10.0,8.0,10.0,8.3,9.1
4932,Jorge Reyes Sánchez,Ventas,Atención a Clientes,2025-12-15,4.1,4.0,5.9,4.4,5.8,4.74,4.9,3.8,3.8,2.7,3.85,6.1,7.3,5.7,6.7,4.0,6.1,4.3,4.4,7.3,7.5,3.2,5.46
4933,Alejandro Romero Hernández,Ventas,Ventas Internacionales,2025-09-16,6.5,5.0,3.9,6.1,3.5,5.1,4.1,3.2,5.7,4.8,4.37,5.0,6.1,6.3,6.7,6.0,5.94,3.3,4.5,3.2,5.6,4.0,4.11
4934,Gabriela Castillo Rodríguez,Operaciones,Logística,2025-11-29,2.3,4.0,2.2,1.1,2.9,2.62,7.0,4.6,4.3,3.6,5.01,5.7,2.7,4.2,4.9,3.5,4.2,4.7,3.9,5.1,5.6,5.0,4.79
4935,Daniela Pérez Hernández,Tecnología,Desarrollo,2026-07-15,8.0,7.1,6.7,8.0,7.9,7.5,9.7,8.9,10.0,9.1,9.41,7.5,6.6,7.3,6.6,8.1,7.19,10.0,10.0,9.4,7.9,7.4,9.2
4936,Miguel Torres Rodríguez,Tecnología,Desarrollo,2026-05-02,8.8,8.6,8.8,10.0,9.5,9.04,9.9,9.0,8.9,10.0,9.5,10.0,9.5,7.9,8.5,10.0,9.23,10.0,9.0,8.2,9.9,7.8,9.15
4937,Carlos Rodríguez Ortiz,Recursos Humanos,Reclutamiento,2025-12-17,7.1,9.2,6.9,7.5,7.6,7.72,5.5,7.6,5.7,5.9,6.16,5.4,5.9,5.8,7.2,6.6,6.06,6.0,5.6,7.3,6.7,6.4,6.34
4938,María García Romero,Marketing,Marketing Digital,2025-11-20,5.7,5.5,4.1,4.2,4.6,4.94,4.5,5.4,4.5,4.9,4.82,2.4,3.1,3.2,0.5,2.6,2.48,5.2,5.5,4.6,4.1,5.1,4.92
4939,Francisco Morales Castillo,Marketing,Comunicación de Marca,2026-04-13,7.0,7.3,6.4,7.6,7.5,7.12,5.4,6.5,7.1,5.9,6.14,6.0,5.0,4.8,5.7,6.2,5.49,7.4,7.5,9.0,6.2,7.5,7.52
4940,Alejandro Rodríguez González,Tecnología,Desarrollo,2025-09-22,6.8,4.6,7.1,5.2,6.6,6.04,5.4,3.7,2.3,4.7,4.18,5.3,6.6,6.1,6.9,6.1,6.14,6.8,8.2,6.4,7.7,8.1,7.38
4941,Sergio Vázquez Pérez,Finanzas,Contabilidad,2026-06-25,9.6,7.1,9.3,8.1,8.9,8.59,9.3,10.0,8.8,9.6,9.45,8.1,6.7,4.1,7.4,7.6,6.77,10.0,9.0,10.0,10.0,8.4,9.59
4942,Francisco Torres Martínez,Recursos Humanos,Nómina,2025-12-11,3.8,5.4,6.3,4.9,5.2,5.08,4.5,6.1,6.8,4.7,5.41,7.3,5.0,6.1,7.3,5.4,6.2,6.2,7.0,5.0,4.3,4.2,5.58
4943,Luis Morales Reyes,Recursos Humanos,Capacitación,2026-03-10,5.6,7.2,7.4,5.9,5.8,6.44,3.9,4.6,4.2,3.9,4.14,4.6,2.8,3.5,2.3,1.9,3.18,3.0,4.0,2.8,3.7,3.2,3.37
4944,Roberto Ramírez Ortiz,Ventas,Ventas Nacionales,2025-12-22,7.3,8.0,6.4,8.6,9.6,7.84,8.6,3.0,5.9,6.5,6.14,7.6,6.6,7.1,8.4,7.0,7.28,8.2,9.4,8.8,7.4,7.6,8.4
4945,Ricardo González López,Finanzas,Auditoría Interna,2026-02-02,3.1,2.8,4.1,4.5,5.0,3.72,4.8,4.1,4.9,4.4,4.54,3.7,3.3,5.5,4.1,3.1,3.93,4.9,5.2,6.1,4.0,3.5,4.89
4946,Pedro Torres Flores,Finanzas,Contabilidad,2026-04-03,6.0,5.7,5.1,5.7,4.1,5.42,6.7,7.2,5.5,5.2,6.21,7.9,6.0,8.3,5.3,7.3,7.02,3.1,4.2,2.6,3.5,4.1,3.46
4947,Laura Martínez Hernández,Tecnología,Infraestructura,2025-11-14,8.3,7.0,7.9,7.9,7.8,7.76,5.3,5.2,6.4,8.0,6.17,6.0,7.3,7.4,6.8,6.5,6.8,6.0,5.2,6.1,6.7,6.0,5.96
4948,Juan Rodríguez Hernández,Operaciones,Logística,2025-11-04,5.6,4.9,5.5,5.3,3.7,5.07,2.2,3.0,1.3,4.1,2.7,4.8,3.2,5.9,3.6,4.8,4.44,4.5,4.6,4.2,5.1,5.5,4.68
4949,Ana Pérez Jiménez,Tecnología,Soporte Técnico,2025-11-13,7.8,8.3,6.3,7.2,7.0,7.42,4.7,6.7,4.6,5.2,5.3,5.3,5.8,4.7,4.9,3.1,4.92,6.0,6.0,5.6,5.6,5.1,5.75
4950,Paola Hernández Torres,Tecnología,Soporte Técnico,2026-08-06,8.9,8.7,7.2,6.8,8.6,8.15,7.8,6.3,7.6,8.5,7.56,6.1,6.3,7.5,5.6,5.7,6.3,8.4,6.7,6.8,6.9,7.8,7.3
4951,Paola Hernández Jiménez,Finanzas,Tesorería,2026-04-06,8.3,9.6,10.0,9.8,8.3,9.19,8.1,10.0,10.0,7.3,8.75,6.2,8.7,10.0,10.0,9.1,8.59,8.9,9.9,10.0,9.7,8.0,9.44
4952,Ximena Rodríguez Hernández,Ventas,Atención a Clientes,2025-12-08,5.4,5.8,5.3,5.6,4.7,5.4,6.7,5.7,6.6,4.8,5.96,7.7,8.6,6.1,6.7,7.6,7.44,3.7,5.3,5.6,6.3,6.6,5.29
4953,Miguel Morales Romero,Tecnología,Soporte Técnico,2025-10-26,6.5,6.0,6.4,6.3,5.7,6.2,3.0,4.8,5.8,3.6,4.16,7.6,4.4,6.4,6.7,6.4,6.24,5.7,5.6,4.5,4.0,5.6,5.08
4954,Raúl Castillo Ortiz,Recursos Humanos,Capacitación,2026-04-28,8.6,7.4,8.1,9.8,7.2,8.17,7.5,6.9,9.3,7.6,7.74,6.8,8.7,6.5,8.0,9.2,7.76,9.8,10.0,9.3,10.0,10.0,9.81
4955,Alejandro Reyes Torres,Operaciones,Logística,2025-12-11,9.2,9.8,9.1,6.9,8.3,8.85,9.1,9.2,8.0,7.8,8.58,9.2,7.5,9.8,9.8,10.0,9.1,10.0,9.1,9.1,8.3,10.0,9.26
4956,Francisco Reyes López,Finanzas,Tesorería,2026-02-13,8.0,8.7,9.7,10.0,8.4,8.88,10.0,7.7,9.0,7.6,8.62,8.8,7.2,10.0,10.0,8.7,8.8,7.0,6.4,8.0,9.0,5.6,7.31
4957,Pedro García Cruz,Ventas,Atención a Clientes,2026-06-19,3.4,3.1,5.7,3.8,4.6,4.03,3.9,2.5,2.9,3.4,3.22,3.2,3.2,3.2,5.5,4.0,3.67,4.9,3.4,3.6,5.7,5.4,4.48
4958,Ricardo Romero Martínez,Ventas,Atención a Clientes,2025-10-17,3.2,3.5,2.9,1.6,0.9,2.63,2.0,2.6,3.3,1.4,2.26,3.4,2.5,2.9,2.3,3.5,2.92,1.8,2.5,2.0,3.6,2.0,2.4
4959,Paola Ramírez Martínez,Recursos Humanos,Capacitación,2026-03-29,2.0,1.7,3.6,3.7,3.4,2.71,2.8,1.6,3.0,2.9,2.56,2.7,1.5,1.1,2.3,1.6,1.86,2.7,4.8,2.8,3.2,4.0,3.48
4960,Carlos Cruz Castillo,Ventas,Ventas Internacionales,2026-01-30,6.0,7.9,10.0,7.4,10.0,8.09,10.0,10.0,7.6,8.4,9.12,8.6,8.4,10.0,9.7,9.7,9.16,7.9,9.3,7.1,10.0,7.6,8.48
4961,Jorge Gómez Torres,Operaciones,Producción,2026-05-25,6.5,6.4,6.3,6.3,7.9,6.62,5.6,4.9,5.6,7.5,5.9,5.8,4.5,4.2,4.9,5.1,4.92,6.4,6.2,7.0,8.1,8.4,7.01
4962,Sergio Gómez Torres,Marketing,Comunicación de Marca,2026-08-29,1.0,3.0,1.8,0.5,3.0,1.88,2.0,2.9,0.8,0.1,1.51,2.9,0.5,2.2,4.3,3.0,2.38,1.8,1.3,2.6,2.7,1.7,2.0
4963,Francisco Hernández Torres,Recursos Humanos,Nómina,2026-03-26,9.8,9.8,10.0,10.0,9.3,9.8,8.2,10.0,9.9,10.0,9.44,9.7,7.9,9.4,8.8,9.3,9.0,8.5,8.1,8.7,9.5,7.7,8.56
4964,José Torres Jiménez,Ventas,Ventas Internacionales,2025-12-18,10.0,8.5,9.5,10.0,10.0,9.52,8.9,10.0,10.0,10.0,9.67,8.2,10.0,10.0,8.7,9.4,9.26,8.4,8.1,10.0,10.0,8.3,8.96
4965,Gabriela Reyes Ramírez,Operaciones,Control de Calidad,2026-05-11,7.1,8.1,10.0,8.4,7.8,8.23,6.2,4.9,4.5,5.1,5.26,8.1,7.8,10.0,9.5,9.0,8.75,7.3,5.8,3.9,5.1,4.9,5.56
4966,Jorge Morales Flores,Finanzas,Contabilidad,2025-10-03,4.0,6.1,5.8,3.6,2.8,4.64,7.1,6.5,7.3,5.7,6.64,6.8,6.0,7.6,3.5,3.8,5.82,5.2,4.9,5.3,5.6,5.0,5.2
4967,Daniela Flores Rodríguez,Operaciones,Control de Calidad,2025-12-08,7.5,9.5,9.1,6.4,7.2,8.11,6.6,7.8,7.6,6.7,7.12,7.0,7.4,8.5,6.3,6.7,7.25,8.4,10.0,8.9,8.7,8.0,8.92
4968,Carlos Reyes Sánchez,Tecnología,Infraestructura,2026-01-16,2.4,4.2,3.7,3.1,2.7,3.26,4.1,1.5,1.9,4.3,3.06,3.2,4.5,5.1,3.6,5.3,4.28,3.0,2.3,1.6,1.2,3.0,2.18
4969,Sofía Cruz López,Finanzas,Auditoría Interna,2025-11-17,6.9,7.9,7.4,6.9,7.0,7.26,5.9,8.2,4.7,4.7,5.94,8.6,6.2,7.6,7.8,8.6,7.68,7.6,7.8,6.2,6.7,7.6,7.19
4970,Alejandro Torres Romero,Tecnología,Soporte Técnico,2025-10-28,6.1,5.5,5.1,6.5,6.0,5.8,4.2,5.9,5.4,4.8,5.02,7.1,6.1,7.8,7.3,8.8,7.28,5.6,8.5,8.3,7.3,6.9,7.34
4971,Sofía Rodríguez Rodríguez,Recursos Humanos,Nómina,2025-12-18,9.8,8.3,9.1,6.2,10.0,8.78,10.0,10.0,9.3,10.0,9.86,9.0,9.9,10.0,10.0,10.0,9.72,9.9,10.0,7.3,9.6,8.4,9.2
4972,Francisco Reyes Ortiz,Finanzas,Tesorería,2025-11-10,9.2,7.6,9.7,8.3,9.1,8.75,8.1,9.1,8.4,8.7,8.56,9.3,10.0,8.5,10.0,9.5,9.45,9.0,7.3,8.3,10.0,7.7,8.51
4973,Mariana López Ramírez,Tecnología,Infraestructura,2025-12-21,9.6,8.1,7.5,9.3,7.3,8.42,9.4,10.0,10.0,10.0,9.82,6.9,5.8,7.9,9.0,9.2,7.48,9.0,9.9,7.5,10.0,6.9,8.91
4974,Roberto Rodríguez Flores,Recursos Humanos,Reclutamiento,2025-10-28,9.9,9.9,8.5,8.8,8.9,9.3,10.0,10.0,10.0,8.6,9.65,9.1,9.4,10.0,10.0,9.9,9.61,6.9,7.3,7.7,7.2,7.6,7.29
4975,Luis Morales Torres,Tecnología,Soporte Técnico,2026-08-01,2.7,2.4,2.9,2.4,3.6,2.76,3.2,1.7,5.8,2.5,3.17,3.5,3.5,3.0,3.2,4.7,3.54,3.0,2.2,1.8,2.6,3.5,2.53
4976,José Morales Castillo,Recursos Humanos,Capacitación,2026-05-05,6.5,6.4,7.1,4.0,5.6,6.08,4.8,4.1,3.3,4.6,4.28,7.4,6.8,8.2,6.8,7.2,7.29,6.0,6.0,3.6,4.6,5.8,5.22
4977,Alejandro Romero Ramírez,Tecnología,Infraestructura,2025-10-18,7.2,8.1,9.0,10.0,8.1,8.34,10.0,8.4,7.4,7.3,8.4,8.3,8.0,9.0,7.7,10.0,8.53,9.5,8.9,8.8,9.8,9.0,9.22
4978,María Jiménez González,Operaciones,Control de Calidad,2026-03-18,7.6,5.7,6.5,5.9,7.0,6.56,9.4,6.8,6.4,8.6,7.95,9.2,8.7,6.2,8.7,8.7,8.32,7.0,6.6,7.6,6.1,6.3,6.77
4979,María Hernández Castillo,Tecnología,Infraestructura,2026-09-02,7.4,9.0,6.3,8.6,6.2,7.58,8.3,6.6,7.1,6.9,7.28,8.3,8.1,6.9,7.8,9.5,8.07,10.0,8.4,7.6,9.0,8.8,8.8
4980,Gabriela Pérez Morales,Operaciones,Logística,2025-11-02,4.4,6.5,7.6,7.3,4.7,6.04,4.9,6.7,6.0,3.5,5.22,4.1,5.9,4.8,4.8,5.3,4.97,7.0,7.6,6.5,7.7,5.5,7.04
4981,Daniela Hernández Romero,Operaciones,Producción,2026-01-11,3.3,3.4,5.0,5.2,4.2,4.08,5.0,5.5,2.3,5.7,4.76,5.7,5.6,5.9,3.5,6.0,5.43,4.0,3.9,4.0,5.8,3.7,4.31
4982,Sergio Ramírez Ramírez,Marketing,Marketing Digital,2025-10-10,4.5,2.4,4.7,3.3,2.5,3.54,5.5,2.5,4.4,5.8,4.61,5.5,3.5,6.6,4.1,6.6,5.18,5.9,4.0,5.1,3.7,7.0,4.94
4983,Sergio Flores Ramírez,Operaciones,Control de Calidad,2026-09-02,4.3,6.2,3.5,4.6,4.8,4.74,5.6,5.8,5.1,6.0,5.65,5.3,4.5,5.1,6.0,6.5,5.34,6.5,4.4,3.6,4.9,7.0,5.13
4984,Jorge Cruz Rodríguez,Operaciones,Logística,2026-07-16,5.1,5.6,5.0,4.0,4.7,4.98,4.2,3.5,4.7,4.7,4.25,5.7,5.6,4.5,4.3,2.7,4.78,5.5,3.8,5.5,5.5,4.5,4.98
4985,José Flores Cruz,Tecnología,Soporte Técnico,2026-03-05,8.4,8.1,6.4,9.6,7.4,7.96,6.6,8.8,7.7,6.8,7.42,8.2,7.4,7.6,7.3,6.5,7.49,7.6,5.0,7.3,7.3,7.6,6.83
4986,Sofía Ramírez Cruz,Operaciones,Producción,2026-07-03,5.2,4.9,6.0,4.9,4.1,5.08,6.8,6.1,5.4,4.9,5.87,5.4,4.7,7.3,6.8,5.6,5.85,4.9,6.7,8.4,4.7,6.9,6.21
4987,Jorge Castillo Rodríguez,Operaciones,Control de Calidad,2026-03-01,8.0,7.7,9.3,10.0,9.3,8.68,7.0,10.0,7.3,7.4,7.91,9.3,10.0,8.6,9.6,8.8,9.3,7.8,6.5,8.3,7.7,8.4,7.62
4988,Diego Pérez Castillo,Ventas,Atención a Clientes,2026-05-04,6.7,6.7,7.3,7.3,5.7,6.76,5.6,5.3,6.1,5.8,5.68,8.1,6.1,6.9,6.1,6.2,6.78,4.8,4.4,3.2,6.9,4.5,4.77
4989,María Morales Hernández,Operaciones,Control de Calidad,2026-06-23,4.7,7.8,5.4,5.8,8.0,6.28,7.4,6.8,9.4,6.1,7.32,5.7,4.6,5.5,5.5,9.1,5.86,5.2,3.9,6.4,7.3,4.6,5.48
4990,Gabriela Ramírez Pérez,Operaciones,Producción,2025-11-30,5.8,5.3,5.2,6.0,5.9,5.6,4.7,6.0,7.2,7.2,6.15,4.9,4.6,4.6,5.8,5.8,5.04,6.2,6.9,5.5,6.1,6.5,6.24
4991,José Vázquez Ramírez,Finanzas,Contabilidad,2026-08-24,6.1,7.4,6.7,8.7,8.0,7.22,5.7,5.5,5.7,5.4,5.57,5.5,6.5,6.6,5.5,5.2,5.93,5.2,7.1,5.0,4.2,7.7,5.68
4992,Sofía Ortiz García,Operaciones,Control de Calidad,2025-10-23,2.3,4.2,2.7,2.4,3.2,3.0,4.0,3.8,4.0,4.9,4.18,2.7,1.9,3.4,3.0,3.8,2.85,4.8,1.5,1.4,1.7,3.5,2.54
4993,Paola Hernández López,Ventas,Ventas Nacionales,2026-07-13,5.0,6.1,6.1,5.9,6.0,5.78,8.3,8.5,7.7,6.3,7.73,6.5,5.9,6.3,5.5,6.6,6.18,7.2,7.2,5.4,7.2,5.3,6.65
4994,María Hernández Castillo,Marketing,Investigación de Mercado,2026-02-08,5.4,5.2,5.6,4.4,4.3,5.08,3.7,4.8,5.2,4.7,4.53,3.5,4.7,3.7,4.6,6.7,4.48,6.4,4.9,5.4,4.2,3.8,5.12
4995,Ricardo Romero Pérez,Recursos Humanos,Capacitación,2025-09-11,8.3,5.6,6.0,7.4,7.9,6.97,7.1,6.7,8.7,5.5,6.92,6.6,3.8,5.4,6.9,6.8,5.74,7.4,6.8,6.7,6.5,7.6,6.95
4996,Gabriela Martínez López,Ventas,Ventas Internacionales,2026-07-28,10.0,9.9,9.2,8.7,7.7,9.27,6.3,8.0,8.2,7.2,7.33,6.3,7.7,5.4,8.9,6.7,6.92,8.6,8.8,9.5,7.8,8.4,8.65
4997,María Gómez Jiménez,Ventas,Atención a Clientes,2025-10-04,5.2,5.7,8.1,7.2,5.2,6.21,5.4,4.9,5.4,6.1,5.45,6.8,4.8,4.7,4.6,5.6,5.37,6.7,5.1,8.2,6.9,6.0,6.57
4998,Francisco Castillo Sánchez,Operaciones,Logística,2026-05-20,8.8,7.9,9.9,10.0,10.0,9.16,5.7,5.6,6.1,8.1,6.36,8.6,8.1,6.1,5.7,8.2,7.48,8.4,7.8,9.7,8.4,8.6,8.53
4999,Francisco Rodríguez Rodríguez,Operaciones,Producción,2025-12-11,7.1,5.1,6.6,6.7,5.9,6.26,7.3,7.5,6.9,4.8,6.64,5.0,5.0,4.2,3.2,6.3,4.76,6.2,5.4,6.8,7.6,5.3,6.31
5000,Roberto Flores García,Operaciones,Logística,2025-10-30,5.3,4.7,4.9,6.5,3.7,5.01,1.8,1.3,0.6,3.7,1.91,1.7,3.9,4.2,2.1,3.5,3.08,0.3,3.2,3.8,0.0,4.4,2.08
